state,district,soil_type,nitrogen,phosphorus,potassium,ph_level,rainfall_mm,temperature_c,crop,season,yield_q_acre,cost_per_acre,mandi_price_per_q,peak_selling_month,peak_selling_window,weather_risk
Uttarakhand,Haridwar,Clay,80,38,33,7.1,1124.0,26.7,Mustard,Rabi,5.8,4444.0,5905.0,March,March 12–25,Medium
Uttarakhand,Haridwar,Clay,81,54,30,6.7,896.4,22.0,Mustard,Rabi,5.9,4518.0,5381.0,March,March 12–25,Medium
Uttarakhand,Haridwar,Clay,72,40,40,7.3,744.0,27.0,Mustard,Rabi,6.7,4033.0,5394.0,March,March 12–25,Medium
Uttarakhand,Haridwar,Sandy Loam,76,33,33,7.2,1050.0,24.5,Mustard,Rabi,6.8,4018.0,5775.0,March,March 12–25,Medium
Uttarakhand,Haridwar,Sandy Loam,89,43,38,6.6,1020.0,23.5,Mustard,Rabi,7.5,4384.0,5782.0,March,March 12–25,Medium
Uttarakhand,Haridwar,Alluvial,89,44,19,6.8,672.6,21.1,Mustard,Rabi,9.0,4375.0,5348.0,March,March 12–25,Medium
Uttarakhand,Haridwar,Alluvial,73,42,42,6.7,874.0,25.0,Mustard,Rabi,7.4,4291.0,6041.0,March,March 12–25,Medium
Uttarakhand,Haridwar,Sandy Loam,85,44,40,6.7,963.8,25.2,Mustard,Rabi,6.9,4495.0,5744.0,March,March 12–25,Medium
Uttarakhand,Haridwar,Alluvial,78,36,37,6.7,811.4,22.9,Mustard,Rabi,8.2,4219.0,5565.0,March,March 12–25,Medium
Uttarakhand,Haridwar,Loamy,94,33,57,6.9,962.9,24.2,Mustard,Rabi,6.4,4075.0,5997.0,March,March 12–25,Medium
Uttarakhand,Haridwar,Sandy Loam,115,20,52,6.7,1024.5,22.1,Mustard,Rabi,6.6,4236.0,5561.0,March,March 12–25,Medium
Uttarakhand,Haridwar,Alluvial,68,37,67,6.4,1072.9,23.3,Mustard,Rabi,6.3,4361.0,5496.0,March,March 12–25,Medium
Uttarakhand,Haridwar,Sandy Loam,63,33,33,6.4,937.7,24.3,Mustard,Rabi,6.0,4530.0,5584.0,March,March 12–25,Medium
Uttarakhand,Haridwar,Loamy,87,47,48,7.0,955.9,24.1,Mustard,Rabi,6.2,4519.0,5834.0,March,March 12–25,Medium
Uttarakhand,Haridwar,Clay,76,43,41,7.0,999.5,24.4,Mustard,Rabi,4.1,4202.0,5907.0,March,March 12–25,Medium
Uttarakhand,Haridwar,Loamy,106,34,31,6.8,928.4,23.7,Mustard,Rabi,7.4,4050.0,5283.0,March,March 12–25,Medium
Uttarakhand,Haridwar,Clay,83,51,41,6.8,918.8,25.7,Mustard,Rabi,5.4,4224.0,5929.0,March,March 12–25,Medium
Uttarakhand,Haridwar,Sandy Loam,95,45,34,6.9,1070.1,26.0,Mustard,Rabi,8.5,4111.0,5333.0,March,March 12–25,Medium
Uttarakhand,Haridwar,Sandy Loam,92,24,41,6.9,1179.8,21.3,Mustard,Rabi,7.2,4194.0,6026.0,March,March 12–25,Medium
Uttarakhand,Haridwar,Alluvial,51,57,60,6.7,967.9,25.4,Mustard,Rabi,6.0,4241.0,5688.0,March,March 12–25,Medium
Uttarakhand,Haridwar,Loamy,59,40,43,6.6,1190.2,24.6,Mustard,Rabi,7.2,4298.0,5807.0,March,March 12–25,Medium
Uttarakhand,Haridwar,Sandy Loam,94,46,30,7.0,1006.2,23.0,Mustard,Rabi,5.6,4433.0,5575.0,March,March 12–25,Medium
Uttarakhand,Haridwar,Sandy Loam,109,39,27,7.5,1094.8,23.4,Mustard,Rabi,6.6,4255.0,5376.0,March,March 12–25,Medium
Uttarakhand,Haridwar,Loamy,68,40,28,6.4,881.2,21.9,Mustard,Rabi,8.9,4513.0,5339.0,March,March 12–25,Medium
Uttarakhand,Haridwar,Clay,70,42,39,7.1,959.7,23.2,Mustard,Rabi,5.2,4103.0,5604.0,March,March 12–25,Medium
Uttarakhand,Haridwar,Alluvial,74,53,47,7.0,992.2,25.3,Mustard,Rabi,7.3,4399.0,5815.0,March,March 12–25,Medium
Uttarakhand,Haridwar,Alluvial,72,36,50,6.4,976.5,21.0,Mustard,Rabi,7.3,4140.0,5588.0,March,March 12–25,Medium
Uttarakhand,Haridwar,Alluvial,84,36,57,7.0,1095.6,23.1,Mustard,Rabi,8.1,4367.0,5945.0,March,March 12–25,Medium
Uttarakhand,Haridwar,Clay,75,64,27,7.2,928.8,27.4,Mustard,Rabi,5.7,4259.0,5348.0,March,March 12–25,Medium
Uttarakhand,Haridwar,Sandy Loam,68,35,38,6.7,800.7,26.3,Mustard,Rabi,6.5,4296.0,5634.0,March,March 12–25,Medium
Uttarakhand,Haridwar,Alluvial,93,49,25,6.9,957.9,24.5,Mustard,Rabi,6.1,4032.0,5548.0,March,March 12–25,Medium
Uttarakhand,Haridwar,Clay,84,47,34,6.3,928.5,25.5,Mustard,Rabi,5.5,4268.0,5449.0,March,March 12–25,Medium
Uttarakhand,Haridwar,Loamy,76,46,56,6.6,897.7,26.3,Mustard,Rabi,7.8,4352.0,5800.0,March,March 12–25,Medium
Uttarakhand,Haridwar,Sandy Loam,97,53,44,6.9,1021.0,23.0,Mustard,Rabi,6.1,4437.0,5912.0,March,March 12–25,Medium
Uttarakhand,Haridwar,Loamy,76,58,44,7.3,898.4,24.8,Mustard,Rabi,8.3,4145.0,5488.0,March,March 12–25,Medium
Uttarakhand,Haridwar,Clay,95,37,35,6.8,921.1,24.3,Mustard,Rabi,4.1,4366.0,5683.0,March,March 12–25,Medium
Uttarakhand,Haridwar,Clay,42,47,30,6.9,949.0,25.4,Mustard,Rabi,5.1,3997.0,5686.0,March,March 12–25,Medium
Uttarakhand,Haridwar,Clay,96,52,48,6.7,1120.1,24.5,Mustard,Rabi,4.3,4342.0,6011.0,March,March 12–25,Medium
Uttarakhand,Haridwar,Alluvial,58,43,34,6.7,1071.5,26.6,Mustard,Rabi,6.6,4448.0,5370.0,March,March 12–25,Medium
Uttarakhand,Haridwar,Alluvial,81,42,30,6.6,943.8,23.7,Mustard,Rabi,8.2,4430.0,5861.0,March,March 12–25,Medium
Uttarakhand,Haridwar,Alluvial,73,48,10,6.9,1082.9,24.2,Mustard,Rabi,7.6,4257.0,5586.0,March,March 12–25,Medium
Uttarakhand,Haridwar,Loamy,69,44,42,6.8,913.1,25.5,Mustard,Rabi,6.3,4348.0,5961.0,March,March 12–25,Medium
Uttarakhand,Haridwar,Loamy,70,32,26,6.8,956.9,24.1,Mustard,Rabi,6.9,4282.0,5454.0,March,March 12–25,Medium
Uttarakhand,Haridwar,Alluvial,65,40,66,7.0,1119.6,21.2,Mustard,Rabi,6.4,4036.0,5594.0,March,March 12–25,Medium
Uttarakhand,Haridwar,Clay,84,41,58,6.8,899.6,21.1,Mustard,Rabi,5.0,4463.0,5299.0,March,March 12–25,Medium
Uttarakhand,Haridwar,Alluvial,57,30,52,7.2,865.6,25.0,Mustard,Rabi,8.0,4436.0,6029.0,March,March 12–25,Medium
Uttarakhand,Haridwar,Clay,88,35,48,6.7,1180.6,26.5,Mustard,Rabi,3.5,4361.0,5401.0,March,March 12–25,Medium
Uttarakhand,Haridwar,Clay,71,29,41,6.5,974.2,26.7,Mustard,Rabi,5.6,4187.0,5557.0,March,March 12–25,Medium
Uttarakhand,Haridwar,Alluvial,65,38,32,6.8,992.1,22.4,Mustard,Rabi,7.0,4394.0,5666.0,March,March 12–25,Medium
Uttarakhand,Haridwar,Alluvial,84,35,58,6.6,777.4,22.4,Mustard,Rabi,8.5,4438.0,5558.0,March,March 12–25,Medium
Uttarakhand,Haridwar,Alluvial,92,46,38,7.0,939.7,23.9,Mustard,Rabi,6.0,4499.0,5357.0,March,March 12–25,Medium
Uttarakhand,Haridwar,Loamy,54,53,46,6.9,912.7,25.7,Mustard,Rabi,6.6,4521.0,5879.0,March,March 12–25,Medium
Uttarakhand,Haridwar,Alluvial,85,36,39,6.8,961.0,29.3,Mustard,Rabi,6.9,4447.0,5802.0,March,March 12–25,Medium
Uttarakhand,Haridwar,Clay,77,36,43,6.8,1004.1,25.7,Mustard,Rabi,4.7,4245.0,5835.0,March,March 12–25,Medium
Uttarakhand,Haridwar,Clay,88,37,45,6.6,874.9,19.7,Mustard,Rabi,6.4,4517.0,5713.0,March,March 12–25,Medium
Uttarakhand,Haridwar,Alluvial,88,26,27,7.1,981.0,22.9,Mustard,Rabi,7.2,4096.0,6017.0,March,March 12–25,Medium
Uttarakhand,Haridwar,Alluvial,72,34,38,7.3,775.6,20.1,Mustard,Rabi,9.1,4142.0,5318.0,March,March 12–25,Medium
Uttarakhand,Haridwar,Alluvial,102,18,38,6.7,838.5,21.2,Mustard,Rabi,7.4,4213.0,5452.0,March,March 12–25,Medium
Uttarakhand,Haridwar,Alluvial,70,45,33,6.9,921.7,26.6,Mustard,Rabi,7.4,4330.0,5743.0,March,March 12–25,Medium
Uttarakhand,Haridwar,Loamy,106,47,21,6.2,698.0,24.6,Mustard,Rabi,8.5,4209.0,5892.0,March,March 12–25,Medium
Uttarakhand,Haridwar,Sandy Loam,94,52,29,6.6,800.4,22.2,Mustard,Rabi,8.6,4046.0,5485.0,March,March 12–25,Medium
Uttarakhand,Haridwar,Clay,88,41,63,7.4,1069.4,24.0,Mustard,Rabi,4.5,4432.0,5952.0,March,March 12–25,Medium
Uttarakhand,Haridwar,Alluvial,71,38,59,6.6,698.2,24.8,Mustard,Rabi,9.6,4318.0,5816.0,March,March 12–25,Medium
Uttarakhand,Haridwar,Loamy,69,36,47,6.8,1019.1,30.4,Mustard,Rabi,7.6,4407.0,5983.0,March,March 12–25,Medium
Uttarakhand,Haridwar,Sandy Loam,71,30,40,6.9,1100.5,26.8,Mustard,Rabi,6.3,4358.0,5962.0,March,March 12–25,Medium
Uttarakhand,Haridwar,Loamy,66,22,61,7.0,1097.2,26.6,Mustard,Rabi,7.0,4126.0,5938.0,March,March 12–25,Medium
Uttarakhand,Haridwar,Loamy,86,28,26,6.5,886.7,23.7,Mustard,Rabi,7.5,4224.0,5975.0,March,March 12–25,Medium
Uttarakhand,Haridwar,Clay,85,57,45,6.5,1146.8,25.1,Mustard,Rabi,6.2,4272.0,5632.0,March,March 12–25,Medium
Uttarakhand,Haridwar,Loamy,83,51,50,6.8,1131.8,25.6,Mustard,Rabi,6.5,4097.0,6033.0,March,March 12–25,Medium
Uttarakhand,Haridwar,Alluvial,104,31,29,7.2,1264.7,24.0,Mustard,Rabi,6.1,4393.0,5324.0,March,March 12–25,Medium
Uttarakhand,Haridwar,Alluvial,83,55,51,7.2,1086.7,26.1,Mustard,Rabi,6.3,4157.0,5814.0,March,March 12–25,Medium
Uttarakhand,Haridwar,Alluvial,78,38,62,7.0,913.4,24.3,Mustard,Rabi,6.8,4248.0,6029.0,March,March 12–25,Medium
Uttarakhand,Haridwar,Alluvial,98,35,37,7.3,932.7,26.2,Mustard,Rabi,8.3,4482.0,5988.0,March,March 12–25,Medium
Uttarakhand,Haridwar,Loamy,83,28,52,6.7,1186.2,19.0,Mustard,Rabi,6.8,4322.0,5966.0,March,March 12–25,Medium
Uttarakhand,Haridwar,Alluvial,93,34,29,7.2,843.2,25.7,Mustard,Rabi,7.7,3996.0,5410.0,March,March 12–25,Medium
Uttarakhand,Haridwar,Alluvial,108,39,38,6.9,992.9,24.1,Mustard,Rabi,6.1,4393.0,5845.0,March,March 12–25,Medium
Uttarakhand,Haridwar,Alluvial,82,39,46,6.3,1002.8,24.1,Mustard,Rabi,7.4,4484.0,5578.0,March,March 12–25,Medium
Uttarakhand,Haridwar,Sandy Loam,95,44,38,7.1,1082.1,27.7,Mustard,Rabi,6.5,4014.0,5882.0,March,March 12–25,Medium
Uttarakhand,Haridwar,Loamy,60,27,47,6.5,852.9,21.7,Mustard,Rabi,8.2,4489.0,6041.0,March,March 12–25,Medium
Uttarakhand,Haridwar,Clay,85,39,25,6.7,1130.9,23.5,Mustard,Rabi,5.7,4452.0,5537.0,March,March 12–25,Medium
Uttarakhand,Haridwar,Clay,136,50,34,5.9,1100.7,24.5,Wheat,Rabi,13.0,5122.0,2189.0,April,April 10–28,Low
Uttarakhand,Haridwar,Alluvial,117,59,37,6.4,1057.0,22.2,Wheat,Rabi,14.5,5041.0,2378.0,April,April 10–28,Low
Uttarakhand,Haridwar,Sandy Loam,114,59,31,7.0,931.6,25.3,Wheat,Rabi,11.7,4781.0,2163.0,April,April 10–28,Low
Uttarakhand,Haridwar,Sandy Loam,122,62,29,6.3,1188.1,23.2,Wheat,Rabi,14.6,5231.0,2341.0,April,April 10–28,Low
Uttarakhand,Haridwar,Alluvial,113,44,56,6.2,916.3,25.2,Wheat,Rabi,15.9,5351.0,2325.0,April,April 10–28,Low
Uttarakhand,Haridwar,Clay,128,66,47,6.1,1078.3,25.8,Wheat,Rabi,9.6,4992.0,2292.0,April,April 10–28,Low
Uttarakhand,Haridwar,Sandy Loam,97,55,40,6.2,914.5,24.7,Wheat,Rabi,13.9,4750.0,2409.0,April,April 10–28,Low
Uttarakhand,Haridwar,Clay,128,54,52,6.1,786.0,22.5,Wheat,Rabi,15.2,5050.0,2436.0,April,April 10–28,Low
Uttarakhand,Haridwar,Alluvial,125,72,37,6.5,1044.7,24.6,Wheat,Rabi,16.7,4781.0,2445.0,April,April 10–28,Low
Uttarakhand,Haridwar,Loamy,87,60,35,6.3,971.4,25.3,Wheat,Rabi,21.0,5204.0,2293.0,April,April 10–28,Low
Uttarakhand,Haridwar,Alluvial,121,50,23,6.3,1102.6,23.2,Wheat,Rabi,11.8,5078.0,2260.0,April,April 10–28,Low
Uttarakhand,Haridwar,Alluvial,148,58,17,6.6,1383.2,24.5,Wheat,Rabi,15.4,5380.0,2171.0,April,April 10–28,Low
Uttarakhand,Haridwar,Alluvial,137,48,21,6.5,956.8,22.4,Wheat,Rabi,17.7,5231.0,2223.0,April,April 10–28,Low
Uttarakhand,Haridwar,Sandy Loam,110,71,56,6.1,794.5,23.0,Wheat,Rabi,13.8,5272.0,2150.0,April,April 10–28,Low
Uttarakhand,Haridwar,Loamy,154,46,27,6.3,866.7,24.4,Wheat,Rabi,19.6,5057.0,2366.0,April,April 10–28,Low
Uttarakhand,Haridwar,Loamy,95,62,24,6.6,1057.0,26.6,Wheat,Rabi,17.5,5320.0,2313.0,April,April 10–28,Low
Uttarakhand,Haridwar,Alluvial,104,52,43,6.8,990.0,25.7,Wheat,Rabi,14.5,5305.0,2165.0,April,April 10–28,Low
Uttarakhand,Haridwar,Clay,102,53,41,6.6,1069.4,26.0,Wheat,Rabi,11.6,5311.0,2233.0,April,April 10–28,Low
Uttarakhand,Haridwar,Sandy Loam,115,64,44,7.0,935.6,27.8,Wheat,Rabi,14.8,5283.0,2386.0,April,April 10–28,Low
Uttarakhand,Haridwar,Alluvial,102,41,26,6.2,784.7,26.3,Wheat,Rabi,19.3,5252.0,2261.0,April,April 10–28,Low
Uttarakhand,Haridwar,Sandy Loam,122,72,64,6.8,682.4,22.6,Wheat,Rabi,17.2,4995.0,2325.0,April,April 10–28,Low
Uttarakhand,Haridwar,Loamy,114,51,48,6.0,868.6,23.0,Wheat,Rabi,21.9,4958.0,2180.0,April,April 10–28,Low
Uttarakhand,Haridwar,Clay,128,71,33,6.3,877.2,24.3,Wheat,Rabi,15.1,5191.0,2412.0,April,April 10–28,Low
Uttarakhand,Haridwar,Alluvial,105,60,40,6.7,830.5,21.8,Wheat,Rabi,16.2,5003.0,2320.0,April,April 10–28,Low
Uttarakhand,Haridwar,Alluvial,136,66,27,6.3,1078.5,22.0,Wheat,Rabi,15.9,4945.0,2254.0,April,April 10–28,Low
Uttarakhand,Haridwar,Clay,116,50,32,6.6,1059.5,22.3,Wheat,Rabi,13.4,5113.0,2160.0,April,April 10–28,Low
Uttarakhand,Haridwar,Loamy,136,55,34,6.2,889.6,28.9,Wheat,Rabi,19.7,5008.0,2326.0,April,April 10–28,Low
Uttarakhand,Haridwar,Clay,91,58,32,6.9,1127.3,24.1,Wheat,Rabi,13.2,5063.0,2284.0,April,April 10–28,Low
Uttarakhand,Haridwar,Alluvial,109,44,39,6.5,950.3,23.4,Wheat,Rabi,19.2,5024.0,2177.0,April,April 10–28,Low
Uttarakhand,Haridwar,Sandy Loam,110,62,39,6.3,863.4,26.0,Wheat,Rabi,13.7,5141.0,2219.0,April,April 10–28,Low
Uttarakhand,Haridwar,Alluvial,135,47,40,6.2,1132.0,26.9,Wheat,Rabi,16.0,5385.0,2278.0,April,April 10–28,Low
Uttarakhand,Haridwar,Sandy Loam,149,83,44,6.2,838.0,25.2,Wheat,Rabi,17.7,5236.0,2206.0,April,April 10–28,Low
Uttarakhand,Haridwar,Clay,121,68,39,6.1,883.6,22.6,Wheat,Rabi,14.2,5189.0,2287.0,April,April 10–28,Low
Uttarakhand,Haridwar,Sandy Loam,118,65,38,6.6,976.7,28.0,Wheat,Rabi,13.2,4751.0,2146.0,April,April 10–28,Low
Uttarakhand,Haridwar,Sandy Loam,130,51,45,6.3,822.1,26.2,Wheat,Rabi,14.3,5266.0,2352.0,April,April 10–28,Low
Uttarakhand,Haridwar,Clay,134,49,37,6.3,878.4,23.9,Wheat,Rabi,13.6,5018.0,2243.0,April,April 10–28,Low
Uttarakhand,Haridwar,Alluvial,120,36,44,6.8,824.6,24.8,Wheat,Rabi,22.2,4916.0,2331.0,April,April 10–28,Low
Uttarakhand,Haridwar,Clay,108,66,28,6.8,984.4,28.7,Wheat,Rabi,10.1,4860.0,2145.0,April,April 10–28,Low
Uttarakhand,Haridwar,Clay,129,56,53,6.7,728.2,23.7,Wheat,Rabi,18.3,5179.0,2296.0,April,April 10–28,Low
Uttarakhand,Haridwar,Clay,110,59,37,6.3,969.1,26.3,Wheat,Rabi,14.4,5216.0,2139.0,April,April 10–28,Low
Uttarakhand,Haridwar,Clay,128,72,32,6.2,870.5,23.8,Wheat,Rabi,16.0,5026.0,2216.0,April,April 10–28,Low
Uttarakhand,Haridwar,Sandy Loam,109,60,36,6.4,882.8,24.4,Wheat,Rabi,12.1,4864.0,2457.0,April,April 10–28,Low
Uttarakhand,Haridwar,Clay,146,68,29,7.6,1006.2,20.7,Wheat,Rabi,13.6,4871.0,2383.0,April,April 10–28,Low
Uttarakhand,Haridwar,Sandy Loam,156,61,23,6.5,898.9,24.6,Wheat,Rabi,13.8,5353.0,2313.0,April,April 10–28,Low
Uttarakhand,Haridwar,Loamy,122,61,29,6.9,1005.1,23.0,Wheat,Rabi,17.3,4767.0,2161.0,April,April 10–28,Low
Uttarakhand,Haridwar,Loamy,113,60,39,6.0,1070.3,26.6,Wheat,Rabi,16.5,5384.0,2437.0,April,April 10–28,Low
Uttarakhand,Haridwar,Alluvial,116,68,25,6.4,976.2,27.2,Wheat,Rabi,16.4,5145.0,2296.0,April,April 10–28,Low
Uttarakhand,Haridwar,Alluvial,95,50,45,6.8,1097.1,25.1,Wheat,Rabi,14.2,4758.0,2379.0,April,April 10–28,Low
Uttarakhand,Haridwar,Loamy,121,59,50,6.3,796.3,26.2,Wheat,Rabi,19.7,4959.0,2393.0,April,April 10–28,Low
Uttarakhand,Haridwar,Clay,122,64,50,6.5,839.2,24.6,Wheat,Rabi,14.0,5038.0,2379.0,April,April 10–28,Low
Uttarakhand,Haridwar,Clay,129,49,39,6.9,715.9,22.3,Wheat,Rabi,17.1,5231.0,2210.0,April,April 10–28,Low
Uttarakhand,Haridwar,Clay,92,61,47,6.5,945.6,26.5,Wheat,Rabi,11.7,4772.0,2157.0,April,April 10–28,Low
Uttarakhand,Haridwar,Clay,131,65,45,6.4,965.2,24.4,Wheat,Rabi,10.8,4899.0,2443.0,April,April 10–28,Low
Uttarakhand,Haridwar,Clay,117,41,39,6.2,1042.8,25.1,Wheat,Rabi,11.3,4779.0,2405.0,April,April 10–28,Low
Uttarakhand,Haridwar,Loamy,110,59,39,5.8,970.0,23.3,Wheat,Rabi,17.1,5152.0,2305.0,April,April 10–28,Low
Uttarakhand,Haridwar,Sandy Loam,119,66,34,6.9,962.6,23.0,Wheat,Rabi,17.0,4856.0,2403.0,April,April 10–28,Low
Uttarakhand,Haridwar,Clay,111,76,49,6.6,920.7,22.4,Wheat,Rabi,14.7,5367.0,2201.0,April,April 10–28,Low
Uttarakhand,Haridwar,Alluvial,133,49,26,6.7,1184.6,21.9,Wheat,Rabi,14.3,4852.0,2222.0,April,April 10–28,Low
Uttarakhand,Haridwar,Sandy Loam,105,75,32,6.5,984.2,24.2,Wheat,Rabi,13.1,4827.0,2449.0,April,April 10–28,Low
Uttarakhand,Haridwar,Loamy,124,70,21,6.6,1095.9,23.5,Wheat,Rabi,15.9,4867.0,2211.0,April,April 10–28,Low
Uttarakhand,Haridwar,Clay,125,54,33,6.0,1023.9,24.2,Wheat,Rabi,15.1,5341.0,2285.0,April,April 10–28,Low
Uttarakhand,Haridwar,Clay,129,57,48,6.4,874.7,23.8,Wheat,Rabi,15.9,5356.0,2346.0,April,April 10–28,Low
Uttarakhand,Haridwar,Sandy Loam,115,54,38,6.2,1116.7,27.8,Wheat,Rabi,7.3,5000.0,2438.0,April,April 10–28,Low
Uttarakhand,Haridwar,Clay,111,66,54,6.4,872.7,23.6,Wheat,Rabi,16.3,5145.0,2324.0,April,April 10–28,Low
Uttarakhand,Haridwar,Alluvial,130,65,21,6.4,814.2,24.2,Wheat,Rabi,22.4,4778.0,2430.0,April,April 10–28,Low
Uttarakhand,Haridwar,Sandy Loam,107,56,46,6.6,1021.2,21.3,Wheat,Rabi,13.0,5213.0,2246.0,April,April 10–28,Low
Uttarakhand,Haridwar,Sandy Loam,145,56,35,7.0,1111.0,23.6,Wheat,Rabi,12.7,4828.0,2229.0,April,April 10–28,Low
Uttarakhand,Haridwar,Sandy Loam,141,65,48,6.4,912.4,24.7,Wheat,Rabi,13.3,5277.0,2411.0,April,April 10–28,Low
Uttarakhand,Haridwar,Alluvial,127,50,28,6.6,863.6,28.6,Wheat,Rabi,20.5,5013.0,2253.0,April,April 10–28,Low
Uttarakhand,Haridwar,Loamy,95,57,36,6.7,1251.3,20.5,Wheat,Rabi,14.3,5037.0,2304.0,April,April 10–28,Low
Uttarakhand,Haridwar,Clay,124,61,30,6.5,989.7,22.7,Wheat,Rabi,16.1,5144.0,2439.0,April,April 10–28,Low
Uttarakhand,Haridwar,Loamy,132,75,43,6.4,1004.4,23.3,Wheat,Rabi,17.6,5174.0,2282.0,April,April 10–28,Low
Uttarakhand,Haridwar,Clay,115,53,48,6.6,940.9,24.3,Wheat,Rabi,14.8,5295.0,2425.0,April,April 10–28,Low
Uttarakhand,Haridwar,Loamy,95,52,31,6.4,1065.8,27.4,Wheat,Rabi,17.2,4789.0,2265.0,April,April 10–28,Low
Uttarakhand,Haridwar,Sandy Loam,118,47,44,6.4,1184.3,25.0,Wheat,Rabi,12.0,5319.0,2295.0,April,April 10–28,Low
Uttarakhand,Haridwar,Sandy Loam,108,65,36,6.7,1053.5,27.3,Wheat,Rabi,10.4,5201.0,2174.0,April,April 10–28,Low
Uttarakhand,Haridwar,Sandy Loam,119,63,39,6.7,964.2,27.0,Wheat,Rabi,14.5,5061.0,2155.0,April,April 10–28,Low
Uttarakhand,Haridwar,Loamy,125,42,23,7.3,1122.1,28.0,Wheat,Rabi,14.0,4952.0,2331.0,April,April 10–28,Low
Uttarakhand,Haridwar,Sandy Loam,120,71,52,6.0,989.4,22.5,Wheat,Rabi,12.3,5090.0,2270.0,April,April 10–28,Low
Uttarakhand,Haridwar,Sandy Loam,136,78,43,6.3,967.5,23.1,Wheat,Rabi,15.7,4780.0,2292.0,April,April 10–28,Low
Uttarakhand,Haridwar,Sandy Loam,175,92,110,6.3,1024.0,25.4,Potato,Rabi,76.9,9522.0,1351.0,February,Feb 15–March 05,High
Uttarakhand,Haridwar,Alluvial,156,88,95,6.1,975.6,24.8,Potato,Rabi,41.3,8793.0,1478.0,February,Feb 15–March 05,High
Uttarakhand,Haridwar,Sandy Loam,155,74,124,6.4,800.7,23.8,Potato,Rabi,80.3,8941.0,1386.0,February,Feb 15–March 05,High
Uttarakhand,Haridwar,Alluvial,168,70,103,5.9,879.7,23.9,Potato,Rabi,53.0,8966.0,1364.0,February,Feb 15–March 05,High
Uttarakhand,Haridwar,Loamy,158,75,82,5.9,886.3,21.2,Potato,Rabi,86.0,8751.0,1364.0,February,Feb 15–March 05,High
Uttarakhand,Haridwar,Clay,137,85,85,6.2,1002.8,25.5,Potato,Rabi,39.1,9865.0,1391.0,February,Feb 15–March 05,High
Uttarakhand,Haridwar,Sandy Loam,155,99,98,5.7,789.6,26.2,Potato,Rabi,95.3,9070.0,1326.0,February,Feb 15–March 05,High
Uttarakhand,Haridwar,Loamy,155,84,79,6.1,945.9,23.7,Potato,Rabi,65.2,8794.0,1410.0,February,Feb 15–March 05,High
Uttarakhand,Haridwar,Loamy,138,96,109,6.2,1090.6,27.6,Potato,Rabi,65.8,8779.0,1378.0,February,Feb 15–March 05,High
Uttarakhand,Haridwar,Clay,133,69,102,6.4,798.7,19.8,Potato,Rabi,70.0,9216.0,1380.0,February,Feb 15–March 05,High
Uttarakhand,Haridwar,Clay,154,62,107,6.0,1097.7,24.4,Potato,Rabi,55.5,8746.0,1346.0,February,Feb 15–March 05,High
Uttarakhand,Haridwar,Alluvial,129,85,107,6.2,911.7,23.9,Potato,Rabi,56.5,8946.0,1382.0,February,Feb 15–March 05,High
Uttarakhand,Haridwar,Clay,121,79,112,6.2,915.0,24.8,Potato,Rabi,47.9,9066.0,1343.0,February,Feb 15–March 05,High
Uttarakhand,Haridwar,Alluvial,168,81,90,6.5,1062.0,27.5,Potato,Rabi,52.8,9807.0,1391.0,February,Feb 15–March 05,High
Uttarakhand,Haridwar,Alluvial,150,88,102,5.8,1060.0,23.8,Potato,Rabi,48.9,9280.0,1343.0,February,Feb 15–March 05,High
Uttarakhand,Haridwar,Loamy,132,79,101,6.2,754.0,24.1,Potato,Rabi,87.5,8779.0,1346.0,February,Feb 15–March 05,High
Uttarakhand,Haridwar,Clay,131,72,106,5.8,828.1,22.0,Potato,Rabi,57.5,9119.0,1444.0,February,Feb 15–March 05,High
Uttarakhand,Haridwar,Loamy,144,72,113,6.5,844.4,27.0,Potato,Rabi,72.9,8921.0,1315.0,February,Feb 15–March 05,High
Uttarakhand,Haridwar,Loamy,146,88,102,6.2,946.4,25.2,Potato,Rabi,58.4,8945.0,1453.0,February,Feb 15–March 05,High
Uttarakhand,Haridwar,Clay,151,98,112,5.8,949.7,26.6,Potato,Rabi,51.8,8876.0,1389.0,February,Feb 15–March 05,High
Uttarakhand,Haridwar,Sandy Loam,164,76,106,5.7,794.3,25.5,Potato,Rabi,83.7,9545.0,1384.0,February,Feb 15–March 05,High
Uttarakhand,Haridwar,Loamy,162,76,105,5.3,728.3,26.7,Potato,Rabi,95.6,9884.0,1298.0,February,Feb 15–March 05,High
Uttarakhand,Haridwar,Clay,113,90,98,6.3,892.9,21.0,Potato,Rabi,51.2,9205.0,1355.0,February,Feb 15–March 05,High
Uttarakhand,Haridwar,Clay,171,88,100,6.0,908.9,22.2,Potato,Rabi,74.5,9267.0,1425.0,February,Feb 15–March 05,High
Uttarakhand,Haridwar,Clay,152,71,95,6.0,761.3,25.4,Potato,Rabi,63.8,9170.0,1460.0,February,Feb 15–March 05,High
Uttarakhand,Haridwar,Alluvial,150,83,86,5.9,945.3,26.8,Potato,Rabi,51.5,9010.0,1350.0,February,Feb 15–March 05,High
Uttarakhand,Haridwar,Clay,181,83,93,6.3,881.0,21.5,Potato,Rabi,47.5,9479.0,1435.0,February,Feb 15–March 05,High
Uttarakhand,Haridwar,Alluvial,122,91,92,6.3,967.5,26.1,Potato,Rabi,42.8,9242.0,1308.0,February,Feb 15–March 05,High
Uttarakhand,Haridwar,Alluvial,172,92,98,6.4,891.9,23.9,Potato,Rabi,73.2,8904.0,1482.0,February,Feb 15–March 05,High
Uttarakhand,Haridwar,Clay,158,68,109,6.0,1128.2,24.8,Potato,Rabi,49.2,9272.0,1364.0,February,Feb 15–March 05,High
Uttarakhand,Haridwar,Alluvial,140,69,89,5.9,870.3,23.4,Potato,Rabi,53.6,8787.0,1312.0,February,Feb 15–March 05,High
Uttarakhand,Haridwar,Clay,155,82,88,6.3,1099.1,24.9,Potato,Rabi,47.3,9130.0,1351.0,February,Feb 15–March 05,High
Uttarakhand,Haridwar,Clay,123,85,101,6.1,1062.7,24.5,Potato,Rabi,41.7,9718.0,1469.0,February,Feb 15–March 05,High
Uttarakhand,Haridwar,Clay,154,96,100,6.4,867.3,25.7,Potato,Rabi,54.1,9542.0,1340.0,February,Feb 15–March 05,High
Uttarakhand,Haridwar,Loamy,149,60,101,6.1,1051.1,25.3,Potato,Rabi,48.7,9034.0,1400.0,February,Feb 15–March 05,High
Uttarakhand,Haridwar,Clay,162,65,117,5.9,1008.2,24.1,Potato,Rabi,40.9,9551.0,1375.0,February,Feb 15–March 05,High
Uttarakhand,Haridwar,Alluvial,141,93,101,6.0,799.9,25.5,Potato,Rabi,65.0,9914.0,1305.0,February,Feb 15–March 05,High
Uttarakhand,Haridwar,Clay,130,56,99,5.7,905.6,23.8,Potato,Rabi,51.9,9727.0,1304.0,February,Feb 15–March 05,High
Uttarakhand,Haridwar,Sandy Loam,169,84,106,6.0,1049.1,25.1,Potato,Rabi,73.0,9078.0,1486.0,February,Feb 15–March 05,High
Uttarakhand,Haridwar,Loamy,158,88,100,6.1,1035.5,22.6,Potato,Rabi,65.7,9264.0,1412.0,February,Feb 15–March 05,High
Uttarakhand,Haridwar,Clay,158,82,97,5.5,928.3,22.9,Potato,Rabi,50.0,9199.0,1470.0,February,Feb 15–March 05,High
Uttarakhand,Haridwar,Clay,148,74,98,5.9,945.9,24.6,Potato,Rabi,48.5,9843.0,1455.0,February,Feb 15–March 05,High
Uttarakhand,Haridwar,Sandy Loam,126,91,93,5.9,1215.3,26.4,Potato,Rabi,63.6,8959.0,1345.0,February,Feb 15–March 05,High
Uttarakhand,Haridwar,Alluvial,149,83,87,5.6,1078.0,23.2,Potato,Rabi,55.1,8912.0,1353.0,February,Feb 15–March 05,High
Uttarakhand,Haridwar,Clay,159,71,98,6.1,839.8,28.3,Potato,Rabi,56.5,9243.0,1484.0,February,Feb 15–March 05,High
Uttarakhand,Haridwar,Sandy Loam,155,71,101,5.4,913.0,29.8,Potato,Rabi,73.7,9576.0,1444.0,February,Feb 15–March 05,High
Uttarakhand,Haridwar,Alluvial,146,91,114,6.1,791.3,22.5,Potato,Rabi,62.4,8757.0,1323.0,February,Feb 15–March 05,High
Uttarakhand,Haridwar,Sandy Loam,151,81,96,5.8,945.2,26.1,Potato,Rabi,65.4,8861.0,1395.0,February,Feb 15–March 05,High
Uttarakhand,Haridwar,Clay,140,85,91,5.9,933.4,27.0,Potato,Rabi,59.7,9117.0,1456.0,February,Feb 15–March 05,High
Uttarakhand,Haridwar,Loamy,155,71,86,6.0,850.0,27.2,Potato,Rabi,70.8,9166.0,1486.0,February,Feb 15–March 05,High
Uttarakhand,Haridwar,Sandy Loam,127,91,92,5.7,1089.7,23.2,Potato,Rabi,58.2,9580.0,1479.0,February,Feb 15–March 05,High
Uttarakhand,Haridwar,Sandy Loam,134,73,92,5.6,1146.2,22.8,Potato,Rabi,62.3,8989.0,1341.0,February,Feb 15–March 05,High
Uttarakhand,Haridwar,Sandy Loam,149,89,115,5.6,1102.8,23.1,Potato,Rabi,60.3,9249.0,1462.0,February,Feb 15–March 05,High
Uttarakhand,Haridwar,Loamy,150,88,97,6.1,978.8,23.7,Potato,Rabi,70.4,9556.0,1463.0,February,Feb 15–March 05,High
Uttarakhand,Haridwar,Alluvial,153,90,114,6.2,803.2,25.6,Potato,Rabi,61.6,9592.0,1339.0,February,Feb 15–March 05,High
Uttarakhand,Haridwar,Sandy Loam,137,96,106,6.2,1092.4,26.5,Potato,Rabi,69.0,9625.0,1472.0,February,Feb 15–March 05,High
Uttarakhand,Haridwar,Sandy Loam,152,75,122,5.4,951.3,21.0,Potato,Rabi,74.4,9361.0,1469.0,February,Feb 15–March 05,High
Uttarakhand,Haridwar,Alluvial,161,67,84,5.8,1017.7,24.7,Potato,Rabi,49.1,8754.0,1478.0,February,Feb 15–March 05,High
Uttarakhand,Haridwar,Sandy Loam,149,56,119,5.5,801.2,25.3,Potato,Rabi,82.3,9568.0,1408.0,February,Feb 15–March 05,High
Uttarakhand,Haridwar,Loamy,147,82,87,6.3,887.0,24.2,Potato,Rabi,68.9,9258.0,1352.0,February,Feb 15–March 05,High
Uttarakhand,Haridwar,Alluvial,177,77,105,6.2,1013.0,22.8,Potato,Rabi,44.2,9717.0,1363.0,February,Feb 15–March 05,High
Uttarakhand,Haridwar,Sandy Loam,154,90,88,6.0,985.5,26.6,Potato,Rabi,66.2,9100.0,1338.0,February,Feb 15–March 05,High
Uttarakhand,Haridwar,Loamy,161,79,103,6.1,930.8,25.7,Potato,Rabi,79.6,8917.0,1416.0,February,Feb 15–March 05,High
Uttarakhand,Haridwar,Clay,129,76,111,5.8,1259.2,24.7,Potato,Rabi,40.2,9572.0,1328.0,February,Feb 15–March 05,High
Uttarakhand,Haridwar,Alluvial,140,63,103,5.8,969.9,22.8,Potato,Rabi,55.8,9190.0,1396.0,February,Feb 15–March 05,High
Uttarakhand,Haridwar,Alluvial,153,67,97,5.7,948.4,26.0,Potato,Rabi,46.2,8979.0,1465.0,February,Feb 15–March 05,High
Uttarakhand,Haridwar,Sandy Loam,159,72,106,6.0,1000.0,23.3,Potato,Rabi,66.2,9628.0,1399.0,February,Feb 15–March 05,High
Uttarakhand,Haridwar,Alluvial,130,87,111,6.2,1112.1,26.2,Potato,Rabi,61.3,9287.0,1361.0,February,Feb 15–March 05,High
Uttarakhand,Haridwar,Clay,178,82,106,5.9,849.7,26.5,Potato,Rabi,58.7,8956.0,1415.0,February,Feb 15–March 05,High
Uttarakhand,Haridwar,Loamy,139,83,104,6.0,833.7,26.3,Potato,Rabi,74.2,9091.0,1408.0,February,Feb 15–March 05,High
Uttarakhand,Haridwar,Loamy,159,79,107,6.4,841.6,26.1,Potato,Rabi,75.5,9746.0,1298.0,February,Feb 15–March 05,High
Uttarakhand,Haridwar,Sandy Loam,144,81,109,6.5,1150.0,24.0,Potato,Rabi,83.8,9542.0,1378.0,February,Feb 15–March 05,High
Uttarakhand,Haridwar,Alluvial,151,82,89,5.9,873.7,25.6,Potato,Rabi,54.9,9482.0,1476.0,February,Feb 15–March 05,High
Uttarakhand,Haridwar,Alluvial,136,79,108,5.8,1017.6,22.6,Potato,Rabi,60.2,9029.0,1418.0,February,Feb 15–March 05,High
Uttarakhand,Haridwar,Loamy,159,73,88,5.7,1055.5,22.8,Potato,Rabi,60.9,9220.0,1463.0,February,Feb 15–March 05,High
Uttarakhand,Haridwar,Sandy Loam,157,102,108,6.6,873.0,22.8,Potato,Rabi,76.4,9505.0,1470.0,February,Feb 15–March 05,High
Uttarakhand,Haridwar,Sandy Loam,160,76,110,5.7,973.5,23.6,Potato,Rabi,66.4,9313.0,1384.0,February,Feb 15–March 05,High
Uttarakhand,Haridwar,Sandy Loam,126,95,104,6.0,985.3,25.2,Potato,Rabi,64.6,9257.0,1405.0,February,Feb 15–March 05,High
Uttarakhand,Haridwar,Clay,141,81,95,6.4,940.9,22.6,Potato,Rabi,47.8,8802.0,1303.0,February,Feb 15–March 05,High
Uttarakhand,Haridwar,Loamy,167,102,88,6.2,1042.2,22.8,Potato,Rabi,67.8,9115.0,1472.0,February,Feb 15–March 05,High
Uttarakhand,Haridwar,Loamy,92,29,68,6.3,1164.3,23.5,Paddy (Rice),Kharif,17.1,7534.0,2221.0,November,Nov 05–Nov 22,Medium
Uttarakhand,Haridwar,Alluvial,81,55,36,6.4,1157.2,22.9,Paddy (Rice),Kharif,32.8,7747.0,2348.0,November,Nov 05–Nov 22,Medium
Uttarakhand,Haridwar,Sandy Loam,109,60,70,6.1,1055.2,26.5,Paddy (Rice),Kharif,21.2,8225.0,2421.0,November,Nov 05–Nov 22,Medium
Uttarakhand,Haridwar,Sandy Loam,86,50,79,6.6,914.2,25.4,Paddy (Rice),Kharif,18.8,8358.0,2275.0,November,Nov 05–Nov 22,Medium
Uttarakhand,Haridwar,Alluvial,84,56,52,5.7,962.3,24.7,Paddy (Rice),Kharif,29.1,7698.0,2246.0,November,Nov 05–Nov 22,Medium
Uttarakhand,Haridwar,Alluvial,101,54,47,6.2,987.4,22.5,Paddy (Rice),Kharif,27.2,7742.0,2231.0,November,Nov 05–Nov 22,Medium
Uttarakhand,Haridwar,Sandy Loam,86,32,44,6.5,954.0,22.8,Paddy (Rice),Kharif,19.6,8055.0,2482.0,November,Nov 05–Nov 22,Medium
Uttarakhand,Haridwar,Clay,129,65,43,6.5,775.2,25.8,Paddy (Rice),Kharif,24.7,7420.0,2165.0,November,Nov 05–Nov 22,Medium
Uttarakhand,Haridwar,Alluvial,84,63,49,5.8,1122.3,24.1,Paddy (Rice),Kharif,26.4,7676.0,2301.0,November,Nov 05–Nov 22,Medium
Uttarakhand,Haridwar,Loamy,112,50,51,6.6,986.3,24.6,Paddy (Rice),Kharif,22.5,8184.0,2202.0,November,Nov 05–Nov 22,Medium
Uttarakhand,Haridwar,Alluvial,109,62,60,5.6,860.3,24.8,Paddy (Rice),Kharif,23.7,8011.0,2477.0,November,Nov 05–Nov 22,Medium
Uttarakhand,Haridwar,Alluvial,78,53,51,6.2,898.1,22.3,Paddy (Rice),Kharif,24.4,7881.0,2289.0,November,Nov 05–Nov 22,Medium
Uttarakhand,Haridwar,Clay,90,65,39,5.8,1031.0,24.2,Paddy (Rice),Kharif,28.2,7653.0,2469.0,November,Nov 05–Nov 22,Medium
Uttarakhand,Haridwar,Loamy,87,50,46,5.6,948.0,24.7,Paddy (Rice),Kharif,20.9,8260.0,2470.0,November,Nov 05–Nov 22,Medium
Uttarakhand,Haridwar,Clay,99,50,59,5.7,802.5,25.7,Paddy (Rice),Kharif,23.6,7509.0,2164.0,November,Nov 05–Nov 22,Medium
Uttarakhand,Haridwar,Loamy,103,39,42,6.3,896.6,23.3,Paddy (Rice),Kharif,14.6,7900.0,2228.0,November,Nov 05–Nov 22,Medium
Uttarakhand,Haridwar,Clay,96,37,53,6.0,915.4,24.3,Paddy (Rice),Kharif,28.3,7429.0,2404.0,November,Nov 05–Nov 22,Medium
Uttarakhand,Haridwar,Clay,95,56,45,5.7,1391.5,23.0,Paddy (Rice),Kharif,26.7,8173.0,2222.0,November,Nov 05–Nov 22,Medium
Uttarakhand,Haridwar,Loamy,89,63,61,5.6,872.4,23.1,Paddy (Rice),Kharif,20.5,7560.0,2330.0,November,Nov 05–Nov 22,Medium
Uttarakhand,Haridwar,Sandy Loam,81,58,57,6.0,887.4,23.4,Paddy (Rice),Kharif,20.1,7829.0,2335.0,November,Nov 05–Nov 22,Medium
Uttarakhand,Haridwar,Loamy,108,44,49,6.4,1041.7,24.3,Paddy (Rice),Kharif,19.6,7606.0,2464.0,November,Nov 05–Nov 22,Medium
Uttarakhand,Haridwar,Clay,69,67,56,5.9,837.0,24.2,Paddy (Rice),Kharif,22.1,7701.0,2289.0,November,Nov 05–Nov 22,Medium
Uttarakhand,Haridwar,Loamy,104,48,44,5.9,1074.9,26.2,Paddy (Rice),Kharif,19.9,8224.0,2293.0,November,Nov 05–Nov 22,Medium
Uttarakhand,Haridwar,Alluvial,87,56,67,6.3,974.7,25.5,Paddy (Rice),Kharif,27.9,8258.0,2260.0,November,Nov 05–Nov 22,Medium
Uttarakhand,Haridwar,Clay,90,77,51,6.2,1120.9,26.0,Paddy (Rice),Kharif,26.3,7660.0,2467.0,November,Nov 05–Nov 22,Medium
Uttarakhand,Haridwar,Loamy,126,39,53,6.1,994.4,25.4,Paddy (Rice),Kharif,18.3,7414.0,2472.0,November,Nov 05–Nov 22,Medium
Uttarakhand,Haridwar,Sandy Loam,90,31,63,5.8,879.9,22.9,Paddy (Rice),Kharif,18.4,7465.0,2175.0,November,Nov 05–Nov 22,Medium
Uttarakhand,Haridwar,Sandy Loam,109,39,56,6.6,1059.7,28.7,Paddy (Rice),Kharif,19.9,7417.0,2443.0,November,Nov 05–Nov 22,Medium
Uttarakhand,Haridwar,Sandy Loam,86,48,41,5.8,999.2,22.4,Paddy (Rice),Kharif,20.4,7884.0,2347.0,November,Nov 05–Nov 22,Medium
Uttarakhand,Haridwar,Sandy Loam,126,46,58,6.6,840.2,23.0,Paddy (Rice),Kharif,18.5,8049.0,2309.0,November,Nov 05–Nov 22,Medium
Uttarakhand,Haridwar,Clay,102,49,62,6.0,858.1,25.2,Paddy (Rice),Kharif,19.5,8070.0,2358.0,November,Nov 05–Nov 22,Medium
Uttarakhand,Haridwar,Clay,107,61,46,6.3,839.7,23.8,Paddy (Rice),Kharif,22.7,8239.0,2268.0,November,Nov 05–Nov 22,Medium
Uttarakhand,Haridwar,Clay,109,51,63,6.1,870.5,22.9,Paddy (Rice),Kharif,26.1,8232.0,2289.0,November,Nov 05–Nov 22,Medium
Uttarakhand,Haridwar,Loamy,68,33,47,5.8,906.3,24.3,Paddy (Rice),Kharif,20.7,7702.0,2450.0,November,Nov 05–Nov 22,Medium
Uttarakhand,Haridwar,Loamy,89,28,44,6.4,775.2,25.9,Paddy (Rice),Kharif,17.1,7769.0,2398.0,November,Nov 05–Nov 22,Medium
Uttarakhand,Haridwar,Clay,119,59,54,6.3,912.6,26.5,Paddy (Rice),Kharif,27.3,8139.0,2301.0,November,Nov 05–Nov 22,Medium
Uttarakhand,Haridwar,Alluvial,80,43,46,6.4,820.1,25.5,Paddy (Rice),Kharif,26.1,8252.0,2373.0,November,Nov 05–Nov 22,Medium
Uttarakhand,Haridwar,Clay,109,44,40,5.6,832.4,24.7,Paddy (Rice),Kharif,23.8,7490.0,2388.0,November,Nov 05–Nov 22,Medium
Uttarakhand,Haridwar,Clay,125,52,57,5.6,988.2,27.0,Paddy (Rice),Kharif,25.1,7506.0,2253.0,November,Nov 05–Nov 22,Medium
Uttarakhand,Haridwar,Sandy Loam,109,29,45,6.3,1074.2,21.2,Paddy (Rice),Kharif,21.2,8143.0,2373.0,November,Nov 05–Nov 22,Medium
Uttarakhand,Haridwar,Alluvial,96,35,63,6.2,869.5,23.8,Paddy (Rice),Kharif,27.1,7656.0,2452.0,November,Nov 05–Nov 22,Medium
Uttarakhand,Haridwar,Alluvial,97,42,62,5.9,949.4,26.3,Paddy (Rice),Kharif,29.6,8370.0,2376.0,November,Nov 05–Nov 22,Medium
Uttarakhand,Haridwar,Alluvial,105,51,47,6.4,882.7,24.3,Paddy (Rice),Kharif,26.1,8408.0,2432.0,November,Nov 05–Nov 22,Medium
Uttarakhand,Haridwar,Loamy,110,64,66,6.4,893.3,25.5,Paddy (Rice),Kharif,16.2,8271.0,2445.0,November,Nov 05–Nov 22,Medium
Uttarakhand,Haridwar,Loamy,107,50,60,6.0,843.7,25.8,Paddy (Rice),Kharif,16.2,8336.0,2175.0,November,Nov 05–Nov 22,Medium
Uttarakhand,Haridwar,Alluvial,112,48,43,6.1,992.6,25.8,Paddy (Rice),Kharif,26.9,8110.0,2361.0,November,Nov 05–Nov 22,Medium
Uttarakhand,Haridwar,Clay,105,61,52,5.8,929.2,26.1,Paddy (Rice),Kharif,25.1,7651.0,2312.0,November,Nov 05–Nov 22,Medium
Uttarakhand,Haridwar,Loamy,89,42,40,5.7,935.3,24.8,Paddy (Rice),Kharif,23.6,7790.0,2387.0,November,Nov 05–Nov 22,Medium
Uttarakhand,Haridwar,Alluvial,122,57,32,6.5,1067.6,24.0,Paddy (Rice),Kharif,29.8,7673.0,2372.0,November,Nov 05–Nov 22,Medium
Uttarakhand,Haridwar,Loamy,106,54,47,5.9,994.8,27.8,Paddy (Rice),Kharif,20.8,7856.0,2328.0,November,Nov 05–Nov 22,Medium
Uttarakhand,Haridwar,Alluvial,105,59,39,5.7,884.0,27.2,Paddy (Rice),Kharif,27.4,8046.0,2401.0,November,Nov 05–Nov 22,Medium
Uttarakhand,Haridwar,Sandy Loam,108,46,50,5.9,858.6,24.0,Paddy (Rice),Kharif,20.4,7684.0,2301.0,November,Nov 05–Nov 22,Medium
Uttarakhand,Haridwar,Alluvial,112,58,51,5.9,898.0,26.4,Paddy (Rice),Kharif,23.8,8196.0,2357.0,November,Nov 05–Nov 22,Medium
Uttarakhand,Haridwar,Alluvial,98,57,65,6.3,1143.6,25.3,Paddy (Rice),Kharif,30.5,8195.0,2374.0,November,Nov 05–Nov 22,Medium
Uttarakhand,Haridwar,Alluvial,118,44,52,6.7,930.5,25.8,Paddy (Rice),Kharif,26.3,8004.0,2184.0,November,Nov 05–Nov 22,Medium
Uttarakhand,Haridwar,Alluvial,98,24,63,6.4,665.4,26.5,Paddy (Rice),Kharif,19.3,8199.0,2174.0,November,Nov 05–Nov 22,Medium
Uttarakhand,Haridwar,Clay,119,43,46,5.9,1024.8,22.3,Paddy (Rice),Kharif,27.4,8072.0,2300.0,November,Nov 05–Nov 22,Medium
Uttarakhand,Haridwar,Clay,114,47,36,6.2,1041.9,20.8,Paddy (Rice),Kharif,28.6,8186.0,2354.0,November,Nov 05–Nov 22,Medium
Uttarakhand,Haridwar,Clay,123,46,58,6.1,964.7,24.9,Paddy (Rice),Kharif,29.0,8176.0,2188.0,November,Nov 05–Nov 22,Medium
Uttarakhand,Haridwar,Sandy Loam,103,45,57,6.0,993.8,24.9,Paddy (Rice),Kharif,18.2,7886.0,2408.0,November,Nov 05–Nov 22,Medium
Uttarakhand,Haridwar,Clay,95,64,43,5.8,1025.3,28.2,Paddy (Rice),Kharif,28.3,7985.0,2469.0,November,Nov 05–Nov 22,Medium
Uttarakhand,Haridwar,Alluvial,118,55,34,6.3,903.9,26.9,Paddy (Rice),Kharif,30.8,7993.0,2254.0,November,Nov 05–Nov 22,Medium
Uttarakhand,Haridwar,Alluvial,83,50,60,6.0,930.5,24.6,Paddy (Rice),Kharif,26.9,7423.0,2458.0,November,Nov 05–Nov 22,Medium
Uttarakhand,Haridwar,Clay,86,53,52,6.1,879.1,25.3,Paddy (Rice),Kharif,21.5,8104.0,2297.0,November,Nov 05–Nov 22,Medium
Uttarakhand,Haridwar,Loamy,95,52,53,6.3,1163.0,24.4,Paddy (Rice),Kharif,21.3,8323.0,2205.0,November,Nov 05–Nov 22,Medium
Uttarakhand,Haridwar,Clay,110,44,59,6.0,1059.1,25.1,Paddy (Rice),Kharif,27.6,8152.0,2377.0,November,Nov 05–Nov 22,Medium
Uttarakhand,Haridwar,Loamy,149,63,63,6.3,1022.9,26.9,Paddy (Rice),Kharif,22.1,7418.0,2417.0,November,Nov 05–Nov 22,Medium
Uttarakhand,Haridwar,Alluvial,117,54,44,6.1,884.8,25.0,Paddy (Rice),Kharif,26.9,7867.0,2339.0,November,Nov 05–Nov 22,Medium
Uttarakhand,Haridwar,Sandy Loam,107,59,39,6.1,1082.5,25.3,Paddy (Rice),Kharif,19.9,8115.0,2358.0,November,Nov 05–Nov 22,Medium
Uttarakhand,Haridwar,Loamy,101,38,54,5.7,942.3,26.0,Paddy (Rice),Kharif,20.1,7657.0,2263.0,November,Nov 05–Nov 22,Medium
Uttarakhand,Haridwar,Alluvial,93,69,53,6.7,932.7,29.2,Paddy (Rice),Kharif,27.3,7796.0,2479.0,November,Nov 05–Nov 22,Medium
Uttarakhand,Haridwar,Clay,84,43,63,6.0,808.2,24.5,Paddy (Rice),Kharif,21.5,8283.0,2172.0,November,Nov 05–Nov 22,Medium
Uttarakhand,Haridwar,Clay,106,42,53,6.3,1008.0,23.8,Paddy (Rice),Kharif,26.3,7500.0,2312.0,November,Nov 05–Nov 22,Medium
Uttarakhand,Haridwar,Alluvial,101,42,51,6.5,993.0,26.1,Paddy (Rice),Kharif,26.7,8035.0,2278.0,November,Nov 05–Nov 22,Medium
Uttarakhand,Haridwar,Sandy Loam,107,53,63,6.4,910.9,25.4,Paddy (Rice),Kharif,20.7,8102.0,2287.0,November,Nov 05–Nov 22,Medium
Uttarakhand,Haridwar,Clay,117,46,36,5.7,855.9,25.3,Paddy (Rice),Kharif,24.7,7651.0,2450.0,November,Nov 05–Nov 22,Medium
Uttarakhand,Haridwar,Sandy Loam,103,39,43,5.9,1042.6,25.3,Paddy (Rice),Kharif,21.0,7781.0,2367.0,November,Nov 05–Nov 22,Medium
Uttarakhand,Haridwar,Clay,99,43,57,6.4,981.6,27.7,Paddy (Rice),Kharif,22.9,8248.0,2232.0,November,Nov 05–Nov 22,Medium
Uttarakhand,Haridwar,Sandy Loam,123,37,62,6.3,892.5,22.9,Paddy (Rice),Kharif,17.3,8141.0,2309.0,November,Nov 05–Nov 22,Medium
Uttarakhand,Haridwar,Alluvial,83,59,45,6.0,1075.4,24.5,Paddy (Rice),Kharif,29.8,7694.0,2308.0,November,Nov 05–Nov 22,Medium
Uttarakhand,Haridwar,Alluvial,178,99,137,6.7,791.4,20.5,Sugarcane,Annual,287.0,19753.0,375.0,January,Jan 10–Feb 15,Low
Uttarakhand,Haridwar,Alluvial,165,99,125,7.3,993.4,22.8,Sugarcane,Annual,345.1,19904.0,350.0,January,Jan 10–Feb 15,Low
Uttarakhand,Haridwar,Sandy Loam,185,58,115,6.7,918.0,28.0,Sugarcane,Annual,212.5,18479.0,345.0,January,Jan 10–Feb 15,Low
Uttarakhand,Haridwar,Loamy,147,75,136,7.1,947.3,24.7,Sugarcane,Annual,332.7,18430.0,374.0,January,Jan 10–Feb 15,Low
Uttarakhand,Haridwar,Sandy Loam,195,83,110,6.8,834.8,22.3,Sugarcane,Annual,216.5,19380.0,370.0,January,Jan 10–Feb 15,Low
Uttarakhand,Haridwar,Alluvial,155,87,125,7.1,882.2,25.6,Sugarcane,Annual,317.6,17861.0,349.0,January,Jan 10–Feb 15,Low
Uttarakhand,Haridwar,Sandy Loam,191,72,130,6.7,885.2,26.2,Sugarcane,Annual,248.5,18439.0,361.0,January,Jan 10–Feb 15,Low
Uttarakhand,Haridwar,Clay,170,76,124,7.6,1047.8,24.2,Sugarcane,Annual,382.6,19752.0,340.0,January,Jan 10–Feb 15,Low
Uttarakhand,Haridwar,Loamy,191,92,131,7.4,1054.4,25.4,Sugarcane,Annual,408.2,19679.0,342.0,January,Jan 10–Feb 15,Low
Uttarakhand,Haridwar,Loamy,186,78,122,7.2,833.2,21.0,Sugarcane,Annual,331.4,18196.0,375.0,January,Jan 10–Feb 15,Low
Uttarakhand,Haridwar,Sandy Loam,171,91,117,7.0,1021.9,25.9,Sugarcane,Annual,352.3,19383.0,368.0,January,Jan 10–Feb 15,Low
Uttarakhand,Haridwar,Alluvial,173,87,122,6.5,877.0,22.6,Sugarcane,Annual,346.7,18872.0,364.0,January,Jan 10–Feb 15,Low
Uttarakhand,Haridwar,Sandy Loam,189,85,114,6.8,881.5,26.0,Sugarcane,Annual,275.1,19599.0,379.0,January,Jan 10–Feb 15,Low
Uttarakhand,Haridwar,Clay,166,88,113,6.9,1064.6,24.7,Sugarcane,Annual,378.3,17774.0,363.0,January,Jan 10–Feb 15,Low
Uttarakhand,Haridwar,Alluvial,187,89,120,7.0,913.4,23.9,Sugarcane,Annual,327.6,19636.0,353.0,January,Jan 10–Feb 15,Low
Uttarakhand,Haridwar,Loamy,187,63,121,6.8,743.5,22.0,Sugarcane,Annual,221.5,18805.0,371.0,January,Jan 10–Feb 15,Low
Uttarakhand,Haridwar,Alluvial,177,77,127,7.2,999.8,24.1,Sugarcane,Annual,402.5,18199.0,363.0,January,Jan 10–Feb 15,Low
Uttarakhand,Haridwar,Sandy Loam,190,100,117,7.2,903.3,24.6,Sugarcane,Annual,256.2,19631.0,341.0,January,Jan 10–Feb 15,Low
Uttarakhand,Haridwar,Clay,175,90,108,6.8,815.3,24.6,Sugarcane,Annual,288.6,18493.0,355.0,January,Jan 10–Feb 15,Low
Uttarakhand,Haridwar,Clay,170,71,107,7.4,917.3,23.6,Sugarcane,Annual,346.6,19641.0,382.0,January,Jan 10–Feb 15,Low
Uttarakhand,Haridwar,Clay,184,74,120,6.6,877.9,26.2,Sugarcane,Annual,305.1,18712.0,346.0,January,Jan 10–Feb 15,Low
Uttarakhand,Haridwar,Clay,170,91,127,7.0,882.6,27.1,Sugarcane,Annual,334.2,19171.0,372.0,January,Jan 10–Feb 15,Low
Uttarakhand,Haridwar,Sandy Loam,181,81,133,6.7,908.9,29.5,Sugarcane,Annual,269.9,19860.0,374.0,January,Jan 10–Feb 15,Low
Uttarakhand,Haridwar,Clay,185,86,128,7.2,996.3,24.5,Sugarcane,Annual,359.5,19054.0,379.0,January,Jan 10–Feb 15,Low
Uttarakhand,Haridwar,Alluvial,170,73,127,6.6,1013.7,26.8,Sugarcane,Annual,363.6,18188.0,350.0,January,Jan 10–Feb 15,Low
Uttarakhand,Haridwar,Loamy,189,83,124,6.9,1140.0,26.2,Sugarcane,Annual,445.1,18394.0,351.0,January,Jan 10–Feb 15,Low
Uttarakhand,Haridwar,Sandy Loam,179,68,114,7.3,731.6,23.7,Sugarcane,Annual,198.6,18615.0,360.0,January,Jan 10–Feb 15,Low
Uttarakhand,Haridwar,Sandy Loam,192,88,120,7.1,954.6,23.0,Sugarcane,Annual,230.6,19538.0,377.0,January,Jan 10–Feb 15,Low
Uttarakhand,Haridwar,Alluvial,167,78,116,7.4,1021.0,24.0,Sugarcane,Annual,368.2,19391.0,349.0,January,Jan 10–Feb 15,Low
Uttarakhand,Haridwar,Sandy Loam,176,84,122,7.3,963.1,26.2,Sugarcane,Annual,246.6,18953.0,370.0,January,Jan 10–Feb 15,Low
Uttarakhand,Haridwar,Clay,185,81,118,7.6,941.2,25.3,Sugarcane,Annual,370.1,18131.0,369.0,January,Jan 10–Feb 15,Low
Uttarakhand,Haridwar,Clay,194,93,125,7.2,885.4,22.1,Sugarcane,Annual,316.2,17942.0,335.0,January,Jan 10–Feb 15,Low
Uttarakhand,Haridwar,Alluvial,184,75,138,7.3,1117.5,24.5,Sugarcane,Annual,382.8,19870.0,363.0,January,Jan 10–Feb 15,Low
Uttarakhand,Haridwar,Alluvial,158,73,113,7.1,1171.5,26.7,Sugarcane,Annual,421.3,18415.0,381.0,January,Jan 10–Feb 15,Low
Uttarakhand,Haridwar,Alluvial,199,74,143,6.8,1040.0,22.9,Sugarcane,Annual,392.0,19448.0,366.0,January,Jan 10–Feb 15,Low
Uttarakhand,Haridwar,Alluvial,189,73,125,6.6,934.6,22.5,Sugarcane,Annual,279.8,19188.0,357.0,January,Jan 10–Feb 15,Low
Uttarakhand,Haridwar,Loamy,183,64,135,7.2,962.9,22.4,Sugarcane,Annual,349.0,17617.0,340.0,January,Jan 10–Feb 15,Low
Uttarakhand,Haridwar,Clay,166,71,131,6.9,931.7,28.3,Sugarcane,Annual,346.5,18587.0,376.0,January,Jan 10–Feb 15,Low
Uttarakhand,Haridwar,Sandy Loam,209,79,126,6.8,1088.4,26.9,Sugarcane,Annual,275.3,18237.0,352.0,January,Jan 10–Feb 15,Low
Uttarakhand,Haridwar,Loamy,167,96,115,6.9,1096.1,24.8,Sugarcane,Annual,354.8,19846.0,365.0,January,Jan 10–Feb 15,Low
Uttarakhand,Haridwar,Clay,194,87,139,6.9,952.7,24.7,Sugarcane,Annual,392.2,19214.0,382.0,January,Jan 10–Feb 15,Low
Uttarakhand,Haridwar,Alluvial,156,80,121,7.3,801.0,22.3,Sugarcane,Annual,269.0,18827.0,359.0,January,Jan 10–Feb 15,Low
Uttarakhand,Haridwar,Loamy,190,90,123,7.4,997.3,27.1,Sugarcane,Annual,394.9,18381.0,362.0,January,Jan 10–Feb 15,Low
Uttarakhand,Haridwar,Clay,169,76,126,7.1,942.2,26.4,Sugarcane,Annual,359.6,18712.0,354.0,January,Jan 10–Feb 15,Low
Uttarakhand,Haridwar,Sandy Loam,189,85,119,7.2,914.2,25.4,Sugarcane,Annual,265.9,19393.0,365.0,January,Jan 10–Feb 15,Low
Uttarakhand,Haridwar,Clay,205,83,129,6.9,929.1,23.3,Sugarcane,Annual,311.2,18329.0,338.0,January,Jan 10–Feb 15,Low
Uttarakhand,Haridwar,Sandy Loam,198,71,113,6.6,920.0,22.0,Sugarcane,Annual,265.8,19511.0,360.0,January,Jan 10–Feb 15,Low
Uttarakhand,Haridwar,Sandy Loam,178,64,107,7.6,871.4,25.8,Sugarcane,Annual,210.6,19503.0,358.0,January,Jan 10–Feb 15,Low
Uttarakhand,Haridwar,Sandy Loam,152,69,104,6.6,800.1,23.9,Sugarcane,Annual,178.7,19892.0,373.0,January,Jan 10–Feb 15,Low
Uttarakhand,Haridwar,Clay,182,78,108,6.9,1008.8,25.4,Sugarcane,Annual,368.6,18738.0,344.0,January,Jan 10–Feb 15,Low
Uttarakhand,Haridwar,Alluvial,183,81,100,7.1,919.4,26.7,Sugarcane,Annual,336.4,17721.0,362.0,January,Jan 10–Feb 15,Low
Uttarakhand,Haridwar,Clay,178,79,119,6.8,905.5,24.4,Sugarcane,Annual,341.2,18691.0,383.0,January,Jan 10–Feb 15,Low
Uttarakhand,Haridwar,Clay,180,85,113,7.1,758.5,23.5,Sugarcane,Annual,266.1,19834.0,352.0,January,Jan 10–Feb 15,Low
Uttarakhand,Haridwar,Clay,156,83,119,7.2,1047.3,25.3,Sugarcane,Annual,353.5,17932.0,365.0,January,Jan 10–Feb 15,Low
Uttarakhand,Haridwar,Loamy,193,73,128,7.3,808.1,24.9,Sugarcane,Annual,288.1,19477.0,346.0,January,Jan 10–Feb 15,Low
Uttarakhand,Haridwar,Clay,179,76,110,6.9,992.9,21.6,Sugarcane,Annual,389.5,18513.0,370.0,January,Jan 10–Feb 15,Low
Uttarakhand,Haridwar,Clay,178,83,121,6.9,908.0,23.4,Sugarcane,Annual,371.3,19041.0,357.0,January,Jan 10–Feb 15,Low
Uttarakhand,Haridwar,Alluvial,169,82,125,6.8,936.2,25.7,Sugarcane,Annual,360.8,19818.0,345.0,January,Jan 10–Feb 15,Low
Uttarakhand,Haridwar,Alluvial,206,102,131,6.9,913.8,26.8,Sugarcane,Annual,368.6,18846.0,346.0,January,Jan 10–Feb 15,Low
Uttarakhand,Haridwar,Loamy,171,80,131,7.2,918.0,22.1,Sugarcane,Annual,309.4,19718.0,364.0,January,Jan 10–Feb 15,Low
Uttarakhand,Haridwar,Loamy,179,76,139,7.2,1049.3,23.0,Sugarcane,Annual,409.4,18112.0,340.0,January,Jan 10–Feb 15,Low
Uttarakhand,Haridwar,Clay,190,70,118,7.0,835.6,26.0,Sugarcane,Annual,283.8,19026.0,369.0,January,Jan 10–Feb 15,Low
Uttarakhand,Haridwar,Loamy,150,93,108,6.9,1003.5,27.8,Sugarcane,Annual,401.5,17987.0,361.0,January,Jan 10–Feb 15,Low
Uttarakhand,Haridwar,Loamy,206,74,124,7.1,621.5,24.7,Sugarcane,Annual,227.8,17837.0,346.0,January,Jan 10–Feb 15,Low
Uttarakhand,Haridwar,Clay,181,73,123,7.0,826.1,25.8,Sugarcane,Annual,317.5,19768.0,356.0,January,Jan 10–Feb 15,Low
Uttarakhand,Haridwar,Sandy Loam,177,73,118,7.3,919.0,25.8,Sugarcane,Annual,313.7,19654.0,339.0,January,Jan 10–Feb 15,Low
Uttarakhand,Haridwar,Loamy,187,75,130,7.4,953.6,26.7,Sugarcane,Annual,351.8,18362.0,381.0,January,Jan 10–Feb 15,Low
Uttarakhand,Haridwar,Loamy,164,71,106,7.2,967.1,21.9,Sugarcane,Annual,337.0,19434.0,342.0,January,Jan 10–Feb 15,Low
Uttarakhand,Haridwar,Sandy Loam,202,76,142,7.3,885.7,25.6,Sugarcane,Annual,203.5,18129.0,354.0,January,Jan 10–Feb 15,Low
Uttarakhand,Haridwar,Loamy,167,87,120,7.0,1044.2,26.8,Sugarcane,Annual,398.0,19731.0,352.0,January,Jan 10–Feb 15,Low
Uttarakhand,Haridwar,Sandy Loam,214,89,116,7.1,919.2,24.8,Sugarcane,Annual,267.5,18878.0,358.0,January,Jan 10–Feb 15,Low
Uttarakhand,Haridwar,Alluvial,177,89,128,7.0,1171.4,24.0,Sugarcane,Annual,375.0,19046.0,365.0,January,Jan 10–Feb 15,Low
Uttarakhand,Haridwar,Clay,179,99,131,7.2,970.0,25.4,Sugarcane,Annual,352.0,17747.0,364.0,January,Jan 10–Feb 15,Low
Uttarakhand,Haridwar,Loamy,164,80,121,6.8,788.7,21.7,Sugarcane,Annual,286.6,18828.0,353.0,January,Jan 10–Feb 15,Low
Uttarakhand,Haridwar,Alluvial,171,83,132,6.9,984.2,22.6,Sugarcane,Annual,366.2,18417.0,346.0,January,Jan 10–Feb 15,Low
Uttarakhand,Haridwar,Loamy,176,77,122,7.5,778.0,24.8,Sugarcane,Annual,330.6,19137.0,381.0,January,Jan 10–Feb 15,Low
Uttarakhand,Haridwar,Loamy,192,72,116,7.3,1036.0,27.2,Sugarcane,Annual,392.4,17941.0,354.0,January,Jan 10–Feb 15,Low
Uttarakhand,Haridwar,Loamy,190,71,126,7.3,991.3,23.8,Sugarcane,Annual,362.1,19254.0,344.0,January,Jan 10–Feb 15,Low
Uttarakhand,Haridwar,Alluvial,173,87,126,6.8,906.3,24.0,Sugarcane,Annual,356.8,18823.0,341.0,January,Jan 10–Feb 15,Low
Uttarakhand,Haridwar,Loamy,191,73,128,7.0,911.6,23.1,Sugarcane,Annual,325.2,19573.0,352.0,January,Jan 10–Feb 15,Low
Uttarakhand,Haridwar,Loamy,103,69,52,6.5,920.3,29.0,Maize,Kharif,18.2,5602.0,2199.0,October,Oct 15–Nov 05,Medium
Uttarakhand,Haridwar,Alluvial,121,53,46,6.7,908.9,23.9,Maize,Kharif,14.9,5067.0,2241.0,October,Oct 15–Nov 05,Medium
Uttarakhand,Haridwar,Alluvial,115,55,34,6.3,1132.0,24.1,Maize,Kharif,14.0,5592.0,2065.0,October,Oct 15–Nov 05,Medium
Uttarakhand,Haridwar,Clay,110,54,52,6.8,1128.4,25.5,Maize,Kharif,11.3,5383.0,1977.0,October,Oct 15–Nov 05,Medium
Uttarakhand,Haridwar,Loamy,87,63,38,6.5,1140.7,24.3,Maize,Kharif,19.2,5050.0,2171.0,October,Oct 15–Nov 05,Medium
Uttarakhand,Haridwar,Clay,97,65,44,6.3,1265.0,24.8,Maize,Kharif,10.6,5501.0,2117.0,October,Oct 15–Nov 05,Medium
Uttarakhand,Haridwar,Alluvial,140,74,46,6.4,986.6,22.9,Maize,Kharif,13.8,5100.0,2065.0,October,Oct 15–Nov 05,Medium
Uttarakhand,Haridwar,Clay,111,70,56,7.1,973.9,27.7,Maize,Kharif,17.4,5297.0,2235.0,October,Oct 15–Nov 05,Medium
Uttarakhand,Haridwar,Sandy Loam,145,69,43,6.5,971.5,25.6,Maize,Kharif,19.7,5244.0,2033.0,October,Oct 15–Nov 05,Medium
Uttarakhand,Haridwar,Clay,131,62,60,6.3,794.8,25.7,Maize,Kharif,18.9,5353.0,1974.0,October,Oct 15–Nov 05,Medium
Uttarakhand,Haridwar,Sandy Loam,108,60,43,6.5,973.6,21.3,Maize,Kharif,20.1,5603.0,2099.0,October,Oct 15–Nov 05,Medium
Uttarakhand,Haridwar,Loamy,108,48,35,6.6,1102.7,26.2,Maize,Kharif,18.0,5165.0,2127.0,October,Oct 15–Nov 05,Medium
Uttarakhand,Haridwar,Sandy Loam,111,58,52,6.5,939.4,24.1,Maize,Kharif,20.5,5557.0,2110.0,October,Oct 15–Nov 05,Medium
Uttarakhand,Haridwar,Sandy Loam,133,55,56,6.7,940.3,24.8,Maize,Kharif,19.5,5475.0,2019.0,October,Oct 15–Nov 05,Medium
Uttarakhand,Haridwar,Clay,105,53,45,6.4,784.4,28.5,Maize,Kharif,16.6,5522.0,2015.0,October,Oct 15–Nov 05,Medium
Uttarakhand,Haridwar,Sandy Loam,111,47,62,6.8,957.7,21.1,Maize,Kharif,19.4,5167.0,2175.0,October,Oct 15–Nov 05,Medium
Uttarakhand,Haridwar,Alluvial,157,49,56,6.5,760.4,19.1,Maize,Kharif,16.5,5270.0,2250.0,October,Oct 15–Nov 05,Medium
Uttarakhand,Haridwar,Sandy Loam,111,47,50,6.3,857.0,24.7,Maize,Kharif,22.3,5459.0,2161.0,October,Oct 15–Nov 05,Medium
Uttarakhand,Haridwar,Sandy Loam,104,62,60,6.4,744.2,20.6,Maize,Kharif,22.9,5567.0,2078.0,October,Oct 15–Nov 05,Medium
Uttarakhand,Haridwar,Alluvial,141,45,60,6.8,911.8,24.7,Maize,Kharif,15.8,5416.0,2185.0,October,Oct 15–Nov 05,Medium
Uttarakhand,Haridwar,Clay,126,57,44,6.6,908.2,25.0,Maize,Kharif,14.9,5500.0,2095.0,October,Oct 15–Nov 05,Medium
Uttarakhand,Haridwar,Sandy Loam,114,49,38,6.0,862.4,22.9,Maize,Kharif,21.8,5299.0,2099.0,October,Oct 15–Nov 05,Medium
Uttarakhand,Haridwar,Sandy Loam,129,72,48,6.6,1014.7,26.3,Maize,Kharif,19.5,5046.0,2034.0,October,Oct 15–Nov 05,Medium
Uttarakhand,Haridwar,Alluvial,115,71,49,6.1,975.1,26.9,Maize,Kharif,15.1,5256.0,2139.0,October,Oct 15–Nov 05,Medium
Uttarakhand,Haridwar,Alluvial,116,55,52,6.5,951.5,24.4,Maize,Kharif,11.9,5563.0,1987.0,October,Oct 15–Nov 05,Medium
Uttarakhand,Haridwar,Alluvial,104,44,47,6.6,959.4,25.0,Maize,Kharif,12.6,4969.0,2210.0,October,Oct 15–Nov 05,Medium
Uttarakhand,Haridwar,Sandy Loam,146,51,50,6.8,1093.5,25.1,Maize,Kharif,15.0,5614.0,2017.0,October,Oct 15–Nov 05,Medium
Uttarakhand,Haridwar,Sandy Loam,114,63,30,6.8,909.8,24.8,Maize,Kharif,19.3,5206.0,2037.0,October,Oct 15–Nov 05,Medium
Uttarakhand,Haridwar,Sandy Loam,90,78,58,6.5,1055.9,24.7,Maize,Kharif,20.5,5141.0,1981.0,October,Oct 15–Nov 05,Medium
Uttarakhand,Haridwar,Alluvial,122,45,60,6.5,978.8,25.4,Maize,Kharif,13.7,5400.0,2048.0,October,Oct 15–Nov 05,Medium
Uttarakhand,Haridwar,Sandy Loam,118,49,42,6.1,952.4,24.9,Maize,Kharif,19.3,5383.0,1998.0,October,Oct 15–Nov 05,Medium
Uttarakhand,Haridwar,Alluvial,125,59,41,6.1,946.4,29.1,Maize,Kharif,11.7,5340.0,2133.0,October,Oct 15–Nov 05,Medium
Uttarakhand,Haridwar,Loamy,94,58,57,6.7,796.2,22.7,Maize,Kharif,22.0,5261.0,2134.0,October,Oct 15–Nov 05,Medium
Uttarakhand,Haridwar,Clay,108,56,44,6.3,900.9,26.2,Maize,Kharif,14.0,5331.0,2168.0,October,Oct 15–Nov 05,Medium
Uttarakhand,Haridwar,Clay,137,44,48,6.6,969.8,25.6,Maize,Kharif,12.9,5497.0,2236.0,October,Oct 15–Nov 05,Medium
Uttarakhand,Haridwar,Alluvial,113,73,38,7.0,1044.0,23.7,Maize,Kharif,12.0,5542.0,2236.0,October,Oct 15–Nov 05,Medium
Uttarakhand,Haridwar,Clay,107,71,37,6.9,899.7,27.6,Maize,Kharif,16.4,5532.0,2158.0,October,Oct 15–Nov 05,Medium
Uttarakhand,Haridwar,Clay,117,49,42,6.1,783.4,28.1,Maize,Kharif,17.3,5223.0,2092.0,October,Oct 15–Nov 05,Medium
Uttarakhand,Haridwar,Loamy,95,46,50,6.1,740.9,24.1,Maize,Kharif,21.8,5340.0,2038.0,October,Oct 15–Nov 05,Medium
Uttarakhand,Haridwar,Loamy,120,56,64,6.7,823.2,26.1,Maize,Kharif,24.3,5176.0,2184.0,October,Oct 15–Nov 05,Medium
Uttarakhand,Haridwar,Clay,106,60,64,6.6,1011.3,20.8,Maize,Kharif,12.2,5345.0,2181.0,October,Oct 15–Nov 05,Medium
Uttarakhand,Haridwar,Alluvial,118,46,62,5.7,964.6,26.8,Maize,Kharif,12.9,5363.0,2171.0,October,Oct 15–Nov 05,Medium
Uttarakhand,Haridwar,Loamy,132,62,50,6.2,1011.2,26.1,Maize,Kharif,19.6,5295.0,2241.0,October,Oct 15–Nov 05,Medium
Uttarakhand,Haridwar,Clay,98,69,51,6.0,769.3,26.8,Maize,Kharif,16.4,5315.0,2126.0,October,Oct 15–Nov 05,Medium
Uttarakhand,Haridwar,Loamy,112,63,58,6.7,1030.1,26.5,Maize,Kharif,17.1,5594.0,2013.0,October,Oct 15–Nov 05,Medium
Uttarakhand,Haridwar,Alluvial,142,58,41,6.3,704.5,27.3,Maize,Kharif,15.8,5269.0,2114.0,October,Oct 15–Nov 05,Medium
Uttarakhand,Haridwar,Sandy Loam,107,64,58,6.1,938.4,22.8,Maize,Kharif,20.0,5349.0,2123.0,October,Oct 15–Nov 05,Medium
Uttarakhand,Haridwar,Loamy,121,54,64,6.5,911.5,27.9,Maize,Kharif,21.9,5503.0,2172.0,October,Oct 15–Nov 05,Medium
Uttarakhand,Haridwar,Sandy Loam,119,65,31,6.8,955.8,24.8,Maize,Kharif,20.6,5496.0,2196.0,October,Oct 15–Nov 05,Medium
Uttarakhand,Haridwar,Clay,119,50,56,6.8,956.4,22.1,Maize,Kharif,14.3,5179.0,2033.0,October,Oct 15–Nov 05,Medium
Uttarakhand,Haridwar,Alluvial,136,70,31,6.6,859.8,25.2,Maize,Kharif,15.4,5453.0,2116.0,October,Oct 15–Nov 05,Medium
Uttarakhand,Haridwar,Loamy,126,71,53,6.7,1123.7,21.1,Maize,Kharif,18.2,5486.0,2040.0,October,Oct 15–Nov 05,Medium
Uttarakhand,Haridwar,Loamy,111,62,59,6.7,999.8,22.6,Maize,Kharif,17.9,5345.0,1985.0,October,Oct 15–Nov 05,Medium
Uttarakhand,Haridwar,Sandy Loam,89,51,55,6.6,759.2,20.6,Maize,Kharif,23.1,5470.0,2196.0,October,Oct 15–Nov 05,Medium
Uttarakhand,Haridwar,Loamy,100,64,64,7.2,811.8,23.6,Maize,Kharif,23.3,5289.0,2119.0,October,Oct 15–Nov 05,Medium
Uttarakhand,Haridwar,Sandy Loam,121,61,36,6.6,815.1,25.5,Maize,Kharif,24.4,5524.0,2124.0,October,Oct 15–Nov 05,Medium
Uttarakhand,Haridwar,Loamy,123,48,44,6.8,1031.7,25.8,Maize,Kharif,17.3,5289.0,2170.0,October,Oct 15–Nov 05,Medium
Uttarakhand,Haridwar,Sandy Loam,141,58,50,6.2,944.8,26.5,Maize,Kharif,19.8,5048.0,2121.0,October,Oct 15–Nov 05,Medium
Uttarakhand,Haridwar,Loamy,120,60,47,6.8,900.4,23.3,Maize,Kharif,20.3,5504.0,2000.0,October,Oct 15–Nov 05,Medium
Uttarakhand,Haridwar,Clay,130,79,52,6.9,995.9,25.4,Maize,Kharif,14.4,5202.0,2068.0,October,Oct 15–Nov 05,Medium
Uttarakhand,Haridwar,Sandy Loam,125,45,47,6.7,945.1,25.2,Maize,Kharif,21.7,5427.0,2063.0,October,Oct 15–Nov 05,Medium
Uttarakhand,Haridwar,Loamy,94,79,17,6.7,1105.8,21.9,Maize,Kharif,16.4,5185.0,2197.0,October,Oct 15–Nov 05,Medium
Uttarakhand,Haridwar,Loamy,147,64,40,6.6,985.5,17.8,Maize,Kharif,15.6,5592.0,2167.0,October,Oct 15–Nov 05,Medium
Uttarakhand,Haridwar,Alluvial,127,54,52,6.4,1022.6,25.3,Maize,Kharif,12.2,5122.0,2020.0,October,Oct 15–Nov 05,Medium
Uttarakhand,Haridwar,Sandy Loam,140,68,43,6.6,789.3,26.1,Maize,Kharif,20.8,5309.0,2237.0,October,Oct 15–Nov 05,Medium
Uttarakhand,Haridwar,Loamy,128,64,54,6.0,825.1,24.0,Maize,Kharif,21.2,5174.0,1991.0,October,Oct 15–Nov 05,Medium
Uttarakhand,Haridwar,Alluvial,143,47,50,6.1,938.2,27.3,Maize,Kharif,14.4,5424.0,2185.0,October,Oct 15–Nov 05,Medium
Uttarakhand,Haridwar,Alluvial,118,67,49,6.7,1209.4,21.9,Maize,Kharif,12.1,5534.0,2114.0,October,Oct 15–Nov 05,Medium
Uttarakhand,Haridwar,Clay,125,56,55,6.7,918.5,19.9,Maize,Kharif,14.9,5158.0,1987.0,October,Oct 15–Nov 05,Medium
Uttarakhand,Haridwar,Clay,131,64,62,6.2,885.4,24.9,Maize,Kharif,21.8,5286.0,2177.0,October,Oct 15–Nov 05,Medium
Uttarakhand,Haridwar,Clay,117,53,47,6.3,1040.0,22.5,Maize,Kharif,16.6,5424.0,2002.0,October,Oct 15–Nov 05,Medium
Uttarakhand,Haridwar,Clay,97,59,47,6.2,891.0,23.9,Maize,Kharif,16.8,5092.0,1974.0,October,Oct 15–Nov 05,Medium
Uttarakhand,Haridwar,Clay,117,82,53,6.5,946.8,25.6,Maize,Kharif,16.5,5034.0,2042.0,October,Oct 15–Nov 05,Medium
Uttarakhand,Haridwar,Alluvial,94,57,38,6.6,979.5,27.2,Maize,Kharif,15.3,5321.0,2146.0,October,Oct 15–Nov 05,Medium
Uttarakhand,Haridwar,Loamy,112,73,51,6.7,929.0,20.4,Maize,Kharif,21.6,5130.0,2028.0,October,Oct 15–Nov 05,Medium
Uttarakhand,Haridwar,Clay,138,51,69,6.6,1146.1,22.1,Maize,Kharif,11.8,5458.0,2255.0,October,Oct 15–Nov 05,Medium
Uttarakhand,Haridwar,Sandy Loam,146,78,42,6.1,1013.7,23.9,Maize,Kharif,19.1,4994.0,2227.0,October,Oct 15–Nov 05,Medium
Uttarakhand,Haridwar,Loamy,116,63,54,6.2,1100.2,27.0,Maize,Kharif,17.2,5275.0,2042.0,October,Oct 15–Nov 05,Medium
Uttarakhand,Haridwar,Loamy,125,53,45,6.7,803.5,25.2,Maize,Kharif,20.9,5445.0,2017.0,October,Oct 15–Nov 05,Medium
Uttarakhand,Haridwar,Loamy,125,49,55,6.3,817.1,27.2,Maize,Kharif,19.8,5156.0,2083.0,October,Oct 15–Nov 05,Medium
Uttarakhand,Udham Singh Nagar,Alluvial,65,50,51,7.3,1141.0,24.0,Mustard,Rabi,7.2,4064.0,6038.0,March,March 12–25,Medium
Uttarakhand,Udham Singh Nagar,Clay,62,54,32,7.0,949.6,27.3,Mustard,Rabi,4.1,4291.0,5466.0,March,March 12–25,Medium
Uttarakhand,Udham Singh Nagar,Alluvial,78,30,38,7.4,1027.7,22.6,Mustard,Rabi,7.2,4140.0,5493.0,March,March 12–25,Medium
Uttarakhand,Udham Singh Nagar,Sandy Loam,102,35,43,6.9,1093.2,26.1,Mustard,Rabi,5.4,4298.0,5869.0,March,March 12–25,Medium
Uttarakhand,Udham Singh Nagar,Clay,83,62,35,6.7,965.2,26.3,Mustard,Rabi,3.7,4411.0,5810.0,March,March 12–25,Medium
Uttarakhand,Udham Singh Nagar,Clay,97,36,40,6.8,1049.8,23.3,Mustard,Rabi,5.3,4465.0,5572.0,March,March 12–25,Medium
Uttarakhand,Udham Singh Nagar,Sandy Loam,78,55,43,6.5,1073.6,22.6,Mustard,Rabi,7.7,4294.0,5999.0,March,March 12–25,Medium
Uttarakhand,Udham Singh Nagar,Alluvial,53,46,27,6.8,1145.2,25.5,Mustard,Rabi,6.4,4104.0,6041.0,March,March 12–25,Medium
Uttarakhand,Udham Singh Nagar,Alluvial,84,45,44,6.4,1067.2,22.0,Mustard,Rabi,6.1,4312.0,5688.0,March,March 12–25,Medium
Uttarakhand,Udham Singh Nagar,Loamy,99,47,41,7.5,1068.4,26.0,Mustard,Rabi,6.2,4109.0,5678.0,March,March 12–25,Medium
Uttarakhand,Udham Singh Nagar,Clay,73,34,35,6.9,1175.2,24.2,Mustard,Rabi,5.3,4530.0,5921.0,March,March 12–25,Medium
Uttarakhand,Udham Singh Nagar,Sandy Loam,68,29,40,7.0,1289.2,28.3,Mustard,Rabi,6.8,4387.0,5745.0,March,March 12–25,Medium
Uttarakhand,Udham Singh Nagar,Clay,96,36,43,6.8,1104.7,27.0,Mustard,Rabi,5.6,4380.0,5282.0,March,March 12–25,Medium
Uttarakhand,Udham Singh Nagar,Loamy,67,59,63,6.7,987.3,26.6,Mustard,Rabi,7.7,4289.0,5596.0,March,March 12–25,Medium
Uttarakhand,Udham Singh Nagar,Alluvial,94,38,34,6.4,1146.1,28.7,Mustard,Rabi,6.3,4081.0,5907.0,March,March 12–25,Medium
Uttarakhand,Udham Singh Nagar,Alluvial,80,24,38,6.8,1020.8,23.3,Mustard,Rabi,8.1,4204.0,5277.0,March,March 12–25,Medium
Uttarakhand,Udham Singh Nagar,Sandy Loam,114,41,32,6.6,1092.3,23.9,Mustard,Rabi,7.6,4464.0,5432.0,March,March 12–25,Medium
Uttarakhand,Udham Singh Nagar,Loamy,91,41,48,7.1,827.5,24.7,Mustard,Rabi,7.3,4417.0,5448.0,March,March 12–25,Medium
Uttarakhand,Udham Singh Nagar,Clay,87,40,33,6.3,1090.7,27.6,Mustard,Rabi,5.7,4511.0,6018.0,March,March 12–25,Medium
Uttarakhand,Udham Singh Nagar,Alluvial,63,44,41,6.9,1145.2,23.1,Mustard,Rabi,6.5,4461.0,5304.0,March,March 12–25,Medium
Uttarakhand,Udham Singh Nagar,Alluvial,80,29,48,6.6,1089.8,27.1,Mustard,Rabi,6.2,4025.0,5474.0,March,March 12–25,Medium
Uttarakhand,Udham Singh Nagar,Sandy Loam,51,63,23,6.6,1120.8,22.5,Mustard,Rabi,6.0,4441.0,5296.0,March,March 12–25,Medium
Uttarakhand,Udham Singh Nagar,Loamy,76,41,50,6.7,1144.3,23.4,Mustard,Rabi,7.2,4099.0,5937.0,March,March 12–25,Medium
Uttarakhand,Udham Singh Nagar,Sandy Loam,84,34,35,6.7,980.9,24.5,Mustard,Rabi,7.4,4460.0,5269.0,March,March 12–25,Medium
Uttarakhand,Udham Singh Nagar,Sandy Loam,74,35,41,6.5,1110.0,23.6,Mustard,Rabi,7.7,3995.0,5509.0,March,March 12–25,Medium
Uttarakhand,Udham Singh Nagar,Alluvial,91,53,30,7.0,1242.6,26.4,Mustard,Rabi,6.6,4065.0,5950.0,March,March 12–25,Medium
Uttarakhand,Udham Singh Nagar,Loamy,82,32,51,7.1,1071.8,25.8,Mustard,Rabi,7.1,4108.0,5317.0,March,March 12–25,Medium
Uttarakhand,Udham Singh Nagar,Sandy Loam,61,31,68,6.7,1043.5,26.8,Mustard,Rabi,6.2,4445.0,5704.0,March,March 12–25,Medium
Uttarakhand,Udham Singh Nagar,Loamy,86,45,19,6.7,1172.4,24.3,Mustard,Rabi,6.4,4376.0,5540.0,March,March 12–25,Medium
Uttarakhand,Udham Singh Nagar,Loamy,96,33,49,7.3,1178.8,23.3,Mustard,Rabi,7.0,4293.0,5565.0,March,March 12–25,Medium
Uttarakhand,Udham Singh Nagar,Alluvial,58,34,42,6.6,1335.0,21.0,Mustard,Rabi,7.3,4443.0,5553.0,March,March 12–25,Medium
Uttarakhand,Udham Singh Nagar,Alluvial,68,53,44,7.3,1152.5,29.9,Mustard,Rabi,6.4,4023.0,6012.0,March,March 12–25,Medium
Uttarakhand,Udham Singh Nagar,Sandy Loam,66,57,26,6.8,1085.5,25.2,Mustard,Rabi,5.8,4490.0,5979.0,March,March 12–25,Medium
Uttarakhand,Udham Singh Nagar,Loamy,90,39,43,7.0,1037.1,26.3,Mustard,Rabi,8.0,4353.0,5325.0,March,March 12–25,Medium
Uttarakhand,Udham Singh Nagar,Sandy Loam,75,49,32,7.1,1189.4,24.1,Mustard,Rabi,6.3,4384.0,5459.0,March,March 12–25,Medium
Uttarakhand,Udham Singh Nagar,Alluvial,75,56,33,6.8,928.5,21.1,Mustard,Rabi,8.0,4143.0,5522.0,March,March 12–25,Medium
Uttarakhand,Udham Singh Nagar,Loamy,76,50,40,6.5,1291.3,22.6,Mustard,Rabi,5.8,4323.0,5777.0,March,March 12–25,Medium
Uttarakhand,Udham Singh Nagar,Loamy,76,63,30,7.3,933.6,27.0,Mustard,Rabi,7.3,4085.0,5999.0,March,March 12–25,Medium
Uttarakhand,Udham Singh Nagar,Alluvial,79,23,37,6.9,996.6,23.7,Mustard,Rabi,7.9,4519.0,5428.0,March,March 12–25,Medium
Uttarakhand,Udham Singh Nagar,Alluvial,39,69,45,6.7,955.4,25.0,Mustard,Rabi,6.5,4458.0,5363.0,March,March 12–25,Medium
Uttarakhand,Udham Singh Nagar,Loamy,75,36,56,6.6,1149.5,26.4,Mustard,Rabi,6.5,4251.0,5982.0,March,March 12–25,Medium
Uttarakhand,Udham Singh Nagar,Loamy,87,33,39,6.7,1144.2,24.6,Mustard,Rabi,7.2,4164.0,6010.0,March,March 12–25,Medium
Uttarakhand,Udham Singh Nagar,Alluvial,55,40,40,6.4,998.5,29.4,Mustard,Rabi,7.4,4373.0,5507.0,March,March 12–25,Medium
Uttarakhand,Udham Singh Nagar,Clay,88,48,40,7.1,1062.1,23.3,Mustard,Rabi,6.1,4041.0,5584.0,March,March 12–25,Medium
Uttarakhand,Udham Singh Nagar,Clay,91,44,38,7.1,1323.0,28.1,Mustard,Rabi,4.8,4437.0,5413.0,March,March 12–25,Medium
Uttarakhand,Udham Singh Nagar,Sandy Loam,95,42,46,6.8,1128.6,24.6,Mustard,Rabi,6.9,4429.0,5322.0,March,March 12–25,Medium
Uttarakhand,Udham Singh Nagar,Clay,94,40,38,6.9,1049.1,24.8,Mustard,Rabi,4.9,4163.0,5980.0,March,March 12–25,Medium
Uttarakhand,Udham Singh Nagar,Alluvial,70,34,40,7.3,1235.9,25.0,Mustard,Rabi,6.8,4314.0,5889.0,March,March 12–25,Medium
Uttarakhand,Udham Singh Nagar,Sandy Loam,104,41,23,6.6,1083.1,23.9,Mustard,Rabi,6.5,4203.0,5594.0,March,March 12–25,Medium
Uttarakhand,Udham Singh Nagar,Sandy Loam,96,29,38,7.2,1346.2,24.8,Mustard,Rabi,7.1,4029.0,5608.0,March,March 12–25,Medium
Uttarakhand,Udham Singh Nagar,Clay,77,43,47,6.6,1170.6,29.9,Mustard,Rabi,5.0,4423.0,5315.0,March,March 12–25,Medium
Uttarakhand,Udham Singh Nagar,Alluvial,100,39,31,6.5,1129.2,25.2,Mustard,Rabi,6.7,4226.0,5815.0,March,March 12–25,Medium
Uttarakhand,Udham Singh Nagar,Loamy,87,44,48,6.5,1026.2,24.1,Mustard,Rabi,7.4,4427.0,5640.0,March,March 12–25,Medium
Uttarakhand,Udham Singh Nagar,Alluvial,86,33,34,7.1,1152.6,27.6,Mustard,Rabi,7.2,4232.0,5520.0,March,March 12–25,Medium
Uttarakhand,Udham Singh Nagar,Clay,67,25,32,6.6,1045.8,27.0,Mustard,Rabi,4.9,4235.0,5747.0,March,March 12–25,Medium
Uttarakhand,Udham Singh Nagar,Loamy,87,43,36,6.7,1225.7,25.0,Mustard,Rabi,7.7,3994.0,5295.0,March,March 12–25,Medium
Uttarakhand,Udham Singh Nagar,Clay,75,52,50,6.9,1275.5,22.5,Mustard,Rabi,6.0,4252.0,5758.0,March,March 12–25,Medium
Uttarakhand,Udham Singh Nagar,Clay,79,44,57,7.0,1194.7,29.4,Mustard,Rabi,5.0,4388.0,5279.0,March,March 12–25,Medium
Uttarakhand,Udham Singh Nagar,Sandy Loam,83,17,55,6.5,912.2,27.7,Mustard,Rabi,6.9,4475.0,5488.0,March,March 12–25,Medium
Uttarakhand,Udham Singh Nagar,Loamy,90,43,43,6.8,1107.2,22.3,Mustard,Rabi,6.8,4477.0,5266.0,March,March 12–25,Medium
Uttarakhand,Udham Singh Nagar,Clay,82,41,42,7.4,1053.2,22.9,Mustard,Rabi,4.7,4049.0,5770.0,March,March 12–25,Medium
Uttarakhand,Udham Singh Nagar,Alluvial,79,35,23,6.1,1247.4,21.2,Mustard,Rabi,6.3,4090.0,5415.0,March,March 12–25,Medium
Uttarakhand,Udham Singh Nagar,Sandy Loam,90,48,50,6.7,1032.0,25.5,Mustard,Rabi,6.7,4193.0,5630.0,March,March 12–25,Medium
Uttarakhand,Udham Singh Nagar,Sandy Loam,86,31,43,6.9,1027.3,27.8,Mustard,Rabi,7.1,4136.0,5424.0,March,March 12–25,Medium
Uttarakhand,Udham Singh Nagar,Sandy Loam,44,27,48,6.9,1043.5,29.3,Mustard,Rabi,6.2,4367.0,5794.0,March,March 12–25,Medium
Uttarakhand,Udham Singh Nagar,Loamy,84,39,27,6.7,1170.3,23.6,Mustard,Rabi,6.7,4291.0,5769.0,March,March 12–25,Medium
Uttarakhand,Udham Singh Nagar,Sandy Loam,87,38,25,6.8,1046.7,26.3,Mustard,Rabi,6.1,4099.0,5758.0,March,March 12–25,Medium
Uttarakhand,Udham Singh Nagar,Sandy Loam,52,41,54,6.3,1158.1,23.6,Mustard,Rabi,7.3,4235.0,6016.0,March,March 12–25,Medium
Uttarakhand,Udham Singh Nagar,Sandy Loam,95,35,47,6.6,1100.6,25.5,Mustard,Rabi,7.7,4096.0,5466.0,March,March 12–25,Medium
Uttarakhand,Udham Singh Nagar,Loamy,82,53,47,6.9,1119.5,25.2,Mustard,Rabi,7.8,4265.0,5466.0,March,March 12–25,Medium
Uttarakhand,Udham Singh Nagar,Sandy Loam,69,52,42,6.6,1268.0,23.7,Mustard,Rabi,6.8,4246.0,5449.0,March,March 12–25,Medium
Uttarakhand,Udham Singh Nagar,Loamy,53,32,16,7.0,1044.1,23.6,Mustard,Rabi,7.1,3999.0,5527.0,March,March 12–25,Medium
Uttarakhand,Udham Singh Nagar,Clay,80,40,41,6.9,987.4,24.5,Mustard,Rabi,5.4,4032.0,5571.0,March,March 12–25,Medium
Uttarakhand,Udham Singh Nagar,Clay,68,56,47,7.0,1136.4,24.4,Mustard,Rabi,5.2,4173.0,5367.0,March,March 12–25,Medium
Uttarakhand,Udham Singh Nagar,Alluvial,73,27,35,6.8,1097.6,23.4,Mustard,Rabi,7.0,4081.0,5914.0,March,March 12–25,Medium
Uttarakhand,Udham Singh Nagar,Clay,73,39,39,6.7,1186.0,26.1,Mustard,Rabi,5.8,4145.0,5501.0,March,March 12–25,Medium
Uttarakhand,Udham Singh Nagar,Loamy,71,26,40,6.6,1198.4,22.8,Mustard,Rabi,7.8,4237.0,5956.0,March,March 12–25,Medium
Uttarakhand,Udham Singh Nagar,Loamy,45,45,49,7.4,1170.9,20.1,Mustard,Rabi,6.2,4212.0,5605.0,March,March 12–25,Medium
Uttarakhand,Udham Singh Nagar,Alluvial,69,39,59,6.8,1115.1,25.2,Mustard,Rabi,7.6,4141.0,5770.0,March,March 12–25,Medium
Uttarakhand,Udham Singh Nagar,Alluvial,94,61,54,6.3,1197.8,22.0,Mustard,Rabi,7.4,4336.0,6033.0,March,March 12–25,Medium
Uttarakhand,Udham Singh Nagar,Sandy Loam,116,58,37,6.7,1144.5,26.0,Wheat,Rabi,10.8,4993.0,2218.0,April,April 10–28,Low
Uttarakhand,Udham Singh Nagar,Clay,121,62,36,6.5,1158.1,25.7,Wheat,Rabi,10.4,5151.0,2176.0,April,April 10–28,Low
Uttarakhand,Udham Singh Nagar,Loamy,133,69,36,6.0,1003.3,25.0,Wheat,Rabi,16.7,5238.0,2140.0,April,April 10–28,Low
Uttarakhand,Udham Singh Nagar,Loamy,113,69,39,6.7,988.4,25.0,Wheat,Rabi,19.4,5210.0,2364.0,April,April 10–28,Low
Uttarakhand,Udham Singh Nagar,Sandy Loam,109,53,53,7.4,1224.6,24.8,Wheat,Rabi,13.6,5340.0,2158.0,April,April 10–28,Low
Uttarakhand,Udham Singh Nagar,Loamy,111,74,32,6.4,1037.5,21.3,Wheat,Rabi,16.9,4864.0,2313.0,April,April 10–28,Low
Uttarakhand,Udham Singh Nagar,Loamy,122,74,33,6.8,1185.7,28.2,Wheat,Rabi,14.7,5373.0,2343.0,April,April 10–28,Low
Uttarakhand,Udham Singh Nagar,Loamy,129,70,24,6.7,1110.2,28.1,Wheat,Rabi,16.4,5044.0,2326.0,April,April 10–28,Low
Uttarakhand,Udham Singh Nagar,Clay,130,55,46,6.6,803.7,23.8,Wheat,Rabi,17.0,5127.0,2212.0,April,April 10–28,Low
Uttarakhand,Udham Singh Nagar,Clay,123,60,22,6.5,1033.6,25.9,Wheat,Rabi,12.1,5114.0,2331.0,April,April 10–28,Low
Uttarakhand,Udham Singh Nagar,Sandy Loam,108,73,57,6.3,1282.3,28.7,Wheat,Rabi,12.1,4775.0,2178.0,April,April 10–28,Low
Uttarakhand,Udham Singh Nagar,Sandy Loam,125,69,54,6.6,1143.1,24.7,Wheat,Rabi,11.2,4984.0,2447.0,April,April 10–28,Low
Uttarakhand,Udham Singh Nagar,Clay,118,69,36,6.4,1165.9,26.9,Wheat,Rabi,12.5,4947.0,2356.0,April,April 10–28,Low
Uttarakhand,Udham Singh Nagar,Loamy,119,56,41,6.7,1048.2,22.5,Wheat,Rabi,17.8,5246.0,2216.0,April,April 10–28,Low
Uttarakhand,Udham Singh Nagar,Loamy,90,60,32,6.3,1055.5,25.0,Wheat,Rabi,13.3,4844.0,2336.0,April,April 10–28,Low
Uttarakhand,Udham Singh Nagar,Sandy Loam,119,49,41,6.3,1220.2,26.0,Wheat,Rabi,12.4,5159.0,2246.0,April,April 10–28,Low
Uttarakhand,Udham Singh Nagar,Clay,117,37,50,6.1,1299.7,25.5,Wheat,Rabi,11.3,5238.0,2368.0,April,April 10–28,Low
Uttarakhand,Udham Singh Nagar,Clay,117,61,28,6.7,1217.6,25.6,Wheat,Rabi,8.7,4817.0,2236.0,April,April 10–28,Low
Uttarakhand,Udham Singh Nagar,Clay,120,60,28,6.7,1218.8,25.5,Wheat,Rabi,12.2,5006.0,2226.0,April,April 10–28,Low
Uttarakhand,Udham Singh Nagar,Clay,75,59,44,6.8,1111.4,25.4,Wheat,Rabi,13.5,4996.0,2189.0,April,April 10–28,Low
Uttarakhand,Udham Singh Nagar,Clay,110,53,42,6.1,1164.5,23.6,Wheat,Rabi,10.7,5105.0,2233.0,April,April 10–28,Low
Uttarakhand,Udham Singh Nagar,Alluvial,96,57,57,6.1,926.1,23.8,Wheat,Rabi,20.4,4975.0,2452.0,April,April 10–28,Low
Uttarakhand,Udham Singh Nagar,Sandy Loam,88,39,22,6.9,1022.2,26.3,Wheat,Rabi,13.1,5084.0,2151.0,April,April 10–28,Low
Uttarakhand,Udham Singh Nagar,Clay,91,72,35,6.1,1156.5,24.4,Wheat,Rabi,12.2,4812.0,2457.0,April,April 10–28,Low
Uttarakhand,Udham Singh Nagar,Clay,100,66,34,6.3,1220.4,24.3,Wheat,Rabi,12.2,5370.0,2155.0,April,April 10–28,Low
Uttarakhand,Udham Singh Nagar,Loamy,102,59,28,6.7,1189.6,27.6,Wheat,Rabi,14.8,5072.0,2426.0,April,April 10–28,Low
Uttarakhand,Udham Singh Nagar,Alluvial,116,70,36,6.6,978.3,23.7,Wheat,Rabi,13.4,5319.0,2226.0,April,April 10–28,Low
Uttarakhand,Udham Singh Nagar,Loamy,131,61,49,6.4,970.4,21.7,Wheat,Rabi,19.7,4800.0,2189.0,April,April 10–28,Low
Uttarakhand,Udham Singh Nagar,Sandy Loam,103,47,39,6.2,1112.6,23.8,Wheat,Rabi,9.7,5198.0,2260.0,April,April 10–28,Low
Uttarakhand,Udham Singh Nagar,Loamy,153,54,34,7.0,932.9,26.9,Wheat,Rabi,18.4,4994.0,2253.0,April,April 10–28,Low
Uttarakhand,Udham Singh Nagar,Alluvial,120,57,35,6.7,1020.0,25.2,Wheat,Rabi,15.9,4813.0,2451.0,April,April 10–28,Low
Uttarakhand,Udham Singh Nagar,Alluvial,100,61,55,6.3,1082.4,28.0,Wheat,Rabi,14.6,5224.0,2318.0,April,April 10–28,Low
Uttarakhand,Udham Singh Nagar,Clay,122,67,31,6.4,948.4,25.1,Wheat,Rabi,16.1,5004.0,2361.0,April,April 10–28,Low
Uttarakhand,Udham Singh Nagar,Loamy,139,48,43,6.5,1116.4,28.3,Wheat,Rabi,13.4,5307.0,2339.0,April,April 10–28,Low
Uttarakhand,Udham Singh Nagar,Alluvial,100,79,24,6.4,1160.7,27.1,Wheat,Rabi,16.1,4839.0,2188.0,April,April 10–28,Low
Uttarakhand,Udham Singh Nagar,Loamy,102,43,34,6.4,997.4,23.5,Wheat,Rabi,19.6,5129.0,2436.0,April,April 10–28,Low
Uttarakhand,Udham Singh Nagar,Sandy Loam,137,69,68,6.8,978.0,27.2,Wheat,Rabi,12.6,4842.0,2357.0,April,April 10–28,Low
Uttarakhand,Udham Singh Nagar,Loamy,122,57,36,6.3,1056.2,27.4,Wheat,Rabi,18.5,5358.0,2392.0,April,April 10–28,Low
Uttarakhand,Udham Singh Nagar,Clay,113,62,45,7.0,1003.6,26.4,Wheat,Rabi,8.1,4930.0,2293.0,April,April 10–28,Low
Uttarakhand,Udham Singh Nagar,Clay,123,50,30,6.0,959.8,27.7,Wheat,Rabi,11.8,5315.0,2450.0,April,April 10–28,Low
Uttarakhand,Udham Singh Nagar,Clay,141,59,39,7.3,1084.4,26.8,Wheat,Rabi,13.2,5058.0,2234.0,April,April 10–28,Low
Uttarakhand,Udham Singh Nagar,Sandy Loam,118,66,28,6.8,1134.2,21.7,Wheat,Rabi,9.1,5021.0,2162.0,April,April 10–28,Low
Uttarakhand,Udham Singh Nagar,Sandy Loam,130,59,59,6.8,1128.9,25.5,Wheat,Rabi,12.7,4972.0,2325.0,April,April 10–28,Low
Uttarakhand,Udham Singh Nagar,Loamy,108,59,31,6.3,1032.5,22.0,Wheat,Rabi,16.5,5248.0,2236.0,April,April 10–28,Low
Uttarakhand,Udham Singh Nagar,Alluvial,115,56,35,6.1,1181.2,22.8,Wheat,Rabi,17.2,5241.0,2180.0,April,April 10–28,Low
Uttarakhand,Udham Singh Nagar,Loamy,114,60,45,6.7,1113.4,23.9,Wheat,Rabi,17.9,4773.0,2393.0,April,April 10–28,Low
Uttarakhand,Udham Singh Nagar,Sandy Loam,144,58,44,6.6,1085.7,24.6,Wheat,Rabi,14.3,5222.0,2338.0,April,April 10–28,Low
Uttarakhand,Udham Singh Nagar,Sandy Loam,122,45,28,6.5,1033.2,25.8,Wheat,Rabi,11.8,4984.0,2299.0,April,April 10–28,Low
Uttarakhand,Udham Singh Nagar,Sandy Loam,101,50,40,6.5,1049.1,24.1,Wheat,Rabi,11.7,4958.0,2172.0,April,April 10–28,Low
Uttarakhand,Udham Singh Nagar,Loamy,117,43,47,6.2,1167.8,26.9,Wheat,Rabi,16.5,4884.0,2419.0,April,April 10–28,Low
Uttarakhand,Udham Singh Nagar,Sandy Loam,135,44,53,6.8,1039.0,28.9,Wheat,Rabi,14.8,4805.0,2232.0,April,April 10–28,Low
Uttarakhand,Udham Singh Nagar,Clay,114,67,26,6.8,1026.2,25.4,Wheat,Rabi,13.2,4942.0,2421.0,April,April 10–28,Low
Uttarakhand,Udham Singh Nagar,Sandy Loam,130,46,48,6.3,1127.5,23.9,Wheat,Rabi,9.3,4812.0,2372.0,April,April 10–28,Low
Uttarakhand,Udham Singh Nagar,Alluvial,97,49,39,6.8,1198.2,26.5,Wheat,Rabi,15.0,5272.0,2214.0,April,April 10–28,Low
Uttarakhand,Udham Singh Nagar,Alluvial,127,68,50,6.6,1060.1,26.8,Wheat,Rabi,14.1,5360.0,2341.0,April,April 10–28,Low
Uttarakhand,Udham Singh Nagar,Loamy,127,60,48,6.1,1146.3,26.3,Wheat,Rabi,11.5,5199.0,2303.0,April,April 10–28,Low
Uttarakhand,Udham Singh Nagar,Alluvial,128,54,28,6.2,1166.0,25.0,Wheat,Rabi,13.9,4970.0,2258.0,April,April 10–28,Low
Uttarakhand,Udham Singh Nagar,Clay,113,49,59,6.2,802.0,24.1,Wheat,Rabi,16.4,5295.0,2322.0,April,April 10–28,Low
Uttarakhand,Udham Singh Nagar,Alluvial,108,49,41,6.2,1078.1,26.9,Wheat,Rabi,14.5,4862.0,2168.0,April,April 10–28,Low
Uttarakhand,Udham Singh Nagar,Clay,114,68,32,6.5,1223.8,24.0,Wheat,Rabi,13.7,4987.0,2159.0,April,April 10–28,Low
Uttarakhand,Udham Singh Nagar,Sandy Loam,131,66,58,6.6,1253.7,24.5,Wheat,Rabi,12.7,5276.0,2358.0,April,April 10–28,Low
Uttarakhand,Udham Singh Nagar,Loamy,108,57,41,6.7,1296.1,24.6,Wheat,Rabi,15.7,4914.0,2383.0,April,April 10–28,Low
Uttarakhand,Udham Singh Nagar,Alluvial,114,55,27,6.6,1016.9,25.4,Wheat,Rabi,19.5,5354.0,2409.0,April,April 10–28,Low
Uttarakhand,Udham Singh Nagar,Sandy Loam,105,75,39,6.5,1323.3,24.1,Wheat,Rabi,10.2,4782.0,2311.0,April,April 10–28,Low
Uttarakhand,Udham Singh Nagar,Alluvial,117,47,45,6.0,1138.5,24.9,Wheat,Rabi,15.2,4873.0,2428.0,April,April 10–28,Low
Uttarakhand,Udham Singh Nagar,Alluvial,123,86,31,6.6,1167.4,25.7,Wheat,Rabi,16.0,5226.0,2384.0,April,April 10–28,Low
Uttarakhand,Udham Singh Nagar,Sandy Loam,96,66,44,6.2,967.5,21.8,Wheat,Rabi,13.5,5344.0,2187.0,April,April 10–28,Low
Uttarakhand,Udham Singh Nagar,Clay,140,47,24,6.7,1005.7,27.0,Wheat,Rabi,13.5,4833.0,2296.0,April,April 10–28,Low
Uttarakhand,Udham Singh Nagar,Clay,117,60,36,6.5,957.8,25.4,Wheat,Rabi,13.0,4954.0,2173.0,April,April 10–28,Low
Uttarakhand,Udham Singh Nagar,Sandy Loam,114,66,58,6.1,1080.3,19.9,Wheat,Rabi,11.3,5113.0,2141.0,April,April 10–28,Low
Uttarakhand,Udham Singh Nagar,Sandy Loam,129,64,39,6.6,1224.4,19.1,Wheat,Rabi,12.2,5292.0,2233.0,April,April 10–28,Low
Uttarakhand,Udham Singh Nagar,Sandy Loam,116,77,22,6.4,936.4,24.1,Wheat,Rabi,14.9,4819.0,2189.0,April,April 10–28,Low
Uttarakhand,Udham Singh Nagar,Loamy,131,54,32,6.4,1143.3,27.7,Wheat,Rabi,17.6,4903.0,2294.0,April,April 10–28,Low
Uttarakhand,Udham Singh Nagar,Clay,121,60,26,6.1,1134.9,23.1,Wheat,Rabi,10.4,4851.0,2211.0,April,April 10–28,Low
Uttarakhand,Udham Singh Nagar,Alluvial,156,53,21,6.1,1131.0,24.8,Wheat,Rabi,16.4,5019.0,2189.0,April,April 10–28,Low
Uttarakhand,Udham Singh Nagar,Sandy Loam,117,76,53,6.3,943.7,22.3,Wheat,Rabi,14.8,5223.0,2166.0,April,April 10–28,Low
Uttarakhand,Udham Singh Nagar,Loamy,130,55,42,6.7,1004.8,24.9,Wheat,Rabi,18.2,4845.0,2263.0,April,April 10–28,Low
Uttarakhand,Udham Singh Nagar,Clay,122,60,46,6.3,1063.1,23.0,Wheat,Rabi,11.7,4755.0,2175.0,April,April 10–28,Low
Uttarakhand,Udham Singh Nagar,Sandy Loam,95,52,38,6.9,1221.1,23.1,Wheat,Rabi,10.4,4830.0,2404.0,April,April 10–28,Low
Uttarakhand,Udham Singh Nagar,Clay,114,60,56,6.4,979.8,25.4,Wheat,Rabi,10.9,4954.0,2344.0,April,April 10–28,Low
Uttarakhand,Udham Singh Nagar,Clay,112,68,86,6.5,896.1,20.1,Potato,Rabi,49.5,8924.0,1314.0,February,Feb 15–March 05,High
Uttarakhand,Udham Singh Nagar,Clay,124,57,104,5.6,1252.3,24.7,Potato,Rabi,40.9,9520.0,1320.0,February,Feb 15–March 05,High
Uttarakhand,Udham Singh Nagar,Alluvial,153,76,119,6.3,1063.3,27.3,Potato,Rabi,64.9,8762.0,1343.0,February,Feb 15–March 05,High
Uttarakhand,Udham Singh Nagar,Alluvial,145,68,104,6.0,1170.5,24.7,Potato,Rabi,50.2,9093.0,1389.0,February,Feb 15–March 05,High
Uttarakhand,Udham Singh Nagar,Loamy,125,103,84,5.4,899.1,26.5,Potato,Rabi,79.0,9214.0,1376.0,February,Feb 15–March 05,High
Uttarakhand,Udham Singh Nagar,Alluvial,135,74,94,6.0,1056.3,24.0,Potato,Rabi,45.0,8902.0,1426.0,February,Feb 15–March 05,High
Uttarakhand,Udham Singh Nagar,Loamy,151,76,111,5.7,945.1,26.0,Potato,Rabi,68.3,9765.0,1467.0,February,Feb 15–March 05,High
Uttarakhand,Udham Singh Nagar,Sandy Loam,138,89,103,6.0,972.7,22.3,Potato,Rabi,67.9,8818.0,1428.0,February,Feb 15–March 05,High
Uttarakhand,Udham Singh Nagar,Alluvial,149,87,100,5.6,1380.3,28.4,Potato,Rabi,43.5,9712.0,1351.0,February,Feb 15–March 05,High
Uttarakhand,Udham Singh Nagar,Alluvial,155,76,130,6.7,1219.5,27.3,Potato,Rabi,57.9,9838.0,1382.0,February,Feb 15–March 05,High
Uttarakhand,Udham Singh Nagar,Clay,163,90,94,5.8,913.0,25.6,Potato,Rabi,43.7,9380.0,1361.0,February,Feb 15–March 05,High
Uttarakhand,Udham Singh Nagar,Alluvial,154,69,93,5.6,953.5,21.3,Potato,Rabi,53.4,9449.0,1333.0,February,Feb 15–March 05,High
Uttarakhand,Udham Singh Nagar,Sandy Loam,163,94,99,6.3,1084.5,27.1,Potato,Rabi,74.0,9516.0,1489.0,February,Feb 15–March 05,High
Uttarakhand,Udham Singh Nagar,Clay,152,75,103,5.4,1240.7,24.4,Potato,Rabi,54.4,9881.0,1439.0,February,Feb 15–March 05,High
Uttarakhand,Udham Singh Nagar,Clay,135,71,92,6.3,1131.7,22.8,Potato,Rabi,42.3,8947.0,1487.0,February,Feb 15–March 05,High
Uttarakhand,Udham Singh Nagar,Alluvial,132,90,104,5.9,1063.3,21.5,Potato,Rabi,62.7,9585.0,1341.0,February,Feb 15–March 05,High
Uttarakhand,Udham Singh Nagar,Alluvial,145,79,96,5.5,1064.0,26.0,Potato,Rabi,44.9,8780.0,1434.0,February,Feb 15–March 05,High
Uttarakhand,Udham Singh Nagar,Clay,152,72,96,6.2,1062.0,26.1,Potato,Rabi,44.3,9279.0,1356.0,February,Feb 15–March 05,High
Uttarakhand,Udham Singh Nagar,Clay,144,88,105,6.2,1127.0,22.8,Potato,Rabi,68.1,8780.0,1466.0,February,Feb 15–March 05,High
Uttarakhand,Udham Singh Nagar,Clay,163,87,94,6.0,1142.8,27.4,Potato,Rabi,38.1,9088.0,1431.0,February,Feb 15–March 05,High
Uttarakhand,Udham Singh Nagar,Loamy,151,79,106,6.0,904.0,28.4,Potato,Rabi,72.6,9317.0,1477.0,February,Feb 15–March 05,High
Uttarakhand,Udham Singh Nagar,Clay,141,70,100,6.2,1114.6,25.8,Potato,Rabi,45.9,9442.0,1358.0,February,Feb 15–March 05,High
Uttarakhand,Udham Singh Nagar,Clay,145,75,105,5.8,1208.7,21.7,Potato,Rabi,50.6,9581.0,1397.0,February,Feb 15–March 05,High
Uttarakhand,Udham Singh Nagar,Sandy Loam,171,104,98,6.0,1015.8,25.1,Potato,Rabi,65.5,9835.0,1440.0,February,Feb 15–March 05,High
Uttarakhand,Udham Singh Nagar,Alluvial,142,80,106,6.0,1088.2,28.0,Potato,Rabi,57.3,9017.0,1467.0,February,Feb 15–March 05,High
Uttarakhand,Udham Singh Nagar,Sandy Loam,122,88,99,5.9,1183.0,27.9,Potato,Rabi,74.3,9205.0,1377.0,February,Feb 15–March 05,High
Uttarakhand,Udham Singh Nagar,Alluvial,133,62,92,6.3,1323.9,23.4,Potato,Rabi,44.7,9394.0,1426.0,February,Feb 15–March 05,High
Uttarakhand,Udham Singh Nagar,Clay,138,77,106,6.3,1115.0,23.2,Potato,Rabi,50.0,9802.0,1392.0,February,Feb 15–March 05,High
Uttarakhand,Udham Singh Nagar,Sandy Loam,154,81,113,5.5,1021.4,25.7,Potato,Rabi,70.3,8761.0,1330.0,February,Feb 15–March 05,High
Uttarakhand,Udham Singh Nagar,Clay,148,99,93,6.3,1236.5,25.2,Potato,Rabi,35.4,9337.0,1479.0,February,Feb 15–March 05,High
Uttarakhand,Udham Singh Nagar,Clay,142,62,109,6.2,942.7,26.1,Potato,Rabi,49.3,9682.0,1453.0,February,Feb 15–March 05,High
Uttarakhand,Udham Singh Nagar,Sandy Loam,190,83,115,5.5,1129.0,26.1,Potato,Rabi,66.3,8930.0,1328.0,February,Feb 15–March 05,High
Uttarakhand,Udham Singh Nagar,Alluvial,168,74,106,6.2,982.1,22.5,Potato,Rabi,56.7,9502.0,1344.0,February,Feb 15–March 05,High
Uttarakhand,Udham Singh Nagar,Sandy Loam,144,70,72,6.0,1097.9,25.6,Potato,Rabi,80.6,9082.0,1386.0,February,Feb 15–March 05,High
Uttarakhand,Udham Singh Nagar,Clay,148,87,87,6.1,1127.1,26.7,Potato,Rabi,48.4,8807.0,1426.0,February,Feb 15–March 05,High
Uttarakhand,Udham Singh Nagar,Sandy Loam,150,79,71,6.1,937.1,26.1,Potato,Rabi,58.0,9068.0,1462.0,February,Feb 15–March 05,High
Uttarakhand,Udham Singh Nagar,Loamy,145,97,115,5.8,1253.5,23.6,Potato,Rabi,70.0,9858.0,1475.0,February,Feb 15–March 05,High
Uttarakhand,Udham Singh Nagar,Sandy Loam,160,70,104,6.1,952.2,22.4,Potato,Rabi,67.3,9047.0,1410.0,February,Feb 15–March 05,High
Uttarakhand,Udham Singh Nagar,Loamy,157,79,115,5.5,1136.9,27.6,Potato,Rabi,55.6,8865.0,1382.0,February,Feb 15–March 05,High
Uttarakhand,Udham Singh Nagar,Sandy Loam,141,73,79,5.4,1009.0,23.0,Potato,Rabi,55.8,9509.0,1425.0,February,Feb 15–March 05,High
Uttarakhand,Udham Singh Nagar,Loamy,133,88,92,6.2,1156.9,21.2,Potato,Rabi,74.4,8872.0,1347.0,February,Feb 15–March 05,High
Uttarakhand,Udham Singh Nagar,Clay,154,79,98,6.0,1125.1,25.5,Potato,Rabi,47.3,9918.0,1362.0,February,Feb 15–March 05,High
Uttarakhand,Udham Singh Nagar,Clay,146,73,106,6.0,980.9,23.4,Potato,Rabi,49.0,9832.0,1337.0,February,Feb 15–March 05,High
Uttarakhand,Udham Singh Nagar,Loamy,151,66,88,6.2,1333.7,23.3,Potato,Rabi,76.6,9330.0,1308.0,February,Feb 15–March 05,High
Uttarakhand,Udham Singh Nagar,Clay,152,77,93,6.2,1155.4,22.9,Potato,Rabi,40.3,9044.0,1447.0,February,Feb 15–March 05,High
Uttarakhand,Udham Singh Nagar,Clay,142,93,88,5.9,1210.1,26.8,Potato,Rabi,46.6,8768.0,1394.0,February,Feb 15–March 05,High
Uttarakhand,Udham Singh Nagar,Sandy Loam,156,86,108,6.2,1140.7,24.9,Potato,Rabi,65.8,9276.0,1461.0,February,Feb 15–March 05,High
Uttarakhand,Udham Singh Nagar,Sandy Loam,149,85,93,6.2,1215.6,26.7,Potato,Rabi,69.1,9363.0,1489.0,February,Feb 15–March 05,High
Uttarakhand,Udham Singh Nagar,Clay,129,80,90,6.1,1130.6,26.5,Potato,Rabi,40.3,8749.0,1391.0,February,Feb 15–March 05,High
Uttarakhand,Udham Singh Nagar,Loamy,167,86,105,6.0,1059.6,24.2,Potato,Rabi,67.5,9115.0,1447.0,February,Feb 15–March 05,High
Uttarakhand,Udham Singh Nagar,Sandy Loam,133,90,115,6.1,1262.8,26.5,Potato,Rabi,70.9,9665.0,1451.0,February,Feb 15–March 05,High
Uttarakhand,Udham Singh Nagar,Sandy Loam,129,65,99,6.3,1074.7,23.8,Potato,Rabi,70.8,8747.0,1428.0,February,Feb 15–March 05,High
Uttarakhand,Udham Singh Nagar,Sandy Loam,173,91,98,6.4,1029.6,25.7,Potato,Rabi,65.4,9259.0,1452.0,February,Feb 15–March 05,High
Uttarakhand,Udham Singh Nagar,Loamy,152,89,94,5.6,1067.3,19.9,Potato,Rabi,84.1,9177.0,1450.0,February,Feb 15–March 05,High
Uttarakhand,Udham Singh Nagar,Clay,159,73,113,6.3,1053.8,26.5,Potato,Rabi,59.6,8770.0,1375.0,February,Feb 15–March 05,High
Uttarakhand,Udham Singh Nagar,Alluvial,159,89,102,6.0,1282.6,24.0,Potato,Rabi,42.1,9499.0,1303.0,February,Feb 15–March 05,High
Uttarakhand,Udham Singh Nagar,Sandy Loam,169,82,104,6.1,874.0,23.6,Potato,Rabi,76.8,9123.0,1416.0,February,Feb 15–March 05,High
Uttarakhand,Udham Singh Nagar,Alluvial,149,82,95,5.7,926.3,25.6,Potato,Rabi,52.4,9195.0,1304.0,February,Feb 15–March 05,High
Uttarakhand,Udham Singh Nagar,Loamy,142,76,117,5.9,1286.6,27.0,Potato,Rabi,72.8,8823.0,1388.0,February,Feb 15–March 05,High
Uttarakhand,Udham Singh Nagar,Loamy,125,75,90,5.8,1221.3,24.1,Potato,Rabi,70.7,9889.0,1385.0,February,Feb 15–March 05,High
Uttarakhand,Udham Singh Nagar,Clay,164,73,110,5.7,955.1,25.1,Potato,Rabi,55.3,9168.0,1433.0,February,Feb 15–March 05,High
Uttarakhand,Udham Singh Nagar,Loamy,145,65,110,6.2,1255.4,24.7,Potato,Rabi,73.8,9313.0,1479.0,February,Feb 15–March 05,High
Uttarakhand,Udham Singh Nagar,Clay,134,74,100,6.1,1271.5,29.9,Potato,Rabi,52.8,9352.0,1344.0,February,Feb 15–March 05,High
Uttarakhand,Udham Singh Nagar,Sandy Loam,125,71,104,6.3,1126.9,23.7,Potato,Rabi,83.4,8855.0,1432.0,February,Feb 15–March 05,High
Uttarakhand,Udham Singh Nagar,Alluvial,146,91,108,6.2,1230.1,24.2,Potato,Rabi,49.9,9042.0,1355.0,February,Feb 15–March 05,High
Uttarakhand,Udham Singh Nagar,Loamy,166,69,99,6.5,1011.4,24.4,Potato,Rabi,62.0,8868.0,1426.0,February,Feb 15–March 05,High
Uttarakhand,Udham Singh Nagar,Loamy,156,74,99,6.6,1045.6,23.9,Potato,Rabi,64.5,9340.0,1327.0,February,Feb 15–March 05,High
Uttarakhand,Udham Singh Nagar,Loamy,154,79,101,5.7,971.1,24.5,Potato,Rabi,63.7,9505.0,1370.0,February,Feb 15–March 05,High
Uttarakhand,Udham Singh Nagar,Clay,141,78,88,5.4,1114.8,24.6,Potato,Rabi,55.5,9243.0,1460.0,February,Feb 15–March 05,High
Uttarakhand,Udham Singh Nagar,Sandy Loam,153,92,112,6.4,1004.8,28.0,Potato,Rabi,67.9,9507.0,1456.0,February,Feb 15–March 05,High
Uttarakhand,Udham Singh Nagar,Alluvial,165,62,104,6.1,1290.9,23.8,Potato,Rabi,52.1,9785.0,1337.0,February,Feb 15–March 05,High
Uttarakhand,Udham Singh Nagar,Clay,125,69,89,5.9,1251.9,26.6,Potato,Rabi,45.3,9933.0,1354.0,February,Feb 15–March 05,High
Uttarakhand,Udham Singh Nagar,Clay,148,67,117,6.2,1114.7,20.9,Potato,Rabi,41.3,9209.0,1299.0,February,Feb 15–March 05,High
Uttarakhand,Udham Singh Nagar,Loamy,133,90,108,5.6,1127.4,26.1,Potato,Rabi,60.4,8751.0,1357.0,February,Feb 15–March 05,High
Uttarakhand,Udham Singh Nagar,Loamy,163,93,89,6.1,1033.9,23.4,Potato,Rabi,68.4,9314.0,1397.0,February,Feb 15–March 05,High
Uttarakhand,Udham Singh Nagar,Alluvial,149,76,95,5.9,1009.4,23.6,Potato,Rabi,48.3,9911.0,1301.0,February,Feb 15–March 05,High
Uttarakhand,Udham Singh Nagar,Alluvial,164,72,105,5.7,1195.5,24.2,Potato,Rabi,66.7,9390.0,1448.0,February,Feb 15–March 05,High
Uttarakhand,Udham Singh Nagar,Alluvial,161,65,107,6.5,1122.0,23.8,Potato,Rabi,56.4,8938.0,1347.0,February,Feb 15–March 05,High
Uttarakhand,Udham Singh Nagar,Clay,159,41,113,5.7,973.1,22.5,Potato,Rabi,46.5,8869.0,1329.0,February,Feb 15–March 05,High
Uttarakhand,Udham Singh Nagar,Loamy,118,76,88,6.0,1144.0,26.1,Potato,Rabi,66.6,9205.0,1373.0,February,Feb 15–March 05,High
Uttarakhand,Udham Singh Nagar,Alluvial,79,59,44,6.4,1237.3,26.0,Paddy (Rice),Kharif,31.2,7915.0,2195.0,November,Nov 05–Nov 22,Medium
Uttarakhand,Udham Singh Nagar,Clay,99,48,48,6.0,1254.6,22.4,Paddy (Rice),Kharif,29.6,8281.0,2250.0,November,Nov 05–Nov 22,Medium
Uttarakhand,Udham Singh Nagar,Alluvial,130,57,47,5.8,1161.3,24.1,Paddy (Rice),Kharif,28.1,8397.0,2272.0,November,Nov 05–Nov 22,Medium
Uttarakhand,Udham Singh Nagar,Loamy,102,57,53,6.4,1167.0,26.1,Paddy (Rice),Kharif,18.9,7846.0,2343.0,November,Nov 05–Nov 22,Medium
Uttarakhand,Udham Singh Nagar,Clay,104,51,58,6.3,1341.4,26.4,Paddy (Rice),Kharif,28.5,8224.0,2372.0,November,Nov 05–Nov 22,Medium
Uttarakhand,Udham Singh Nagar,Sandy Loam,104,43,36,6.1,1001.3,26.3,Paddy (Rice),Kharif,22.7,8042.0,2191.0,November,Nov 05–Nov 22,Medium
Uttarakhand,Udham Singh Nagar,Clay,110,38,45,6.1,1152.3,30.2,Paddy (Rice),Kharif,26.3,7428.0,2374.0,November,Nov 05–Nov 22,Medium
Uttarakhand,Udham Singh Nagar,Alluvial,108,46,46,6.5,1264.7,29.0,Paddy (Rice),Kharif,26.1,7679.0,2385.0,November,Nov 05–Nov 22,Medium
Uttarakhand,Udham Singh Nagar,Clay,102,57,46,6.4,1285.1,23.4,Paddy (Rice),Kharif,29.1,7768.0,2284.0,November,Nov 05–Nov 22,Medium
Uttarakhand,Udham Singh Nagar,Alluvial,112,52,50,6.5,994.6,22.2,Paddy (Rice),Kharif,29.4,8100.0,2282.0,November,Nov 05–Nov 22,Medium
Uttarakhand,Udham Singh Nagar,Sandy Loam,92,56,46,5.9,1243.5,26.3,Paddy (Rice),Kharif,20.4,7781.0,2242.0,November,Nov 05–Nov 22,Medium
Uttarakhand,Udham Singh Nagar,Sandy Loam,115,42,50,6.1,1126.7,25.6,Paddy (Rice),Kharif,20.0,7899.0,2400.0,November,Nov 05–Nov 22,Medium
Uttarakhand,Udham Singh Nagar,Sandy Loam,81,62,40,6.3,1314.5,24.6,Paddy (Rice),Kharif,20.2,7778.0,2276.0,November,Nov 05–Nov 22,Medium
Uttarakhand,Udham Singh Nagar,Clay,85,58,57,6.6,1078.2,23.1,Paddy (Rice),Kharif,26.3,8079.0,2223.0,November,Nov 05–Nov 22,Medium
Uttarakhand,Udham Singh Nagar,Loamy,90,55,51,5.9,1104.2,26.1,Paddy (Rice),Kharif,20.6,8273.0,2176.0,November,Nov 05–Nov 22,Medium
Uttarakhand,Udham Singh Nagar,Clay,91,48,39,6.0,1013.4,27.9,Paddy (Rice),Kharif,28.8,8261.0,2395.0,November,Nov 05–Nov 22,Medium
Uttarakhand,Udham Singh Nagar,Sandy Loam,116,57,44,6.4,1338.4,23.8,Paddy (Rice),Kharif,21.1,8206.0,2358.0,November,Nov 05–Nov 22,Medium
Uttarakhand,Udham Singh Nagar,Loamy,100,36,47,6.1,988.7,25.2,Paddy (Rice),Kharif,20.4,7600.0,2429.0,November,Nov 05–Nov 22,Medium
Uttarakhand,Udham Singh Nagar,Alluvial,100,34,65,6.4,1283.0,25.3,Paddy (Rice),Kharif,26.7,7596.0,2254.0,November,Nov 05–Nov 22,Medium
Uttarakhand,Udham Singh Nagar,Alluvial,94,52,47,6.4,1258.8,26.3,Paddy (Rice),Kharif,28.8,8270.0,2365.0,November,Nov 05–Nov 22,Medium
Uttarakhand,Udham Singh Nagar,Sandy Loam,98,47,32,6.3,1088.7,22.9,Paddy (Rice),Kharif,17.9,7524.0,2178.0,November,Nov 05–Nov 22,Medium
Uttarakhand,Udham Singh Nagar,Sandy Loam,108,35,50,6.6,987.6,25.8,Paddy (Rice),Kharif,20.0,8126.0,2408.0,November,Nov 05–Nov 22,Medium
Uttarakhand,Udham Singh Nagar,Loamy,104,42,51,6.2,1000.1,25.7,Paddy (Rice),Kharif,20.0,7998.0,2308.0,November,Nov 05–Nov 22,Medium
Uttarakhand,Udham Singh Nagar,Loamy,116,39,58,6.0,1191.2,24.7,Paddy (Rice),Kharif,19.2,8207.0,2217.0,November,Nov 05–Nov 22,Medium
Uttarakhand,Udham Singh Nagar,Alluvial,92,40,52,6.7,982.6,25.4,Paddy (Rice),Kharif,26.4,7470.0,2259.0,November,Nov 05–Nov 22,Medium
Uttarakhand,Udham Singh Nagar,Loamy,98,58,38,6.6,1244.0,29.1,Paddy (Rice),Kharif,21.0,8097.0,2343.0,November,Nov 05–Nov 22,Medium
Uttarakhand,Udham Singh Nagar,Alluvial,122,49,48,6.0,1212.7,23.2,Paddy (Rice),Kharif,32.2,7978.0,2254.0,November,Nov 05–Nov 22,Medium
Uttarakhand,Udham Singh Nagar,Alluvial,90,46,37,5.5,1192.6,27.5,Paddy (Rice),Kharif,25.0,7472.0,2439.0,November,Nov 05–Nov 22,Medium
Uttarakhand,Udham Singh Nagar,Clay,92,52,43,6.1,801.7,24.0,Paddy (Rice),Kharif,23.6,7771.0,2308.0,November,Nov 05–Nov 22,Medium
Uttarakhand,Udham Singh Nagar,Clay,90,70,61,6.1,1062.7,23.1,Paddy (Rice),Kharif,27.6,7561.0,2255.0,November,Nov 05–Nov 22,Medium
Uttarakhand,Udham Singh Nagar,Clay,92,45,59,5.9,1185.1,24.7,Paddy (Rice),Kharif,31.2,8165.0,2447.0,November,Nov 05–Nov 22,Medium
Uttarakhand,Udham Singh Nagar,Clay,102,48,42,6.5,889.9,19.0,Paddy (Rice),Kharif,24.4,7889.0,2469.0,November,Nov 05–Nov 22,Medium
Uttarakhand,Udham Singh Nagar,Loamy,89,38,43,6.4,1129.6,23.4,Paddy (Rice),Kharif,21.5,7444.0,2462.0,November,Nov 05–Nov 22,Medium
Uttarakhand,Udham Singh Nagar,Alluvial,98,65,52,6.3,883.8,24.7,Paddy (Rice),Kharif,26.6,8367.0,2414.0,November,Nov 05–Nov 22,Medium
Uttarakhand,Udham Singh Nagar,Sandy Loam,86,59,37,6.5,1234.3,23.5,Paddy (Rice),Kharif,21.3,7580.0,2368.0,November,Nov 05–Nov 22,Medium
Uttarakhand,Udham Singh Nagar,Clay,84,39,52,6.3,977.2,26.7,Paddy (Rice),Kharif,28.7,8349.0,2265.0,November,Nov 05–Nov 22,Medium
Uttarakhand,Udham Singh Nagar,Sandy Loam,120,60,65,6.6,1346.0,27.4,Paddy (Rice),Kharif,18.6,7427.0,2378.0,November,Nov 05–Nov 22,Medium
Uttarakhand,Udham Singh Nagar,Sandy Loam,112,51,56,6.5,1134.5,24.8,Paddy (Rice),Kharif,19.6,7570.0,2216.0,November,Nov 05–Nov 22,Medium
Uttarakhand,Udham Singh Nagar,Sandy Loam,88,66,52,6.0,1252.9,23.9,Paddy (Rice),Kharif,19.0,7528.0,2339.0,November,Nov 05–Nov 22,Medium
Uttarakhand,Udham Singh Nagar,Loamy,103,65,43,6.1,1126.5,25.8,Paddy (Rice),Kharif,21.9,7674.0,2173.0,November,Nov 05–Nov 22,Medium
Uttarakhand,Udham Singh Nagar,Clay,104,45,60,6.1,1097.8,22.8,Paddy (Rice),Kharif,28.2,7959.0,2185.0,November,Nov 05–Nov 22,Medium
Uttarakhand,Udham Singh Nagar,Clay,91,64,44,6.2,1011.5,25.5,Paddy (Rice),Kharif,28.8,8014.0,2263.0,November,Nov 05–Nov 22,Medium
Uttarakhand,Udham Singh Nagar,Loamy,92,53,59,6.3,1173.8,23.4,Paddy (Rice),Kharif,18.7,7978.0,2225.0,November,Nov 05–Nov 22,Medium
Uttarakhand,Udham Singh Nagar,Sandy Loam,124,67,58,7.0,1128.6,23.5,Paddy (Rice),Kharif,20.0,8350.0,2272.0,November,Nov 05–Nov 22,Medium
Uttarakhand,Udham Singh Nagar,Sandy Loam,85,34,37,6.5,1028.0,26.7,Paddy (Rice),Kharif,20.2,8256.0,2298.0,November,Nov 05–Nov 22,Medium
Uttarakhand,Udham Singh Nagar,Sandy Loam,80,54,46,5.9,1083.7,26.7,Paddy (Rice),Kharif,20.4,7502.0,2331.0,November,Nov 05–Nov 22,Medium
Uttarakhand,Udham Singh Nagar,Clay,96,58,50,6.1,1274.6,24.7,Paddy (Rice),Kharif,29.7,7800.0,2342.0,November,Nov 05–Nov 22,Medium
Uttarakhand,Udham Singh Nagar,Alluvial,100,52,34,5.8,1137.0,25.3,Paddy (Rice),Kharif,28.2,8306.0,2344.0,November,Nov 05–Nov 22,Medium
Uttarakhand,Udham Singh Nagar,Clay,107,48,33,6.0,1138.2,26.0,Paddy (Rice),Kharif,30.2,7456.0,2258.0,November,Nov 05–Nov 22,Medium
Uttarakhand,Udham Singh Nagar,Loamy,93,47,37,7.0,1239.5,25.4,Paddy (Rice),Kharif,21.4,7904.0,2283.0,November,Nov 05–Nov 22,Medium
Uttarakhand,Udham Singh Nagar,Alluvial,116,39,40,5.7,1154.0,25.4,Paddy (Rice),Kharif,28.9,7915.0,2417.0,November,Nov 05–Nov 22,Medium
Uttarakhand,Udham Singh Nagar,Loamy,127,44,50,6.1,1020.0,29.4,Paddy (Rice),Kharif,20.0,8196.0,2428.0,November,Nov 05–Nov 22,Medium
Uttarakhand,Udham Singh Nagar,Alluvial,92,51,49,6.0,957.5,25.3,Paddy (Rice),Kharif,29.8,8166.0,2379.0,November,Nov 05–Nov 22,Medium
Uttarakhand,Udham Singh Nagar,Clay,85,44,58,6.3,1100.9,23.1,Paddy (Rice),Kharif,25.7,8042.0,2211.0,November,Nov 05–Nov 22,Medium
Uttarakhand,Udham Singh Nagar,Loamy,118,44,42,6.1,1299.8,22.1,Paddy (Rice),Kharif,18.3,7483.0,2189.0,November,Nov 05–Nov 22,Medium
Uttarakhand,Udham Singh Nagar,Loamy,95,38,61,6.0,1176.3,26.7,Paddy (Rice),Kharif,22.3,7905.0,2379.0,November,Nov 05–Nov 22,Medium
Uttarakhand,Udham Singh Nagar,Loamy,82,55,70,6.3,967.8,22.6,Paddy (Rice),Kharif,20.0,8045.0,2249.0,November,Nov 05–Nov 22,Medium
Uttarakhand,Udham Singh Nagar,Sandy Loam,87,69,59,6.0,1096.5,26.0,Paddy (Rice),Kharif,21.4,7455.0,2450.0,November,Nov 05–Nov 22,Medium
Uttarakhand,Udham Singh Nagar,Sandy Loam,101,61,33,6.9,1018.9,25.8,Paddy (Rice),Kharif,18.8,7799.0,2178.0,November,Nov 05–Nov 22,Medium
Uttarakhand,Udham Singh Nagar,Loamy,99,44,42,5.7,1034.1,28.2,Paddy (Rice),Kharif,22.1,7879.0,2266.0,November,Nov 05–Nov 22,Medium
Uttarakhand,Udham Singh Nagar,Alluvial,96,34,43,6.2,1066.9,27.9,Paddy (Rice),Kharif,27.7,8368.0,2413.0,November,Nov 05–Nov 22,Medium
Uttarakhand,Udham Singh Nagar,Alluvial,72,50,37,6.3,959.3,25.2,Paddy (Rice),Kharif,26.1,7782.0,2474.0,November,Nov 05–Nov 22,Medium
Uttarakhand,Udham Singh Nagar,Loamy,85,61,37,5.8,1250.4,23.0,Paddy (Rice),Kharif,19.3,8054.0,2202.0,November,Nov 05–Nov 22,Medium
Uttarakhand,Udham Singh Nagar,Clay,91,56,54,6.2,928.7,25.5,Paddy (Rice),Kharif,24.5,7832.0,2278.0,November,Nov 05–Nov 22,Medium
Uttarakhand,Udham Singh Nagar,Sandy Loam,97,62,33,6.0,975.7,24.3,Paddy (Rice),Kharif,20.1,7711.0,2232.0,November,Nov 05–Nov 22,Medium
Uttarakhand,Udham Singh Nagar,Loamy,97,42,52,6.9,1151.8,18.4,Paddy (Rice),Kharif,19.7,7582.0,2166.0,November,Nov 05–Nov 22,Medium
Uttarakhand,Udham Singh Nagar,Sandy Loam,128,59,55,6.4,970.6,25.0,Paddy (Rice),Kharif,24.1,7682.0,2191.0,November,Nov 05–Nov 22,Medium
Uttarakhand,Udham Singh Nagar,Loamy,118,63,60,6.4,985.3,32.2,Paddy (Rice),Kharif,21.0,7921.0,2440.0,November,Nov 05–Nov 22,Medium
Uttarakhand,Udham Singh Nagar,Loamy,126,48,47,6.1,1209.4,26.0,Paddy (Rice),Kharif,20.3,7808.0,2219.0,November,Nov 05–Nov 22,Medium
Uttarakhand,Udham Singh Nagar,Loamy,104,42,53,6.2,1095.8,24.1,Paddy (Rice),Kharif,19.0,7560.0,2312.0,November,Nov 05–Nov 22,Medium
Uttarakhand,Udham Singh Nagar,Loamy,68,32,59,5.9,1028.4,23.8,Paddy (Rice),Kharif,22.4,8323.0,2421.0,November,Nov 05–Nov 22,Medium
Uttarakhand,Udham Singh Nagar,Clay,89,59,62,5.7,1224.6,24.3,Paddy (Rice),Kharif,27.5,7593.0,2174.0,November,Nov 05–Nov 22,Medium
Uttarakhand,Udham Singh Nagar,Alluvial,113,65,66,5.8,1195.2,27.4,Paddy (Rice),Kharif,26.2,7538.0,2405.0,November,Nov 05–Nov 22,Medium
Uttarakhand,Udham Singh Nagar,Loamy,103,48,50,7.0,1026.5,26.8,Paddy (Rice),Kharif,22.3,7821.0,2272.0,November,Nov 05–Nov 22,Medium
Uttarakhand,Udham Singh Nagar,Clay,119,66,60,6.2,1145.4,30.1,Paddy (Rice),Kharif,28.1,8361.0,2440.0,November,Nov 05–Nov 22,Medium
Uttarakhand,Udham Singh Nagar,Alluvial,106,40,42,6.0,1233.7,24.7,Paddy (Rice),Kharif,30.2,8218.0,2272.0,November,Nov 05–Nov 22,Medium
Uttarakhand,Udham Singh Nagar,Loamy,65,54,54,6.1,1345.9,26.4,Paddy (Rice),Kharif,21.7,8306.0,2472.0,November,Nov 05–Nov 22,Medium
Uttarakhand,Udham Singh Nagar,Clay,94,52,54,6.4,972.1,24.0,Paddy (Rice),Kharif,27.4,7603.0,2253.0,November,Nov 05–Nov 22,Medium
Uttarakhand,Udham Singh Nagar,Alluvial,110,57,45,6.0,1100.1,24.8,Paddy (Rice),Kharif,30.0,8132.0,2344.0,November,Nov 05–Nov 22,Medium
Uttarakhand,Udham Singh Nagar,Clay,88,48,38,6.0,989.8,20.1,Paddy (Rice),Kharif,29.3,8186.0,2296.0,November,Nov 05–Nov 22,Medium
Uttarakhand,Udham Singh Nagar,Clay,178,72,138,7.5,1236.1,26.5,Sugarcane,Annual,372.6,18490.0,347.0,January,Jan 10–Feb 15,Low
Uttarakhand,Udham Singh Nagar,Sandy Loam,203,75,122,6.9,918.5,26.0,Sugarcane,Annual,298.7,18883.0,377.0,January,Jan 10–Feb 15,Low
Uttarakhand,Udham Singh Nagar,Clay,199,85,109,7.3,1290.3,25.1,Sugarcane,Annual,352.8,19618.0,351.0,January,Jan 10–Feb 15,Low
Uttarakhand,Udham Singh Nagar,Clay,180,82,119,7.1,1203.6,23.6,Sugarcane,Annual,411.3,17983.0,349.0,January,Jan 10–Feb 15,Low
Uttarakhand,Udham Singh Nagar,Sandy Loam,202,97,126,6.9,1231.4,23.2,Sugarcane,Annual,266.2,19555.0,353.0,January,Jan 10–Feb 15,Low
Uttarakhand,Udham Singh Nagar,Clay,173,90,115,6.9,1184.2,24.8,Sugarcane,Annual,437.0,19779.0,357.0,January,Jan 10–Feb 15,Low
Uttarakhand,Udham Singh Nagar,Sandy Loam,187,63,109,7.1,1252.5,28.1,Sugarcane,Annual,284.1,18098.0,338.0,January,Jan 10–Feb 15,Low
Uttarakhand,Udham Singh Nagar,Sandy Loam,153,68,112,6.7,1261.1,27.0,Sugarcane,Annual,303.6,18122.0,380.0,January,Jan 10–Feb 15,Low
Uttarakhand,Udham Singh Nagar,Clay,191,81,122,6.9,973.9,23.8,Sugarcane,Annual,350.7,19951.0,350.0,January,Jan 10–Feb 15,Low
Uttarakhand,Udham Singh Nagar,Clay,171,84,116,7.1,1284.9,24.6,Sugarcane,Annual,431.5,17637.0,340.0,January,Jan 10–Feb 15,Low
Uttarakhand,Udham Singh Nagar,Sandy Loam,179,87,125,7.2,1124.5,23.3,Sugarcane,Annual,299.8,17840.0,371.0,January,Jan 10–Feb 15,Low
Uttarakhand,Udham Singh Nagar,Loamy,196,92,137,7.1,1141.9,25.9,Sugarcane,Annual,414.1,18343.0,362.0,January,Jan 10–Feb 15,Low
Uttarakhand,Udham Singh Nagar,Clay,184,76,128,6.9,1219.7,25.4,Sugarcane,Annual,398.6,18762.0,363.0,January,Jan 10–Feb 15,Low
Uttarakhand,Udham Singh Nagar,Loamy,174,79,118,6.8,1049.1,25.5,Sugarcane,Annual,400.4,18108.0,364.0,January,Jan 10–Feb 15,Low
Uttarakhand,Udham Singh Nagar,Clay,171,67,113,7.4,1238.0,26.3,Sugarcane,Annual,423.7,18402.0,361.0,January,Jan 10–Feb 15,Low
Uttarakhand,Udham Singh Nagar,Loamy,165,89,105,7.0,933.5,28.6,Sugarcane,Annual,335.6,19311.0,383.0,January,Jan 10–Feb 15,Low
Uttarakhand,Udham Singh Nagar,Clay,195,73,113,6.6,964.8,24.3,Sugarcane,Annual,404.8,18692.0,348.0,January,Jan 10–Feb 15,Low
Uttarakhand,Udham Singh Nagar,Clay,181,76,123,6.8,881.4,21.6,Sugarcane,Annual,350.5,19824.0,382.0,January,Jan 10–Feb 15,Low
Uttarakhand,Udham Singh Nagar,Sandy Loam,188,70,116,6.9,944.4,23.6,Sugarcane,Annual,267.3,18473.0,369.0,January,Jan 10–Feb 15,Low
Uttarakhand,Udham Singh Nagar,Clay,164,60,115,6.8,1102.7,27.4,Sugarcane,Annual,434.1,19252.0,334.0,January,Jan 10–Feb 15,Low
Uttarakhand,Udham Singh Nagar,Clay,170,79,114,7.0,1078.4,24.9,Sugarcane,Annual,426.7,18413.0,341.0,January,Jan 10–Feb 15,Low
Uttarakhand,Udham Singh Nagar,Loamy,193,72,111,6.8,1247.9,23.0,Sugarcane,Annual,390.4,19558.0,358.0,January,Jan 10–Feb 15,Low
Uttarakhand,Udham Singh Nagar,Loamy,172,85,113,7.0,1194.3,23.7,Sugarcane,Annual,396.8,19971.0,338.0,January,Jan 10–Feb 15,Low
Uttarakhand,Udham Singh Nagar,Alluvial,203,91,134,7.3,1092.1,24.1,Sugarcane,Annual,408.4,18566.0,374.0,January,Jan 10–Feb 15,Low
Uttarakhand,Udham Singh Nagar,Alluvial,190,82,119,6.9,1001.3,24.4,Sugarcane,Annual,418.2,18039.0,362.0,January,Jan 10–Feb 15,Low
Uttarakhand,Udham Singh Nagar,Loamy,161,84,120,7.1,1024.0,22.5,Sugarcane,Annual,401.7,19378.0,334.0,January,Jan 10–Feb 15,Low
Uttarakhand,Udham Singh Nagar,Clay,184,95,116,6.8,942.4,24.6,Sugarcane,Annual,338.7,19292.0,346.0,January,Jan 10–Feb 15,Low
Uttarakhand,Udham Singh Nagar,Sandy Loam,167,80,110,7.0,1129.6,24.2,Sugarcane,Annual,284.1,19308.0,345.0,January,Jan 10–Feb 15,Low
Uttarakhand,Udham Singh Nagar,Loamy,176,72,121,6.9,999.5,23.5,Sugarcane,Annual,373.0,18694.0,334.0,January,Jan 10–Feb 15,Low
Uttarakhand,Udham Singh Nagar,Sandy Loam,182,60,118,6.5,1174.3,22.4,Sugarcane,Annual,322.2,19475.0,376.0,January,Jan 10–Feb 15,Low
Uttarakhand,Udham Singh Nagar,Sandy Loam,191,95,119,6.9,1170.7,29.6,Sugarcane,Annual,333.7,19012.0,374.0,January,Jan 10–Feb 15,Low
Uttarakhand,Udham Singh Nagar,Alluvial,177,70,113,7.0,1152.3,25.7,Sugarcane,Annual,410.1,19834.0,378.0,January,Jan 10–Feb 15,Low
Uttarakhand,Udham Singh Nagar,Alluvial,190,76,136,7.1,1250.7,24.1,Sugarcane,Annual,390.5,19364.0,375.0,January,Jan 10–Feb 15,Low
Uttarakhand,Udham Singh Nagar,Alluvial,205,103,118,7.0,1203.2,29.1,Sugarcane,Annual,436.7,17900.0,365.0,January,Jan 10–Feb 15,Low
Uttarakhand,Udham Singh Nagar,Alluvial,183,88,133,7.0,1066.3,25.9,Sugarcane,Annual,461.4,19664.0,370.0,January,Jan 10–Feb 15,Low
Uttarakhand,Udham Singh Nagar,Alluvial,183,84,106,7.2,858.3,22.8,Sugarcane,Annual,274.8,19516.0,372.0,January,Jan 10–Feb 15,Low
Uttarakhand,Udham Singh Nagar,Sandy Loam,183,82,128,7.1,1429.8,27.5,Sugarcane,Annual,297.2,18409.0,347.0,January,Jan 10–Feb 15,Low
Uttarakhand,Udham Singh Nagar,Alluvial,171,78,113,7.7,1183.5,25.1,Sugarcane,Annual,387.0,17780.0,347.0,January,Jan 10–Feb 15,Low
Uttarakhand,Udham Singh Nagar,Alluvial,199,85,123,6.9,1255.8,24.9,Sugarcane,Annual,409.8,19856.0,364.0,January,Jan 10–Feb 15,Low
Uttarakhand,Udham Singh Nagar,Loamy,178,97,133,7.1,994.3,27.1,Sugarcane,Annual,295.4,19437.0,369.0,January,Jan 10–Feb 15,Low
Uttarakhand,Udham Singh Nagar,Loamy,170,70,122,7.5,1194.5,23.9,Sugarcane,Annual,402.6,18047.0,339.0,January,Jan 10–Feb 15,Low
Uttarakhand,Udham Singh Nagar,Loamy,171,69,130,7.1,1025.5,25.0,Sugarcane,Annual,363.8,19460.0,367.0,January,Jan 10–Feb 15,Low
Uttarakhand,Udham Singh Nagar,Alluvial,197,72,126,6.7,1115.9,24.3,Sugarcane,Annual,383.2,19271.0,380.0,January,Jan 10–Feb 15,Low
Uttarakhand,Udham Singh Nagar,Clay,186,89,103,6.6,1125.0,24.6,Sugarcane,Annual,397.8,19893.0,379.0,January,Jan 10–Feb 15,Low
Uttarakhand,Udham Singh Nagar,Loamy,198,76,119,6.3,988.7,25.6,Sugarcane,Annual,346.0,17584.0,348.0,January,Jan 10–Feb 15,Low
Uttarakhand,Udham Singh Nagar,Clay,183,99,130,6.6,890.4,23.2,Sugarcane,Annual,313.7,18835.0,368.0,January,Jan 10–Feb 15,Low
Uttarakhand,Udham Singh Nagar,Alluvial,211,87,124,7.0,1213.4,26.0,Sugarcane,Annual,375.2,18333.0,360.0,January,Jan 10–Feb 15,Low
Uttarakhand,Udham Singh Nagar,Loamy,154,102,118,7.1,1083.2,25.9,Sugarcane,Annual,430.6,19184.0,382.0,January,Jan 10–Feb 15,Low
Uttarakhand,Udham Singh Nagar,Loamy,185,84,130,6.9,932.6,23.8,Sugarcane,Annual,336.5,17627.0,346.0,January,Jan 10–Feb 15,Low
Uttarakhand,Udham Singh Nagar,Loamy,189,85,119,7.5,1021.4,22.6,Sugarcane,Annual,418.1,19555.0,337.0,January,Jan 10–Feb 15,Low
Uttarakhand,Udham Singh Nagar,Alluvial,171,81,126,7.1,1253.0,24.5,Sugarcane,Annual,451.5,17907.0,361.0,January,Jan 10–Feb 15,Low
Uttarakhand,Udham Singh Nagar,Alluvial,171,82,104,7.1,1064.7,23.3,Sugarcane,Annual,419.3,19273.0,356.0,January,Jan 10–Feb 15,Low
Uttarakhand,Udham Singh Nagar,Loamy,181,84,120,6.7,1116.3,25.1,Sugarcane,Annual,439.0,19256.0,341.0,January,Jan 10–Feb 15,Low
Uttarakhand,Udham Singh Nagar,Sandy Loam,186,73,107,6.9,1179.1,24.0,Sugarcane,Annual,287.1,18551.0,346.0,January,Jan 10–Feb 15,Low
Uttarakhand,Udham Singh Nagar,Loamy,178,67,112,6.9,877.2,25.3,Sugarcane,Annual,294.4,18576.0,338.0,January,Jan 10–Feb 15,Low
Uttarakhand,Udham Singh Nagar,Clay,171,70,126,6.6,1167.4,22.8,Sugarcane,Annual,404.5,17576.0,373.0,January,Jan 10–Feb 15,Low
Uttarakhand,Udham Singh Nagar,Loamy,208,57,118,7.5,1111.2,22.4,Sugarcane,Annual,435.4,18691.0,379.0,January,Jan 10–Feb 15,Low
Uttarakhand,Udham Singh Nagar,Alluvial,158,55,128,7.3,1391.8,25.8,Sugarcane,Annual,435.1,19508.0,340.0,January,Jan 10–Feb 15,Low
Uttarakhand,Udham Singh Nagar,Loamy,168,57,101,7.4,901.5,26.9,Sugarcane,Annual,333.6,19378.0,359.0,January,Jan 10–Feb 15,Low
Uttarakhand,Udham Singh Nagar,Alluvial,181,65,98,7.3,1080.4,20.2,Sugarcane,Annual,422.6,19273.0,361.0,January,Jan 10–Feb 15,Low
Uttarakhand,Udham Singh Nagar,Sandy Loam,168,92,117,7.3,1023.1,25.4,Sugarcane,Annual,275.6,19915.0,355.0,January,Jan 10–Feb 15,Low
Uttarakhand,Udham Singh Nagar,Sandy Loam,168,65,109,7.3,920.9,22.7,Sugarcane,Annual,261.7,19263.0,339.0,January,Jan 10–Feb 15,Low
Uttarakhand,Udham Singh Nagar,Loamy,185,76,116,7.0,1153.2,22.3,Sugarcane,Annual,390.6,19569.0,378.0,January,Jan 10–Feb 15,Low
Uttarakhand,Udham Singh Nagar,Alluvial,182,69,125,6.7,1066.4,25.6,Sugarcane,Annual,398.5,18000.0,375.0,January,Jan 10–Feb 15,Low
Uttarakhand,Udham Singh Nagar,Alluvial,156,89,140,6.5,983.3,26.5,Sugarcane,Annual,343.6,19863.0,337.0,January,Jan 10–Feb 15,Low
Uttarakhand,Udham Singh Nagar,Clay,151,83,119,6.8,1080.1,26.9,Sugarcane,Annual,432.3,17603.0,375.0,January,Jan 10–Feb 15,Low
Uttarakhand,Udham Singh Nagar,Loamy,180,68,141,7.3,1169.5,25.3,Sugarcane,Annual,396.1,18311.0,361.0,January,Jan 10–Feb 15,Low
Uttarakhand,Udham Singh Nagar,Loamy,181,66,122,6.9,1121.2,24.6,Sugarcane,Annual,402.0,17604.0,383.0,January,Jan 10–Feb 15,Low
Uttarakhand,Udham Singh Nagar,Alluvial,159,95,104,6.7,1160.9,21.0,Sugarcane,Annual,381.4,17861.0,374.0,January,Jan 10–Feb 15,Low
Uttarakhand,Udham Singh Nagar,Sandy Loam,178,75,132,6.9,1195.9,25.9,Sugarcane,Annual,278.7,18155.0,337.0,January,Jan 10–Feb 15,Low
Uttarakhand,Udham Singh Nagar,Loamy,176,81,108,6.6,1244.2,22.3,Sugarcane,Annual,436.0,19677.0,365.0,January,Jan 10–Feb 15,Low
Uttarakhand,Udham Singh Nagar,Alluvial,165,80,120,6.5,1368.5,23.5,Sugarcane,Annual,396.2,19545.0,371.0,January,Jan 10–Feb 15,Low
Uttarakhand,Udham Singh Nagar,Clay,185,76,130,7.4,927.0,25.3,Sugarcane,Annual,362.0,18802.0,375.0,January,Jan 10–Feb 15,Low
Uttarakhand,Udham Singh Nagar,Clay,164,70,131,6.8,964.7,25.8,Sugarcane,Annual,323.3,18098.0,383.0,January,Jan 10–Feb 15,Low
Uttarakhand,Udham Singh Nagar,Sandy Loam,169,72,129,7.3,1154.5,24.1,Sugarcane,Annual,270.9,19129.0,374.0,January,Jan 10–Feb 15,Low
Uttarakhand,Udham Singh Nagar,Loamy,158,71,117,6.7,1039.0,22.4,Sugarcane,Annual,398.4,19717.0,356.0,January,Jan 10–Feb 15,Low
Uttarakhand,Udham Singh Nagar,Loamy,191,79,114,7.5,1354.7,22.2,Sugarcane,Annual,406.7,19588.0,343.0,January,Jan 10–Feb 15,Low
Uttarakhand,Udham Singh Nagar,Clay,165,86,98,6.8,1006.7,27.0,Sugarcane,Annual,370.8,18111.0,373.0,January,Jan 10–Feb 15,Low
Uttarakhand,Udham Singh Nagar,Clay,157,68,134,6.9,1268.4,21.8,Sugarcane,Annual,402.7,19112.0,358.0,January,Jan 10–Feb 15,Low
Uttarakhand,Udham Singh Nagar,Sandy Loam,186,74,125,7.3,988.7,25.4,Sugarcane,Annual,260.9,19208.0,368.0,January,Jan 10–Feb 15,Low
Uttarakhand,Udham Singh Nagar,Clay,134,46,34,6.6,1078.2,27.2,Maize,Kharif,14.0,5406.0,2065.0,October,Oct 15–Nov 05,Medium
Uttarakhand,Udham Singh Nagar,Loamy,142,62,49,6.0,940.8,25.1,Maize,Kharif,20.9,5362.0,2217.0,October,Oct 15–Nov 05,Medium
Uttarakhand,Udham Singh Nagar,Sandy Loam,92,59,26,6.9,1202.9,27.1,Maize,Kharif,15.4,5179.0,2017.0,October,Oct 15–Nov 05,Medium
Uttarakhand,Udham Singh Nagar,Alluvial,123,54,46,6.4,1155.9,25.2,Maize,Kharif,11.7,5291.0,2210.0,October,Oct 15–Nov 05,Medium
Uttarakhand,Udham Singh Nagar,Alluvial,125,67,46,6.3,1020.8,22.1,Maize,Kharif,14.4,5107.0,2074.0,October,Oct 15–Nov 05,Medium
Uttarakhand,Udham Singh Nagar,Loamy,122,51,49,6.2,1201.3,23.6,Maize,Kharif,16.2,5358.0,2224.0,October,Oct 15–Nov 05,Medium
Uttarakhand,Udham Singh Nagar,Sandy Loam,138,52,49,6.4,1032.8,27.5,Maize,Kharif,17.1,5528.0,2054.0,October,Oct 15–Nov 05,Medium
Uttarakhand,Udham Singh Nagar,Loamy,108,58,43,6.3,1115.1,28.6,Maize,Kharif,18.1,5444.0,2036.0,October,Oct 15–Nov 05,Medium
Uttarakhand,Udham Singh Nagar,Clay,124,47,44,6.3,851.1,21.7,Maize,Kharif,15.0,5505.0,2060.0,October,Oct 15–Nov 05,Medium
Uttarakhand,Udham Singh Nagar,Sandy Loam,115,61,43,6.5,1032.4,25.7,Maize,Kharif,16.3,5275.0,2074.0,October,Oct 15–Nov 05,Medium
Uttarakhand,Udham Singh Nagar,Sandy Loam,119,64,41,6.3,1188.2,25.4,Maize,Kharif,14.8,5244.0,2250.0,October,Oct 15–Nov 05,Medium
Uttarakhand,Udham Singh Nagar,Clay,130,60,52,6.3,1121.2,25.9,Maize,Kharif,10.4,5243.0,2012.0,October,Oct 15–Nov 05,Medium
Uttarakhand,Udham Singh Nagar,Sandy Loam,151,48,77,6.9,1322.5,27.1,Maize,Kharif,16.5,5246.0,2191.0,October,Oct 15–Nov 05,Medium
Uttarakhand,Udham Singh Nagar,Clay,132,79,34,6.8,895.0,22.9,Maize,Kharif,16.1,5270.0,1968.0,October,Oct 15–Nov 05,Medium
Uttarakhand,Udham Singh Nagar,Loamy,115,72,29,6.2,1153.3,23.4,Maize,Kharif,17.1,5004.0,2146.0,October,Oct 15–Nov 05,Medium
Uttarakhand,Udham Singh Nagar,Alluvial,133,66,59,6.6,1331.4,27.8,Maize,Kharif,10.1,5259.0,2230.0,October,Oct 15–Nov 05,Medium
Uttarakhand,Udham Singh Nagar,Alluvial,129,63,49,6.7,1091.3,26.3,Maize,Kharif,11.6,5142.0,2043.0,October,Oct 15–Nov 05,Medium
Uttarakhand,Udham Singh Nagar,Clay,118,70,40,6.7,1041.7,25.2,Maize,Kharif,13.2,4947.0,2083.0,October,Oct 15–Nov 05,Medium
Uttarakhand,Udham Singh Nagar,Sandy Loam,117,78,46,6.8,1044.6,23.3,Maize,Kharif,20.2,5370.0,2196.0,October,Oct 15–Nov 05,Medium
Uttarakhand,Udham Singh Nagar,Sandy Loam,130,59,51,6.5,1004.2,26.0,Maize,Kharif,19.5,5153.0,2012.0,October,Oct 15–Nov 05,Medium
Uttarakhand,Udham Singh Nagar,Loamy,106,55,61,6.7,1269.5,27.5,Maize,Kharif,14.5,5215.0,2010.0,October,Oct 15–Nov 05,Medium
Uttarakhand,Udham Singh Nagar,Loamy,106,67,36,6.1,1235.1,21.1,Maize,Kharif,15.8,5520.0,2056.0,October,Oct 15–Nov 05,Medium
Uttarakhand,Udham Singh Nagar,Alluvial,135,61,45,6.3,769.6,27.0,Maize,Kharif,17.8,5303.0,2226.0,October,Oct 15–Nov 05,Medium
Uttarakhand,Udham Singh Nagar,Clay,122,41,65,6.4,950.9,28.3,Maize,Kharif,13.4,5519.0,2240.0,October,Oct 15–Nov 05,Medium
Uttarakhand,Udham Singh Nagar,Alluvial,92,58,39,6.5,1085.7,25.2,Maize,Kharif,10.8,4943.0,2029.0,October,Oct 15–Nov 05,Medium
Uttarakhand,Udham Singh Nagar,Loamy,111,65,40,6.5,972.8,22.6,Maize,Kharif,20.2,5574.0,2157.0,October,Oct 15–Nov 05,Medium
Uttarakhand,Udham Singh Nagar,Sandy Loam,150,69,28,6.2,1101.4,25.6,Maize,Kharif,16.2,5447.0,2051.0,October,Oct 15–Nov 05,Medium
Uttarakhand,Udham Singh Nagar,Sandy Loam,123,67,38,6.3,1222.8,26.2,Maize,Kharif,14.6,5550.0,2023.0,October,Oct 15–Nov 05,Medium
Uttarakhand,Udham Singh Nagar,Clay,119,57,55,6.3,1090.6,26.8,Maize,Kharif,11.7,5205.0,2211.0,October,Oct 15–Nov 05,Medium
Uttarakhand,Udham Singh Nagar,Sandy Loam,84,63,45,6.9,1044.9,26.2,Maize,Kharif,20.1,5159.0,2227.0,October,Oct 15–Nov 05,Medium
Uttarakhand,Udham Singh Nagar,Loamy,122,69,42,7.1,889.9,27.6,Maize,Kharif,22.6,5307.0,2131.0,October,Oct 15–Nov 05,Medium
Uttarakhand,Udham Singh Nagar,Clay,123,74,38,6.5,1126.8,27.0,Maize,Kharif,14.3,5039.0,2228.0,October,Oct 15–Nov 05,Medium
Uttarakhand,Udham Singh Nagar,Sandy Loam,127,75,42,6.3,1205.1,21.9,Maize,Kharif,16.6,5434.0,2033.0,October,Oct 15–Nov 05,Medium
Uttarakhand,Udham Singh Nagar,Sandy Loam,78,53,50,6.9,1038.0,23.3,Maize,Kharif,16.3,5121.0,2187.0,October,Oct 15–Nov 05,Medium
Uttarakhand,Udham Singh Nagar,Loamy,106,69,64,6.7,1131.0,25.1,Maize,Kharif,18.5,5334.0,2033.0,October,Oct 15–Nov 05,Medium
Uttarakhand,Udham Singh Nagar,Alluvial,148,76,38,5.7,1105.8,24.0,Maize,Kharif,10.6,5418.0,2214.0,October,Oct 15–Nov 05,Medium
Uttarakhand,Udham Singh Nagar,Alluvial,136,65,57,6.5,1297.4,24.4,Maize,Kharif,8.6,5167.0,2126.0,October,Oct 15–Nov 05,Medium
Uttarakhand,Udham Singh Nagar,Alluvial,95,69,53,6.2,805.4,28.0,Maize,Kharif,16.7,5143.0,2034.0,October,Oct 15–Nov 05,Medium
Uttarakhand,Udham Singh Nagar,Loamy,130,52,69,6.7,1193.4,25.0,Maize,Kharif,13.4,5008.0,2060.0,October,Oct 15–Nov 05,Medium
Uttarakhand,Udham Singh Nagar,Clay,138,56,40,6.8,1023.5,25.6,Maize,Kharif,14.7,5289.0,2235.0,October,Oct 15–Nov 05,Medium
Uttarakhand,Udham Singh Nagar,Clay,105,68,45,6.6,1165.1,27.6,Maize,Kharif,9.8,5367.0,2159.0,October,Oct 15–Nov 05,Medium
Uttarakhand,Udham Singh Nagar,Sandy Loam,135,58,43,7.2,1405.4,26.3,Maize,Kharif,14.9,5315.0,1967.0,October,Oct 15–Nov 05,Medium
Uttarakhand,Udham Singh Nagar,Clay,102,70,66,6.8,1004.8,27.6,Maize,Kharif,12.1,5410.0,2178.0,October,Oct 15–Nov 05,Medium
Uttarakhand,Udham Singh Nagar,Loamy,143,68,60,6.1,932.3,23.8,Maize,Kharif,20.5,5249.0,2039.0,October,Oct 15–Nov 05,Medium
Uttarakhand,Udham Singh Nagar,Clay,116,49,59,6.6,1144.4,27.3,Maize,Kharif,10.3,5606.0,2142.0,October,Oct 15–Nov 05,Medium
Uttarakhand,Udham Singh Nagar,Alluvial,130,67,59,6.5,1152.1,28.5,Maize,Kharif,13.7,5413.0,1997.0,October,Oct 15–Nov 05,Medium
Uttarakhand,Udham Singh Nagar,Clay,128,53,68,6.0,1322.3,23.5,Maize,Kharif,11.6,5049.0,2180.0,October,Oct 15–Nov 05,Medium
Uttarakhand,Udham Singh Nagar,Alluvial,157,59,69,6.7,1212.0,24.1,Maize,Kharif,12.0,5100.0,2168.0,October,Oct 15–Nov 05,Medium
Uttarakhand,Udham Singh Nagar,Loamy,141,51,40,6.4,1134.4,23.5,Maize,Kharif,14.8,5123.0,2002.0,October,Oct 15–Nov 05,Medium
Uttarakhand,Udham Singh Nagar,Loamy,121,71,63,6.2,1027.7,27.2,Maize,Kharif,18.3,4951.0,1965.0,October,Oct 15–Nov 05,Medium
Uttarakhand,Udham Singh Nagar,Clay,117,55,57,6.6,1018.5,26.3,Maize,Kharif,13.3,5135.0,2211.0,October,Oct 15–Nov 05,Medium
Uttarakhand,Udham Singh Nagar,Alluvial,107,54,50,6.9,1252.1,26.8,Maize,Kharif,12.7,4998.0,1977.0,October,Oct 15–Nov 05,Medium
Uttarakhand,Udham Singh Nagar,Clay,141,76,25,6.8,986.2,22.0,Maize,Kharif,11.5,5404.0,2198.0,October,Oct 15–Nov 05,Medium
Uttarakhand,Udham Singh Nagar,Clay,77,43,54,6.4,958.6,27.5,Maize,Kharif,16.2,5540.0,2242.0,October,Oct 15–Nov 05,Medium
Uttarakhand,Udham Singh Nagar,Sandy Loam,126,59,53,6.2,942.4,26.6,Maize,Kharif,20.0,5541.0,2024.0,October,Oct 15–Nov 05,Medium
Uttarakhand,Udham Singh Nagar,Loamy,130,66,60,6.3,1042.8,24.4,Maize,Kharif,17.8,5574.0,2243.0,October,Oct 15–Nov 05,Medium
Uttarakhand,Udham Singh Nagar,Clay,130,52,61,6.2,892.8,23.9,Maize,Kharif,17.2,4941.0,2213.0,October,Oct 15–Nov 05,Medium
Uttarakhand,Udham Singh Nagar,Sandy Loam,119,66,42,6.4,1035.0,23.3,Maize,Kharif,16.3,5354.0,2087.0,October,Oct 15–Nov 05,Medium
Uttarakhand,Udham Singh Nagar,Clay,128,68,32,6.9,793.3,25.2,Maize,Kharif,17.6,5108.0,1978.0,October,Oct 15–Nov 05,Medium
Uttarakhand,Udham Singh Nagar,Alluvial,106,68,47,6.2,1265.5,23.1,Maize,Kharif,8.9,5457.0,2099.0,October,Oct 15–Nov 05,Medium
Uttarakhand,Udham Singh Nagar,Alluvial,92,48,57,6.4,1146.7,24.8,Maize,Kharif,12.4,5226.0,2233.0,October,Oct 15–Nov 05,Medium
Uttarakhand,Udham Singh Nagar,Alluvial,126,81,50,6.8,1071.7,23.9,Maize,Kharif,9.6,5102.0,2204.0,October,Oct 15–Nov 05,Medium
Uttarakhand,Udham Singh Nagar,Clay,135,56,47,6.9,1087.1,23.7,Maize,Kharif,12.9,5086.0,2182.0,October,Oct 15–Nov 05,Medium
Uttarakhand,Udham Singh Nagar,Alluvial,119,57,63,6.0,1017.7,22.4,Maize,Kharif,10.4,5089.0,2075.0,October,Oct 15–Nov 05,Medium
Uttarakhand,Udham Singh Nagar,Clay,112,49,37,6.7,1225.4,23.9,Maize,Kharif,9.1,5140.0,2177.0,October,Oct 15–Nov 05,Medium
Uttarakhand,Udham Singh Nagar,Sandy Loam,115,61,47,6.7,1069.8,28.2,Maize,Kharif,17.6,5178.0,2081.0,October,Oct 15–Nov 05,Medium
Uttarakhand,Udham Singh Nagar,Clay,105,58,49,6.8,1036.3,23.5,Maize,Kharif,12.5,4947.0,1982.0,October,Oct 15–Nov 05,Medium
Uttarakhand,Udham Singh Nagar,Alluvial,93,50,50,6.1,1210.9,22.5,Maize,Kharif,13.2,5145.0,2032.0,October,Oct 15–Nov 05,Medium
Uttarakhand,Udham Singh Nagar,Alluvial,136,52,54,6.6,1179.1,24.6,Maize,Kharif,16.1,5178.0,2077.0,October,Oct 15–Nov 05,Medium
Uttarakhand,Udham Singh Nagar,Alluvial,131,69,55,6.3,1275.0,22.9,Maize,Kharif,12.7,5307.0,2168.0,October,Oct 15–Nov 05,Medium
Uttarakhand,Udham Singh Nagar,Clay,119,51,42,6.6,1053.5,22.4,Maize,Kharif,15.7,5189.0,2110.0,October,Oct 15–Nov 05,Medium
Uttarakhand,Udham Singh Nagar,Clay,101,55,62,6.6,1047.9,27.2,Maize,Kharif,12.7,5390.0,2052.0,October,Oct 15–Nov 05,Medium
Uttarakhand,Udham Singh Nagar,Sandy Loam,133,74,46,6.6,1096.0,24.4,Maize,Kharif,18.0,4984.0,1980.0,October,Oct 15–Nov 05,Medium
Uttarakhand,Udham Singh Nagar,Alluvial,111,62,53,6.5,961.8,24.1,Maize,Kharif,15.2,5014.0,2000.0,October,Oct 15–Nov 05,Medium
Uttarakhand,Udham Singh Nagar,Alluvial,126,72,52,6.3,1089.0,28.0,Maize,Kharif,13.6,4983.0,2023.0,October,Oct 15–Nov 05,Medium
Uttarakhand,Udham Singh Nagar,Alluvial,136,52,35,7.2,1174.5,23.9,Maize,Kharif,11.9,5143.0,2162.0,October,Oct 15–Nov 05,Medium
Uttarakhand,Udham Singh Nagar,Clay,102,62,47,6.7,1252.2,26.5,Maize,Kharif,12.0,4982.0,2133.0,October,Oct 15–Nov 05,Medium
Uttarakhand,Udham Singh Nagar,Loamy,129,85,47,6.1,1015.1,23.2,Maize,Kharif,17.8,4956.0,2076.0,October,Oct 15–Nov 05,Medium
Uttarakhand,Udham Singh Nagar,Sandy Loam,127,59,36,6.1,1230.7,23.7,Maize,Kharif,15.8,5209.0,2250.0,October,Oct 15–Nov 05,Medium
Uttarakhand,Udham Singh Nagar,Clay,119,62,56,6.3,994.0,25.5,Maize,Kharif,14.4,5315.0,2069.0,October,Oct 15–Nov 05,Medium
Haryana,Karnal,Clay,58,50,25,6.6,724.0,28.2,Mustard,Rabi,7.1,4042.0,5282.0,March,March 12–25,Medium
Haryana,Karnal,Sandy Loam,55,28,34,6.7,503.0,24.9,Mustard,Rabi,11.4,4089.0,5994.0,March,March 12–25,Medium
Haryana,Karnal,Clay,72,28,55,6.3,700.7,24.5,Mustard,Rabi,6.3,4078.0,5425.0,March,March 12–25,Medium
Haryana,Karnal,Alluvial,70,38,44,6.5,586.9,24.5,Mustard,Rabi,10.2,4330.0,5552.0,March,March 12–25,Medium
Haryana,Karnal,Alluvial,88,43,50,6.8,904.1,29.2,Mustard,Rabi,7.8,4166.0,6025.0,March,March 12–25,Medium
Haryana,Karnal,Clay,71,42,40,7.1,515.5,26.9,Mustard,Rabi,8.4,4477.0,5732.0,March,March 12–25,Medium
Haryana,Karnal,Loamy,53,39,46,7.4,715.8,26.3,Mustard,Rabi,9.4,4144.0,5509.0,March,March 12–25,Medium
Haryana,Karnal,Sandy Loam,102,38,44,6.7,827.6,21.6,Mustard,Rabi,7.9,4145.0,5649.0,March,March 12–25,Medium
Haryana,Karnal,Alluvial,83,34,32,7.2,727.1,27.6,Mustard,Rabi,9.0,4031.0,6032.0,March,March 12–25,Medium
Haryana,Karnal,Sandy Loam,80,47,22,6.7,645.3,26.9,Mustard,Rabi,9.9,4421.0,5293.0,March,March 12–25,Medium
Haryana,Karnal,Clay,67,37,27,7.1,637.4,24.0,Mustard,Rabi,8.5,4026.0,5593.0,March,March 12–25,Medium
Haryana,Karnal,Loamy,75,43,42,7.4,678.8,24.8,Mustard,Rabi,8.8,4203.0,5986.0,March,March 12–25,Medium
Haryana,Karnal,Sandy Loam,69,44,32,6.8,833.9,26.3,Mustard,Rabi,7.2,4298.0,5344.0,March,March 12–25,Medium
Haryana,Karnal,Clay,58,43,37,7.3,544.9,26.3,Mustard,Rabi,8.8,4476.0,5742.0,March,March 12–25,Medium
Haryana,Karnal,Alluvial,62,33,50,6.7,793.2,22.2,Mustard,Rabi,8.3,4179.0,5727.0,March,March 12–25,Medium
Haryana,Karnal,Clay,71,35,37,7.1,778.1,25.0,Mustard,Rabi,6.5,4432.0,5337.0,March,March 12–25,Medium
Haryana,Karnal,Clay,71,21,50,7.2,740.1,25.0,Mustard,Rabi,6.3,4458.0,5352.0,March,March 12–25,Medium
Haryana,Karnal,Loamy,84,45,48,7.2,616.2,23.2,Mustard,Rabi,10.1,4314.0,5961.0,March,March 12–25,Medium
Haryana,Karnal,Sandy Loam,85,36,35,6.3,615.1,28.2,Mustard,Rabi,10.3,4209.0,5352.0,March,March 12–25,Medium
Haryana,Karnal,Alluvial,88,44,45,7.1,692.9,24.6,Mustard,Rabi,10.3,4312.0,5924.0,March,March 12–25,Medium
Haryana,Karnal,Sandy Loam,70,46,42,7.0,777.8,26.0,Mustard,Rabi,8.0,4111.0,5923.0,March,March 12–25,Medium
Haryana,Karnal,Loamy,75,59,36,7.0,740.3,27.4,Mustard,Rabi,8.6,4474.0,5907.0,March,March 12–25,Medium
Haryana,Karnal,Alluvial,91,43,40,6.2,571.1,24.1,Mustard,Rabi,10.8,3993.0,5791.0,March,March 12–25,Medium
Haryana,Karnal,Sandy Loam,62,43,27,6.6,748.3,25.5,Mustard,Rabi,8.5,4428.0,5975.0,March,March 12–25,Medium
Haryana,Karnal,Loamy,68,66,41,7.1,814.2,21.6,Mustard,Rabi,9.4,4259.0,5662.0,March,March 12–25,Medium
Haryana,Karnal,Alluvial,99,34,38,6.8,489.5,26.0,Mustard,Rabi,11.2,4472.0,5752.0,March,March 12–25,Medium
Haryana,Karnal,Loamy,69,30,39,6.8,459.0,30.4,Mustard,Rabi,10.8,4478.0,5308.0,March,March 12–25,Medium
Haryana,Karnal,Clay,87,41,39,7.1,699.3,24.4,Mustard,Rabi,6.2,4143.0,5840.0,March,March 12–25,Medium
Haryana,Karnal,Alluvial,66,41,34,6.9,758.3,23.8,Mustard,Rabi,9.1,4436.0,6009.0,March,March 12–25,Medium
Haryana,Karnal,Alluvial,78,45,51,6.7,616.9,26.5,Mustard,Rabi,10.2,4097.0,5471.0,March,March 12–25,Medium
Haryana,Karnal,Alluvial,76,25,37,6.7,618.8,24.7,Mustard,Rabi,10.3,4184.0,5299.0,March,March 12–25,Medium
Haryana,Karnal,Alluvial,84,42,43,6.6,605.6,23.9,Mustard,Rabi,10.1,4055.0,5719.0,March,March 12–25,Medium
Haryana,Karnal,Alluvial,101,33,28,7.0,874.2,26.4,Mustard,Rabi,7.3,4202.0,5315.0,March,March 12–25,Medium
Haryana,Karnal,Sandy Loam,72,59,41,6.7,777.6,28.7,Mustard,Rabi,7.6,4013.0,5701.0,March,March 12–25,Medium
Haryana,Karnal,Sandy Loam,102,27,41,6.5,755.3,26.8,Mustard,Rabi,8.8,4467.0,5661.0,March,March 12–25,Medium
Haryana,Karnal,Loamy,75,46,35,7.7,726.9,27.7,Mustard,Rabi,8.7,4175.0,5477.0,March,March 12–25,Medium
Haryana,Karnal,Sandy Loam,103,30,41,6.7,640.2,24.6,Mustard,Rabi,9.8,3997.0,5276.0,March,March 12–25,Medium
Haryana,Karnal,Clay,62,24,49,6.7,770.1,26.6,Mustard,Rabi,6.3,4321.0,5759.0,March,March 12–25,Medium
Haryana,Karnal,Alluvial,58,31,36,7.2,645.5,27.7,Mustard,Rabi,8.6,4327.0,5683.0,March,March 12–25,Medium
Haryana,Karnal,Sandy Loam,97,22,42,6.6,511.9,28.8,Mustard,Rabi,10.2,4166.0,5382.0,March,March 12–25,Medium
Haryana,Karnal,Alluvial,67,41,51,7.0,697.1,21.9,Mustard,Rabi,10.1,4139.0,5386.0,March,March 12–25,Medium
Haryana,Karnal,Clay,91,29,43,6.8,698.2,26.1,Mustard,Rabi,6.8,4061.0,6016.0,March,March 12–25,Medium
Haryana,Karnal,Alluvial,79,49,50,7.3,543.9,23.8,Mustard,Rabi,10.4,4518.0,5999.0,March,March 12–25,Medium
Haryana,Karnal,Alluvial,86,43,31,6.6,556.7,25.1,Mustard,Rabi,11.0,4398.0,5349.0,March,March 12–25,Medium
Haryana,Karnal,Alluvial,87,51,43,7.1,678.6,22.7,Mustard,Rabi,8.4,4387.0,5480.0,March,March 12–25,Medium
Haryana,Karnal,Clay,105,47,41,6.3,768.3,27.4,Mustard,Rabi,6.0,4418.0,5670.0,March,March 12–25,Medium
Haryana,Karnal,Loamy,98,31,35,6.3,705.6,28.2,Mustard,Rabi,9.9,4185.0,5914.0,March,March 12–25,Medium
Haryana,Karnal,Sandy Loam,93,47,45,6.4,743.7,27.1,Mustard,Rabi,8.2,4056.0,5835.0,March,March 12–25,Medium
Haryana,Karnal,Sandy Loam,68,37,33,7.1,744.4,23.1,Mustard,Rabi,8.1,4300.0,5763.0,March,March 12–25,Medium
Haryana,Karnal,Loamy,65,32,49,6.6,497.8,25.8,Mustard,Rabi,11.0,4325.0,5505.0,March,March 12–25,Medium
Haryana,Karnal,Alluvial,75,47,40,7.2,837.7,25.3,Mustard,Rabi,6.9,4535.0,5403.0,March,March 12–25,Medium
Haryana,Karnal,Alluvial,77,37,28,6.9,416.3,20.0,Mustard,Rabi,10.9,4350.0,5606.0,March,March 12–25,Medium
Haryana,Karnal,Loamy,86,36,49,7.5,931.3,24.9,Mustard,Rabi,7.3,4517.0,5569.0,March,March 12–25,Medium
Haryana,Karnal,Loamy,82,25,43,7.2,624.0,26.6,Mustard,Rabi,9.5,4386.0,5392.0,March,March 12–25,Medium
Haryana,Karnal,Loamy,87,32,21,6.5,598.4,25.2,Mustard,Rabi,13.0,4311.0,6002.0,March,March 12–25,Medium
Haryana,Karnal,Loamy,68,44,41,6.8,496.5,22.4,Mustard,Rabi,9.7,4341.0,5681.0,March,March 12–25,Medium
Haryana,Karnal,Clay,101,44,20,6.9,526.3,21.8,Mustard,Rabi,6.7,4160.0,5663.0,March,March 12–25,Medium
Haryana,Karnal,Clay,53,44,39,7.4,402.5,30.0,Mustard,Rabi,8.9,4426.0,5476.0,March,March 12–25,Medium
Haryana,Karnal,Alluvial,96,36,39,6.7,503.8,24.9,Mustard,Rabi,10.7,4535.0,5450.0,March,March 12–25,Medium
Haryana,Karnal,Loamy,81,47,34,7.1,662.5,24.8,Mustard,Rabi,9.3,4006.0,5541.0,March,March 12–25,Medium
Haryana,Karnal,Sandy Loam,72,53,26,6.7,609.3,27.1,Mustard,Rabi,9.3,4324.0,5735.0,March,March 12–25,Medium
Haryana,Karnal,Sandy Loam,96,37,36,6.7,779.0,23.6,Mustard,Rabi,8.5,4022.0,5605.0,March,March 12–25,Medium
Haryana,Karnal,Clay,67,41,56,6.8,748.5,24.3,Mustard,Rabi,6.9,4314.0,5857.0,March,March 12–25,Medium
Haryana,Karnal,Alluvial,80,29,44,6.6,666.4,23.6,Mustard,Rabi,10.0,4343.0,5824.0,March,March 12–25,Medium
Haryana,Karnal,Alluvial,54,44,42,6.9,894.4,27.0,Mustard,Rabi,7.9,4534.0,5856.0,March,March 12–25,Medium
Haryana,Karnal,Sandy Loam,72,40,32,6.9,847.4,26.6,Mustard,Rabi,7.5,4468.0,6033.0,March,March 12–25,Medium
Haryana,Karnal,Clay,83,50,40,7.4,839.8,26.8,Mustard,Rabi,6.6,4498.0,5735.0,March,March 12–25,Medium
Haryana,Karnal,Clay,73,45,39,7.3,542.7,24.4,Mustard,Rabi,8.0,3995.0,5544.0,March,March 12–25,Medium
Haryana,Karnal,Alluvial,88,60,37,6.3,976.8,25.7,Mustard,Rabi,7.1,4231.0,5417.0,March,March 12–25,Medium
Haryana,Karnal,Loamy,50,37,28,7.2,506.2,29.5,Mustard,Rabi,10.2,4428.0,5937.0,March,March 12–25,Medium
Haryana,Karnal,Sandy Loam,61,37,30,6.9,457.1,22.5,Mustard,Rabi,11.5,4038.0,5287.0,March,March 12–25,Medium
Haryana,Karnal,Loamy,73,38,33,7.4,660.2,25.1,Mustard,Rabi,8.9,4136.0,5308.0,March,March 12–25,Medium
Haryana,Karnal,Sandy Loam,80,41,30,6.4,583.1,27.2,Mustard,Rabi,10.5,4508.0,5753.0,March,March 12–25,Medium
Haryana,Karnal,Sandy Loam,82,52,37,6.7,668.0,25.4,Mustard,Rabi,7.7,4209.0,5687.0,March,March 12–25,Medium
Haryana,Karnal,Loamy,63,28,43,7.3,734.1,23.8,Mustard,Rabi,9.9,4155.0,5401.0,March,March 12–25,Medium
Haryana,Karnal,Clay,80,32,26,6.9,555.4,25.6,Mustard,Rabi,7.3,4085.0,5929.0,March,March 12–25,Medium
Haryana,Karnal,Clay,70,49,49,7.7,773.0,25.8,Mustard,Rabi,5.4,4523.0,5974.0,March,March 12–25,Medium
Haryana,Karnal,Loamy,92,46,44,6.8,739.5,23.8,Mustard,Rabi,8.7,4079.0,5435.0,March,March 12–25,Medium
Haryana,Karnal,Alluvial,62,28,61,6.2,735.6,28.8,Mustard,Rabi,8.3,4238.0,5491.0,March,March 12–25,Medium
Haryana,Karnal,Loamy,87,39,28,6.9,710.9,27.3,Mustard,Rabi,8.6,4089.0,5577.0,March,March 12–25,Medium
Haryana,Karnal,Alluvial,134,62,50,6.5,758.6,26.8,Wheat,Rabi,22.8,5137.0,2415.0,April,April 10–28,Low
Haryana,Karnal,Clay,140,44,42,6.0,656.8,23.8,Wheat,Rabi,18.0,5118.0,2316.0,April,April 10–28,Low
Haryana,Karnal,Alluvial,117,68,38,6.3,673.5,24.7,Wheat,Rabi,23.4,5367.0,2229.0,April,April 10–28,Low
Haryana,Karnal,Alluvial,107,57,48,6.8,745.8,29.4,Wheat,Rabi,27.0,5277.0,2197.0,April,April 10–28,Low
Haryana,Karnal,Alluvial,119,60,24,6.5,816.1,24.8,Wheat,Rabi,18.3,5178.0,2434.0,April,April 10–28,Low
Haryana,Karnal,Clay,129,79,54,6.8,487.7,21.1,Wheat,Rabi,17.5,5130.0,2344.0,April,April 10–28,Low
Haryana,Karnal,Sandy Loam,113,39,35,6.8,718.9,28.0,Wheat,Rabi,17.2,4777.0,2224.0,April,April 10–28,Low
Haryana,Karnal,Alluvial,126,71,41,6.1,714.2,24.4,Wheat,Rabi,23.6,5168.0,2268.0,April,April 10–28,Low
Haryana,Karnal,Loamy,109,51,40,6.4,705.3,26.0,Wheat,Rabi,25.4,4976.0,2336.0,April,April 10–28,Low
Haryana,Karnal,Sandy Loam,123,59,36,6.4,593.4,25.5,Wheat,Rabi,17.2,5132.0,2395.0,April,April 10–28,Low
Haryana,Karnal,Clay,126,63,26,5.8,523.2,26.8,Wheat,Rabi,18.6,5218.0,2389.0,April,April 10–28,Low
Haryana,Karnal,Sandy Loam,88,44,44,6.7,636.0,27.9,Wheat,Rabi,19.0,4937.0,2199.0,April,April 10–28,Low
Haryana,Karnal,Loamy,105,67,47,6.7,937.4,23.7,Wheat,Rabi,18.7,5261.0,2224.0,April,April 10–28,Low
Haryana,Karnal,Sandy Loam,119,59,25,6.3,529.4,25.1,Wheat,Rabi,18.0,5354.0,2139.0,April,April 10–28,Low
Haryana,Karnal,Alluvial,95,53,52,6.7,699.0,24.9,Wheat,Rabi,23.5,5064.0,2143.0,April,April 10–28,Low
Haryana,Karnal,Clay,121,72,58,6.3,626.7,27.7,Wheat,Rabi,19.1,5368.0,2376.0,April,April 10–28,Low
Haryana,Karnal,Clay,159,45,46,6.6,723.0,22.7,Wheat,Rabi,17.8,4750.0,2421.0,April,April 10–28,Low
Haryana,Karnal,Clay,127,61,39,6.4,585.0,24.6,Wheat,Rabi,19.6,4903.0,2308.0,April,April 10–28,Low
Haryana,Karnal,Clay,119,55,41,5.8,520.6,24.6,Wheat,Rabi,17.8,5104.0,2278.0,April,April 10–28,Low
Haryana,Karnal,Loamy,105,66,38,5.8,745.8,27.7,Wheat,Rabi,25.3,5062.0,2304.0,April,April 10–28,Low
Haryana,Karnal,Alluvial,136,81,40,6.5,781.7,25.4,Wheat,Rabi,22.0,5097.0,2170.0,April,April 10–28,Low
Haryana,Karnal,Alluvial,125,37,33,6.5,622.7,26.2,Wheat,Rabi,24.8,5103.0,2290.0,April,April 10–28,Low
Haryana,Karnal,Alluvial,119,69,32,6.5,462.0,24.1,Wheat,Rabi,24.2,5252.0,2241.0,April,April 10–28,Low
Haryana,Karnal,Clay,107,62,23,7.1,532.5,30.1,Wheat,Rabi,16.8,4783.0,2246.0,April,April 10–28,Low
Haryana,Karnal,Alluvial,93,54,49,6.3,711.7,26.3,Wheat,Rabi,23.3,4955.0,2307.0,April,April 10–28,Low
Haryana,Karnal,Clay,124,51,50,5.9,602.5,26.5,Wheat,Rabi,19.1,5187.0,2266.0,April,April 10–28,Low
Haryana,Karnal,Loamy,86,64,42,6.3,675.5,28.5,Wheat,Rabi,23.8,5190.0,2399.0,April,April 10–28,Low
Haryana,Karnal,Sandy Loam,125,61,52,6.4,620.8,27.0,Wheat,Rabi,18.3,5136.0,2256.0,April,April 10–28,Low
Haryana,Karnal,Clay,129,67,46,6.3,781.7,25.7,Wheat,Rabi,13.0,5233.0,2291.0,April,April 10–28,Low
Haryana,Karnal,Alluvial,88,59,38,7.0,1096.2,25.7,Wheat,Rabi,15.1,5166.0,2294.0,April,April 10–28,Low
Haryana,Karnal,Sandy Loam,135,68,31,6.9,876.4,26.0,Wheat,Rabi,15.2,5265.0,2195.0,April,April 10–28,Low
Haryana,Karnal,Sandy Loam,145,62,27,6.7,681.8,26.9,Wheat,Rabi,19.0,5019.0,2147.0,April,April 10–28,Low
Haryana,Karnal,Clay,115,56,21,6.8,500.8,25.6,Wheat,Rabi,20.0,4917.0,2434.0,April,April 10–28,Low
Haryana,Karnal,Loamy,130,51,39,6.9,642.7,25.6,Wheat,Rabi,26.4,4970.0,2308.0,April,April 10–28,Low
Haryana,Karnal,Clay,118,50,52,6.1,633.3,27.6,Wheat,Rabi,19.6,5084.0,2289.0,April,April 10–28,Low
Haryana,Karnal,Loamy,141,59,46,6.6,823.8,25.7,Wheat,Rabi,18.9,5141.0,2382.0,April,April 10–28,Low
Haryana,Karnal,Alluvial,126,64,55,7.0,686.9,25.8,Wheat,Rabi,24.6,5305.0,2306.0,April,April 10–28,Low
Haryana,Karnal,Loamy,92,46,53,6.6,650.9,26.0,Wheat,Rabi,23.3,5178.0,2447.0,April,April 10–28,Low
Haryana,Karnal,Sandy Loam,144,52,56,6.6,628.3,29.9,Wheat,Rabi,18.5,5380.0,2257.0,April,April 10–28,Low
Haryana,Karnal,Sandy Loam,125,29,47,6.6,750.0,25.8,Wheat,Rabi,16.3,5168.0,2349.0,April,April 10–28,Low
Haryana,Karnal,Sandy Loam,117,77,35,6.4,613.8,24.0,Wheat,Rabi,18.6,4773.0,2159.0,April,April 10–28,Low
Haryana,Karnal,Loamy,88,77,38,6.4,557.4,23.3,Wheat,Rabi,23.4,5336.0,2432.0,April,April 10–28,Low
Haryana,Karnal,Alluvial,113,58,49,6.6,590.9,25.3,Wheat,Rabi,25.8,4805.0,2146.0,April,April 10–28,Low
Haryana,Karnal,Loamy,144,67,40,6.3,773.5,26.1,Wheat,Rabi,24.1,5205.0,2211.0,April,April 10–28,Low
Haryana,Karnal,Clay,108,70,49,6.7,894.2,25.5,Wheat,Rabi,15.6,5278.0,2278.0,April,April 10–28,Low
Haryana,Karnal,Loamy,96,84,45,6.1,675.8,27.2,Wheat,Rabi,21.5,5244.0,2153.0,April,April 10–28,Low
Haryana,Karnal,Loamy,112,72,43,6.5,647.7,23.3,Wheat,Rabi,24.6,4866.0,2363.0,April,April 10–28,Low
Haryana,Karnal,Clay,111,64,42,5.8,1058.0,26.9,Wheat,Rabi,11.5,5392.0,2425.0,April,April 10–28,Low
Haryana,Karnal,Sandy Loam,100,67,37,6.3,703.6,26.5,Wheat,Rabi,16.8,5155.0,2409.0,April,April 10–28,Low
Haryana,Karnal,Clay,118,42,30,6.9,659.4,27.4,Wheat,Rabi,16.1,5342.0,2191.0,April,April 10–28,Low
Haryana,Karnal,Loamy,154,62,33,6.4,705.9,23.6,Wheat,Rabi,27.1,5178.0,2358.0,April,April 10–28,Low
Haryana,Karnal,Loamy,125,46,51,6.3,778.3,27.8,Wheat,Rabi,21.1,4973.0,2357.0,April,April 10–28,Low
Haryana,Karnal,Sandy Loam,123,58,39,6.6,765.5,22.8,Wheat,Rabi,16.1,4768.0,2213.0,April,April 10–28,Low
Haryana,Karnal,Sandy Loam,105,39,22,6.4,663.0,27.2,Wheat,Rabi,19.5,5110.0,2386.0,April,April 10–28,Low
Haryana,Karnal,Alluvial,166,74,34,6.8,765.2,26.7,Wheat,Rabi,23.3,5196.0,2140.0,April,April 10–28,Low
Haryana,Karnal,Alluvial,99,59,43,6.5,822.1,27.9,Wheat,Rabi,20.7,4814.0,2161.0,April,April 10–28,Low
Haryana,Karnal,Sandy Loam,108,69,47,7.0,727.2,24.0,Wheat,Rabi,17.5,5281.0,2165.0,April,April 10–28,Low
Haryana,Karnal,Loamy,85,56,39,6.4,824.1,27.6,Wheat,Rabi,20.3,5193.0,2452.0,April,April 10–28,Low
Haryana,Karnal,Sandy Loam,116,65,45,6.4,632.3,26.6,Wheat,Rabi,18.1,4898.0,2186.0,April,April 10–28,Low
Haryana,Karnal,Loamy,117,68,57,6.7,833.3,23.9,Wheat,Rabi,21.5,4846.0,2406.0,April,April 10–28,Low
Haryana,Karnal,Alluvial,107,56,37,6.9,655.1,26.6,Wheat,Rabi,23.7,5344.0,2269.0,April,April 10–28,Low
Haryana,Karnal,Loamy,109,65,38,6.2,654.2,26.5,Wheat,Rabi,24.5,5397.0,2192.0,April,April 10–28,Low
Haryana,Karnal,Sandy Loam,120,63,27,6.8,735.1,25.8,Wheat,Rabi,19.0,4758.0,2254.0,April,April 10–28,Low
Haryana,Karnal,Alluvial,93,70,37,7.1,638.4,27.8,Wheat,Rabi,23.9,4905.0,2336.0,April,April 10–28,Low
Haryana,Karnal,Clay,125,50,47,6.5,995.3,23.8,Wheat,Rabi,12.0,5209.0,2355.0,April,April 10–28,Low
Haryana,Karnal,Loamy,95,62,29,6.6,765.9,26.7,Wheat,Rabi,21.8,5119.0,2164.0,April,April 10–28,Low
Haryana,Karnal,Loamy,131,75,53,6.0,662.5,23.9,Wheat,Rabi,22.8,4807.0,2145.0,April,April 10–28,Low
Haryana,Karnal,Sandy Loam,120,57,40,6.5,791.9,25.9,Wheat,Rabi,14.0,5212.0,2141.0,April,April 10–28,Low
Haryana,Karnal,Sandy Loam,145,58,43,6.3,698.5,25.7,Wheat,Rabi,17.0,5368.0,2318.0,April,April 10–28,Low
Haryana,Karnal,Alluvial,108,51,53,6.3,764.7,26.6,Wheat,Rabi,23.5,5349.0,2305.0,April,April 10–28,Low
Haryana,Karnal,Clay,127,49,69,5.8,994.7,21.4,Wheat,Rabi,13.0,5178.0,2205.0,April,April 10–28,Low
Haryana,Karnal,Alluvial,103,53,42,7.2,807.7,26.7,Wheat,Rabi,20.4,4986.0,2189.0,April,April 10–28,Low
Haryana,Karnal,Sandy Loam,125,53,53,6.4,739.1,24.4,Wheat,Rabi,17.3,5249.0,2193.0,April,April 10–28,Low
Haryana,Karnal,Loamy,147,59,53,6.6,793.6,27.8,Wheat,Rabi,19.9,4854.0,2177.0,April,April 10–28,Low
Haryana,Karnal,Sandy Loam,134,52,24,6.9,650.8,27.7,Wheat,Rabi,17.0,4798.0,2281.0,April,April 10–28,Low
Haryana,Karnal,Clay,124,55,42,6.5,623.4,27.4,Wheat,Rabi,17.6,4753.0,2455.0,April,April 10–28,Low
Haryana,Karnal,Loamy,111,46,42,6.1,729.7,28.2,Wheat,Rabi,25.6,5179.0,2301.0,April,April 10–28,Low
Haryana,Karnal,Loamy,118,71,37,6.6,726.2,26.7,Wheat,Rabi,22.4,4759.0,2221.0,April,April 10–28,Low
Haryana,Karnal,Loamy,116,71,50,6.7,581.7,24.7,Wheat,Rabi,24.1,5021.0,2333.0,April,April 10–28,Low
Haryana,Karnal,Alluvial,113,54,30,6.4,542.3,23.1,Wheat,Rabi,24.8,5041.0,2141.0,April,April 10–28,Low
Haryana,Karnal,Clay,159,59,103,5.4,505.3,25.1,Potato,Rabi,76.0,9911.0,1314.0,February,Feb 15–March 05,High
Haryana,Karnal,Alluvial,147,72,80,5.4,735.3,26.5,Potato,Rabi,68.1,9708.0,1311.0,February,Feb 15–March 05,High
Haryana,Karnal,Loamy,151,79,98,5.6,559.2,23.8,Potato,Rabi,105.5,9123.0,1414.0,February,Feb 15–March 05,High
Haryana,Karnal,Sandy Loam,128,82,79,6.2,814.6,26.6,Potato,Rabi,77.6,8778.0,1354.0,February,Feb 15–March 05,High
Haryana,Karnal,Alluvial,161,93,81,6.3,868.5,27.8,Potato,Rabi,48.8,8773.0,1307.0,February,Feb 15–March 05,High
Haryana,Karnal,Loamy,148,80,101,5.9,783.2,27.8,Potato,Rabi,89.2,9215.0,1468.0,February,Feb 15–March 05,High
Haryana,Karnal,Sandy Loam,180,77,101,6.0,937.7,23.2,Potato,Rabi,81.5,9532.0,1315.0,February,Feb 15–March 05,High
Haryana,Karnal,Loamy,147,73,97,6.7,685.5,23.9,Potato,Rabi,105.5,8937.0,1377.0,February,Feb 15–March 05,High
Haryana,Karnal,Clay,149,85,92,5.6,642.5,25.0,Potato,Rabi,80.2,9229.0,1366.0,February,Feb 15–March 05,High
Haryana,Karnal,Clay,121,72,107,6.4,723.4,24.4,Potato,Rabi,74.3,9562.0,1460.0,February,Feb 15–March 05,High
Haryana,Karnal,Alluvial,142,97,75,6.2,662.7,24.3,Potato,Rabi,64.1,9534.0,1446.0,February,Feb 15–March 05,High
Haryana,Karnal,Loamy,162,94,92,5.5,824.0,26.4,Potato,Rabi,77.6,9561.0,1352.0,February,Feb 15–March 05,High
Haryana,Karnal,Alluvial,132,76,123,5.6,712.3,24.5,Potato,Rabi,74.8,9398.0,1401.0,February,Feb 15–March 05,High
Haryana,Karnal,Clay,127,84,94,5.9,641.4,22.5,Potato,Rabi,68.9,8953.0,1374.0,February,Feb 15–March 05,High
Haryana,Karnal,Loamy,136,77,87,6.1,411.9,24.1,Potato,Rabi,118.0,9556.0,1341.0,February,Feb 15–March 05,High
Haryana,Karnal,Alluvial,153,91,85,5.7,841.9,26.8,Potato,Rabi,37.4,9596.0,1360.0,February,Feb 15–March 05,High
Haryana,Karnal,Alluvial,145,79,92,6.2,993.9,24.2,Potato,Rabi,53.6,9452.0,1354.0,February,Feb 15–March 05,High
Haryana,Karnal,Clay,177,101,112,5.8,567.1,24.9,Potato,Rabi,84.5,8898.0,1402.0,February,Feb 15–March 05,High
Haryana,Karnal,Alluvial,136,58,100,6.3,685.4,26.5,Potato,Rabi,66.8,9194.0,1475.0,February,Feb 15–March 05,High
Haryana,Karnal,Alluvial,139,84,89,6.1,595.2,23.5,Potato,Rabi,70.5,9622.0,1353.0,February,Feb 15–March 05,High
Haryana,Karnal,Sandy Loam,144,62,104,5.9,551.5,23.6,Potato,Rabi,103.5,9851.0,1344.0,February,Feb 15–March 05,High
Haryana,Karnal,Loamy,188,77,95,5.9,664.2,23.9,Potato,Rabi,83.6,9529.0,1362.0,February,Feb 15–March 05,High
Haryana,Karnal,Sandy Loam,125,78,108,5.9,546.8,26.0,Potato,Rabi,124.7,9612.0,1317.0,February,Feb 15–March 05,High
Haryana,Karnal,Sandy Loam,132,87,103,5.9,618.2,25.1,Potato,Rabi,108.0,8950.0,1465.0,February,Feb 15–March 05,High
Haryana,Karnal,Loamy,137,66,79,5.8,1020.8,29.3,Potato,Rabi,63.9,9155.0,1387.0,February,Feb 15–March 05,High
Haryana,Karnal,Clay,173,94,106,6.4,728.6,25.2,Potato,Rabi,68.8,9418.0,1371.0,February,Feb 15–March 05,High
Haryana,Karnal,Alluvial,158,87,112,5.9,610.2,24.9,Potato,Rabi,66.1,8974.0,1389.0,February,Feb 15–March 05,High
Haryana,Karnal,Loamy,150,92,110,5.9,727.9,25.4,Potato,Rabi,83.7,9536.0,1318.0,February,Feb 15–March 05,High
Haryana,Karnal,Clay,142,73,99,6.1,755.7,24.2,Potato,Rabi,55.2,8903.0,1458.0,February,Feb 15–March 05,High
Haryana,Karnal,Sandy Loam,138,91,110,5.7,699.2,24.7,Potato,Rabi,92.4,9770.0,1471.0,February,Feb 15–March 05,High
Haryana,Karnal,Sandy Loam,162,78,103,6.0,883.0,23.6,Potato,Rabi,70.7,9023.0,1438.0,February,Feb 15–March 05,High
Haryana,Karnal,Sandy Loam,144,86,116,6.1,862.9,25.1,Potato,Rabi,77.3,9123.0,1393.0,February,Feb 15–March 05,High
Haryana,Karnal,Loamy,162,84,102,6.1,851.6,26.9,Potato,Rabi,68.4,8929.0,1353.0,February,Feb 15–March 05,High
Haryana,Karnal,Clay,147,63,105,5.6,458.9,22.7,Potato,Rabi,75.6,9528.0,1391.0,February,Feb 15–March 05,High
Haryana,Karnal,Clay,162,99,93,6.2,882.2,25.0,Potato,Rabi,43.4,9245.0,1424.0,February,Feb 15–March 05,High
Haryana,Karnal,Alluvial,117,71,91,6.3,706.8,27.6,Potato,Rabi,64.4,8755.0,1465.0,February,Feb 15–March 05,High
Haryana,Karnal,Clay,149,72,109,6.4,759.0,27.6,Potato,Rabi,73.8,9110.0,1323.0,February,Feb 15–March 05,High
Haryana,Karnal,Alluvial,167,67,102,5.9,710.3,25.8,Potato,Rabi,70.1,8931.0,1359.0,February,Feb 15–March 05,High
Haryana,Karnal,Sandy Loam,162,96,108,6.1,740.6,23.1,Potato,Rabi,82.0,9713.0,1470.0,February,Feb 15–March 05,High
Haryana,Karnal,Clay,144,73,117,5.9,961.1,26.6,Potato,Rabi,48.8,8979.0,1486.0,February,Feb 15–March 05,High
Haryana,Karnal,Sandy Loam,153,84,101,6.1,627.4,23.7,Potato,Rabi,85.3,9629.0,1428.0,February,Feb 15–March 05,High
Haryana,Karnal,Sandy Loam,153,76,104,5.8,830.2,24.2,Potato,Rabi,69.0,9368.0,1486.0,February,Feb 15–March 05,High
Haryana,Karnal,Clay,137,77,105,5.7,440.2,27.6,Potato,Rabi,68.8,9888.0,1362.0,February,Feb 15–March 05,High
Haryana,Karnal,Sandy Loam,159,97,85,6.2,825.7,28.0,Potato,Rabi,80.2,8903.0,1369.0,February,Feb 15–March 05,High
Haryana,Karnal,Sandy Loam,183,92,100,5.4,646.8,27.8,Potato,Rabi,89.8,8907.0,1469.0,February,Feb 15–March 05,High
Haryana,Karnal,Loamy,145,103,111,5.8,759.0,23.4,Potato,Rabi,72.2,8820.0,1365.0,February,Feb 15–March 05,High
Haryana,Karnal,Loamy,138,77,125,6.0,697.3,21.9,Potato,Rabi,98.1,9161.0,1348.0,February,Feb 15–March 05,High
Haryana,Karnal,Clay,123,54,108,6.4,706.4,26.8,Potato,Rabi,59.7,9182.0,1390.0,February,Feb 15–March 05,High
Haryana,Karnal,Clay,152,80,101,7.0,770.8,26.1,Potato,Rabi,65.3,9662.0,1447.0,February,Feb 15–March 05,High
Haryana,Karnal,Clay,159,78,102,5.5,775.1,26.5,Potato,Rabi,62.4,9235.0,1397.0,February,Feb 15–March 05,High
Haryana,Karnal,Sandy Loam,160,91,99,5.9,540.5,30.3,Potato,Rabi,114.4,9203.0,1387.0,February,Feb 15–March 05,High
Haryana,Karnal,Sandy Loam,175,72,95,5.6,592.0,25.6,Potato,Rabi,120.8,9865.0,1387.0,February,Feb 15–March 05,High
Haryana,Karnal,Loamy,161,87,108,6.5,898.6,23.3,Potato,Rabi,78.5,9191.0,1369.0,February,Feb 15–March 05,High
Haryana,Karnal,Alluvial,178,82,98,5.6,703.7,28.2,Potato,Rabi,71.8,9572.0,1348.0,February,Feb 15–March 05,High
Haryana,Karnal,Loamy,165,76,97,6.0,811.1,25.9,Potato,Rabi,82.6,8774.0,1399.0,February,Feb 15–March 05,High
Haryana,Karnal,Loamy,137,79,90,6.2,597.6,23.8,Potato,Rabi,122.5,8940.0,1348.0,February,Feb 15–March 05,High
Haryana,Karnal,Alluvial,130,84,107,6.0,570.0,25.6,Potato,Rabi,72.0,8762.0,1439.0,February,Feb 15–March 05,High
Haryana,Karnal,Clay,145,78,120,6.6,755.2,26.6,Potato,Rabi,76.5,9385.0,1320.0,February,Feb 15–March 05,High
Haryana,Karnal,Loamy,167,81,102,5.9,580.4,23.8,Potato,Rabi,113.8,9079.0,1359.0,February,Feb 15–March 05,High
Haryana,Karnal,Sandy Loam,144,79,99,5.9,466.2,26.1,Potato,Rabi,109.0,9042.0,1335.0,February,Feb 15–March 05,High
Haryana,Karnal,Clay,110,67,92,5.8,814.9,21.8,Potato,Rabi,73.1,9585.0,1481.0,February,Feb 15–March 05,High
Haryana,Karnal,Clay,149,94,83,6.0,494.7,22.4,Potato,Rabi,81.7,9334.0,1467.0,February,Feb 15–March 05,High
Haryana,Karnal,Clay,150,73,108,6.3,590.9,24.1,Potato,Rabi,72.6,8986.0,1365.0,February,Feb 15–March 05,High
Haryana,Karnal,Loamy,151,64,98,6.2,804.8,23.3,Potato,Rabi,80.6,9696.0,1365.0,February,Feb 15–March 05,High
Haryana,Karnal,Alluvial,148,87,98,6.0,512.7,25.9,Potato,Rabi,82.9,9853.0,1359.0,February,Feb 15–March 05,High
Haryana,Karnal,Alluvial,140,60,96,5.8,756.3,24.7,Potato,Rabi,66.8,8741.0,1346.0,February,Feb 15–March 05,High
Haryana,Karnal,Sandy Loam,169,74,95,6.2,669.5,26.7,Potato,Rabi,81.3,9607.0,1392.0,February,Feb 15–March 05,High
Haryana,Karnal,Loamy,152,94,103,6.2,683.7,22.6,Potato,Rabi,90.5,9399.0,1417.0,February,Feb 15–March 05,High
Haryana,Karnal,Sandy Loam,157,73,107,5.7,767.2,24.1,Potato,Rabi,82.5,9512.0,1485.0,February,Feb 15–March 05,High
Haryana,Karnal,Alluvial,159,61,106,5.8,589.8,24.7,Potato,Rabi,83.8,8997.0,1469.0,February,Feb 15–March 05,High
Haryana,Karnal,Alluvial,146,97,86,5.8,579.5,26.2,Potato,Rabi,81.4,9070.0,1484.0,February,Feb 15–March 05,High
Haryana,Karnal,Clay,150,87,96,5.8,809.9,24.7,Potato,Rabi,51.7,9270.0,1472.0,February,Feb 15–March 05,High
Haryana,Karnal,Loamy,134,86,104,6.2,512.3,23.1,Potato,Rabi,112.6,9856.0,1444.0,February,Feb 15–March 05,High
Haryana,Karnal,Sandy Loam,151,56,94,5.8,857.1,24.6,Potato,Rabi,81.8,9869.0,1386.0,February,Feb 15–March 05,High
Haryana,Karnal,Alluvial,156,80,108,5.8,676.0,27.9,Potato,Rabi,63.7,9644.0,1348.0,February,Feb 15–March 05,High
Haryana,Karnal,Sandy Loam,147,80,98,6.2,779.5,24.8,Potato,Rabi,89.0,9827.0,1490.0,February,Feb 15–March 05,High
Haryana,Karnal,Clay,187,83,94,5.9,526.7,24.8,Potato,Rabi,87.0,9680.0,1476.0,February,Feb 15–March 05,High
Haryana,Karnal,Clay,135,96,91,6.2,585.8,24.0,Potato,Rabi,94.1,9191.0,1390.0,February,Feb 15–March 05,High
Haryana,Karnal,Loamy,155,72,101,6.3,896.6,25.4,Potato,Rabi,67.2,9856.0,1477.0,February,Feb 15–March 05,High
Haryana,Karnal,Clay,139,71,97,5.8,584.9,26.5,Potato,Rabi,85.7,9404.0,1329.0,February,Feb 15–March 05,High
Haryana,Karnal,Alluvial,111,49,50,6.2,671.5,27.3,Paddy (Rice),Kharif,19.0,8369.0,2465.0,November,Nov 05–Nov 22,Medium
Haryana,Karnal,Alluvial,88,56,64,6.3,770.5,27.6,Paddy (Rice),Kharif,21.4,8193.0,2432.0,November,Nov 05–Nov 22,Medium
Haryana,Karnal,Sandy Loam,122,63,51,6.0,844.1,28.0,Paddy (Rice),Kharif,17.4,7770.0,2406.0,November,Nov 05–Nov 22,Medium
Haryana,Karnal,Clay,124,47,49,6.4,704.8,30.6,Paddy (Rice),Kharif,19.8,8232.0,2328.0,November,Nov 05–Nov 22,Medium
Haryana,Karnal,Sandy Loam,97,43,56,6.1,913.7,26.3,Paddy (Rice),Kharif,17.6,7757.0,2346.0,November,Nov 05–Nov 22,Medium
Haryana,Karnal,Alluvial,85,69,33,5.9,789.2,25.3,Paddy (Rice),Kharif,25.4,8209.0,2187.0,November,Nov 05–Nov 22,Medium
Haryana,Karnal,Sandy Loam,114,46,50,6.0,753.7,25.5,Paddy (Rice),Kharif,15.1,8120.0,2482.0,November,Nov 05–Nov 22,Medium
Haryana,Karnal,Clay,122,57,55,6.2,820.6,24.6,Paddy (Rice),Kharif,25.0,7857.0,2213.0,November,Nov 05–Nov 22,Medium
Haryana,Karnal,Clay,80,63,50,6.8,672.6,25.6,Paddy (Rice),Kharif,19.5,8221.0,2285.0,November,Nov 05–Nov 22,Medium
Haryana,Karnal,Sandy Loam,100,67,59,6.8,716.0,26.4,Paddy (Rice),Kharif,14.7,8307.0,2197.0,November,Nov 05–Nov 22,Medium
Haryana,Karnal,Clay,97,41,54,6.6,734.5,26.1,Paddy (Rice),Kharif,22.2,8163.0,2163.0,November,Nov 05–Nov 22,Medium
Haryana,Karnal,Alluvial,112,49,47,6.1,500.1,25.0,Paddy (Rice),Kharif,13.9,7949.0,2430.0,November,Nov 05–Nov 22,Medium
Haryana,Karnal,Loamy,80,43,43,6.2,976.9,23.7,Paddy (Rice),Kharif,19.4,8371.0,2432.0,November,Nov 05–Nov 22,Medium
Haryana,Karnal,Sandy Loam,82,64,33,6.4,672.5,30.1,Paddy (Rice),Kharif,16.7,7983.0,2285.0,November,Nov 05–Nov 22,Medium
Haryana,Karnal,Sandy Loam,104,56,60,6.2,1020.5,23.5,Paddy (Rice),Kharif,22.7,8224.0,2455.0,November,Nov 05–Nov 22,Medium
Haryana,Karnal,Sandy Loam,108,57,40,5.9,777.3,24.7,Paddy (Rice),Kharif,17.1,7985.0,2182.0,November,Nov 05–Nov 22,Medium
Haryana,Karnal,Alluvial,106,40,70,6.8,676.5,25.8,Paddy (Rice),Kharif,20.2,7749.0,2461.0,November,Nov 05–Nov 22,Medium
Haryana,Karnal,Loamy,111,35,62,6.1,722.0,27.3,Paddy (Rice),Kharif,17.6,7422.0,2270.0,November,Nov 05–Nov 22,Medium
Haryana,Karnal,Alluvial,112,39,49,6.2,870.4,25.6,Paddy (Rice),Kharif,22.9,7628.0,2295.0,November,Nov 05–Nov 22,Medium
Haryana,Karnal,Alluvial,108,53,64,6.1,549.2,24.2,Paddy (Rice),Kharif,18.2,7706.0,2217.0,November,Nov 05–Nov 22,Medium
Haryana,Karnal,Alluvial,92,41,35,6.2,635.7,26.5,Paddy (Rice),Kharif,17.8,7756.0,2424.0,November,Nov 05–Nov 22,Medium
Haryana,Karnal,Loamy,100,55,58,6.2,672.8,26.1,Paddy (Rice),Kharif,14.5,8372.0,2410.0,November,Nov 05–Nov 22,Medium
Haryana,Karnal,Alluvial,113,55,47,5.8,763.4,25.1,Paddy (Rice),Kharif,23.6,7818.0,2280.0,November,Nov 05–Nov 22,Medium
Haryana,Karnal,Clay,101,49,64,6.2,656.7,24.6,Paddy (Rice),Kharif,19.4,7642.0,2197.0,November,Nov 05–Nov 22,Medium
Haryana,Karnal,Sandy Loam,107,56,46,5.7,594.2,22.7,Paddy (Rice),Kharif,16.2,7554.0,2218.0,November,Nov 05–Nov 22,Medium
Haryana,Karnal,Loamy,86,66,37,6.0,636.4,21.0,Paddy (Rice),Kharif,14.1,7661.0,2175.0,November,Nov 05–Nov 22,Medium
Haryana,Karnal,Clay,88,38,45,6.0,906.1,27.2,Paddy (Rice),Kharif,27.0,7548.0,2454.0,November,Nov 05–Nov 22,Medium
Haryana,Karnal,Sandy Loam,106,19,72,6.4,756.6,26.5,Paddy (Rice),Kharif,15.5,7507.0,2328.0,November,Nov 05–Nov 22,Medium
Haryana,Karnal,Alluvial,117,61,52,6.8,826.4,25.5,Paddy (Rice),Kharif,23.2,7817.0,2253.0,November,Nov 05–Nov 22,Medium
Haryana,Karnal,Clay,94,52,40,6.0,821.2,22.9,Paddy (Rice),Kharif,26.0,7566.0,2429.0,November,Nov 05–Nov 22,Medium
Haryana,Karnal,Clay,115,56,48,6.4,650.7,25.4,Paddy (Rice),Kharif,18.0,7412.0,2236.0,November,Nov 05–Nov 22,Medium
Haryana,Karnal,Sandy Loam,73,29,54,5.7,860.6,26.0,Paddy (Rice),Kharif,19.9,7998.0,2386.0,November,Nov 05–Nov 22,Medium
Haryana,Karnal,Sandy Loam,109,53,48,6.0,653.9,29.0,Paddy (Rice),Kharif,14.7,8101.0,2444.0,November,Nov 05–Nov 22,Medium
Haryana,Karnal,Sandy Loam,100,44,54,6.0,757.2,26.2,Paddy (Rice),Kharif,14.7,8386.0,2316.0,November,Nov 05–Nov 22,Medium
Haryana,Karnal,Loamy,115,50,65,6.2,852.5,26.0,Paddy (Rice),Kharif,17.9,7728.0,2297.0,November,Nov 05–Nov 22,Medium
Haryana,Karnal,Clay,104,60,36,6.4,890.9,28.1,Paddy (Rice),Kharif,28.4,8298.0,2186.0,November,Nov 05–Nov 22,Medium
Haryana,Karnal,Alluvial,109,47,52,6.2,663.3,27.6,Paddy (Rice),Kharif,20.2,8116.0,2386.0,November,Nov 05–Nov 22,Medium
Haryana,Karnal,Clay,112,44,52,5.8,601.9,24.2,Paddy (Rice),Kharif,15.1,8143.0,2171.0,November,Nov 05–Nov 22,Medium
Haryana,Karnal,Sandy Loam,86,54,47,6.3,617.3,24.0,Paddy (Rice),Kharif,14.1,7810.0,2346.0,November,Nov 05–Nov 22,Medium
Haryana,Karnal,Clay,94,53,34,6.4,636.4,25.5,Paddy (Rice),Kharif,19.0,7915.0,2405.0,November,Nov 05–Nov 22,Medium
Haryana,Karnal,Clay,123,54,49,6.4,518.0,22.5,Paddy (Rice),Kharif,18.8,8186.0,2320.0,November,Nov 05–Nov 22,Medium
Haryana,Karnal,Sandy Loam,109,33,32,6.0,863.1,25.1,Paddy (Rice),Kharif,16.7,8171.0,2325.0,November,Nov 05–Nov 22,Medium
Haryana,Karnal,Alluvial,102,51,54,6.5,389.5,24.8,Paddy (Rice),Kharif,14.9,8409.0,2362.0,November,Nov 05–Nov 22,Medium
Haryana,Karnal,Sandy Loam,105,53,42,6.1,677.1,29.0,Paddy (Rice),Kharif,14.8,7536.0,2228.0,November,Nov 05–Nov 22,Medium
Haryana,Karnal,Loamy,78,40,38,6.4,786.9,26.6,Paddy (Rice),Kharif,16.4,8403.0,2374.0,November,Nov 05–Nov 22,Medium
Haryana,Karnal,Alluvial,94,46,52,6.0,676.5,23.1,Paddy (Rice),Kharif,20.3,7498.0,2404.0,November,Nov 05–Nov 22,Medium
Haryana,Karnal,Clay,107,34,44,6.5,731.8,24.5,Paddy (Rice),Kharif,19.9,8407.0,2234.0,November,Nov 05–Nov 22,Medium
Haryana,Karnal,Loamy,82,30,45,6.3,632.9,25.1,Paddy (Rice),Kharif,12.0,7429.0,2285.0,November,Nov 05–Nov 22,Medium
Haryana,Karnal,Alluvial,97,49,47,5.7,940.6,28.1,Paddy (Rice),Kharif,28.7,7707.0,2219.0,November,Nov 05–Nov 22,Medium
Haryana,Karnal,Sandy Loam,118,49,61,6.9,590.4,27.0,Paddy (Rice),Kharif,14.2,7843.0,2385.0,November,Nov 05–Nov 22,Medium
Haryana,Karnal,Sandy Loam,116,38,60,6.4,657.6,25.4,Paddy (Rice),Kharif,15.2,8376.0,2176.0,November,Nov 05–Nov 22,Medium
Haryana,Karnal,Loamy,107,51,58,6.4,483.4,23.4,Paddy (Rice),Kharif,9.7,8309.0,2386.0,November,Nov 05–Nov 22,Medium
Haryana,Karnal,Loamy,110,57,52,6.3,586.4,23.2,Paddy (Rice),Kharif,10.5,8278.0,2373.0,November,Nov 05–Nov 22,Medium
Haryana,Karnal,Clay,122,50,67,5.7,709.1,27.4,Paddy (Rice),Kharif,19.6,8016.0,2483.0,November,Nov 05–Nov 22,Medium
Haryana,Karnal,Loamy,113,55,50,6.2,759.0,28.1,Paddy (Rice),Kharif,14.5,8098.0,2370.0,November,Nov 05–Nov 22,Medium
Haryana,Karnal,Clay,106,55,64,6.4,623.3,23.6,Paddy (Rice),Kharif,20.4,8271.0,2421.0,November,Nov 05–Nov 22,Medium
Haryana,Karnal,Sandy Loam,105,50,68,6.5,587.2,28.2,Paddy (Rice),Kharif,11.9,7795.0,2238.0,November,Nov 05–Nov 22,Medium
Haryana,Karnal,Clay,101,44,64,6.3,658.7,25.8,Paddy (Rice),Kharif,21.9,8122.0,2188.0,November,Nov 05–Nov 22,Medium
Haryana,Karnal,Alluvial,113,61,44,5.7,701.5,23.4,Paddy (Rice),Kharif,19.5,7686.0,2240.0,November,Nov 05–Nov 22,Medium
Haryana,Karnal,Loamy,90,54,46,6.2,659.6,23.1,Paddy (Rice),Kharif,17.0,7811.0,2404.0,November,Nov 05–Nov 22,Medium
Haryana,Karnal,Loamy,92,58,54,6.5,653.8,22.7,Paddy (Rice),Kharif,16.7,7620.0,2294.0,November,Nov 05–Nov 22,Medium
Haryana,Karnal,Loamy,102,54,59,6.0,623.7,25.0,Paddy (Rice),Kharif,14.7,7950.0,2198.0,November,Nov 05–Nov 22,Medium
Haryana,Karnal,Sandy Loam,92,47,40,6.4,380.2,24.7,Paddy (Rice),Kharif,12.7,7845.0,2282.0,November,Nov 05–Nov 22,Medium
Haryana,Karnal,Loamy,93,65,48,6.7,748.8,25.0,Paddy (Rice),Kharif,18.1,8374.0,2246.0,November,Nov 05–Nov 22,Medium
Haryana,Karnal,Sandy Loam,99,37,40,6.6,649.3,26.0,Paddy (Rice),Kharif,14.7,7846.0,2166.0,November,Nov 05–Nov 22,Medium
Haryana,Karnal,Sandy Loam,100,65,74,6.6,585.4,29.9,Paddy (Rice),Kharif,11.7,8093.0,2262.0,November,Nov 05–Nov 22,Medium
Haryana,Karnal,Sandy Loam,91,34,52,5.6,630.6,23.7,Paddy (Rice),Kharif,15.9,7609.0,2337.0,November,Nov 05–Nov 22,Medium
Haryana,Karnal,Clay,125,59,52,5.9,397.8,25.2,Paddy (Rice),Kharif,13.9,7601.0,2247.0,November,Nov 05–Nov 22,Medium
Haryana,Karnal,Alluvial,108,47,39,6.1,674.9,25.8,Paddy (Rice),Kharif,19.5,7732.0,2320.0,November,Nov 05–Nov 22,Medium
Haryana,Karnal,Alluvial,111,41,44,6.0,719.2,22.4,Paddy (Rice),Kharif,20.5,7485.0,2292.0,November,Nov 05–Nov 22,Medium
Haryana,Karnal,Sandy Loam,109,29,41,6.4,712.1,29.7,Paddy (Rice),Kharif,13.1,7496.0,2171.0,November,Nov 05–Nov 22,Medium
Haryana,Karnal,Clay,90,41,63,6.3,622.6,26.7,Paddy (Rice),Kharif,20.6,7792.0,2365.0,November,Nov 05–Nov 22,Medium
Haryana,Karnal,Loamy,133,42,50,6.4,828.3,23.3,Paddy (Rice),Kharif,16.5,8195.0,2386.0,November,Nov 05–Nov 22,Medium
Haryana,Karnal,Loamy,91,44,47,5.9,556.5,28.8,Paddy (Rice),Kharif,13.6,7732.0,2468.0,November,Nov 05–Nov 22,Medium
Haryana,Karnal,Alluvial,99,56,81,6.0,871.0,22.9,Paddy (Rice),Kharif,26.4,7646.0,2482.0,November,Nov 05–Nov 22,Medium
Haryana,Karnal,Loamy,87,51,62,6.6,821.2,23.0,Paddy (Rice),Kharif,16.3,7777.0,2417.0,November,Nov 05–Nov 22,Medium
Haryana,Karnal,Clay,118,42,50,6.0,756.1,25.5,Paddy (Rice),Kharif,21.3,7485.0,2457.0,November,Nov 05–Nov 22,Medium
Haryana,Karnal,Clay,80,52,55,6.4,520.6,28.9,Paddy (Rice),Kharif,14.3,8017.0,2406.0,November,Nov 05–Nov 22,Medium
Haryana,Karnal,Clay,83,38,42,5.8,752.1,27.6,Paddy (Rice),Kharif,18.8,7508.0,2329.0,November,Nov 05–Nov 22,Medium
Haryana,Karnal,Loamy,109,41,50,6.2,764.1,26.2,Paddy (Rice),Kharif,14.3,8311.0,2452.0,November,Nov 05–Nov 22,Medium
Haryana,Karnal,Alluvial,212,83,126,6.5,660.7,27.7,Sugarcane,Annual,218.9,17859.0,344.0,January,Jan 10–Feb 15,Low
Haryana,Karnal,Clay,181,80,112,6.9,512.0,21.6,Sugarcane,Annual,195.8,18221.0,382.0,January,Jan 10–Feb 15,Low
Haryana,Karnal,Alluvial,178,86,108,7.0,489.6,25.5,Sugarcane,Annual,233.6,19935.0,362.0,January,Jan 10–Feb 15,Low
Haryana,Karnal,Loamy,192,66,119,6.9,810.5,23.4,Sugarcane,Annual,243.5,18338.0,360.0,January,Jan 10–Feb 15,Low
Haryana,Karnal,Clay,198,83,121,6.5,747.0,26.5,Sugarcane,Annual,287.4,19930.0,371.0,January,Jan 10–Feb 15,Low
Haryana,Karnal,Alluvial,200,80,97,7.2,658.3,24.6,Sugarcane,Annual,253.9,18995.0,334.0,January,Jan 10–Feb 15,Low
Haryana,Karnal,Alluvial,154,70,125,6.5,714.3,25.6,Sugarcane,Annual,219.0,18554.0,354.0,January,Jan 10–Feb 15,Low
Haryana,Karnal,Clay,174,81,112,6.9,518.9,26.3,Sugarcane,Annual,229.6,19560.0,348.0,January,Jan 10–Feb 15,Low
Haryana,Karnal,Alluvial,175,73,120,6.7,728.4,28.4,Sugarcane,Annual,288.3,19864.0,383.0,January,Jan 10–Feb 15,Low
Haryana,Karnal,Sandy Loam,145,58,125,6.4,742.3,23.7,Sugarcane,Annual,189.1,17629.0,340.0,January,Jan 10–Feb 15,Low
Haryana,Karnal,Clay,204,87,127,7.2,540.7,30.7,Sugarcane,Annual,250.4,19148.0,364.0,January,Jan 10–Feb 15,Low
Haryana,Karnal,Clay,186,81,127,6.2,810.0,23.2,Sugarcane,Annual,328.3,19222.0,362.0,January,Jan 10–Feb 15,Low
Haryana,Karnal,Clay,191,75,113,6.9,847.3,23.7,Sugarcane,Annual,343.0,18925.0,371.0,January,Jan 10–Feb 15,Low
Haryana,Karnal,Loamy,182,83,129,6.7,663.1,24.2,Sugarcane,Annual,208.4,17611.0,366.0,January,Jan 10–Feb 15,Low
Haryana,Karnal,Sandy Loam,191,74,126,7.3,701.2,25.5,Sugarcane,Annual,168.6,17983.0,345.0,January,Jan 10–Feb 15,Low
Haryana,Karnal,Sandy Loam,181,75,125,7.3,685.4,23.6,Sugarcane,Annual,210.8,17728.0,378.0,January,Jan 10–Feb 15,Low
Haryana,Karnal,Alluvial,177,91,115,6.8,764.4,21.7,Sugarcane,Annual,275.7,17605.0,350.0,January,Jan 10–Feb 15,Low
Haryana,Karnal,Loamy,183,93,126,6.9,626.5,27.8,Sugarcane,Annual,204.5,19853.0,382.0,January,Jan 10–Feb 15,Low
Haryana,Karnal,Clay,163,63,121,7.1,851.3,23.3,Sugarcane,Annual,336.2,19506.0,378.0,January,Jan 10–Feb 15,Low
Haryana,Karnal,Loamy,178,84,121,6.5,761.2,25.7,Sugarcane,Annual,272.7,18453.0,349.0,January,Jan 10–Feb 15,Low
Haryana,Karnal,Clay,145,83,115,6.9,634.4,23.8,Sugarcane,Annual,222.1,19031.0,365.0,January,Jan 10–Feb 15,Low
Haryana,Karnal,Loamy,191,92,119,6.8,532.0,22.0,Sugarcane,Annual,277.8,17842.0,366.0,January,Jan 10–Feb 15,Low
Haryana,Karnal,Sandy Loam,167,96,121,6.9,751.1,25.7,Sugarcane,Annual,211.3,18044.0,337.0,January,Jan 10–Feb 15,Low
Haryana,Karnal,Clay,199,91,120,7.5,831.0,28.4,Sugarcane,Annual,355.5,19684.0,356.0,January,Jan 10–Feb 15,Low
Haryana,Karnal,Clay,179,94,107,6.9,699.4,24.1,Sugarcane,Annual,270.9,18366.0,380.0,January,Jan 10–Feb 15,Low
Haryana,Karnal,Loamy,181,63,127,6.7,758.2,25.7,Sugarcane,Annual,296.4,19201.0,378.0,January,Jan 10–Feb 15,Low
Haryana,Karnal,Alluvial,143,83,105,6.9,496.7,27.7,Sugarcane,Annual,237.2,19146.0,335.0,January,Jan 10–Feb 15,Low
Haryana,Karnal,Sandy Loam,193,76,129,7.6,792.4,24.6,Sugarcane,Annual,205.8,18879.0,343.0,January,Jan 10–Feb 15,Low
Haryana,Karnal,Clay,163,83,132,7.4,712.6,22.3,Sugarcane,Annual,270.5,19934.0,375.0,January,Jan 10–Feb 15,Low
Haryana,Karnal,Alluvial,183,83,143,6.6,704.3,23.2,Sugarcane,Annual,224.5,19539.0,340.0,January,Jan 10–Feb 15,Low
Haryana,Karnal,Clay,184,79,117,6.6,705.9,24.2,Sugarcane,Annual,239.8,19588.0,344.0,January,Jan 10–Feb 15,Low
Haryana,Karnal,Sandy Loam,175,88,127,6.7,652.1,26.2,Sugarcane,Annual,155.4,18571.0,383.0,January,Jan 10–Feb 15,Low
Haryana,Karnal,Loamy,199,92,144,7.3,621.7,25.1,Sugarcane,Annual,243.6,17643.0,379.0,January,Jan 10–Feb 15,Low
Haryana,Karnal,Clay,194,73,116,7.2,614.8,24.1,Sugarcane,Annual,241.4,18523.0,364.0,January,Jan 10–Feb 15,Low
Haryana,Karnal,Sandy Loam,176,85,102,6.9,580.8,23.5,Sugarcane,Annual,126.4,19264.0,352.0,January,Jan 10–Feb 15,Low
Haryana,Karnal,Alluvial,180,67,122,7.5,725.0,27.6,Sugarcane,Annual,277.2,19740.0,381.0,January,Jan 10–Feb 15,Low
Haryana,Karnal,Clay,180,68,120,6.8,772.5,26.1,Sugarcane,Annual,274.2,19456.0,363.0,January,Jan 10–Feb 15,Low
Haryana,Karnal,Sandy Loam,202,88,103,7.0,695.6,23.9,Sugarcane,Annual,207.3,19781.0,359.0,January,Jan 10–Feb 15,Low
Haryana,Karnal,Loamy,167,88,135,6.9,599.8,23.8,Sugarcane,Annual,206.4,19042.0,361.0,January,Jan 10–Feb 15,Low
Haryana,Karnal,Alluvial,188,65,113,6.7,675.7,23.8,Sugarcane,Annual,249.9,18023.0,374.0,January,Jan 10–Feb 15,Low
Haryana,Karnal,Alluvial,199,74,105,6.8,740.0,24.4,Sugarcane,Annual,288.7,18027.0,338.0,January,Jan 10–Feb 15,Low
Haryana,Karnal,Loamy,194,86,113,7.1,619.7,25.4,Sugarcane,Annual,198.0,19075.0,371.0,January,Jan 10–Feb 15,Low
Haryana,Karnal,Loamy,190,95,130,7.0,517.9,26.2,Sugarcane,Annual,258.7,17585.0,370.0,January,Jan 10–Feb 15,Low
Haryana,Karnal,Sandy Loam,146,61,98,7.0,668.3,25.1,Sugarcane,Annual,172.2,18337.0,374.0,January,Jan 10–Feb 15,Low
Haryana,Karnal,Loamy,218,80,116,6.8,990.0,23.2,Sugarcane,Annual,354.2,19764.0,371.0,January,Jan 10–Feb 15,Low
Haryana,Karnal,Alluvial,196,68,118,6.6,788.0,27.3,Sugarcane,Annual,301.6,18001.0,361.0,January,Jan 10–Feb 15,Low
Haryana,Karnal,Clay,179,90,124,6.6,470.2,26.6,Sugarcane,Annual,240.3,18037.0,379.0,January,Jan 10–Feb 15,Low
Haryana,Karnal,Sandy Loam,196,83,127,7.2,500.9,26.8,Sugarcane,Annual,183.5,19540.0,362.0,January,Jan 10–Feb 15,Low
Haryana,Karnal,Sandy Loam,195,78,103,7.0,627.6,26.8,Sugarcane,Annual,200.7,17966.0,375.0,January,Jan 10–Feb 15,Low
Haryana,Karnal,Clay,172,81,122,7.1,932.8,24.7,Sugarcane,Annual,362.7,18065.0,372.0,January,Jan 10–Feb 15,Low
Haryana,Karnal,Sandy Loam,155,85,116,6.8,758.7,22.7,Sugarcane,Annual,208.5,18878.0,358.0,January,Jan 10–Feb 15,Low
Haryana,Karnal,Clay,143,74,130,7.1,585.4,24.5,Sugarcane,Annual,215.0,19402.0,363.0,January,Jan 10–Feb 15,Low
Haryana,Karnal,Sandy Loam,153,85,125,6.4,746.7,26.5,Sugarcane,Annual,193.2,19683.0,353.0,January,Jan 10–Feb 15,Low
Haryana,Karnal,Clay,167,95,132,7.2,618.2,28.1,Sugarcane,Annual,225.4,17916.0,362.0,January,Jan 10–Feb 15,Low
Haryana,Karnal,Alluvial,204,77,128,7.1,678.8,24.6,Sugarcane,Annual,231.6,19271.0,360.0,January,Jan 10–Feb 15,Low
Haryana,Karnal,Loamy,184,77,132,7.6,910.9,22.1,Sugarcane,Annual,331.8,18713.0,381.0,January,Jan 10–Feb 15,Low
Haryana,Karnal,Clay,181,87,121,7.2,874.5,22.0,Sugarcane,Annual,302.4,19599.0,352.0,January,Jan 10–Feb 15,Low
Haryana,Karnal,Sandy Loam,158,81,113,7.2,535.8,25.8,Sugarcane,Annual,162.9,18495.0,351.0,January,Jan 10–Feb 15,Low
Haryana,Karnal,Loamy,192,70,105,6.7,722.8,26.6,Sugarcane,Annual,269.4,18397.0,368.0,January,Jan 10–Feb 15,Low
Haryana,Karnal,Loamy,176,103,106,7.3,710.0,24.1,Sugarcane,Annual,262.2,19524.0,335.0,January,Jan 10–Feb 15,Low
Haryana,Karnal,Loamy,163,80,126,7.1,606.7,26.1,Sugarcane,Annual,207.6,18763.0,357.0,January,Jan 10–Feb 15,Low
Haryana,Karnal,Sandy Loam,188,91,111,7.4,670.5,25.8,Sugarcane,Annual,201.7,19649.0,366.0,January,Jan 10–Feb 15,Low
Haryana,Karnal,Sandy Loam,194,68,126,7.2,810.2,20.3,Sugarcane,Annual,218.2,18122.0,343.0,January,Jan 10–Feb 15,Low
Haryana,Karnal,Sandy Loam,178,72,135,7.4,795.8,27.0,Sugarcane,Annual,189.3,18188.0,366.0,January,Jan 10–Feb 15,Low
Haryana,Karnal,Loamy,184,87,132,7.0,756.5,25.7,Sugarcane,Annual,254.3,18487.0,354.0,January,Jan 10–Feb 15,Low
Haryana,Karnal,Clay,181,71,116,6.8,673.5,26.2,Sugarcane,Annual,257.0,19374.0,352.0,January,Jan 10–Feb 15,Low
Haryana,Karnal,Sandy Loam,156,65,123,6.9,646.5,24.7,Sugarcane,Annual,207.1,19230.0,356.0,January,Jan 10–Feb 15,Low
Haryana,Karnal,Sandy Loam,199,96,126,7.0,689.3,25.7,Sugarcane,Annual,217.9,19324.0,369.0,January,Jan 10–Feb 15,Low
Haryana,Karnal,Sandy Loam,205,75,106,7.2,679.9,28.7,Sugarcane,Annual,194.0,17934.0,356.0,January,Jan 10–Feb 15,Low
Haryana,Karnal,Clay,160,82,97,6.8,883.6,25.0,Sugarcane,Annual,334.0,19970.0,375.0,January,Jan 10–Feb 15,Low
Haryana,Karnal,Clay,151,81,104,7.5,507.8,22.4,Sugarcane,Annual,182.2,18622.0,356.0,January,Jan 10–Feb 15,Low
Haryana,Karnal,Alluvial,173,83,111,7.7,825.7,24.8,Sugarcane,Annual,329.2,18881.0,352.0,January,Jan 10–Feb 15,Low
Haryana,Karnal,Alluvial,189,67,136,7.5,635.2,25.7,Sugarcane,Annual,239.3,19089.0,348.0,January,Jan 10–Feb 15,Low
Haryana,Karnal,Alluvial,202,85,116,7.3,678.0,25.7,Sugarcane,Annual,225.3,19611.0,355.0,January,Jan 10–Feb 15,Low
Haryana,Karnal,Loamy,200,67,105,7.0,736.5,21.9,Sugarcane,Annual,271.5,19266.0,348.0,January,Jan 10–Feb 15,Low
Haryana,Karnal,Alluvial,187,90,137,7.2,383.3,27.3,Sugarcane,Annual,242.7,18471.0,370.0,January,Jan 10–Feb 15,Low
Haryana,Karnal,Alluvial,194,73,93,6.6,1042.6,25.1,Sugarcane,Annual,409.0,19679.0,365.0,January,Jan 10–Feb 15,Low
Haryana,Karnal,Alluvial,175,62,131,6.9,912.6,29.0,Sugarcane,Annual,335.2,18303.0,351.0,January,Jan 10–Feb 15,Low
Haryana,Karnal,Loamy,147,74,131,6.7,634.5,23.5,Sugarcane,Annual,195.0,19780.0,349.0,January,Jan 10–Feb 15,Low
Haryana,Karnal,Clay,197,91,133,7.0,590.0,23.7,Sugarcane,Annual,240.4,18612.0,337.0,January,Jan 10–Feb 15,Low
Haryana,Karnal,Alluvial,137,66,69,6.9,694.0,26.9,Maize,Kharif,16.4,5298.0,1987.0,October,Oct 15–Nov 05,Medium
Haryana,Karnal,Sandy Loam,99,57,52,7.1,605.8,24.4,Maize,Kharif,22.7,5519.0,2248.0,October,Oct 15–Nov 05,Medium
Haryana,Karnal,Loamy,111,82,55,6.7,747.4,26.1,Maize,Kharif,22.4,5095.0,1968.0,October,Oct 15–Nov 05,Medium
Haryana,Karnal,Sandy Loam,111,57,35,6.7,683.3,30.7,Maize,Kharif,23.5,5384.0,2208.0,October,Oct 15–Nov 05,Medium
Haryana,Karnal,Clay,109,50,40,7.0,801.1,26.2,Maize,Kharif,17.9,4957.0,2223.0,October,Oct 15–Nov 05,Medium
Haryana,Karnal,Sandy Loam,148,47,38,6.9,722.0,27.0,Maize,Kharif,21.4,5342.0,2153.0,October,Oct 15–Nov 05,Medium
Haryana,Karnal,Alluvial,121,45,56,6.4,545.5,26.4,Maize,Kharif,16.1,5195.0,2221.0,October,Oct 15–Nov 05,Medium
Haryana,Karnal,Alluvial,131,58,45,6.8,970.0,24.6,Maize,Kharif,13.0,5288.0,2254.0,October,Oct 15–Nov 05,Medium
Haryana,Karnal,Sandy Loam,126,79,56,6.3,711.3,23.1,Maize,Kharif,23.5,5551.0,1974.0,October,Oct 15–Nov 05,Medium
Haryana,Karnal,Loamy,118,57,50,6.3,697.2,23.0,Maize,Kharif,23.7,5207.0,2103.0,October,Oct 15–Nov 05,Medium
Haryana,Karnal,Loamy,103,50,67,6.6,822.8,25.7,Maize,Kharif,22.8,5326.0,2029.0,October,Oct 15–Nov 05,Medium
Haryana,Karnal,Alluvial,120,43,52,6.6,747.2,27.4,Maize,Kharif,17.2,5363.0,2043.0,October,Oct 15–Nov 05,Medium
Haryana,Karnal,Clay,125,76,39,6.7,668.0,25.0,Maize,Kharif,16.5,5033.0,1993.0,October,Oct 15–Nov 05,Medium
Haryana,Karnal,Sandy Loam,131,46,60,6.7,732.0,23.2,Maize,Kharif,24.9,5039.0,2102.0,October,Oct 15–Nov 05,Medium
Haryana,Karnal,Sandy Loam,125,73,51,6.6,685.6,28.6,Maize,Kharif,22.8,5351.0,2213.0,October,Oct 15–Nov 05,Medium
Haryana,Karnal,Clay,111,55,51,6.4,728.4,24.0,Maize,Kharif,16.7,5531.0,2093.0,October,Oct 15–Nov 05,Medium
Haryana,Karnal,Sandy Loam,113,46,62,6.3,720.4,26.9,Maize,Kharif,24.6,5255.0,2015.0,October,Oct 15–Nov 05,Medium
Haryana,Karnal,Sandy Loam,132,58,66,6.4,460.8,25.4,Maize,Kharif,19.6,5387.0,1974.0,October,Oct 15–Nov 05,Medium
Haryana,Karnal,Loamy,87,46,61,6.5,681.2,25.7,Maize,Kharif,23.0,5592.0,2230.0,October,Oct 15–Nov 05,Medium
Haryana,Karnal,Loamy,139,36,34,6.1,608.3,28.0,Maize,Kharif,22.5,5344.0,2031.0,October,Oct 15–Nov 05,Medium
Haryana,Karnal,Clay,102,59,65,6.6,720.7,27.9,Maize,Kharif,16.9,5026.0,2168.0,October,Oct 15–Nov 05,Medium
Haryana,Karnal,Clay,116,65,59,6.2,912.9,27.6,Maize,Kharif,15.9,5547.0,2103.0,October,Oct 15–Nov 05,Medium
Haryana,Karnal,Loamy,137,65,38,6.6,567.1,25.7,Maize,Kharif,24.7,5400.0,2120.0,October,Oct 15–Nov 05,Medium
Haryana,Karnal,Loamy,111,56,69,7.2,632.0,26.6,Maize,Kharif,23.1,5099.0,2178.0,October,Oct 15–Nov 05,Medium
Haryana,Karnal,Alluvial,123,61,62,6.2,663.0,24.4,Maize,Kharif,15.1,5077.0,2200.0,October,Oct 15–Nov 05,Medium
Haryana,Karnal,Clay,126,74,58,6.9,688.7,28.9,Maize,Kharif,13.9,4988.0,2048.0,October,Oct 15–Nov 05,Medium
Haryana,Karnal,Loamy,135,72,49,6.7,744.1,26.3,Maize,Kharif,21.3,5065.0,2045.0,October,Oct 15–Nov 05,Medium
Haryana,Karnal,Loamy,126,59,37,6.2,599.2,29.1,Maize,Kharif,23.3,5059.0,1974.0,October,Oct 15–Nov 05,Medium
Haryana,Karnal,Loamy,135,71,53,6.6,574.7,25.7,Maize,Kharif,25.3,5181.0,2002.0,October,Oct 15–Nov 05,Medium
Haryana,Karnal,Alluvial,94,33,52,6.3,954.2,22.6,Maize,Kharif,14.9,4967.0,2117.0,October,Oct 15–Nov 05,Medium
Haryana,Karnal,Clay,106,70,45,7.1,666.8,25.2,Maize,Kharif,17.0,4999.0,2070.0,October,Oct 15–Nov 05,Medium
Haryana,Karnal,Alluvial,107,55,38,6.3,793.2,24.6,Maize,Kharif,15.4,5297.0,2091.0,October,Oct 15–Nov 05,Medium
Haryana,Karnal,Alluvial,143,68,44,6.9,918.0,25.4,Maize,Kharif,16.7,5106.0,1975.0,October,Oct 15–Nov 05,Medium
Haryana,Karnal,Clay,141,50,53,6.5,780.9,27.3,Maize,Kharif,16.9,5208.0,2032.0,October,Oct 15–Nov 05,Medium
Haryana,Karnal,Sandy Loam,116,67,44,6.3,741.4,26.0,Maize,Kharif,22.3,5602.0,2020.0,October,Oct 15–Nov 05,Medium
Haryana,Karnal,Sandy Loam,122,53,59,6.6,1100.2,26.3,Maize,Kharif,17.9,5358.0,2231.0,October,Oct 15–Nov 05,Medium
Haryana,Karnal,Sandy Loam,133,59,39,6.2,736.3,25.8,Maize,Kharif,22.1,5579.0,2171.0,October,Oct 15–Nov 05,Medium
Haryana,Karnal,Sandy Loam,126,70,41,6.8,768.5,25.6,Maize,Kharif,22.5,5273.0,2080.0,October,Oct 15–Nov 05,Medium
Haryana,Karnal,Clay,107,47,46,6.4,697.5,23.1,Maize,Kharif,19.3,5577.0,2004.0,October,Oct 15–Nov 05,Medium
Haryana,Karnal,Sandy Loam,103,39,28,6.9,593.3,22.7,Maize,Kharif,22.7,5496.0,1988.0,October,Oct 15–Nov 05,Medium
Haryana,Karnal,Sandy Loam,118,59,34,6.8,541.9,27.3,Maize,Kharif,22.1,5042.0,2001.0,October,Oct 15–Nov 05,Medium
Haryana,Karnal,Clay,117,60,22,6.6,542.2,23.8,Maize,Kharif,18.9,5060.0,2051.0,October,Oct 15–Nov 05,Medium
Haryana,Karnal,Clay,106,61,50,6.6,940.4,23.5,Maize,Kharif,16.4,4990.0,2157.0,October,Oct 15–Nov 05,Medium
Haryana,Karnal,Alluvial,109,47,66,6.2,584.6,24.7,Maize,Kharif,17.0,5050.0,2191.0,October,Oct 15–Nov 05,Medium
Haryana,Karnal,Sandy Loam,131,72,44,6.4,714.7,27.3,Maize,Kharif,24.1,5568.0,2164.0,October,Oct 15–Nov 05,Medium
Haryana,Karnal,Clay,105,65,49,6.4,611.0,23.4,Maize,Kharif,14.0,5365.0,1975.0,October,Oct 15–Nov 05,Medium
Haryana,Karnal,Clay,121,42,30,6.6,704.5,28.8,Maize,Kharif,18.4,5425.0,2090.0,October,Oct 15–Nov 05,Medium
Haryana,Karnal,Clay,121,59,41,6.7,764.1,24.4,Maize,Kharif,17.6,5305.0,2021.0,October,Oct 15–Nov 05,Medium
Haryana,Karnal,Sandy Loam,112,65,44,6.5,685.1,26.7,Maize,Kharif,24.7,4985.0,2051.0,October,Oct 15–Nov 05,Medium
Haryana,Karnal,Sandy Loam,125,51,42,6.1,904.3,24.1,Maize,Kharif,22.0,5351.0,2008.0,October,Oct 15–Nov 05,Medium
Haryana,Karnal,Alluvial,121,67,42,7.0,775.8,24.2,Maize,Kharif,15.4,5367.0,2107.0,October,Oct 15–Nov 05,Medium
Haryana,Karnal,Sandy Loam,127,76,51,6.8,785.3,23.8,Maize,Kharif,24.5,5015.0,2016.0,October,Oct 15–Nov 05,Medium
Haryana,Karnal,Alluvial,129,62,53,6.9,601.6,24.7,Maize,Kharif,16.2,5338.0,2120.0,October,Oct 15–Nov 05,Medium
Haryana,Karnal,Loamy,122,74,48,6.5,573.5,23.8,Maize,Kharif,21.1,5234.0,1967.0,October,Oct 15–Nov 05,Medium
Haryana,Karnal,Clay,120,76,40,6.4,824.5,26.8,Maize,Kharif,15.5,5527.0,2207.0,October,Oct 15–Nov 05,Medium
Haryana,Karnal,Sandy Loam,131,53,63,6.8,765.2,22.0,Maize,Kharif,22.1,4961.0,2207.0,October,Oct 15–Nov 05,Medium
Haryana,Karnal,Clay,104,56,52,6.1,685.9,22.6,Maize,Kharif,16.1,5257.0,2234.0,October,Oct 15–Nov 05,Medium
Haryana,Karnal,Sandy Loam,112,63,41,6.5,728.1,25.6,Maize,Kharif,20.2,5221.0,2253.0,October,Oct 15–Nov 05,Medium
Haryana,Karnal,Clay,142,47,53,6.5,709.3,25.9,Maize,Kharif,16.3,5185.0,2101.0,October,Oct 15–Nov 05,Medium
Haryana,Karnal,Clay,133,67,54,6.1,427.6,28.5,Maize,Kharif,15.9,4963.0,2002.0,October,Oct 15–Nov 05,Medium
Haryana,Karnal,Clay,115,76,68,6.1,495.0,24.9,Maize,Kharif,15.9,5552.0,2181.0,October,Oct 15–Nov 05,Medium
Haryana,Karnal,Clay,111,68,34,6.7,584.7,24.7,Maize,Kharif,17.9,5236.0,2111.0,October,Oct 15–Nov 05,Medium
Haryana,Karnal,Clay,126,61,35,6.5,772.8,23.9,Maize,Kharif,16.4,4996.0,2139.0,October,Oct 15–Nov 05,Medium
Haryana,Karnal,Clay,115,48,66,6.1,680.9,23.1,Maize,Kharif,17.6,5525.0,2016.0,October,Oct 15–Nov 05,Medium
Haryana,Karnal,Sandy Loam,106,53,56,6.6,744.9,23.7,Maize,Kharif,22.9,5316.0,2254.0,October,Oct 15–Nov 05,Medium
Haryana,Karnal,Loamy,114,64,46,6.6,718.9,26.5,Maize,Kharif,22.4,5045.0,2210.0,October,Oct 15–Nov 05,Medium
Haryana,Karnal,Clay,151,55,56,6.7,570.8,22.6,Maize,Kharif,14.7,5209.0,2069.0,October,Oct 15–Nov 05,Medium
Haryana,Karnal,Loamy,119,71,55,6.5,409.0,26.7,Maize,Kharif,18.1,4944.0,2020.0,October,Oct 15–Nov 05,Medium
Haryana,Karnal,Sandy Loam,82,45,41,5.9,618.7,25.7,Maize,Kharif,24.0,5528.0,1965.0,October,Oct 15–Nov 05,Medium
Haryana,Karnal,Loamy,124,61,40,6.7,975.5,24.4,Maize,Kharif,19.0,5383.0,2228.0,October,Oct 15–Nov 05,Medium
Haryana,Karnal,Loamy,151,58,54,6.7,774.8,24.3,Maize,Kharif,22.6,5563.0,2062.0,October,Oct 15–Nov 05,Medium
Haryana,Karnal,Loamy,103,52,45,6.7,870.6,24.6,Maize,Kharif,23.9,5282.0,2067.0,October,Oct 15–Nov 05,Medium
Haryana,Karnal,Clay,116,53,54,6.4,661.7,26.5,Maize,Kharif,16.2,5094.0,2062.0,October,Oct 15–Nov 05,Medium
Haryana,Karnal,Loamy,118,57,42,6.8,926.5,20.9,Maize,Kharif,19.1,5183.0,2172.0,October,Oct 15–Nov 05,Medium
Haryana,Karnal,Clay,116,73,59,6.1,784.7,27.3,Maize,Kharif,16.3,5480.0,2203.0,October,Oct 15–Nov 05,Medium
Haryana,Karnal,Alluvial,118,55,42,6.1,513.0,25.0,Maize,Kharif,17.1,5257.0,2026.0,October,Oct 15–Nov 05,Medium
Haryana,Karnal,Alluvial,110,59,41,6.2,873.2,26.4,Maize,Kharif,14.7,5068.0,2173.0,October,Oct 15–Nov 05,Medium
Haryana,Karnal,Sandy Loam,100,54,54,6.7,542.9,27.6,Maize,Kharif,22.6,5168.0,2171.0,October,Oct 15–Nov 05,Medium
Haryana,Karnal,Sandy Loam,116,76,49,6.6,729.0,22.0,Maize,Kharif,23.4,5544.0,2121.0,October,Oct 15–Nov 05,Medium
Haryana,Karnal,Alluvial,128,43,37,6.6,457.1,26.0,Maize,Kharif,13.9,5256.0,2103.0,October,Oct 15–Nov 05,Medium
Haryana,Hisar,Alluvial,70,37,54,6.5,408.9,24.6,Mustard,Rabi,9.9,4122.0,5413.0,March,March 12–25,Medium
Haryana,Hisar,Alluvial,89,44,37,7.1,691.2,25.0,Mustard,Rabi,9.3,4501.0,5959.0,March,March 12–25,Medium
Haryana,Hisar,Alluvial,80,37,65,6.5,629.8,25.7,Mustard,Rabi,9.5,4171.0,5488.0,March,March 12–25,Medium
Haryana,Hisar,Loamy,71,28,35,6.8,645.1,26.2,Mustard,Rabi,9.4,4139.0,5856.0,March,March 12–25,Medium
Haryana,Hisar,Alluvial,121,50,30,6.9,695.3,25.9,Mustard,Rabi,9.4,4440.0,5811.0,March,March 12–25,Medium
Haryana,Hisar,Alluvial,75,42,36,6.9,509.1,28.9,Mustard,Rabi,10.8,4487.0,5751.0,March,March 12–25,Medium
Haryana,Hisar,Clay,69,55,33,6.7,480.3,27.4,Mustard,Rabi,8.0,4350.0,5992.0,March,March 12–25,Medium
Haryana,Hisar,Alluvial,79,69,23,7.3,274.7,24.3,Mustard,Rabi,9.6,4319.0,5372.0,March,March 12–25,Medium
Haryana,Hisar,Clay,80,53,44,6.9,330.8,24.6,Mustard,Rabi,7.5,4059.0,5946.0,March,March 12–25,Medium
Haryana,Hisar,Sandy Loam,59,42,27,7.0,596.9,26.3,Mustard,Rabi,11.0,4112.0,5802.0,March,March 12–25,Medium
Haryana,Hisar,Sandy Loam,71,17,31,6.9,410.3,27.9,Mustard,Rabi,10.8,4052.0,5895.0,March,March 12–25,Medium
Haryana,Hisar,Clay,83,56,46,6.4,484.1,23.8,Mustard,Rabi,7.4,4227.0,5947.0,March,March 12–25,Medium
Haryana,Hisar,Clay,83,47,34,6.6,460.4,23.4,Mustard,Rabi,8.8,4010.0,5385.0,March,March 12–25,Medium
Haryana,Hisar,Clay,87,30,35,7.0,511.5,27.3,Mustard,Rabi,8.4,4025.0,5810.0,March,March 12–25,Medium
Haryana,Hisar,Alluvial,85,44,47,7.1,669.0,28.7,Mustard,Rabi,9.4,4337.0,5787.0,March,March 12–25,Medium
Haryana,Hisar,Sandy Loam,102,46,16,7.3,503.0,28.8,Mustard,Rabi,11.0,4283.0,5580.0,March,March 12–25,Medium
Haryana,Hisar,Loamy,71,29,48,6.9,474.2,23.9,Mustard,Rabi,11.5,4072.0,5958.0,March,March 12–25,Medium
Haryana,Hisar,Alluvial,71,37,28,7.1,240.1,28.7,Mustard,Rabi,10.8,4446.0,5526.0,March,March 12–25,Medium
Haryana,Hisar,Clay,69,50,52,6.3,599.2,28.2,Mustard,Rabi,6.6,4164.0,6012.0,March,March 12–25,Medium
Haryana,Hisar,Clay,95,51,37,6.9,369.3,28.0,Mustard,Rabi,7.8,4452.0,5529.0,March,March 12–25,Medium
Haryana,Hisar,Loamy,91,63,48,6.5,365.7,26.3,Mustard,Rabi,10.8,4523.0,5304.0,March,March 12–25,Medium
Haryana,Hisar,Sandy Loam,80,20,38,7.5,591.6,28.7,Mustard,Rabi,11.2,4071.0,5321.0,March,March 12–25,Medium
Haryana,Hisar,Loamy,75,54,64,6.5,631.4,26.1,Mustard,Rabi,10.7,4434.0,5292.0,March,March 12–25,Medium
Haryana,Hisar,Loamy,91,49,37,7.1,234.7,28.3,Mustard,Rabi,10.1,4050.0,5381.0,March,March 12–25,Medium
Haryana,Hisar,Loamy,77,50,38,7.0,333.3,27.1,Mustard,Rabi,11.0,4368.0,5591.0,March,March 12–25,Medium
Haryana,Hisar,Loamy,87,36,28,6.8,353.0,29.6,Mustard,Rabi,11.3,4425.0,5323.0,March,March 12–25,Medium
Haryana,Hisar,Sandy Loam,76,38,47,7.2,471.9,22.9,Mustard,Rabi,10.0,4464.0,5795.0,March,March 12–25,Medium
Haryana,Hisar,Alluvial,91,55,49,6.6,457.6,28.7,Mustard,Rabi,10.8,4238.0,5741.0,March,March 12–25,Medium
Haryana,Hisar,Alluvial,101,39,38,6.6,555.3,25.5,Mustard,Rabi,11.5,4183.0,5644.0,March,March 12–25,Medium
Haryana,Hisar,Sandy Loam,78,38,31,6.9,564.6,27.0,Mustard,Rabi,11.6,4039.0,5374.0,March,March 12–25,Medium
Haryana,Hisar,Clay,107,54,49,6.2,557.8,26.9,Mustard,Rabi,9.3,4359.0,5763.0,March,March 12–25,Medium
Haryana,Hisar,Sandy Loam,89,38,23,6.6,559.7,26.6,Mustard,Rabi,10.0,4465.0,5344.0,March,March 12–25,Medium
Haryana,Hisar,Alluvial,84,27,48,6.7,494.6,24.1,Mustard,Rabi,12.1,4534.0,5776.0,March,March 12–25,Medium
Haryana,Hisar,Sandy Loam,71,26,23,6.5,344.2,28.4,Mustard,Rabi,10.7,4112.0,5910.0,March,March 12–25,Medium
Haryana,Hisar,Sandy Loam,67,42,49,6.9,316.8,27.9,Mustard,Rabi,10.6,3992.0,5817.0,March,March 12–25,Medium
Haryana,Hisar,Alluvial,47,59,47,7.0,473.2,25.1,Mustard,Rabi,11.3,4329.0,5455.0,March,March 12–25,Medium
Haryana,Hisar,Loamy,80,53,35,6.8,493.4,26.5,Mustard,Rabi,10.5,4217.0,5279.0,March,March 12–25,Medium
Haryana,Hisar,Loamy,101,41,35,6.7,557.6,27.4,Mustard,Rabi,10.4,4309.0,5852.0,March,March 12–25,Medium
Haryana,Hisar,Clay,72,47,38,6.9,604.0,30.4,Mustard,Rabi,7.0,4473.0,5509.0,March,March 12–25,Medium
Haryana,Hisar,Alluvial,109,35,29,7.3,562.8,25.0,Mustard,Rabi,10.6,4203.0,6033.0,March,March 12–25,Medium
Haryana,Hisar,Loamy,56,42,44,7.1,495.4,27.3,Mustard,Rabi,10.8,4159.0,5420.0,March,March 12–25,Medium
Haryana,Hisar,Sandy Loam,82,30,42,6.4,319.4,27.6,Mustard,Rabi,10.8,4187.0,5766.0,March,March 12–25,Medium
Haryana,Hisar,Sandy Loam,62,48,33,7.1,413.2,26.2,Mustard,Rabi,11.2,4332.0,5736.0,March,March 12–25,Medium
Haryana,Hisar,Clay,85,56,40,6.6,733.1,26.1,Mustard,Rabi,6.7,4259.0,5324.0,March,March 12–25,Medium
Haryana,Hisar,Loamy,56,35,42,6.5,405.4,27.4,Mustard,Rabi,10.8,4301.0,5368.0,March,March 12–25,Medium
Haryana,Hisar,Loamy,108,40,38,6.9,656.0,26.7,Mustard,Rabi,9.9,4052.0,5494.0,March,March 12–25,Medium
Haryana,Hisar,Clay,53,42,35,7.2,468.0,29.2,Mustard,Rabi,8.0,4397.0,6000.0,March,March 12–25,Medium
Haryana,Hisar,Alluvial,62,46,49,6.4,509.7,22.8,Mustard,Rabi,11.0,4463.0,5678.0,March,March 12–25,Medium
Haryana,Hisar,Clay,71,31,22,6.8,488.2,28.9,Mustard,Rabi,7.6,4473.0,5839.0,March,March 12–25,Medium
Haryana,Hisar,Loamy,92,36,43,6.7,371.3,24.9,Mustard,Rabi,10.8,4024.0,5987.0,March,March 12–25,Medium
Haryana,Hisar,Sandy Loam,64,29,41,7.1,438.2,26.2,Mustard,Rabi,11.0,4396.0,5618.0,March,March 12–25,Medium
Haryana,Hisar,Sandy Loam,75,35,39,6.9,355.7,29.8,Mustard,Rabi,11.8,4165.0,5516.0,March,March 12–25,Medium
Haryana,Hisar,Sandy Loam,66,37,32,6.9,230.6,24.7,Mustard,Rabi,8.3,4036.0,5989.0,March,March 12–25,Medium
Haryana,Hisar,Clay,97,33,36,6.6,466.4,26.5,Mustard,Rabi,7.5,4015.0,5318.0,March,March 12–25,Medium
Haryana,Hisar,Sandy Loam,81,38,46,7.0,394.7,26.4,Mustard,Rabi,11.0,4271.0,5928.0,March,March 12–25,Medium
Haryana,Hisar,Alluvial,108,28,33,6.7,540.6,32.2,Mustard,Rabi,11.1,4209.0,5694.0,March,March 12–25,Medium
Haryana,Hisar,Sandy Loam,84,45,12,6.0,378.3,29.8,Mustard,Rabi,10.9,4149.0,5711.0,March,March 12–25,Medium
Haryana,Hisar,Loamy,93,32,34,6.9,309.6,29.6,Mustard,Rabi,10.8,4414.0,5847.0,March,March 12–25,Medium
Haryana,Hisar,Clay,65,44,40,6.8,679.8,26.3,Mustard,Rabi,6.6,4000.0,5664.0,March,March 12–25,Medium
Haryana,Hisar,Clay,70,35,45,6.8,584.1,30.1,Mustard,Rabi,7.8,4187.0,5550.0,March,March 12–25,Medium
Haryana,Hisar,Loamy,81,21,34,7.1,629.0,27.3,Mustard,Rabi,9.3,4426.0,5822.0,March,March 12–25,Medium
Haryana,Hisar,Clay,80,26,19,6.8,563.8,23.7,Mustard,Rabi,7.8,4100.0,5879.0,March,March 12–25,Medium
Haryana,Hisar,Alluvial,63,44,35,6.6,309.4,26.8,Mustard,Rabi,10.8,4108.0,5513.0,March,March 12–25,Medium
Haryana,Hisar,Clay,49,54,27,6.6,453.4,25.7,Mustard,Rabi,7.8,4117.0,5378.0,March,March 12–25,Medium
Haryana,Hisar,Sandy Loam,111,44,11,6.8,464.3,26.9,Mustard,Rabi,10.0,4369.0,6018.0,March,March 12–25,Medium
Haryana,Hisar,Loamy,66,57,41,6.5,266.6,26.7,Mustard,Rabi,10.1,4260.0,5586.0,March,March 12–25,Medium
Haryana,Hisar,Sandy Loam,72,13,44,6.8,480.6,25.4,Mustard,Rabi,10.2,4238.0,5292.0,March,March 12–25,Medium
Haryana,Hisar,Loamy,86,31,52,6.8,564.3,24.7,Mustard,Rabi,9.9,4012.0,5665.0,March,March 12–25,Medium
Haryana,Hisar,Clay,101,49,52,7.0,554.5,29.6,Mustard,Rabi,7.5,4168.0,5271.0,March,March 12–25,Medium
Haryana,Hisar,Sandy Loam,99,45,35,6.6,605.2,25.9,Mustard,Rabi,9.0,4305.0,5464.0,March,March 12–25,Medium
Haryana,Hisar,Clay,86,38,43,7.3,508.2,28.0,Mustard,Rabi,7.9,4453.0,5464.0,March,March 12–25,Medium
Haryana,Hisar,Sandy Loam,83,42,28,6.9,405.4,27.1,Mustard,Rabi,10.8,4073.0,5955.0,March,March 12–25,Medium
Haryana,Hisar,Clay,77,43,46,7.0,563.7,22.7,Mustard,Rabi,9.3,4285.0,5461.0,March,March 12–25,Medium
Haryana,Hisar,Loamy,93,25,43,6.9,418.2,25.1,Mustard,Rabi,10.2,4274.0,5956.0,March,March 12–25,Medium
Haryana,Hisar,Alluvial,88,41,22,6.8,554.6,24.4,Mustard,Rabi,9.9,4318.0,6019.0,March,March 12–25,Medium
Haryana,Hisar,Clay,83,27,49,6.6,472.2,23.6,Mustard,Rabi,8.0,4212.0,5833.0,March,March 12–25,Medium
Haryana,Hisar,Clay,75,38,34,7.0,448.0,26.8,Mustard,Rabi,8.1,4078.0,5835.0,March,March 12–25,Medium
Haryana,Hisar,Alluvial,73,33,50,7.0,389.4,25.0,Mustard,Rabi,9.7,4415.0,5831.0,March,March 12–25,Medium
Haryana,Hisar,Sandy Loam,104,45,51,6.7,598.3,26.4,Mustard,Rabi,10.5,4447.0,5411.0,March,March 12–25,Medium
Haryana,Hisar,Loamy,86,33,46,6.7,380.7,24.7,Mustard,Rabi,10.6,4080.0,5299.0,March,March 12–25,Medium
Haryana,Hisar,Clay,124,72,23,6.2,465.4,23.4,Wheat,Rabi,18.5,4929.0,2279.0,April,April 10–28,Low
Haryana,Hisar,Loamy,121,63,39,6.6,432.5,28.9,Wheat,Rabi,23.3,4884.0,2432.0,April,April 10–28,Low
Haryana,Hisar,Loamy,152,49,28,6.7,481.6,25.7,Wheat,Rabi,24.0,5052.0,2207.0,April,April 10–28,Low
Haryana,Hisar,Loamy,125,37,29,6.4,568.3,24.2,Wheat,Rabi,23.7,5198.0,2242.0,April,April 10–28,Low
Haryana,Hisar,Loamy,130,59,38,6.9,456.0,25.3,Wheat,Rabi,25.0,5209.0,2407.0,April,April 10–28,Low
Haryana,Hisar,Alluvial,118,53,48,6.4,339.4,28.1,Wheat,Rabi,20.3,5240.0,2440.0,April,April 10–28,Low
Haryana,Hisar,Sandy Loam,120,68,41,6.4,332.5,28.9,Wheat,Rabi,16.0,5089.0,2291.0,April,April 10–28,Low
Haryana,Hisar,Loamy,127,60,56,5.9,463.3,27.5,Wheat,Rabi,24.0,5307.0,2368.0,April,April 10–28,Low
Haryana,Hisar,Alluvial,128,55,27,6.7,416.8,24.8,Wheat,Rabi,23.1,5214.0,2189.0,April,April 10–28,Low
Haryana,Hisar,Loamy,129,77,53,7.1,468.2,26.8,Wheat,Rabi,24.7,4952.0,2326.0,April,April 10–28,Low
Haryana,Hisar,Loamy,132,68,29,6.2,502.2,27.4,Wheat,Rabi,24.9,5216.0,2304.0,April,April 10–28,Low
Haryana,Hisar,Loamy,100,40,31,6.6,462.2,26.4,Wheat,Rabi,25.3,5113.0,2193.0,April,April 10–28,Low
Haryana,Hisar,Alluvial,128,68,27,6.7,390.6,25.1,Wheat,Rabi,21.8,5114.0,2366.0,April,April 10–28,Low
Haryana,Hisar,Clay,100,65,35,6.4,515.1,24.2,Wheat,Rabi,21.1,5128.0,2220.0,April,April 10–28,Low
Haryana,Hisar,Clay,77,62,45,5.9,589.7,29.4,Wheat,Rabi,15.5,5221.0,2194.0,April,April 10–28,Low
Haryana,Hisar,Clay,130,65,12,6.6,346.9,29.6,Wheat,Rabi,13.1,4899.0,2327.0,April,April 10–28,Low
Haryana,Hisar,Alluvial,151,65,40,5.9,343.1,22.6,Wheat,Rabi,21.1,4914.0,2204.0,April,April 10–28,Low
Haryana,Hisar,Sandy Loam,95,66,49,6.7,661.1,26.9,Wheat,Rabi,15.7,4913.0,2253.0,April,April 10–28,Low
Haryana,Hisar,Loamy,100,78,28,7.0,404.2,30.1,Wheat,Rabi,24.6,5362.0,2329.0,April,April 10–28,Low
Haryana,Hisar,Clay,139,65,23,6.4,517.7,26.0,Wheat,Rabi,16.4,4900.0,2335.0,April,April 10–28,Low
Haryana,Hisar,Sandy Loam,106,45,48,6.5,500.9,25.5,Wheat,Rabi,17.6,4861.0,2282.0,April,April 10–28,Low
Haryana,Hisar,Sandy Loam,120,53,31,6.5,337.0,24.4,Wheat,Rabi,16.0,5245.0,2257.0,April,April 10–28,Low
Haryana,Hisar,Clay,100,48,38,6.5,475.8,26.8,Wheat,Rabi,19.8,5255.0,2219.0,April,April 10–28,Low
Haryana,Hisar,Clay,115,51,57,6.1,251.5,27.4,Wheat,Rabi,13.7,5212.0,2163.0,April,April 10–28,Low
Haryana,Hisar,Loamy,106,42,28,7.3,538.1,29.3,Wheat,Rabi,25.0,5281.0,2174.0,April,April 10–28,Low
Haryana,Hisar,Loamy,122,63,47,6.5,416.0,23.5,Wheat,Rabi,20.6,4920.0,2206.0,April,April 10–28,Low
Haryana,Hisar,Sandy Loam,115,54,42,6.3,498.9,28.6,Wheat,Rabi,15.4,5168.0,2341.0,April,April 10–28,Low
Haryana,Hisar,Alluvial,116,64,46,7.0,339.4,28.3,Wheat,Rabi,18.7,5026.0,2145.0,April,April 10–28,Low
Haryana,Hisar,Loamy,94,43,36,6.1,685.5,27.1,Wheat,Rabi,23.5,4954.0,2416.0,April,April 10–28,Low
Haryana,Hisar,Clay,119,72,38,6.7,476.1,27.0,Wheat,Rabi,15.6,5110.0,2397.0,April,April 10–28,Low
Haryana,Hisar,Alluvial,89,61,48,6.2,581.2,22.9,Wheat,Rabi,24.9,5104.0,2234.0,April,April 10–28,Low
Haryana,Hisar,Sandy Loam,136,67,57,6.4,530.9,26.9,Wheat,Rabi,17.4,5103.0,2233.0,April,April 10–28,Low
Haryana,Hisar,Clay,110,56,32,6.7,407.8,27.6,Wheat,Rabi,14.6,5178.0,2399.0,April,April 10–28,Low
Haryana,Hisar,Alluvial,95,59,43,6.8,472.4,24.9,Wheat,Rabi,24.1,4918.0,2330.0,April,April 10–28,Low
Haryana,Hisar,Clay,123,53,32,6.8,666.4,30.5,Wheat,Rabi,16.6,4945.0,2337.0,April,April 10–28,Low
Haryana,Hisar,Clay,99,59,42,6.5,489.8,28.8,Wheat,Rabi,16.1,5088.0,2448.0,April,April 10–28,Low
Haryana,Hisar,Clay,110,68,45,6.3,573.6,27.8,Wheat,Rabi,21.0,5357.0,2327.0,April,April 10–28,Low
Haryana,Hisar,Sandy Loam,74,51,42,6.3,730.2,22.4,Wheat,Rabi,17.1,5350.0,2198.0,April,April 10–28,Low
Haryana,Hisar,Loamy,99,46,41,6.3,591.9,24.6,Wheat,Rabi,23.7,5324.0,2374.0,April,April 10–28,Low
Haryana,Hisar,Alluvial,111,62,50,7.2,200.0,24.3,Wheat,Rabi,16.7,4844.0,2204.0,April,April 10–28,Low
Haryana,Hisar,Clay,132,51,49,6.8,308.6,23.6,Wheat,Rabi,16.2,5185.0,2335.0,April,April 10–28,Low
Haryana,Hisar,Alluvial,98,63,32,6.1,389.2,26.8,Wheat,Rabi,20.9,5065.0,2328.0,April,April 10–28,Low
Haryana,Hisar,Sandy Loam,109,56,51,6.0,414.1,26.1,Wheat,Rabi,18.8,5212.0,2261.0,April,April 10–28,Low
Haryana,Hisar,Alluvial,125,48,52,6.8,493.6,27.5,Wheat,Rabi,22.7,4815.0,2182.0,April,April 10–28,Low
Haryana,Hisar,Clay,131,72,33,6.7,547.5,23.8,Wheat,Rabi,18.4,4899.0,2349.0,April,April 10–28,Low
Haryana,Hisar,Clay,119,67,48,6.4,593.9,26.0,Wheat,Rabi,18.3,4869.0,2260.0,April,April 10–28,Low
Haryana,Hisar,Loamy,87,59,22,6.2,510.6,24.5,Wheat,Rabi,23.6,4968.0,2304.0,April,April 10–28,Low
Haryana,Hisar,Clay,103,58,38,6.3,465.2,29.1,Wheat,Rabi,19.4,4879.0,2147.0,April,April 10–28,Low
Haryana,Hisar,Alluvial,119,77,31,6.6,476.6,27.8,Wheat,Rabi,26.2,5073.0,2284.0,April,April 10–28,Low
Haryana,Hisar,Clay,99,76,49,6.4,338.6,28.1,Wheat,Rabi,16.4,5059.0,2247.0,April,April 10–28,Low
Haryana,Hisar,Clay,141,64,17,6.7,512.5,28.4,Wheat,Rabi,18.4,4900.0,2263.0,April,April 10–28,Low
Haryana,Hisar,Clay,135,58,49,6.5,494.6,27.9,Wheat,Rabi,18.7,5330.0,2310.0,April,April 10–28,Low
Haryana,Hisar,Clay,123,59,22,6.6,468.5,25.4,Wheat,Rabi,19.0,5389.0,2412.0,April,April 10–28,Low
Haryana,Hisar,Sandy Loam,113,37,57,6.2,200.0,27.4,Wheat,Rabi,13.2,5089.0,2410.0,April,April 10–28,Low
Haryana,Hisar,Alluvial,127,65,41,6.3,563.1,23.7,Wheat,Rabi,23.5,5245.0,2244.0,April,April 10–28,Low
Haryana,Hisar,Clay,124,61,68,6.7,474.2,27.9,Wheat,Rabi,16.9,4926.0,2396.0,April,April 10–28,Low
Haryana,Hisar,Sandy Loam,85,59,39,6.6,255.0,31.6,Wheat,Rabi,14.4,4963.0,2429.0,April,April 10–28,Low
Haryana,Hisar,Sandy Loam,130,62,42,6.6,598.0,22.7,Wheat,Rabi,17.2,4921.0,2321.0,April,April 10–28,Low
Haryana,Hisar,Sandy Loam,140,40,20,6.0,392.8,23.7,Wheat,Rabi,15.7,4974.0,2269.0,April,April 10–28,Low
Haryana,Hisar,Loamy,126,79,33,6.4,419.0,27.1,Wheat,Rabi,24.5,5396.0,2165.0,April,April 10–28,Low
Haryana,Hisar,Loamy,129,78,41,6.6,374.1,26.9,Wheat,Rabi,23.6,4875.0,2140.0,April,April 10–28,Low
Haryana,Hisar,Clay,107,58,37,6.4,657.9,27.4,Wheat,Rabi,16.7,4786.0,2453.0,April,April 10–28,Low
Haryana,Hisar,Loamy,118,67,39,6.6,389.6,31.3,Wheat,Rabi,22.8,5117.0,2294.0,April,April 10–28,Low
Haryana,Hisar,Sandy Loam,88,52,42,6.3,447.0,27.4,Wheat,Rabi,15.9,5275.0,2302.0,April,April 10–28,Low
Haryana,Hisar,Clay,115,47,52,6.0,697.7,27.2,Wheat,Rabi,18.5,4925.0,2456.0,April,April 10–28,Low
Haryana,Hisar,Sandy Loam,146,50,54,6.4,368.8,29.0,Wheat,Rabi,16.4,4812.0,2173.0,April,April 10–28,Low
Haryana,Hisar,Loamy,94,53,47,6.8,510.0,26.3,Wheat,Rabi,23.9,4990.0,2452.0,April,April 10–28,Low
Haryana,Hisar,Clay,108,55,43,6.7,577.3,25.2,Wheat,Rabi,16.5,4911.0,2234.0,April,April 10–28,Low
Haryana,Hisar,Clay,126,46,45,6.5,373.2,26.6,Wheat,Rabi,13.4,4988.0,2201.0,April,April 10–28,Low
Haryana,Hisar,Alluvial,119,50,34,6.1,375.6,25.6,Wheat,Rabi,21.4,4830.0,2224.0,April,April 10–28,Low
Haryana,Hisar,Sandy Loam,108,68,34,6.8,200.0,22.8,Wheat,Rabi,14.1,5390.0,2302.0,April,April 10–28,Low
Haryana,Hisar,Alluvial,119,62,43,6.4,483.2,26.5,Wheat,Rabi,25.3,5287.0,2177.0,April,April 10–28,Low
Haryana,Hisar,Loamy,123,68,67,6.5,421.7,27.0,Wheat,Rabi,25.5,4946.0,2202.0,April,April 10–28,Low
Haryana,Hisar,Loamy,137,60,29,6.9,507.1,26.6,Wheat,Rabi,23.6,5152.0,2164.0,April,April 10–28,Low
Haryana,Hisar,Alluvial,108,70,49,6.4,593.8,29.0,Wheat,Rabi,25.3,4978.0,2370.0,April,April 10–28,Low
Haryana,Hisar,Clay,113,52,49,6.0,344.2,26.0,Wheat,Rabi,14.6,4753.0,2348.0,April,April 10–28,Low
Haryana,Hisar,Clay,129,50,41,6.4,426.2,25.1,Wheat,Rabi,18.4,5148.0,2227.0,April,April 10–28,Low
Haryana,Hisar,Clay,129,63,56,6.5,540.5,26.8,Wheat,Rabi,16.3,5064.0,2196.0,April,April 10–28,Low
Haryana,Hisar,Clay,109,58,29,6.9,474.2,24.2,Wheat,Rabi,18.7,5246.0,2417.0,April,April 10–28,Low
Haryana,Hisar,Loamy,111,45,67,6.6,329.7,24.2,Wheat,Rabi,17.3,5261.0,2355.0,April,April 10–28,Low
Haryana,Hisar,Loamy,180,58,101,5.8,516.7,25.8,Potato,Rabi,100.7,9313.0,1319.0,February,Feb 15–March 05,High
Haryana,Hisar,Alluvial,167,81,79,6.3,286.0,27.6,Potato,Rabi,60.1,8963.0,1306.0,February,Feb 15–March 05,High
Haryana,Hisar,Clay,130,85,96,6.2,359.7,30.4,Potato,Rabi,92.5,9835.0,1429.0,February,Feb 15–March 05,High
Haryana,Hisar,Loamy,166,73,97,6.0,375.3,25.2,Potato,Rabi,102.2,9269.0,1351.0,February,Feb 15–March 05,High
Haryana,Hisar,Alluvial,144,61,96,6.0,415.5,26.1,Potato,Rabi,89.9,9649.0,1435.0,February,Feb 15–March 05,High
Haryana,Hisar,Alluvial,153,72,96,5.8,639.6,23.9,Potato,Rabi,80.6,9774.0,1413.0,February,Feb 15–March 05,High
Haryana,Hisar,Loamy,141,90,108,6.3,316.1,25.1,Potato,Rabi,95.2,9640.0,1308.0,February,Feb 15–March 05,High
Haryana,Hisar,Sandy Loam,178,79,105,6.1,457.0,27.8,Potato,Rabi,115.0,9718.0,1354.0,February,Feb 15–March 05,High
Haryana,Hisar,Sandy Loam,157,76,97,6.6,526.9,25.6,Potato,Rabi,106.6,9486.0,1435.0,February,Feb 15–March 05,High
Haryana,Hisar,Clay,148,79,91,6.2,394.2,21.6,Potato,Rabi,75.8,9512.0,1353.0,February,Feb 15–March 05,High
Haryana,Hisar,Sandy Loam,136,78,97,5.7,455.2,23.7,Potato,Rabi,115.0,8942.0,1307.0,February,Feb 15–March 05,High
Haryana,Hisar,Sandy Loam,153,71,88,5.7,416.2,27.6,Potato,Rabi,107.2,9055.0,1348.0,February,Feb 15–March 05,High
Haryana,Hisar,Alluvial,147,69,91,6.3,468.3,28.6,Potato,Rabi,82.3,9909.0,1389.0,February,Feb 15–March 05,High
Haryana,Hisar,Clay,154,79,90,5.9,306.1,25.1,Potato,Rabi,72.3,9689.0,1350.0,February,Feb 15–March 05,High
Haryana,Hisar,Alluvial,152,58,98,5.9,272.0,26.0,Potato,Rabi,76.0,9782.0,1474.0,February,Feb 15–March 05,High
Haryana,Hisar,Loamy,121,94,108,6.1,417.4,28.6,Potato,Rabi,102.8,9428.0,1484.0,February,Feb 15–March 05,High
Haryana,Hisar,Clay,164,90,104,6.4,200.0,24.7,Potato,Rabi,53.9,9188.0,1334.0,February,Feb 15–March 05,High
Haryana,Hisar,Loamy,153,80,114,6.1,486.5,27.0,Potato,Rabi,114.9,8848.0,1329.0,February,Feb 15–March 05,High
Haryana,Hisar,Sandy Loam,132,85,107,6.2,537.0,31.3,Potato,Rabi,97.0,9493.0,1318.0,February,Feb 15–March 05,High
Haryana,Hisar,Sandy Loam,144,72,99,6.2,506.7,24.9,Potato,Rabi,112.3,9317.0,1444.0,February,Feb 15–March 05,High
Haryana,Hisar,Alluvial,163,77,104,5.8,579.5,27.8,Potato,Rabi,78.7,9017.0,1415.0,February,Feb 15–March 05,High
Haryana,Hisar,Loamy,141,53,91,6.0,708.7,27.3,Potato,Rabi,87.7,8812.0,1391.0,February,Feb 15–March 05,High
Haryana,Hisar,Alluvial,168,82,87,6.0,329.7,25.1,Potato,Rabi,75.0,9340.0,1309.0,February,Feb 15–March 05,High
Haryana,Hisar,Loamy,152,65,95,5.5,530.5,26.5,Potato,Rabi,114.8,9157.0,1332.0,February,Feb 15–March 05,High
Haryana,Hisar,Clay,151,93,99,6.7,418.1,29.2,Potato,Rabi,92.2,9735.0,1423.0,February,Feb 15–March 05,High
Haryana,Hisar,Alluvial,138,96,102,6.7,456.9,27.6,Potato,Rabi,76.0,9851.0,1316.0,February,Feb 15–March 05,High
Haryana,Hisar,Alluvial,134,62,96,6.0,498.7,25.1,Potato,Rabi,82.9,9656.0,1393.0,February,Feb 15–March 05,High
Haryana,Hisar,Loamy,162,76,91,6.1,352.3,26.6,Potato,Rabi,112.1,9351.0,1483.0,February,Feb 15–March 05,High
Haryana,Hisar,Sandy Loam,150,76,108,5.4,600.4,28.4,Potato,Rabi,94.6,9862.0,1366.0,February,Feb 15–March 05,High
Haryana,Hisar,Sandy Loam,148,92,102,5.8,436.4,25.2,Potato,Rabi,118.5,8892.0,1331.0,February,Feb 15–March 05,High
Haryana,Hisar,Loamy,163,69,92,6.1,472.3,29.4,Potato,Rabi,94.3,8820.0,1312.0,February,Feb 15–March 05,High
Haryana,Hisar,Loamy,150,69,73,6.4,334.2,29.0,Potato,Rabi,112.2,9774.0,1336.0,February,Feb 15–March 05,High
Haryana,Hisar,Sandy Loam,150,77,104,5.8,394.8,29.7,Potato,Rabi,100.3,9794.0,1424.0,February,Feb 15–March 05,High
Haryana,Hisar,Alluvial,143,75,100,6.0,407.8,26.6,Potato,Rabi,68.9,8856.0,1451.0,February,Feb 15–March 05,High
Haryana,Hisar,Loamy,153,83,100,6.6,552.6,25.9,Potato,Rabi,111.6,9422.0,1418.0,February,Feb 15–March 05,High
Haryana,Hisar,Sandy Loam,173,82,101,6.0,470.1,26.0,Potato,Rabi,102.2,9174.0,1328.0,February,Feb 15–March 05,High
Haryana,Hisar,Sandy Loam,124,95,93,6.2,341.9,23.3,Potato,Rabi,77.4,9570.0,1423.0,February,Feb 15–March 05,High
Haryana,Hisar,Clay,123,79,92,6.2,490.8,26.8,Potato,Rabi,76.8,9225.0,1382.0,February,Feb 15–March 05,High
Haryana,Hisar,Sandy Loam,143,72,99,6.3,386.8,26.9,Potato,Rabi,102.2,9850.0,1394.0,February,Feb 15–March 05,High
Haryana,Hisar,Clay,151,77,119,5.6,577.0,26.0,Potato,Rabi,76.2,9366.0,1400.0,February,Feb 15–March 05,High
Haryana,Hisar,Loamy,152,80,103,6.0,380.2,28.4,Potato,Rabi,112.4,8965.0,1358.0,February,Feb 15–March 05,High
Haryana,Hisar,Alluvial,147,76,109,6.5,653.3,28.8,Potato,Rabi,74.8,9379.0,1385.0,February,Feb 15–March 05,High
Haryana,Hisar,Loamy,144,67,97,6.3,364.2,25.1,Potato,Rabi,106.5,9590.0,1486.0,February,Feb 15–March 05,High
Haryana,Hisar,Loamy,160,73,104,5.2,585.6,24.7,Potato,Rabi,120.6,9695.0,1357.0,February,Feb 15–March 05,High
Haryana,Hisar,Clay,156,66,94,5.8,591.5,26.1,Potato,Rabi,80.4,8905.0,1304.0,February,Feb 15–March 05,High
Haryana,Hisar,Clay,166,84,110,6.3,549.7,25.6,Potato,Rabi,67.6,9231.0,1405.0,February,Feb 15–March 05,High
Haryana,Hisar,Loamy,156,96,113,5.9,525.3,24.6,Potato,Rabi,114.5,9709.0,1440.0,February,Feb 15–March 05,High
Haryana,Hisar,Alluvial,115,55,95,5.9,430.5,28.2,Potato,Rabi,69.8,9793.0,1401.0,February,Feb 15–March 05,High
Haryana,Hisar,Alluvial,157,66,101,5.8,623.2,27.0,Potato,Rabi,63.7,9795.0,1412.0,February,Feb 15–March 05,High
Haryana,Hisar,Sandy Loam,161,79,97,5.9,553.8,26.6,Potato,Rabi,109.6,9458.0,1374.0,February,Feb 15–March 05,High
Haryana,Hisar,Sandy Loam,129,86,101,6.3,416.6,26.7,Potato,Rabi,105.5,8897.0,1308.0,February,Feb 15–March 05,High
Haryana,Hisar,Loamy,156,84,118,6.1,405.7,23.5,Potato,Rabi,110.8,9170.0,1374.0,February,Feb 15–March 05,High
Haryana,Hisar,Sandy Loam,139,85,114,5.9,416.1,23.0,Potato,Rabi,105.7,9386.0,1383.0,February,Feb 15–March 05,High
Haryana,Hisar,Loamy,155,89,110,5.6,427.4,28.5,Potato,Rabi,101.8,9485.0,1421.0,February,Feb 15–March 05,High
Haryana,Hisar,Loamy,145,66,98,6.2,261.8,27.9,Potato,Rabi,95.7,9281.0,1452.0,February,Feb 15–March 05,High
Haryana,Hisar,Sandy Loam,124,83,94,6.3,562.0,27.3,Potato,Rabi,109.4,9722.0,1465.0,February,Feb 15–March 05,High
Haryana,Hisar,Clay,199,83,92,6.0,582.9,25.3,Potato,Rabi,69.5,9424.0,1373.0,February,Feb 15–March 05,High
Haryana,Hisar,Alluvial,177,97,110,5.8,570.6,28.9,Potato,Rabi,74.8,8880.0,1467.0,February,Feb 15–March 05,High
Haryana,Hisar,Clay,161,88,93,5.7,464.9,26.5,Potato,Rabi,77.3,9775.0,1356.0,February,Feb 15–March 05,High
Haryana,Hisar,Alluvial,136,85,91,5.5,644.0,24.1,Potato,Rabi,77.6,8861.0,1366.0,February,Feb 15–March 05,High
Haryana,Hisar,Alluvial,133,81,104,5.7,439.7,29.5,Potato,Rabi,82.9,9740.0,1461.0,February,Feb 15–March 05,High
Haryana,Hisar,Sandy Loam,187,69,99,6.0,339.1,27.7,Potato,Rabi,105.6,8842.0,1364.0,February,Feb 15–March 05,High
Haryana,Hisar,Loamy,160,90,99,5.9,513.8,29.8,Potato,Rabi,108.0,9396.0,1393.0,February,Feb 15–March 05,High
Haryana,Hisar,Sandy Loam,126,84,101,5.4,307.6,25.9,Potato,Rabi,99.1,9867.0,1302.0,February,Feb 15–March 05,High
Haryana,Hisar,Alluvial,158,67,107,6.0,625.1,27.6,Potato,Rabi,66.8,9715.0,1367.0,February,Feb 15–March 05,High
Haryana,Hisar,Clay,147,84,99,5.7,458.3,27.9,Potato,Rabi,78.4,9075.0,1391.0,February,Feb 15–March 05,High
Haryana,Hisar,Alluvial,132,75,98,6.1,449.8,25.2,Potato,Rabi,85.8,9757.0,1373.0,February,Feb 15–March 05,High
Haryana,Hisar,Clay,146,81,108,5.9,576.4,24.7,Potato,Rabi,79.3,9132.0,1451.0,February,Feb 15–March 05,High
Haryana,Hisar,Loamy,135,70,91,6.2,517.9,27.6,Potato,Rabi,113.5,9771.0,1306.0,February,Feb 15–March 05,High
Haryana,Hisar,Clay,177,67,103,5.9,467.8,25.7,Potato,Rabi,90.5,9737.0,1392.0,February,Feb 15–March 05,High
Haryana,Hisar,Loamy,173,58,107,5.8,372.0,25.8,Potato,Rabi,118.5,8964.0,1490.0,February,Feb 15–March 05,High
Haryana,Hisar,Sandy Loam,170,73,103,6.4,487.3,29.6,Potato,Rabi,106.3,9822.0,1459.0,February,Feb 15–March 05,High
Haryana,Hisar,Clay,165,73,118,6.2,425.7,22.2,Potato,Rabi,74.7,9882.0,1385.0,February,Feb 15–March 05,High
Haryana,Hisar,Clay,142,84,106,5.6,573.5,31.1,Potato,Rabi,83.3,9326.0,1385.0,February,Feb 15–March 05,High
Haryana,Hisar,Alluvial,167,73,86,6.1,480.2,26.6,Potato,Rabi,79.7,9932.0,1326.0,February,Feb 15–March 05,High
Haryana,Hisar,Clay,154,88,85,6.2,538.0,28.2,Potato,Rabi,74.9,9906.0,1318.0,February,Feb 15–March 05,High
Haryana,Hisar,Clay,119,90,88,5.8,217.2,28.3,Potato,Rabi,61.5,9657.0,1309.0,February,Feb 15–March 05,High
Haryana,Hisar,Sandy Loam,138,78,105,6.1,210.2,24.4,Potato,Rabi,81.7,9451.0,1465.0,February,Feb 15–March 05,High
Haryana,Hisar,Alluvial,149,83,109,6.1,504.3,24.6,Potato,Rabi,81.1,8865.0,1465.0,February,Feb 15–March 05,High
Haryana,Hisar,Alluvial,135,68,103,6.0,332.3,26.3,Potato,Rabi,70.2,9295.0,1443.0,February,Feb 15–March 05,High
Haryana,Hisar,Sandy Loam,97,45,52,6.1,397.3,25.1,Paddy (Rice),Kharif,11.1,7425.0,2172.0,November,Nov 05–Nov 22,Medium
Haryana,Hisar,Loamy,120,55,57,6.2,422.4,26.5,Paddy (Rice),Kharif,10.3,8210.0,2413.0,November,Nov 05–Nov 22,Medium
Haryana,Hisar,Loamy,73,51,31,6.6,380.8,29.1,Paddy (Rice),Kharif,13.8,8421.0,2275.0,November,Nov 05–Nov 22,Medium
Haryana,Hisar,Loamy,122,43,52,6.7,584.9,28.7,Paddy (Rice),Kharif,12.8,7610.0,2483.0,November,Nov 05–Nov 22,Medium
Haryana,Hisar,Loamy,94,47,46,6.2,468.3,26.2,Paddy (Rice),Kharif,11.1,7978.0,2191.0,November,Nov 05–Nov 22,Medium
Haryana,Hisar,Loamy,74,46,42,5.5,472.5,29.6,Paddy (Rice),Kharif,13.3,7481.0,2356.0,November,Nov 05–Nov 22,Medium
Haryana,Hisar,Loamy,112,58,49,6.1,332.1,23.8,Paddy (Rice),Kharif,13.8,8139.0,2469.0,November,Nov 05–Nov 22,Medium
Haryana,Hisar,Loamy,86,52,28,5.9,778.4,27.6,Paddy (Rice),Kharif,18.2,8074.0,2350.0,November,Nov 05–Nov 22,Medium
Haryana,Hisar,Loamy,111,50,54,6.0,200.0,27.9,Paddy (Rice),Kharif,11.6,7724.0,2241.0,November,Nov 05–Nov 22,Medium
Haryana,Hisar,Loamy,114,68,38,6.6,322.1,28.0,Paddy (Rice),Kharif,9.9,7897.0,2400.0,November,Nov 05–Nov 22,Medium
Haryana,Hisar,Alluvial,116,35,45,6.3,491.8,25.5,Paddy (Rice),Kharif,14.9,8228.0,2240.0,November,Nov 05–Nov 22,Medium
Haryana,Hisar,Sandy Loam,94,59,46,5.8,413.3,28.5,Paddy (Rice),Kharif,10.9,7930.0,2432.0,November,Nov 05–Nov 22,Medium
Haryana,Hisar,Alluvial,104,45,49,6.5,488.5,26.7,Paddy (Rice),Kharif,17.2,7492.0,2258.0,November,Nov 05–Nov 22,Medium
Haryana,Hisar,Alluvial,109,46,67,6.7,469.1,24.2,Paddy (Rice),Kharif,16.7,8157.0,2199.0,November,Nov 05–Nov 22,Medium
Haryana,Hisar,Alluvial,119,62,45,6.5,356.7,23.6,Paddy (Rice),Kharif,17.2,7713.0,2178.0,November,Nov 05–Nov 22,Medium
Haryana,Hisar,Loamy,95,52,57,6.3,536.2,27.3,Paddy (Rice),Kharif,11.4,8203.0,2401.0,November,Nov 05–Nov 22,Medium
Haryana,Hisar,Alluvial,80,39,58,6.3,431.7,28.2,Paddy (Rice),Kharif,14.9,7594.0,2326.0,November,Nov 05–Nov 22,Medium
Haryana,Hisar,Alluvial,129,45,63,6.4,217.5,25.5,Paddy (Rice),Kharif,18.5,7927.0,2301.0,November,Nov 05–Nov 22,Medium
Haryana,Hisar,Alluvial,97,52,39,6.2,525.4,24.6,Paddy (Rice),Kharif,17.1,8416.0,2432.0,November,Nov 05–Nov 22,Medium
Haryana,Hisar,Alluvial,120,72,59,6.0,638.9,24.1,Paddy (Rice),Kharif,18.8,7895.0,2480.0,November,Nov 05–Nov 22,Medium
Haryana,Hisar,Sandy Loam,81,56,56,6.0,325.5,24.5,Paddy (Rice),Kharif,13.3,8252.0,2449.0,November,Nov 05–Nov 22,Medium
Haryana,Hisar,Clay,95,49,49,6.4,598.7,27.6,Paddy (Rice),Kharif,18.8,7495.0,2246.0,November,Nov 05–Nov 22,Medium
Haryana,Hisar,Clay,105,44,65,6.4,391.1,27.5,Paddy (Rice),Kharif,15.9,8292.0,2295.0,November,Nov 05–Nov 22,Medium
Haryana,Hisar,Alluvial,127,48,44,5.7,501.8,28.2,Paddy (Rice),Kharif,15.3,8353.0,2286.0,November,Nov 05–Nov 22,Medium
Haryana,Hisar,Sandy Loam,88,67,42,6.2,552.6,26.8,Paddy (Rice),Kharif,12.0,7990.0,2339.0,November,Nov 05–Nov 22,Medium
Haryana,Hisar,Alluvial,121,33,46,6.6,540.5,27.3,Paddy (Rice),Kharif,15.5,8095.0,2237.0,November,Nov 05–Nov 22,Medium
Haryana,Hisar,Sandy Loam,106,62,45,5.7,534.7,28.2,Paddy (Rice),Kharif,11.3,7507.0,2170.0,November,Nov 05–Nov 22,Medium
Haryana,Hisar,Loamy,77,53,54,6.4,534.7,27.1,Paddy (Rice),Kharif,11.1,7961.0,2402.0,November,Nov 05–Nov 22,Medium
Haryana,Hisar,Loamy,106,56,45,6.2,412.0,23.6,Paddy (Rice),Kharif,15.4,7501.0,2427.0,November,Nov 05–Nov 22,Medium
Haryana,Hisar,Clay,119,56,37,6.4,551.9,27.1,Paddy (Rice),Kharif,18.0,7741.0,2223.0,November,Nov 05–Nov 22,Medium
Haryana,Hisar,Clay,129,56,63,5.8,510.0,28.6,Paddy (Rice),Kharif,13.9,7612.0,2203.0,November,Nov 05–Nov 22,Medium
Haryana,Hisar,Loamy,102,37,45,5.4,428.4,27.0,Paddy (Rice),Kharif,10.6,8075.0,2434.0,November,Nov 05–Nov 22,Medium
Haryana,Hisar,Alluvial,112,52,59,6.2,517.5,25.3,Paddy (Rice),Kharif,16.6,7795.0,2478.0,November,Nov 05–Nov 22,Medium
Haryana,Hisar,Alluvial,90,56,36,5.8,376.3,29.1,Paddy (Rice),Kharif,16.6,8219.0,2227.0,November,Nov 05–Nov 22,Medium
Haryana,Hisar,Clay,107,44,42,6.5,352.1,28.9,Paddy (Rice),Kharif,14.6,8078.0,2189.0,November,Nov 05–Nov 22,Medium
Haryana,Hisar,Sandy Loam,99,56,44,6.2,442.1,25.4,Paddy (Rice),Kharif,7.7,7524.0,2180.0,November,Nov 05–Nov 22,Medium
Haryana,Hisar,Clay,105,49,61,5.9,337.4,25.0,Paddy (Rice),Kharif,15.0,8299.0,2455.0,November,Nov 05–Nov 22,Medium
Haryana,Hisar,Clay,84,39,36,5.9,592.4,28.8,Paddy (Rice),Kharif,15.2,7965.0,2423.0,November,Nov 05–Nov 22,Medium
Haryana,Hisar,Alluvial,83,55,39,6.3,370.2,24.7,Paddy (Rice),Kharif,14.1,7695.0,2453.0,November,Nov 05–Nov 22,Medium
Haryana,Hisar,Loamy,67,51,49,5.8,217.5,27.6,Paddy (Rice),Kharif,12.8,7814.0,2354.0,November,Nov 05–Nov 22,Medium
Haryana,Hisar,Loamy,93,38,37,5.5,397.1,28.2,Paddy (Rice),Kharif,14.2,8404.0,2186.0,November,Nov 05–Nov 22,Medium
Haryana,Hisar,Loamy,100,51,40,6.3,480.9,25.5,Paddy (Rice),Kharif,8.3,7645.0,2277.0,November,Nov 05–Nov 22,Medium
Haryana,Hisar,Clay,112,69,64,5.9,459.1,22.1,Paddy (Rice),Kharif,13.1,7426.0,2182.0,November,Nov 05–Nov 22,Medium
Haryana,Hisar,Sandy Loam,85,52,63,5.8,419.3,24.6,Paddy (Rice),Kharif,11.5,7813.0,2454.0,November,Nov 05–Nov 22,Medium
Haryana,Hisar,Clay,94,50,43,6.4,582.9,29.0,Paddy (Rice),Kharif,15.5,8295.0,2173.0,November,Nov 05–Nov 22,Medium
Haryana,Hisar,Clay,113,51,56,6.3,554.8,27.3,Paddy (Rice),Kharif,16.5,7792.0,2400.0,November,Nov 05–Nov 22,Medium
Haryana,Hisar,Loamy,93,58,46,6.6,387.2,24.6,Paddy (Rice),Kharif,11.4,8170.0,2272.0,November,Nov 05–Nov 22,Medium
Haryana,Hisar,Sandy Loam,106,43,55,6.4,780.0,22.3,Paddy (Rice),Kharif,15.6,7667.0,2381.0,November,Nov 05–Nov 22,Medium
Haryana,Hisar,Alluvial,113,42,36,5.7,210.6,28.4,Paddy (Rice),Kharif,14.3,8079.0,2391.0,November,Nov 05–Nov 22,Medium
Haryana,Hisar,Sandy Loam,115,44,40,6.1,336.4,24.5,Paddy (Rice),Kharif,13.1,7975.0,2296.0,November,Nov 05–Nov 22,Medium
Haryana,Hisar,Clay,100,61,41,5.5,588.7,24.3,Paddy (Rice),Kharif,17.2,7445.0,2333.0,November,Nov 05–Nov 22,Medium
Haryana,Hisar,Alluvial,74,58,39,6.1,559.3,24.6,Paddy (Rice),Kharif,17.0,7561.0,2205.0,November,Nov 05–Nov 22,Medium
Haryana,Hisar,Alluvial,96,51,60,6.8,383.5,27.0,Paddy (Rice),Kharif,13.5,8293.0,2263.0,November,Nov 05–Nov 22,Medium
Haryana,Hisar,Loamy,115,55,56,6.5,618.1,26.1,Paddy (Rice),Kharif,14.5,7519.0,2358.0,November,Nov 05–Nov 22,Medium
Haryana,Hisar,Clay,104,59,33,6.4,605.5,28.0,Paddy (Rice),Kharif,17.5,7438.0,2291.0,November,Nov 05–Nov 22,Medium
Haryana,Hisar,Loamy,84,43,51,7.0,530.6,25.1,Paddy (Rice),Kharif,14.1,7666.0,2291.0,November,Nov 05–Nov 22,Medium
Haryana,Hisar,Sandy Loam,113,43,38,6.1,376.9,28.5,Paddy (Rice),Kharif,11.3,7644.0,2196.0,November,Nov 05–Nov 22,Medium
Haryana,Hisar,Loamy,94,59,62,6.5,502.6,28.5,Paddy (Rice),Kharif,8.4,8167.0,2387.0,November,Nov 05–Nov 22,Medium
Haryana,Hisar,Sandy Loam,98,53,65,5.3,557.9,27.2,Paddy (Rice),Kharif,14.8,7601.0,2243.0,November,Nov 05–Nov 22,Medium
Haryana,Hisar,Clay,90,32,54,6.1,472.0,26.3,Paddy (Rice),Kharif,18.5,8376.0,2228.0,November,Nov 05–Nov 22,Medium
Haryana,Hisar,Alluvial,100,59,44,6.5,282.2,27.2,Paddy (Rice),Kharif,12.5,7895.0,2299.0,November,Nov 05–Nov 22,Medium
Haryana,Hisar,Clay,102,44,37,6.4,461.4,26.7,Paddy (Rice),Kharif,16.5,8102.0,2424.0,November,Nov 05–Nov 22,Medium
Haryana,Hisar,Loamy,117,68,47,6.1,428.4,28.9,Paddy (Rice),Kharif,12.1,7865.0,2193.0,November,Nov 05–Nov 22,Medium
Haryana,Hisar,Loamy,91,66,49,6.8,543.1,26.6,Paddy (Rice),Kharif,10.2,8066.0,2397.0,November,Nov 05–Nov 22,Medium
Haryana,Hisar,Alluvial,110,55,49,6.3,306.1,27.8,Paddy (Rice),Kharif,10.2,8154.0,2279.0,November,Nov 05–Nov 22,Medium
Haryana,Hisar,Alluvial,102,60,43,6.4,464.4,23.4,Paddy (Rice),Kharif,15.0,7834.0,2386.0,November,Nov 05–Nov 22,Medium
Haryana,Hisar,Sandy Loam,96,52,63,6.5,411.8,28.3,Paddy (Rice),Kharif,11.3,7499.0,2179.0,November,Nov 05–Nov 22,Medium
Haryana,Hisar,Alluvial,108,44,64,6.5,480.4,29.4,Paddy (Rice),Kharif,13.8,8387.0,2300.0,November,Nov 05–Nov 22,Medium
Haryana,Hisar,Clay,111,78,38,6.8,513.9,27.0,Paddy (Rice),Kharif,17.1,7548.0,2316.0,November,Nov 05–Nov 22,Medium
Haryana,Hisar,Alluvial,85,51,68,6.5,580.7,25.3,Paddy (Rice),Kharif,20.2,8376.0,2481.0,November,Nov 05–Nov 22,Medium
Haryana,Hisar,Alluvial,99,78,57,6.1,410.1,25.7,Paddy (Rice),Kharif,18.1,7608.0,2234.0,November,Nov 05–Nov 22,Medium
Haryana,Hisar,Sandy Loam,127,46,45,5.9,492.8,28.2,Paddy (Rice),Kharif,12.8,8130.0,2269.0,November,Nov 05–Nov 22,Medium
Haryana,Hisar,Clay,92,45,59,6.2,516.7,25.4,Paddy (Rice),Kharif,14.9,8022.0,2246.0,November,Nov 05–Nov 22,Medium
Haryana,Hisar,Alluvial,119,35,57,5.7,395.4,27.8,Paddy (Rice),Kharif,13.6,8192.0,2287.0,November,Nov 05–Nov 22,Medium
Haryana,Hisar,Sandy Loam,107,37,54,6.5,651.9,26.2,Paddy (Rice),Kharif,11.2,8414.0,2325.0,November,Nov 05–Nov 22,Medium
Haryana,Hisar,Sandy Loam,67,53,39,5.8,479.4,27.3,Paddy (Rice),Kharif,12.8,7653.0,2441.0,November,Nov 05–Nov 22,Medium
Haryana,Hisar,Sandy Loam,116,29,49,6.2,300.7,27.1,Paddy (Rice),Kharif,10.3,7858.0,2476.0,November,Nov 05–Nov 22,Medium
Haryana,Hisar,Clay,102,69,52,6.2,567.0,29.3,Paddy (Rice),Kharif,14.9,8054.0,2346.0,November,Nov 05–Nov 22,Medium
Haryana,Hisar,Sandy Loam,95,47,42,6.0,462.5,23.4,Paddy (Rice),Kharif,10.3,8230.0,2305.0,November,Nov 05–Nov 22,Medium
Haryana,Hisar,Alluvial,124,61,43,5.9,376.8,28.0,Paddy (Rice),Kharif,13.8,8337.0,2271.0,November,Nov 05–Nov 22,Medium
Haryana,Hisar,Alluvial,203,84,123,6.8,213.9,25.4,Sugarcane,Annual,185.3,17797.0,339.0,January,Jan 10–Feb 15,Low
Haryana,Hisar,Loamy,176,83,134,7.3,574.3,28.5,Sugarcane,Annual,189.5,18031.0,365.0,January,Jan 10–Feb 15,Low
Haryana,Hisar,Clay,204,82,117,6.7,531.7,23.6,Sugarcane,Annual,200.8,18125.0,381.0,January,Jan 10–Feb 15,Low
Haryana,Hisar,Alluvial,196,81,128,6.3,437.1,25.4,Sugarcane,Annual,266.7,18382.0,352.0,January,Jan 10–Feb 15,Low
Haryana,Hisar,Sandy Loam,165,72,119,6.9,439.4,27.7,Sugarcane,Annual,176.0,18496.0,378.0,January,Jan 10–Feb 15,Low
Haryana,Hisar,Loamy,160,97,132,7.5,496.7,25.7,Sugarcane,Annual,209.1,18020.0,354.0,January,Jan 10–Feb 15,Low
Haryana,Hisar,Sandy Loam,184,90,114,6.9,473.6,24.5,Sugarcane,Annual,145.6,18244.0,340.0,January,Jan 10–Feb 15,Low
Haryana,Hisar,Loamy,180,72,122,7.2,394.2,23.1,Sugarcane,Annual,184.2,18306.0,340.0,January,Jan 10–Feb 15,Low
Haryana,Hisar,Clay,143,80,134,7.1,487.0,26.4,Sugarcane,Annual,235.3,19246.0,375.0,January,Jan 10–Feb 15,Low
Haryana,Hisar,Clay,153,67,126,7.0,612.6,25.9,Sugarcane,Annual,229.7,18374.0,345.0,January,Jan 10–Feb 15,Low
Haryana,Hisar,Loamy,191,73,114,7.2,446.5,29.5,Sugarcane,Annual,218.6,19203.0,370.0,January,Jan 10–Feb 15,Low
Haryana,Hisar,Sandy Loam,200,88,112,6.6,200.0,27.8,Sugarcane,Annual,155.6,19512.0,341.0,January,Jan 10–Feb 15,Low
Haryana,Hisar,Alluvial,181,71,139,6.9,420.4,27.0,Sugarcane,Annual,203.8,19570.0,352.0,January,Jan 10–Feb 15,Low
Haryana,Hisar,Loamy,172,76,129,7.3,570.1,28.6,Sugarcane,Annual,233.3,18665.0,356.0,January,Jan 10–Feb 15,Low
Haryana,Hisar,Alluvial,194,57,127,6.9,460.0,27.5,Sugarcane,Annual,238.1,17623.0,375.0,January,Jan 10–Feb 15,Low
Haryana,Hisar,Sandy Loam,180,84,120,6.8,344.3,27.2,Sugarcane,Annual,163.2,17672.0,338.0,January,Jan 10–Feb 15,Low
Haryana,Hisar,Clay,191,91,117,6.8,660.0,28.4,Sugarcane,Annual,236.1,17663.0,383.0,January,Jan 10–Feb 15,Low
Haryana,Hisar,Alluvial,213,73,126,7.0,296.5,24.7,Sugarcane,Annual,243.7,18516.0,348.0,January,Jan 10–Feb 15,Low
Haryana,Hisar,Alluvial,172,87,113,6.9,441.5,23.2,Sugarcane,Annual,197.2,19819.0,353.0,January,Jan 10–Feb 15,Low
Haryana,Hisar,Sandy Loam,174,84,122,7.4,424.0,25.8,Sugarcane,Annual,144.0,18198.0,341.0,January,Jan 10–Feb 15,Low
Haryana,Hisar,Clay,162,82,115,6.8,321.0,29.4,Sugarcane,Annual,218.7,19591.0,373.0,January,Jan 10–Feb 15,Low
Haryana,Hisar,Sandy Loam,194,86,126,6.6,525.7,24.7,Sugarcane,Annual,143.5,19292.0,335.0,January,Jan 10–Feb 15,Low
Haryana,Hisar,Loamy,173,80,111,7.1,460.1,25.2,Sugarcane,Annual,293.2,19823.0,363.0,January,Jan 10–Feb 15,Low
Haryana,Hisar,Alluvial,209,86,122,7.1,570.2,26.2,Sugarcane,Annual,209.3,19534.0,367.0,January,Jan 10–Feb 15,Low
Haryana,Hisar,Loamy,181,67,134,7.4,315.8,23.5,Sugarcane,Annual,202.1,18714.0,338.0,January,Jan 10–Feb 15,Low
Haryana,Hisar,Alluvial,188,80,127,6.7,518.9,26.9,Sugarcane,Annual,235.6,19428.0,367.0,January,Jan 10–Feb 15,Low
Haryana,Hisar,Sandy Loam,171,80,119,6.9,468.1,26.8,Sugarcane,Annual,135.2,19821.0,366.0,January,Jan 10–Feb 15,Low
Haryana,Hisar,Sandy Loam,188,89,109,6.9,398.9,27.6,Sugarcane,Annual,176.3,19137.0,371.0,January,Jan 10–Feb 15,Low
Haryana,Hisar,Sandy Loam,187,72,128,7.2,386.5,26.7,Sugarcane,Annual,132.1,17824.0,351.0,January,Jan 10–Feb 15,Low
Haryana,Hisar,Loamy,174,62,118,7.4,670.2,25.3,Sugarcane,Annual,245.5,19331.0,335.0,January,Jan 10–Feb 15,Low
Haryana,Hisar,Alluvial,184,74,121,7.3,360.4,26.9,Sugarcane,Annual,228.8,19436.0,347.0,January,Jan 10–Feb 15,Low
Haryana,Hisar,Sandy Loam,197,91,128,7.1,640.9,26.0,Sugarcane,Annual,153.7,19567.0,381.0,January,Jan 10–Feb 15,Low
Haryana,Hisar,Alluvial,173,78,131,7.2,446.9,24.3,Sugarcane,Annual,170.3,17756.0,338.0,January,Jan 10–Feb 15,Low
Haryana,Hisar,Alluvial,173,74,122,6.2,369.4,28.6,Sugarcane,Annual,216.5,19037.0,358.0,January,Jan 10–Feb 15,Low
Haryana,Hisar,Alluvial,172,87,119,7.0,413.6,28.9,Sugarcane,Annual,249.3,18003.0,351.0,January,Jan 10–Feb 15,Low
Haryana,Hisar,Clay,183,88,123,7.2,333.2,27.0,Sugarcane,Annual,171.2,19045.0,348.0,January,Jan 10–Feb 15,Low
Haryana,Hisar,Loamy,185,73,119,7.1,450.3,24.4,Sugarcane,Annual,211.1,19778.0,369.0,January,Jan 10–Feb 15,Low
Haryana,Hisar,Loamy,194,91,136,7.0,572.6,26.7,Sugarcane,Annual,261.6,18275.0,378.0,January,Jan 10–Feb 15,Low
Haryana,Hisar,Sandy Loam,171,75,127,7.0,448.8,25.8,Sugarcane,Annual,134.7,17613.0,377.0,January,Jan 10–Feb 15,Low
Haryana,Hisar,Clay,190,75,118,7.2,430.8,26.6,Sugarcane,Annual,231.5,18454.0,359.0,January,Jan 10–Feb 15,Low
Haryana,Hisar,Alluvial,171,86,124,7.5,513.0,26.3,Sugarcane,Annual,248.4,19478.0,354.0,January,Jan 10–Feb 15,Low
Haryana,Hisar,Loamy,159,82,113,7.1,456.6,29.2,Sugarcane,Annual,202.9,19845.0,337.0,January,Jan 10–Feb 15,Low
Haryana,Hisar,Sandy Loam,167,90,107,7.1,507.9,27.0,Sugarcane,Annual,194.1,19227.0,381.0,January,Jan 10–Feb 15,Low
Haryana,Hisar,Clay,150,79,123,7.1,582.4,25.2,Sugarcane,Annual,164.3,19074.0,354.0,January,Jan 10–Feb 15,Low
Haryana,Hisar,Alluvial,184,77,131,7.1,422.7,30.4,Sugarcane,Annual,199.4,17655.0,343.0,January,Jan 10–Feb 15,Low
Haryana,Hisar,Clay,209,81,121,6.9,535.9,26.1,Sugarcane,Annual,165.4,18656.0,376.0,January,Jan 10–Feb 15,Low
Haryana,Hisar,Loamy,159,87,130,7.0,491.3,28.4,Sugarcane,Annual,238.2,18871.0,372.0,January,Jan 10–Feb 15,Low
Haryana,Hisar,Clay,139,71,114,6.7,378.7,20.0,Sugarcane,Annual,267.6,17605.0,348.0,January,Jan 10–Feb 15,Low
Haryana,Hisar,Alluvial,177,86,120,7.0,421.9,25.4,Sugarcane,Annual,227.7,19646.0,360.0,January,Jan 10–Feb 15,Low
Haryana,Hisar,Alluvial,174,87,106,6.9,366.0,26.8,Sugarcane,Annual,242.8,17800.0,341.0,January,Jan 10–Feb 15,Low
Haryana,Hisar,Alluvial,216,99,124,7.1,500.0,25.6,Sugarcane,Annual,223.1,19572.0,335.0,January,Jan 10–Feb 15,Low
Haryana,Hisar,Alluvial,153,86,103,6.9,554.4,28.3,Sugarcane,Annual,195.2,19636.0,379.0,January,Jan 10–Feb 15,Low
Haryana,Hisar,Alluvial,173,77,112,7.5,534.9,25.7,Sugarcane,Annual,209.9,18432.0,344.0,January,Jan 10–Feb 15,Low
Haryana,Hisar,Loamy,193,89,112,6.7,355.6,25.6,Sugarcane,Annual,210.1,17915.0,345.0,January,Jan 10–Feb 15,Low
Haryana,Hisar,Loamy,164,83,136,7.5,295.2,28.4,Sugarcane,Annual,245.1,18717.0,347.0,January,Jan 10–Feb 15,Low
Haryana,Hisar,Loamy,162,84,129,6.8,443.4,22.8,Sugarcane,Annual,180.5,19254.0,366.0,January,Jan 10–Feb 15,Low
Haryana,Hisar,Clay,176,64,121,7.2,488.3,26.5,Sugarcane,Annual,242.9,17735.0,341.0,January,Jan 10–Feb 15,Low
Haryana,Hisar,Alluvial,171,74,123,7.2,533.2,31.0,Sugarcane,Annual,208.0,18527.0,378.0,January,Jan 10–Feb 15,Low
Haryana,Hisar,Sandy Loam,170,76,117,6.8,531.9,24.9,Sugarcane,Annual,152.1,19125.0,371.0,January,Jan 10–Feb 15,Low
Haryana,Hisar,Loamy,191,83,110,7.2,562.0,27.3,Sugarcane,Annual,225.9,17733.0,335.0,January,Jan 10–Feb 15,Low
Haryana,Hisar,Clay,152,76,113,6.8,593.3,27.0,Sugarcane,Annual,259.8,19884.0,360.0,January,Jan 10–Feb 15,Low
Haryana,Hisar,Loamy,181,89,106,7.1,320.2,26.3,Sugarcane,Annual,167.3,18602.0,351.0,January,Jan 10–Feb 15,Low
Haryana,Hisar,Loamy,189,95,125,7.1,471.6,24.0,Sugarcane,Annual,203.7,18929.0,358.0,January,Jan 10–Feb 15,Low
Haryana,Hisar,Clay,190,89,122,6.4,412.5,29.3,Sugarcane,Annual,260.5,18715.0,375.0,January,Jan 10–Feb 15,Low
Haryana,Hisar,Loamy,157,76,102,7.2,489.3,27.1,Sugarcane,Annual,213.7,19778.0,347.0,January,Jan 10–Feb 15,Low
Haryana,Hisar,Alluvial,158,94,126,7.0,276.9,25.0,Sugarcane,Annual,244.5,18692.0,368.0,January,Jan 10–Feb 15,Low
Haryana,Hisar,Sandy Loam,193,73,138,7.4,574.2,24.4,Sugarcane,Annual,151.6,19222.0,340.0,January,Jan 10–Feb 15,Low
Haryana,Hisar,Alluvial,191,66,132,6.7,476.9,26.9,Sugarcane,Annual,223.1,17918.0,350.0,January,Jan 10–Feb 15,Low
Haryana,Hisar,Loamy,186,77,127,6.8,341.8,24.3,Sugarcane,Annual,181.1,19504.0,378.0,January,Jan 10–Feb 15,Low
Haryana,Hisar,Alluvial,189,69,129,7.0,447.3,26.6,Sugarcane,Annual,157.8,19282.0,382.0,January,Jan 10–Feb 15,Low
Haryana,Hisar,Alluvial,200,93,121,7.1,505.5,25.6,Sugarcane,Annual,256.8,19224.0,353.0,January,Jan 10–Feb 15,Low
Haryana,Hisar,Clay,177,77,97,7.1,540.6,27.4,Sugarcane,Annual,237.1,17673.0,345.0,January,Jan 10–Feb 15,Low
Haryana,Hisar,Clay,172,82,125,7.3,536.4,26.7,Sugarcane,Annual,230.9,18048.0,365.0,January,Jan 10–Feb 15,Low
Haryana,Hisar,Sandy Loam,179,78,136,7.0,452.4,27.9,Sugarcane,Annual,189.6,18209.0,372.0,January,Jan 10–Feb 15,Low
Haryana,Hisar,Clay,160,91,136,7.6,417.0,25.2,Sugarcane,Annual,221.4,19229.0,382.0,January,Jan 10–Feb 15,Low
Haryana,Hisar,Clay,168,69,115,6.6,446.7,29.1,Sugarcane,Annual,212.3,17822.0,378.0,January,Jan 10–Feb 15,Low
Haryana,Hisar,Sandy Loam,200,61,128,6.8,508.4,26.6,Sugarcane,Annual,165.4,19005.0,370.0,January,Jan 10–Feb 15,Low
Haryana,Hisar,Clay,190,84,107,6.8,545.8,28.3,Sugarcane,Annual,224.2,19842.0,354.0,January,Jan 10–Feb 15,Low
Haryana,Hisar,Sandy Loam,188,92,119,6.7,405.2,28.4,Sugarcane,Annual,156.1,19346.0,344.0,January,Jan 10–Feb 15,Low
Haryana,Hisar,Loamy,178,78,111,7.1,379.4,28.6,Sugarcane,Annual,203.0,19961.0,365.0,January,Jan 10–Feb 15,Low
Haryana,Hisar,Loamy,109,52,50,6.3,656.8,28.2,Maize,Kharif,25.0,5570.0,1968.0,October,Oct 15–Nov 05,Medium
Haryana,Hisar,Sandy Loam,134,74,42,6.8,458.1,27.5,Maize,Kharif,19.3,5237.0,2017.0,October,Oct 15–Nov 05,Medium
Haryana,Hisar,Clay,130,56,45,6.8,558.4,28.8,Maize,Kharif,17.4,5378.0,2227.0,October,Oct 15–Nov 05,Medium
Haryana,Hisar,Loamy,114,54,33,6.1,427.1,27.3,Maize,Kharif,17.5,5366.0,2159.0,October,Oct 15–Nov 05,Medium
Haryana,Hisar,Sandy Loam,104,72,55,6.8,571.7,30.7,Maize,Kharif,23.8,4994.0,2202.0,October,Oct 15–Nov 05,Medium
Haryana,Hisar,Alluvial,127,52,38,6.7,378.1,25.7,Maize,Kharif,13.7,5279.0,1983.0,October,Oct 15–Nov 05,Medium
Haryana,Hisar,Alluvial,129,64,64,6.9,530.6,24.4,Maize,Kharif,16.5,5353.0,2218.0,October,Oct 15–Nov 05,Medium
Haryana,Hisar,Clay,122,68,57,7.0,381.0,21.8,Maize,Kharif,14.0,5461.0,2192.0,October,Oct 15–Nov 05,Medium
Haryana,Hisar,Clay,110,54,22,6.6,363.7,28.8,Maize,Kharif,14.3,5540.0,2089.0,October,Oct 15–Nov 05,Medium
Haryana,Hisar,Sandy Loam,141,63,44,6.1,467.9,25.4,Maize,Kharif,18.6,5144.0,2217.0,October,Oct 15–Nov 05,Medium
Haryana,Hisar,Clay,130,68,51,6.5,576.8,27.3,Maize,Kharif,15.1,5132.0,2138.0,October,Oct 15–Nov 05,Medium
Haryana,Hisar,Clay,116,57,42,6.7,588.4,27.5,Maize,Kharif,15.5,5462.0,2201.0,October,Oct 15–Nov 05,Medium
Haryana,Hisar,Clay,110,47,59,6.7,588.8,24.3,Maize,Kharif,16.3,5357.0,2068.0,October,Oct 15–Nov 05,Medium
Haryana,Hisar,Loamy,121,59,58,6.4,437.6,22.5,Maize,Kharif,23.3,5578.0,2164.0,October,Oct 15–Nov 05,Medium
Haryana,Hisar,Clay,140,70,72,7.2,537.8,26.9,Maize,Kharif,17.2,5119.0,2068.0,October,Oct 15–Nov 05,Medium
Haryana,Hisar,Loamy,143,64,27,6.5,683.7,24.6,Maize,Kharif,25.7,5422.0,1981.0,October,Oct 15–Nov 05,Medium
Haryana,Hisar,Sandy Loam,114,62,61,6.4,375.2,20.4,Maize,Kharif,16.1,5439.0,2064.0,October,Oct 15–Nov 05,Medium
Haryana,Hisar,Alluvial,114,65,66,6.6,484.7,26.7,Maize,Kharif,14.8,5275.0,2149.0,October,Oct 15–Nov 05,Medium
Haryana,Hisar,Clay,100,75,48,6.4,239.9,25.2,Maize,Kharif,13.4,5019.0,2043.0,October,Oct 15–Nov 05,Medium
Haryana,Hisar,Loamy,123,70,46,6.1,200.0,25.7,Maize,Kharif,14.9,5206.0,2106.0,October,Oct 15–Nov 05,Medium
Haryana,Hisar,Sandy Loam,144,50,57,6.1,395.3,26.4,Maize,Kharif,18.2,5078.0,2228.0,October,Oct 15–Nov 05,Medium
Haryana,Hisar,Clay,144,64,60,6.7,370.4,24.7,Maize,Kharif,14.6,5246.0,2171.0,October,Oct 15–Nov 05,Medium
Haryana,Hisar,Clay,115,73,68,6.4,463.6,23.8,Maize,Kharif,15.0,5310.0,2084.0,October,Oct 15–Nov 05,Medium
Haryana,Hisar,Alluvial,113,57,58,6.5,587.3,33.5,Maize,Kharif,18.1,5326.0,2061.0,October,Oct 15–Nov 05,Medium
Haryana,Hisar,Alluvial,105,38,50,6.4,544.2,26.4,Maize,Kharif,15.3,5290.0,2015.0,October,Oct 15–Nov 05,Medium
Haryana,Hisar,Loamy,129,47,50,6.6,308.3,28.0,Maize,Kharif,19.3,5301.0,2248.0,October,Oct 15–Nov 05,Medium
Haryana,Hisar,Sandy Loam,115,58,49,6.3,425.5,26.4,Maize,Kharif,18.0,5465.0,2223.0,October,Oct 15–Nov 05,Medium
Haryana,Hisar,Sandy Loam,123,71,33,5.9,533.9,25.6,Maize,Kharif,22.7,5148.0,2140.0,October,Oct 15–Nov 05,Medium
Haryana,Hisar,Alluvial,122,58,50,6.4,693.2,25.2,Maize,Kharif,16.4,5005.0,2141.0,October,Oct 15–Nov 05,Medium
Haryana,Hisar,Sandy Loam,140,55,47,6.6,504.5,28.2,Maize,Kharif,21.1,5566.0,2198.0,October,Oct 15–Nov 05,Medium
Haryana,Hisar,Clay,109,72,50,6.7,396.9,26.5,Maize,Kharif,14.0,5571.0,2043.0,October,Oct 15–Nov 05,Medium
Haryana,Hisar,Alluvial,119,72,48,6.2,467.4,25.3,Maize,Kharif,12.6,5013.0,2087.0,October,Oct 15–Nov 05,Medium
Haryana,Hisar,Sandy Loam,94,81,56,6.0,200.0,25.3,Maize,Kharif,12.4,5316.0,2130.0,October,Oct 15–Nov 05,Medium
Haryana,Hisar,Sandy Loam,130,55,54,6.5,502.0,24.8,Maize,Kharif,23.6,5367.0,2018.0,October,Oct 15–Nov 05,Medium
Haryana,Hisar,Sandy Loam,133,44,32,7.0,484.9,29.5,Maize,Kharif,21.2,5287.0,2062.0,October,Oct 15–Nov 05,Medium
Haryana,Hisar,Clay,122,66,59,6.2,694.1,24.7,Maize,Kharif,16.3,5119.0,2196.0,October,Oct 15–Nov 05,Medium
Haryana,Hisar,Alluvial,119,75,42,6.7,489.7,26.2,Maize,Kharif,16.5,5293.0,2177.0,October,Oct 15–Nov 05,Medium
Haryana,Hisar,Alluvial,163,66,57,6.7,278.3,26.5,Maize,Kharif,13.1,5142.0,2144.0,October,Oct 15–Nov 05,Medium
Haryana,Hisar,Alluvial,119,72,34,6.2,394.3,25.1,Maize,Kharif,15.1,5142.0,2042.0,October,Oct 15–Nov 05,Medium
Haryana,Hisar,Clay,123,62,35,6.1,310.6,26.5,Maize,Kharif,12.5,5062.0,2113.0,October,Oct 15–Nov 05,Medium
Haryana,Hisar,Sandy Loam,123,61,45,6.9,461.1,27.0,Maize,Kharif,20.2,5480.0,2039.0,October,Oct 15–Nov 05,Medium
Haryana,Hisar,Loamy,119,62,43,5.9,657.4,25.8,Maize,Kharif,23.1,5341.0,2099.0,October,Oct 15–Nov 05,Medium
Haryana,Hisar,Sandy Loam,103,59,38,6.1,485.4,25.3,Maize,Kharif,17.9,5327.0,2190.0,October,Oct 15–Nov 05,Medium
Haryana,Hisar,Alluvial,140,43,50,6.7,474.9,27.0,Maize,Kharif,15.4,5128.0,2211.0,October,Oct 15–Nov 05,Medium
Haryana,Hisar,Clay,110,45,58,7.0,305.6,27.0,Maize,Kharif,10.3,5488.0,2096.0,October,Oct 15–Nov 05,Medium
Haryana,Hisar,Sandy Loam,139,43,43,6.4,542.5,26.9,Maize,Kharif,20.1,5606.0,2073.0,October,Oct 15–Nov 05,Medium
Haryana,Hisar,Alluvial,109,48,44,6.7,265.5,26.4,Maize,Kharif,12.1,4951.0,2054.0,October,Oct 15–Nov 05,Medium
Haryana,Hisar,Loamy,93,46,48,6.7,399.2,29.8,Maize,Kharif,18.8,5452.0,1990.0,October,Oct 15–Nov 05,Medium
Haryana,Hisar,Loamy,110,43,28,6.2,588.6,27.7,Maize,Kharif,23.0,5287.0,2052.0,October,Oct 15–Nov 05,Medium
Haryana,Hisar,Sandy Loam,122,64,45,5.9,325.5,23.9,Maize,Kharif,17.9,5207.0,2007.0,October,Oct 15–Nov 05,Medium
Haryana,Hisar,Clay,123,72,74,6.7,639.5,27.8,Maize,Kharif,15.8,4953.0,2104.0,October,Oct 15–Nov 05,Medium
Haryana,Hisar,Loamy,142,57,56,6.0,336.2,27.2,Maize,Kharif,15.4,5412.0,2017.0,October,Oct 15–Nov 05,Medium
Haryana,Hisar,Clay,131,67,41,6.5,454.7,28.0,Maize,Kharif,14.4,5460.0,2207.0,October,Oct 15–Nov 05,Medium
Haryana,Hisar,Sandy Loam,110,34,59,7.3,343.8,23.3,Maize,Kharif,15.1,5191.0,1972.0,October,Oct 15–Nov 05,Medium
Haryana,Hisar,Alluvial,101,41,49,5.9,487.6,26.5,Maize,Kharif,14.8,5018.0,2154.0,October,Oct 15–Nov 05,Medium
Haryana,Hisar,Loamy,109,56,55,6.1,372.7,28.4,Maize,Kharif,14.8,5390.0,2050.0,October,Oct 15–Nov 05,Medium
Haryana,Hisar,Loamy,117,42,43,6.0,352.4,27.4,Maize,Kharif,16.0,5615.0,2140.0,October,Oct 15–Nov 05,Medium
Haryana,Hisar,Clay,117,70,56,6.6,431.6,26.0,Maize,Kharif,15.5,5272.0,2061.0,October,Oct 15–Nov 05,Medium
Haryana,Hisar,Clay,138,61,39,6.3,535.2,25.9,Maize,Kharif,18.1,5023.0,2112.0,October,Oct 15–Nov 05,Medium
Haryana,Hisar,Clay,147,53,61,6.7,660.5,23.9,Maize,Kharif,17.2,5199.0,1978.0,October,Oct 15–Nov 05,Medium
Haryana,Hisar,Sandy Loam,137,71,58,5.9,273.9,27.4,Maize,Kharif,13.0,5079.0,2008.0,October,Oct 15–Nov 05,Medium
Haryana,Hisar,Alluvial,109,70,57,6.7,640.7,26.2,Maize,Kharif,17.8,5287.0,2144.0,October,Oct 15–Nov 05,Medium
Haryana,Hisar,Loamy,136,47,52,6.5,283.8,24.7,Maize,Kharif,14.4,5352.0,2068.0,October,Oct 15–Nov 05,Medium
Haryana,Hisar,Sandy Loam,93,48,42,6.5,654.2,24.0,Maize,Kharif,23.3,5047.0,2239.0,October,Oct 15–Nov 05,Medium
Haryana,Hisar,Loamy,121,54,48,6.2,497.4,28.4,Maize,Kharif,17.6,5601.0,2222.0,October,Oct 15–Nov 05,Medium
Haryana,Hisar,Loamy,146,74,61,6.3,555.8,23.2,Maize,Kharif,20.9,5496.0,2038.0,October,Oct 15–Nov 05,Medium
Haryana,Hisar,Clay,113,68,48,6.5,509.7,24.6,Maize,Kharif,15.6,5563.0,2137.0,October,Oct 15–Nov 05,Medium
Haryana,Hisar,Sandy Loam,132,51,43,6.6,242.7,28.6,Maize,Kharif,14.2,5377.0,2097.0,October,Oct 15–Nov 05,Medium
Haryana,Hisar,Clay,141,71,46,6.5,599.6,25.5,Maize,Kharif,15.8,5509.0,2234.0,October,Oct 15–Nov 05,Medium
Haryana,Hisar,Alluvial,135,75,53,6.5,449.4,26.4,Maize,Kharif,11.3,5612.0,2029.0,October,Oct 15–Nov 05,Medium
Haryana,Hisar,Loamy,123,67,53,6.7,612.0,28.0,Maize,Kharif,23.6,5409.0,2089.0,October,Oct 15–Nov 05,Medium
Haryana,Hisar,Clay,128,67,47,6.1,556.3,24.0,Maize,Kharif,17.2,5392.0,2001.0,October,Oct 15–Nov 05,Medium
Haryana,Hisar,Alluvial,115,72,51,6.5,499.4,28.5,Maize,Kharif,13.0,5455.0,2166.0,October,Oct 15–Nov 05,Medium
Haryana,Hisar,Clay,105,43,48,6.8,457.8,25.3,Maize,Kharif,14.5,5010.0,2061.0,October,Oct 15–Nov 05,Medium
Haryana,Hisar,Clay,132,75,53,6.1,594.5,27.3,Maize,Kharif,15.2,5086.0,2246.0,October,Oct 15–Nov 05,Medium
Haryana,Hisar,Sandy Loam,107,64,29,6.1,498.5,26.4,Maize,Kharif,20.4,5136.0,2133.0,October,Oct 15–Nov 05,Medium
Haryana,Hisar,Alluvial,121,51,44,6.5,466.0,27.3,Maize,Kharif,16.0,5459.0,2104.0,October,Oct 15–Nov 05,Medium
Haryana,Hisar,Clay,141,56,44,6.7,519.5,27.9,Maize,Kharif,17.4,5012.0,2025.0,October,Oct 15–Nov 05,Medium
Haryana,Hisar,Loamy,133,66,41,6.8,491.9,25.0,Maize,Kharif,18.3,5503.0,2102.0,October,Oct 15–Nov 05,Medium
Haryana,Hisar,Sandy Loam,103,52,37,6.6,415.9,28.8,Maize,Kharif,20.0,5347.0,2059.0,October,Oct 15–Nov 05,Medium
Punjab,Ludhiana,Loamy,81,29,41,6.8,910.0,22.3,Mustard,Rabi,7.5,4029.0,5686.0,March,March 12–25,Medium
Punjab,Ludhiana,Alluvial,107,49,57,6.5,585.9,25.0,Mustard,Rabi,11.5,4453.0,5567.0,March,March 12–25,Medium
Punjab,Ludhiana,Loamy,94,45,46,6.7,848.7,20.9,Mustard,Rabi,7.1,4092.0,5997.0,March,March 12–25,Medium
Punjab,Ludhiana,Clay,85,40,38,6.6,784.3,27.4,Mustard,Rabi,5.9,4171.0,5852.0,March,March 12–25,Medium
Punjab,Ludhiana,Loamy,68,32,42,6.6,549.7,26.3,Mustard,Rabi,10.7,4259.0,5470.0,March,March 12–25,Medium
Punjab,Ludhiana,Loamy,110,55,40,6.8,759.5,23.8,Mustard,Rabi,8.2,4426.0,5645.0,March,March 12–25,Medium
Punjab,Ludhiana,Alluvial,73,26,20,6.9,620.3,25.6,Mustard,Rabi,10.1,4242.0,5277.0,March,March 12–25,Medium
Punjab,Ludhiana,Loamy,105,56,50,6.6,566.1,23.6,Mustard,Rabi,10.8,4154.0,5992.0,March,March 12–25,Medium
Punjab,Ludhiana,Alluvial,68,49,18,6.8,674.6,24.7,Mustard,Rabi,9.4,4396.0,5555.0,March,March 12–25,Medium
Punjab,Ludhiana,Clay,73,39,37,6.7,602.7,20.9,Mustard,Rabi,7.6,4134.0,5352.0,March,March 12–25,Medium
Punjab,Ludhiana,Alluvial,61,38,38,6.9,661.2,27.5,Mustard,Rabi,9.3,3990.0,5951.0,March,March 12–25,Medium
Punjab,Ludhiana,Loamy,86,35,43,7.0,725.3,24.7,Mustard,Rabi,7.7,4499.0,5997.0,March,March 12–25,Medium
Punjab,Ludhiana,Loamy,65,45,34,7.3,551.5,24.8,Mustard,Rabi,9.6,4297.0,5317.0,March,March 12–25,Medium
Punjab,Ludhiana,Alluvial,55,53,42,6.9,604.3,24.1,Mustard,Rabi,9.2,4090.0,5394.0,March,March 12–25,Medium
Punjab,Ludhiana,Alluvial,89,49,41,6.7,697.9,24.1,Mustard,Rabi,8.6,4155.0,5992.0,March,March 12–25,Medium
Punjab,Ludhiana,Loamy,92,44,36,6.5,817.3,23.2,Mustard,Rabi,8.3,4460.0,5953.0,March,March 12–25,Medium
Punjab,Ludhiana,Loamy,99,41,42,7.1,540.8,24.8,Mustard,Rabi,10.0,4407.0,5889.0,March,March 12–25,Medium
Punjab,Ludhiana,Sandy Loam,52,46,30,6.8,479.1,23.5,Mustard,Rabi,11.6,4506.0,5272.0,March,March 12–25,Medium
Punjab,Ludhiana,Sandy Loam,55,40,39,7.0,706.8,22.8,Mustard,Rabi,8.1,4012.0,5279.0,March,March 12–25,Medium
Punjab,Ludhiana,Sandy Loam,94,45,38,6.9,591.4,28.4,Mustard,Rabi,10.4,4302.0,5959.0,March,March 12–25,Medium
Punjab,Ludhiana,Loamy,55,43,43,6.8,683.4,24.7,Mustard,Rabi,8.9,4444.0,5339.0,March,March 12–25,Medium
Punjab,Ludhiana,Alluvial,69,50,54,7.0,699.9,27.6,Mustard,Rabi,7.8,4173.0,5351.0,March,March 12–25,Medium
Punjab,Ludhiana,Alluvial,94,25,49,7.0,693.8,26.7,Mustard,Rabi,9.1,4407.0,5851.0,March,March 12–25,Medium
Punjab,Ludhiana,Loamy,70,34,55,6.8,777.6,26.2,Mustard,Rabi,8.5,3996.0,5527.0,March,March 12–25,Medium
Punjab,Ludhiana,Clay,113,24,44,6.9,519.8,25.5,Mustard,Rabi,8.5,4216.0,5709.0,March,March 12–25,Medium
Punjab,Ludhiana,Loamy,89,49,38,6.9,514.0,22.0,Mustard,Rabi,10.1,4331.0,5338.0,March,March 12–25,Medium
Punjab,Ludhiana,Sandy Loam,77,30,43,6.9,537.1,27.7,Mustard,Rabi,10.3,4036.0,5565.0,March,March 12–25,Medium
Punjab,Ludhiana,Loamy,105,63,51,6.7,588.3,27.0,Mustard,Rabi,10.5,4294.0,5751.0,March,March 12–25,Medium
Punjab,Ludhiana,Alluvial,80,54,28,7.0,731.9,28.9,Mustard,Rabi,7.9,4182.0,5401.0,March,March 12–25,Medium
Punjab,Ludhiana,Loamy,54,48,32,6.2,663.1,25.5,Mustard,Rabi,9.6,4043.0,5398.0,March,March 12–25,Medium
Punjab,Ludhiana,Sandy Loam,85,42,42,7.0,480.8,24.9,Mustard,Rabi,10.0,4025.0,5793.0,March,March 12–25,Medium
Punjab,Ludhiana,Clay,68,38,39,6.6,613.3,24.6,Mustard,Rabi,7.3,4156.0,6036.0,March,March 12–25,Medium
Punjab,Ludhiana,Clay,95,36,34,7.0,735.5,25.9,Mustard,Rabi,5.8,4273.0,5874.0,March,March 12–25,Medium
Punjab,Ludhiana,Clay,81,54,56,6.4,456.0,28.5,Mustard,Rabi,7.8,4406.0,5612.0,March,March 12–25,Medium
Punjab,Ludhiana,Clay,78,37,33,6.9,800.2,23.2,Mustard,Rabi,5.6,4242.0,5910.0,March,March 12–25,Medium
Punjab,Ludhiana,Loamy,87,36,38,6.5,705.3,25.1,Mustard,Rabi,8.3,4143.0,5408.0,March,March 12–25,Medium
Punjab,Ludhiana,Alluvial,88,39,34,6.6,460.2,24.9,Mustard,Rabi,11.5,4260.0,5884.0,March,March 12–25,Medium
Punjab,Ludhiana,Sandy Loam,87,38,39,7.1,730.4,25.4,Mustard,Rabi,8.5,4274.0,5378.0,March,March 12–25,Medium
Punjab,Ludhiana,Clay,84,46,41,6.8,534.4,24.4,Mustard,Rabi,7.9,4113.0,5965.0,March,March 12–25,Medium
Punjab,Ludhiana,Alluvial,85,52,43,6.5,707.7,22.9,Mustard,Rabi,8.8,4055.0,5965.0,March,March 12–25,Medium
Punjab,Ludhiana,Sandy Loam,66,33,27,6.6,791.1,25.2,Mustard,Rabi,8.9,4132.0,5315.0,March,March 12–25,Medium
Punjab,Ludhiana,Clay,69,47,46,6.6,506.9,23.7,Mustard,Rabi,8.4,4149.0,5508.0,March,March 12–25,Medium
Punjab,Ludhiana,Loamy,96,23,39,6.7,456.9,29.8,Mustard,Rabi,11.1,4430.0,6003.0,March,March 12–25,Medium
Punjab,Ludhiana,Sandy Loam,86,32,38,6.8,754.1,29.0,Mustard,Rabi,7.8,4314.0,5638.0,March,March 12–25,Medium
Punjab,Ludhiana,Sandy Loam,86,28,26,6.7,842.0,21.7,Mustard,Rabi,7.2,4463.0,5368.0,March,March 12–25,Medium
Punjab,Ludhiana,Clay,82,35,35,6.6,504.7,22.4,Mustard,Rabi,8.1,4465.0,5988.0,March,March 12–25,Medium
Punjab,Ludhiana,Alluvial,106,34,20,6.8,688.4,23.8,Mustard,Rabi,8.9,4254.0,5578.0,March,March 12–25,Medium
Punjab,Ludhiana,Alluvial,75,28,33,6.9,806.9,23.6,Mustard,Rabi,8.8,4451.0,5284.0,March,March 12–25,Medium
Punjab,Ludhiana,Alluvial,74,20,20,7.0,549.1,25.4,Mustard,Rabi,11.4,4287.0,5887.0,March,March 12–25,Medium
Punjab,Ludhiana,Clay,73,29,43,7.2,737.5,28.7,Mustard,Rabi,8.0,4033.0,5762.0,March,March 12–25,Medium
Punjab,Ludhiana,Clay,89,36,44,7.0,478.4,26.0,Mustard,Rabi,8.2,4150.0,5506.0,March,March 12–25,Medium
Punjab,Ludhiana,Loamy,43,48,36,6.9,785.3,26.7,Mustard,Rabi,8.7,4065.0,5519.0,March,March 12–25,Medium
Punjab,Ludhiana,Sandy Loam,63,36,43,6.9,571.2,23.9,Mustard,Rabi,9.8,4476.0,6026.0,March,March 12–25,Medium
Punjab,Ludhiana,Sandy Loam,69,48,53,6.3,577.8,23.6,Mustard,Rabi,11.3,4500.0,5763.0,March,March 12–25,Medium
Punjab,Ludhiana,Clay,91,38,46,6.9,509.6,22.7,Mustard,Rabi,8.2,4058.0,5474.0,March,March 12–25,Medium
Punjab,Ludhiana,Alluvial,73,47,37,7.0,576.7,20.7,Mustard,Rabi,11.0,4063.0,5868.0,March,March 12–25,Medium
Punjab,Ludhiana,Clay,90,42,22,6.9,664.9,25.3,Mustard,Rabi,7.5,4042.0,5428.0,March,March 12–25,Medium
Punjab,Ludhiana,Loamy,84,38,26,6.3,639.3,22.3,Mustard,Rabi,9.0,4278.0,5518.0,March,March 12–25,Medium
Punjab,Ludhiana,Sandy Loam,68,45,48,6.7,624.6,28.4,Mustard,Rabi,9.6,4152.0,5576.0,March,March 12–25,Medium
Punjab,Ludhiana,Alluvial,70,54,41,6.9,534.5,25.0,Mustard,Rabi,11.0,4408.0,5724.0,March,March 12–25,Medium
Punjab,Ludhiana,Alluvial,79,64,42,6.8,640.8,27.3,Mustard,Rabi,9.3,4459.0,5409.0,March,March 12–25,Medium
Punjab,Ludhiana,Sandy Loam,80,30,37,6.7,565.8,23.9,Mustard,Rabi,9.9,4386.0,5698.0,March,March 12–25,Medium
Punjab,Ludhiana,Sandy Loam,81,48,58,7.1,500.5,23.2,Mustard,Rabi,9.9,4244.0,5344.0,March,March 12–25,Medium
Punjab,Ludhiana,Alluvial,70,32,54,6.6,570.3,25.3,Mustard,Rabi,10.9,4305.0,5824.0,March,March 12–25,Medium
Punjab,Ludhiana,Sandy Loam,83,45,49,6.8,826.3,20.4,Mustard,Rabi,7.2,4386.0,5363.0,March,March 12–25,Medium
Punjab,Ludhiana,Clay,87,30,56,6.9,620.5,23.9,Mustard,Rabi,6.2,4079.0,5568.0,March,March 12–25,Medium
Punjab,Ludhiana,Alluvial,53,37,50,7.1,637.1,22.4,Mustard,Rabi,9.4,4067.0,5877.0,March,March 12–25,Medium
Punjab,Ludhiana,Clay,76,45,32,6.5,394.8,26.5,Mustard,Rabi,8.3,4046.0,5823.0,March,March 12–25,Medium
Punjab,Ludhiana,Alluvial,62,31,49,7.1,661.6,23.0,Mustard,Rabi,9.5,4415.0,5649.0,March,March 12–25,Medium
Punjab,Ludhiana,Sandy Loam,83,26,44,6.8,667.6,25.4,Mustard,Rabi,9.4,4267.0,5513.0,March,March 12–25,Medium
Punjab,Ludhiana,Sandy Loam,85,35,45,7.0,701.6,25.7,Mustard,Rabi,9.9,4445.0,5528.0,March,March 12–25,Medium
Punjab,Ludhiana,Alluvial,82,45,41,6.8,575.1,22.1,Mustard,Rabi,10.3,4444.0,5981.0,March,March 12–25,Medium
Punjab,Ludhiana,Sandy Loam,63,39,46,6.8,694.9,24.6,Mustard,Rabi,8.2,4263.0,5400.0,March,March 12–25,Medium
Punjab,Ludhiana,Loamy,68,34,44,6.9,480.3,31.0,Mustard,Rabi,9.8,4034.0,5389.0,March,March 12–25,Medium
Punjab,Ludhiana,Clay,81,43,41,6.8,748.4,22.2,Mustard,Rabi,6.3,4278.0,5311.0,March,March 12–25,Medium
Punjab,Ludhiana,Clay,94,36,22,6.8,385.7,24.5,Mustard,Rabi,7.9,4296.0,5689.0,March,March 12–25,Medium
Punjab,Ludhiana,Clay,67,37,30,6.2,463.5,26.7,Mustard,Rabi,8.4,4107.0,5489.0,March,March 12–25,Medium
Punjab,Ludhiana,Clay,108,43,28,6.3,778.4,22.4,Mustard,Rabi,5.8,4184.0,5949.0,March,March 12–25,Medium
Punjab,Ludhiana,Sandy Loam,71,22,29,6.8,498.0,21.0,Mustard,Rabi,10.7,4145.0,5506.0,March,March 12–25,Medium
Punjab,Ludhiana,Loamy,52,44,44,7.1,680.3,25.3,Mustard,Rabi,9.1,4199.0,5319.0,March,March 12–25,Medium
Punjab,Ludhiana,Sandy Loam,121,59,44,6.5,724.5,24.7,Wheat,Rabi,17.6,5398.0,2319.0,April,April 10–28,Low
Punjab,Ludhiana,Alluvial,134,50,59,6.5,636.7,26.1,Wheat,Rabi,23.9,5232.0,2171.0,April,April 10–28,Low
Punjab,Ludhiana,Alluvial,105,62,61,6.5,619.7,25.7,Wheat,Rabi,22.0,5184.0,2330.0,April,April 10–28,Low
Punjab,Ludhiana,Loamy,120,45,39,6.7,648.6,22.6,Wheat,Rabi,23.9,5260.0,2219.0,April,April 10–28,Low
Punjab,Ludhiana,Clay,129,58,19,6.7,595.3,24.0,Wheat,Rabi,17.5,4980.0,2208.0,April,April 10–28,Low
Punjab,Ludhiana,Alluvial,143,45,52,6.4,909.3,20.9,Wheat,Rabi,17.4,5249.0,2391.0,April,April 10–28,Low
Punjab,Ludhiana,Sandy Loam,112,66,52,6.0,605.4,28.2,Wheat,Rabi,18.3,5013.0,2274.0,April,April 10–28,Low
Punjab,Ludhiana,Alluvial,119,44,45,6.8,811.3,25.6,Wheat,Rabi,20.5,5314.0,2200.0,April,April 10–28,Low
Punjab,Ludhiana,Alluvial,134,40,37,6.6,675.1,27.2,Wheat,Rabi,23.6,4991.0,2366.0,April,April 10–28,Low
Punjab,Ludhiana,Clay,83,81,39,6.4,748.6,26.7,Wheat,Rabi,16.6,5059.0,2171.0,April,April 10–28,Low
Punjab,Ludhiana,Loamy,113,63,24,6.5,534.1,26.2,Wheat,Rabi,26.5,5356.0,2381.0,April,April 10–28,Low
Punjab,Ludhiana,Clay,116,68,38,6.5,657.8,23.8,Wheat,Rabi,14.9,4859.0,2318.0,April,April 10–28,Low
Punjab,Ludhiana,Alluvial,122,57,45,6.2,612.8,24.2,Wheat,Rabi,24.4,4954.0,2247.0,April,April 10–28,Low
Punjab,Ludhiana,Alluvial,113,44,24,6.1,691.7,23.9,Wheat,Rabi,23.0,5031.0,2171.0,April,April 10–28,Low
Punjab,Ludhiana,Loamy,96,65,59,6.6,649.7,31.7,Wheat,Rabi,25.7,5323.0,2236.0,April,April 10–28,Low
Punjab,Ludhiana,Loamy,113,84,63,6.7,770.2,24.8,Wheat,Rabi,23.6,4925.0,2162.0,April,April 10–28,Low
Punjab,Ludhiana,Clay,124,53,37,6.1,489.0,23.8,Wheat,Rabi,20.8,5351.0,2383.0,April,April 10–28,Low
Punjab,Ludhiana,Alluvial,120,45,48,6.2,493.7,24.3,Wheat,Rabi,24.5,4897.0,2324.0,April,April 10–28,Low
Punjab,Ludhiana,Clay,122,84,43,6.2,805.3,24.8,Wheat,Rabi,15.1,4801.0,2326.0,April,April 10–28,Low
Punjab,Ludhiana,Alluvial,122,66,35,6.6,654.5,25.7,Wheat,Rabi,23.3,5127.0,2402.0,April,April 10–28,Low
Punjab,Ludhiana,Loamy,110,73,24,6.4,702.9,25.1,Wheat,Rabi,23.7,5273.0,2423.0,April,April 10–28,Low
Punjab,Ludhiana,Clay,116,48,51,6.3,711.9,24.2,Wheat,Rabi,20.9,4866.0,2329.0,April,April 10–28,Low
Punjab,Ludhiana,Clay,130,72,34,6.1,905.9,23.5,Wheat,Rabi,12.3,4842.0,2402.0,April,April 10–28,Low
Punjab,Ludhiana,Sandy Loam,103,69,42,6.7,682.6,23.9,Wheat,Rabi,14.2,5370.0,2396.0,April,April 10–28,Low
Punjab,Ludhiana,Alluvial,117,61,31,6.6,630.5,22.5,Wheat,Rabi,23.8,5026.0,2264.0,April,April 10–28,Low
Punjab,Ludhiana,Alluvial,107,57,30,6.2,401.1,28.6,Wheat,Rabi,25.4,4947.0,2421.0,April,April 10–28,Low
Punjab,Ludhiana,Alluvial,124,68,46,6.6,595.5,25.6,Wheat,Rabi,21.3,5301.0,2254.0,April,April 10–28,Low
Punjab,Ludhiana,Clay,130,58,55,6.6,640.6,26.8,Wheat,Rabi,15.4,4862.0,2245.0,April,April 10–28,Low
Punjab,Ludhiana,Alluvial,107,77,41,5.9,533.9,23.5,Wheat,Rabi,20.1,5214.0,2284.0,April,April 10–28,Low
Punjab,Ludhiana,Clay,110,58,30,6.1,698.4,23.6,Wheat,Rabi,18.8,5292.0,2339.0,April,April 10–28,Low
Punjab,Ludhiana,Clay,98,71,36,7.0,641.7,29.3,Wheat,Rabi,16.2,5169.0,2338.0,April,April 10–28,Low
Punjab,Ludhiana,Clay,159,72,45,7.1,901.4,27.8,Wheat,Rabi,12.4,4913.0,2264.0,April,April 10–28,Low
Punjab,Ludhiana,Alluvial,109,61,35,6.5,588.5,27.7,Wheat,Rabi,25.2,5160.0,2200.0,April,April 10–28,Low
Punjab,Ludhiana,Loamy,130,65,46,6.9,664.9,26.7,Wheat,Rabi,23.3,4910.0,2434.0,April,April 10–28,Low
Punjab,Ludhiana,Sandy Loam,137,54,28,6.1,586.4,26.6,Wheat,Rabi,17.8,5205.0,2155.0,April,April 10–28,Low
Punjab,Ludhiana,Sandy Loam,80,66,56,6.9,960.9,25.5,Wheat,Rabi,12.8,5178.0,2329.0,April,April 10–28,Low
Punjab,Ludhiana,Loamy,104,62,38,6.7,517.2,27.7,Wheat,Rabi,23.9,5142.0,2260.0,April,April 10–28,Low
Punjab,Ludhiana,Sandy Loam,113,78,41,6.5,778.6,25.5,Wheat,Rabi,15.6,5006.0,2389.0,April,April 10–28,Low
Punjab,Ludhiana,Sandy Loam,121,52,36,6.5,733.6,28.3,Wheat,Rabi,17.7,5060.0,2243.0,April,April 10–28,Low
Punjab,Ludhiana,Alluvial,135,79,40,6.3,720.0,27.5,Wheat,Rabi,26.5,5370.0,2181.0,April,April 10–28,Low
Punjab,Ludhiana,Clay,122,66,26,6.1,465.4,25.7,Wheat,Rabi,18.3,5319.0,2294.0,April,April 10–28,Low
Punjab,Ludhiana,Alluvial,117,61,49,6.1,720.2,27.7,Wheat,Rabi,24.4,5259.0,2354.0,April,April 10–28,Low
Punjab,Ludhiana,Alluvial,131,67,33,6.9,533.5,23.8,Wheat,Rabi,23.9,5269.0,2168.0,April,April 10–28,Low
Punjab,Ludhiana,Alluvial,120,60,24,6.7,618.6,26.2,Wheat,Rabi,23.0,5033.0,2194.0,April,April 10–28,Low
Punjab,Ludhiana,Loamy,77,58,46,6.4,573.6,23.7,Wheat,Rabi,24.5,5357.0,2309.0,April,April 10–28,Low
Punjab,Ludhiana,Sandy Loam,132,66,42,6.6,466.7,25.3,Wheat,Rabi,18.3,5133.0,2371.0,April,April 10–28,Low
Punjab,Ludhiana,Sandy Loam,115,56,47,6.6,520.8,24.0,Wheat,Rabi,14.8,4962.0,2279.0,April,April 10–28,Low
Punjab,Ludhiana,Sandy Loam,128,72,47,7.2,626.0,21.1,Wheat,Rabi,19.3,5049.0,2303.0,April,April 10–28,Low
Punjab,Ludhiana,Alluvial,117,50,35,6.5,691.6,26.9,Wheat,Rabi,22.7,5090.0,2184.0,April,April 10–28,Low
Punjab,Ludhiana,Alluvial,122,48,47,6.2,606.8,23.7,Wheat,Rabi,24.9,5356.0,2334.0,April,April 10–28,Low
Punjab,Ludhiana,Sandy Loam,128,67,53,6.6,619.8,24.6,Wheat,Rabi,16.2,4786.0,2213.0,April,April 10–28,Low
Punjab,Ludhiana,Clay,108,57,47,6.5,444.5,24.2,Wheat,Rabi,16.8,5140.0,2214.0,April,April 10–28,Low
Punjab,Ludhiana,Clay,94,64,45,6.6,612.2,24.7,Wheat,Rabi,19.3,5271.0,2403.0,April,April 10–28,Low
Punjab,Ludhiana,Clay,99,55,40,6.4,678.8,26.5,Wheat,Rabi,18.6,5376.0,2260.0,April,April 10–28,Low
Punjab,Ludhiana,Loamy,107,67,38,6.2,806.4,26.7,Wheat,Rabi,21.9,4922.0,2197.0,April,April 10–28,Low
Punjab,Ludhiana,Alluvial,116,61,29,5.9,629.1,25.4,Wheat,Rabi,22.0,5081.0,2337.0,April,April 10–28,Low
Punjab,Ludhiana,Loamy,113,55,32,6.7,639.9,26.1,Wheat,Rabi,20.3,4910.0,2272.0,April,April 10–28,Low
Punjab,Ludhiana,Loamy,112,54,67,6.5,651.4,26.3,Wheat,Rabi,24.4,4805.0,2192.0,April,April 10–28,Low
Punjab,Ludhiana,Sandy Loam,135,58,46,6.8,713.3,25.5,Wheat,Rabi,17.7,5085.0,2249.0,April,April 10–28,Low
Punjab,Ludhiana,Clay,95,62,32,6.5,858.0,24.2,Wheat,Rabi,14.7,5039.0,2254.0,April,April 10–28,Low
Punjab,Ludhiana,Sandy Loam,138,47,52,6.2,831.5,25.6,Wheat,Rabi,13.9,5223.0,2171.0,April,April 10–28,Low
Punjab,Ludhiana,Sandy Loam,117,61,48,6.2,633.4,25.0,Wheat,Rabi,19.0,5252.0,2357.0,April,April 10–28,Low
Punjab,Ludhiana,Clay,129,51,49,7.0,824.6,24.6,Wheat,Rabi,17.4,5341.0,2254.0,April,April 10–28,Low
Punjab,Ludhiana,Loamy,111,57,39,5.9,596.9,24.8,Wheat,Rabi,23.0,5098.0,2245.0,April,April 10–28,Low
Punjab,Ludhiana,Loamy,113,67,33,6.5,748.2,19.0,Wheat,Rabi,25.5,5279.0,2188.0,April,April 10–28,Low
Punjab,Ludhiana,Clay,122,86,54,6.6,655.1,27.7,Wheat,Rabi,17.6,4957.0,2372.0,April,April 10–28,Low
Punjab,Ludhiana,Clay,124,59,34,6.4,666.9,26.8,Wheat,Rabi,18.2,5354.0,2162.0,April,April 10–28,Low
Punjab,Ludhiana,Sandy Loam,140,58,44,6.6,712.4,26.1,Wheat,Rabi,21.2,4947.0,2436.0,April,April 10–28,Low
Punjab,Ludhiana,Alluvial,128,76,42,6.6,673.6,22.2,Wheat,Rabi,23.8,5234.0,2206.0,April,April 10–28,Low
Punjab,Ludhiana,Sandy Loam,111,57,46,6.3,517.6,22.9,Wheat,Rabi,18.0,4757.0,2378.0,April,April 10–28,Low
Punjab,Ludhiana,Sandy Loam,126,53,23,7.0,699.5,27.4,Wheat,Rabi,18.4,5183.0,2201.0,April,April 10–28,Low
Punjab,Ludhiana,Clay,119,48,49,6.2,803.0,24.7,Wheat,Rabi,15.4,5017.0,2211.0,April,April 10–28,Low
Punjab,Ludhiana,Sandy Loam,136,49,51,6.9,642.3,26.5,Wheat,Rabi,18.2,5251.0,2232.0,April,April 10–28,Low
Punjab,Ludhiana,Sandy Loam,117,69,41,6.0,589.0,22.6,Wheat,Rabi,15.4,5022.0,2410.0,April,April 10–28,Low
Punjab,Ludhiana,Clay,152,63,37,6.5,640.5,23.4,Wheat,Rabi,16.8,4790.0,2172.0,April,April 10–28,Low
Punjab,Ludhiana,Clay,120,51,51,6.2,560.9,29.7,Wheat,Rabi,17.7,5128.0,2248.0,April,April 10–28,Low
Punjab,Ludhiana,Loamy,158,56,42,7.1,591.6,23.0,Wheat,Rabi,21.1,4794.0,2174.0,April,April 10–28,Low
Punjab,Ludhiana,Clay,106,82,23,6.0,632.3,23.2,Wheat,Rabi,18.7,5001.0,2375.0,April,April 10–28,Low
Punjab,Ludhiana,Alluvial,98,63,39,6.3,683.5,26.8,Wheat,Rabi,22.2,5041.0,2432.0,April,April 10–28,Low
Punjab,Ludhiana,Loamy,110,68,49,6.0,537.8,27.3,Wheat,Rabi,21.7,5371.0,2140.0,April,April 10–28,Low
Punjab,Ludhiana,Alluvial,156,84,99,6.3,778.0,28.4,Potato,Rabi,52.3,8794.0,1405.0,February,Feb 15–March 05,High
Punjab,Ludhiana,Alluvial,168,91,83,5.6,615.1,25.8,Potato,Rabi,61.4,8958.0,1460.0,February,Feb 15–March 05,High
Punjab,Ludhiana,Loamy,143,78,107,6.1,692.6,26.5,Potato,Rabi,89.4,9016.0,1310.0,February,Feb 15–March 05,High
Punjab,Ludhiana,Clay,161,78,96,6.9,600.7,24.2,Potato,Rabi,84.1,8836.0,1420.0,February,Feb 15–March 05,High
Punjab,Ludhiana,Alluvial,148,94,108,6.2,569.6,22.7,Potato,Rabi,96.8,9523.0,1308.0,February,Feb 15–March 05,High
Punjab,Ludhiana,Clay,158,60,102,6.1,646.5,25.0,Potato,Rabi,69.4,9265.0,1472.0,February,Feb 15–March 05,High
Punjab,Ludhiana,Alluvial,114,77,104,5.9,600.9,23.8,Potato,Rabi,69.8,9176.0,1322.0,February,Feb 15–March 05,High
Punjab,Ludhiana,Loamy,143,87,114,6.1,560.5,24.6,Potato,Rabi,109.2,9058.0,1375.0,February,Feb 15–March 05,High
Punjab,Ludhiana,Loamy,134,86,83,5.8,635.6,26.4,Potato,Rabi,95.1,8907.0,1438.0,February,Feb 15–March 05,High
Punjab,Ludhiana,Sandy Loam,156,77,117,5.8,544.1,24.3,Potato,Rabi,106.1,9257.0,1412.0,February,Feb 15–March 05,High
Punjab,Ludhiana,Loamy,153,71,111,6.1,795.8,27.1,Potato,Rabi,81.0,9670.0,1449.0,February,Feb 15–March 05,High
Punjab,Ludhiana,Sandy Loam,128,77,97,6.2,880.7,27.6,Potato,Rabi,70.0,9007.0,1489.0,February,Feb 15–March 05,High
Punjab,Ludhiana,Clay,151,80,103,6.2,563.3,24.7,Potato,Rabi,85.0,9348.0,1303.0,February,Feb 15–March 05,High
Punjab,Ludhiana,Clay,137,84,95,6.3,683.7,26.1,Potato,Rabi,66.5,9631.0,1395.0,February,Feb 15–March 05,High
Punjab,Ludhiana,Alluvial,160,91,127,6.2,625.8,21.7,Potato,Rabi,73.4,9195.0,1398.0,February,Feb 15–March 05,High
Punjab,Ludhiana,Clay,144,72,108,5.4,689.2,24.3,Potato,Rabi,60.8,9767.0,1476.0,February,Feb 15–March 05,High
Punjab,Ludhiana,Alluvial,185,84,97,5.6,620.1,25.3,Potato,Rabi,65.3,9357.0,1358.0,February,Feb 15–March 05,High
Punjab,Ludhiana,Clay,144,100,92,6.1,589.9,23.6,Potato,Rabi,76.0,9749.0,1411.0,February,Feb 15–March 05,High
Punjab,Ludhiana,Sandy Loam,149,75,94,6.2,694.0,21.8,Potato,Rabi,84.3,9528.0,1473.0,February,Feb 15–March 05,High
Punjab,Ludhiana,Alluvial,174,93,98,6.3,617.4,25.6,Potato,Rabi,79.4,9445.0,1417.0,February,Feb 15–March 05,High
Punjab,Ludhiana,Sandy Loam,153,55,108,5.9,622.6,23.1,Potato,Rabi,101.7,9057.0,1357.0,February,Feb 15–March 05,High
Punjab,Ludhiana,Alluvial,150,71,91,5.6,542.4,26.6,Potato,Rabi,76.6,9855.0,1333.0,February,Feb 15–March 05,High
Punjab,Ludhiana,Sandy Loam,142,60,94,5.9,621.0,24.3,Potato,Rabi,102.8,9604.0,1452.0,February,Feb 15–March 05,High
Punjab,Ludhiana,Clay,145,95,91,5.6,487.1,23.5,Potato,Rabi,77.9,9055.0,1433.0,February,Feb 15–March 05,High
Punjab,Ludhiana,Loamy,167,72,83,6.3,758.8,25.6,Potato,Rabi,75.2,9247.0,1305.0,February,Feb 15–March 05,High
Punjab,Ludhiana,Alluvial,142,94,99,5.7,819.2,24.4,Potato,Rabi,64.9,9740.0,1449.0,February,Feb 15–March 05,High
Punjab,Ludhiana,Alluvial,141,67,98,5.4,729.9,27.4,Potato,Rabi,52.9,9474.0,1471.0,February,Feb 15–March 05,High
Punjab,Ludhiana,Loamy,135,85,113,5.8,759.3,26.5,Potato,Rabi,84.5,9442.0,1302.0,February,Feb 15–March 05,High
Punjab,Ludhiana,Sandy Loam,140,72,106,6.5,573.9,23.7,Potato,Rabi,108.8,9622.0,1479.0,February,Feb 15–March 05,High
Punjab,Ludhiana,Alluvial,140,99,91,6.4,817.4,23.9,Potato,Rabi,69.5,9184.0,1458.0,February,Feb 15–March 05,High
Punjab,Ludhiana,Alluvial,137,78,113,6.3,768.5,25.0,Potato,Rabi,62.4,9695.0,1418.0,February,Feb 15–March 05,High
Punjab,Ludhiana,Sandy Loam,148,85,88,5.7,742.4,23.6,Potato,Rabi,82.1,9237.0,1481.0,February,Feb 15–March 05,High
Punjab,Ludhiana,Alluvial,182,86,93,5.6,886.7,25.8,Potato,Rabi,70.0,9009.0,1334.0,February,Feb 15–March 05,High
Punjab,Ludhiana,Alluvial,161,101,106,6.4,610.0,24.1,Potato,Rabi,78.5,9680.0,1362.0,February,Feb 15–March 05,High
Punjab,Ludhiana,Clay,128,80,117,6.1,541.1,23.3,Potato,Rabi,68.0,8858.0,1303.0,February,Feb 15–March 05,High
Punjab,Ludhiana,Alluvial,137,87,107,6.2,596.7,21.4,Potato,Rabi,81.7,9410.0,1344.0,February,Feb 15–March 05,High
Punjab,Ludhiana,Loamy,143,86,97,6.3,582.3,26.5,Potato,Rabi,103.9,9739.0,1309.0,February,Feb 15–March 05,High
Punjab,Ludhiana,Clay,174,84,95,5.8,598.0,23.2,Potato,Rabi,84.4,9552.0,1324.0,February,Feb 15–March 05,High
Punjab,Ludhiana,Alluvial,155,94,77,5.7,870.0,24.0,Potato,Rabi,56.8,8814.0,1416.0,February,Feb 15–March 05,High
Punjab,Ludhiana,Clay,145,100,83,5.9,561.6,27.4,Potato,Rabi,90.7,9765.0,1407.0,February,Feb 15–March 05,High
Punjab,Ludhiana,Alluvial,159,85,94,6.0,863.1,25.0,Potato,Rabi,59.0,8948.0,1409.0,February,Feb 15–March 05,High
Punjab,Ludhiana,Alluvial,134,81,108,6.1,743.8,21.3,Potato,Rabi,60.5,9927.0,1331.0,February,Feb 15–March 05,High
Punjab,Ludhiana,Alluvial,147,69,105,5.7,575.6,23.0,Potato,Rabi,66.9,9690.0,1441.0,February,Feb 15–March 05,High
Punjab,Ludhiana,Loamy,159,87,111,5.6,734.6,19.4,Potato,Rabi,86.3,9014.0,1334.0,February,Feb 15–March 05,High
Punjab,Ludhiana,Sandy Loam,136,87,105,5.3,723.2,24.9,Potato,Rabi,87.7,9725.0,1324.0,February,Feb 15–March 05,High
Punjab,Ludhiana,Loamy,139,95,111,5.8,603.6,22.6,Potato,Rabi,93.8,9410.0,1347.0,February,Feb 15–March 05,High
Punjab,Ludhiana,Alluvial,152,81,100,6.1,752.0,25.2,Potato,Rabi,64.1,8925.0,1332.0,February,Feb 15–March 05,High
Punjab,Ludhiana,Loamy,133,75,103,6.4,698.0,24.3,Potato,Rabi,97.0,9779.0,1441.0,February,Feb 15–March 05,High
Punjab,Ludhiana,Loamy,142,75,111,6.2,707.8,24.0,Potato,Rabi,83.2,9183.0,1324.0,February,Feb 15–March 05,High
Punjab,Ludhiana,Loamy,153,63,89,6.1,819.3,26.2,Potato,Rabi,80.3,9198.0,1456.0,February,Feb 15–March 05,High
Punjab,Ludhiana,Clay,151,73,118,5.9,552.8,22.6,Potato,Rabi,72.9,9050.0,1422.0,February,Feb 15–March 05,High
Punjab,Ludhiana,Clay,119,66,89,6.3,876.3,26.3,Potato,Rabi,49.4,8880.0,1299.0,February,Feb 15–March 05,High
Punjab,Ludhiana,Clay,147,84,95,5.9,719.3,26.7,Potato,Rabi,63.4,9211.0,1435.0,February,Feb 15–March 05,High
Punjab,Ludhiana,Sandy Loam,144,85,99,5.8,613.9,23.5,Potato,Rabi,99.9,8997.0,1477.0,February,Feb 15–March 05,High
Punjab,Ludhiana,Alluvial,154,78,115,5.9,796.3,25.5,Potato,Rabi,59.3,9432.0,1473.0,February,Feb 15–March 05,High
Punjab,Ludhiana,Clay,143,59,98,6.3,725.6,24.5,Potato,Rabi,69.1,9241.0,1479.0,February,Feb 15–March 05,High
Punjab,Ludhiana,Loamy,145,90,105,6.1,808.3,28.0,Potato,Rabi,76.9,8920.0,1407.0,February,Feb 15–March 05,High
Punjab,Ludhiana,Clay,148,78,90,6.3,465.1,25.7,Potato,Rabi,88.8,8786.0,1488.0,February,Feb 15–March 05,High
Punjab,Ludhiana,Alluvial,149,78,111,6.3,647.1,20.5,Potato,Rabi,53.1,9369.0,1444.0,February,Feb 15–March 05,High
Punjab,Ludhiana,Sandy Loam,147,72,85,5.5,687.3,25.7,Potato,Rabi,87.9,9237.0,1315.0,February,Feb 15–March 05,High
Punjab,Ludhiana,Alluvial,151,70,106,5.6,563.2,27.1,Potato,Rabi,75.4,9138.0,1299.0,February,Feb 15–March 05,High
Punjab,Ludhiana,Sandy Loam,149,77,107,5.8,571.2,22.4,Potato,Rabi,100.7,8996.0,1386.0,February,Feb 15–March 05,High
Punjab,Ludhiana,Loamy,153,94,78,5.6,807.2,24.3,Potato,Rabi,86.0,9238.0,1429.0,February,Feb 15–March 05,High
Punjab,Ludhiana,Sandy Loam,156,71,98,6.0,749.5,23.0,Potato,Rabi,76.9,9375.0,1385.0,February,Feb 15–March 05,High
Punjab,Ludhiana,Loamy,149,73,97,5.5,866.1,22.4,Potato,Rabi,83.6,9362.0,1457.0,February,Feb 15–March 05,High
Punjab,Ludhiana,Alluvial,154,72,115,5.8,744.3,25.1,Potato,Rabi,50.0,9651.0,1313.0,February,Feb 15–March 05,High
Punjab,Ludhiana,Sandy Loam,139,89,88,5.9,780.4,24.1,Potato,Rabi,78.1,9008.0,1362.0,February,Feb 15–March 05,High
Punjab,Ludhiana,Loamy,117,110,97,6.0,828.0,25.1,Potato,Rabi,96.3,8980.0,1355.0,February,Feb 15–March 05,High
Punjab,Ludhiana,Clay,155,68,96,6.0,815.5,24.6,Potato,Rabi,69.5,9834.0,1442.0,February,Feb 15–March 05,High
Punjab,Ludhiana,Loamy,180,70,82,6.2,485.4,23.6,Potato,Rabi,106.7,9613.0,1341.0,February,Feb 15–March 05,High
Punjab,Ludhiana,Alluvial,136,88,93,5.7,720.7,28.2,Potato,Rabi,77.9,9249.0,1429.0,February,Feb 15–March 05,High
Punjab,Ludhiana,Clay,143,86,110,6.0,485.4,26.4,Potato,Rabi,72.3,9165.0,1304.0,February,Feb 15–March 05,High
Punjab,Ludhiana,Loamy,151,79,108,5.9,729.8,23.4,Potato,Rabi,90.1,9500.0,1400.0,February,Feb 15–March 05,High
Punjab,Ludhiana,Loamy,174,76,95,6.5,647.4,29.3,Potato,Rabi,83.5,9553.0,1302.0,February,Feb 15–March 05,High
Punjab,Ludhiana,Loamy,136,88,84,5.8,679.9,20.6,Potato,Rabi,86.3,9149.0,1309.0,February,Feb 15–March 05,High
Punjab,Ludhiana,Sandy Loam,144,74,92,5.6,682.4,26.8,Potato,Rabi,83.3,9686.0,1451.0,February,Feb 15–March 05,High
Punjab,Ludhiana,Loamy,191,71,103,6.1,631.6,25.3,Potato,Rabi,105.7,9066.0,1419.0,February,Feb 15–March 05,High
Punjab,Ludhiana,Alluvial,153,76,109,6.3,592.2,27.3,Potato,Rabi,81.5,9370.0,1427.0,February,Feb 15–March 05,High
Punjab,Ludhiana,Loamy,153,85,117,6.5,890.4,24.2,Potato,Rabi,78.6,8936.0,1348.0,February,Feb 15–March 05,High
Punjab,Ludhiana,Sandy Loam,184,74,93,5.7,622.7,23.0,Potato,Rabi,101.6,9027.0,1340.0,February,Feb 15–March 05,High
Punjab,Ludhiana,Clay,110,48,52,6.2,557.0,25.1,Paddy (Rice),Kharif,18.2,8384.0,2291.0,November,Nov 05–Nov 22,Medium
Punjab,Ludhiana,Clay,88,33,49,6.6,584.9,26.8,Paddy (Rice),Kharif,19.1,8373.0,2260.0,November,Nov 05–Nov 22,Medium
Punjab,Ludhiana,Clay,113,42,58,6.4,470.3,25.9,Paddy (Rice),Kharif,14.9,8377.0,2229.0,November,Nov 05–Nov 22,Medium
Punjab,Ludhiana,Sandy Loam,98,71,56,5.8,477.3,26.7,Paddy (Rice),Kharif,11.1,8388.0,2351.0,November,Nov 05–Nov 22,Medium
Punjab,Ludhiana,Loamy,98,41,60,6.2,592.3,24.8,Paddy (Rice),Kharif,12.8,8104.0,2320.0,November,Nov 05–Nov 22,Medium
Punjab,Ludhiana,Alluvial,93,33,62,6.5,731.0,25.0,Paddy (Rice),Kharif,21.6,7491.0,2445.0,November,Nov 05–Nov 22,Medium
Punjab,Ludhiana,Sandy Loam,112,47,52,6.1,751.2,22.2,Paddy (Rice),Kharif,18.4,7873.0,2292.0,November,Nov 05–Nov 22,Medium
Punjab,Ludhiana,Clay,100,53,58,6.4,495.6,24.2,Paddy (Rice),Kharif,11.7,8353.0,2249.0,November,Nov 05–Nov 22,Medium
Punjab,Ludhiana,Clay,80,44,47,6.2,684.8,27.9,Paddy (Rice),Kharif,18.6,7486.0,2217.0,November,Nov 05–Nov 22,Medium
Punjab,Ludhiana,Loamy,69,68,31,6.3,499.9,27.1,Paddy (Rice),Kharif,12.1,7427.0,2307.0,November,Nov 05–Nov 22,Medium
Punjab,Ludhiana,Loamy,66,43,58,6.5,674.2,25.6,Paddy (Rice),Kharif,14.4,8304.0,2439.0,November,Nov 05–Nov 22,Medium
Punjab,Ludhiana,Sandy Loam,101,43,61,6.3,587.2,23.5,Paddy (Rice),Kharif,11.4,7571.0,2481.0,November,Nov 05–Nov 22,Medium
Punjab,Ludhiana,Clay,101,56,58,6.2,588.6,23.0,Paddy (Rice),Kharif,19.7,7524.0,2182.0,November,Nov 05–Nov 22,Medium
Punjab,Ludhiana,Loamy,137,63,50,5.8,774.9,25.7,Paddy (Rice),Kharif,18.3,8171.0,2341.0,November,Nov 05–Nov 22,Medium
Punjab,Ludhiana,Alluvial,105,45,37,6.0,727.3,23.7,Paddy (Rice),Kharif,20.5,7499.0,2271.0,November,Nov 05–Nov 22,Medium
Punjab,Ludhiana,Clay,92,38,53,6.3,637.0,20.3,Paddy (Rice),Kharif,16.7,7412.0,2171.0,November,Nov 05–Nov 22,Medium
Punjab,Ludhiana,Clay,104,63,70,6.1,691.3,24.0,Paddy (Rice),Kharif,21.1,7720.0,2463.0,November,Nov 05–Nov 22,Medium
Punjab,Ludhiana,Alluvial,96,34,46,6.0,611.9,19.1,Paddy (Rice),Kharif,19.6,7936.0,2262.0,November,Nov 05–Nov 22,Medium
Punjab,Ludhiana,Clay,124,47,64,6.2,730.2,24.0,Paddy (Rice),Kharif,21.4,7446.0,2387.0,November,Nov 05–Nov 22,Medium
Punjab,Ludhiana,Clay,106,51,40,6.0,457.4,23.0,Paddy (Rice),Kharif,14.1,7758.0,2480.0,November,Nov 05–Nov 22,Medium
Punjab,Ludhiana,Clay,113,62,46,6.5,555.6,22.9,Paddy (Rice),Kharif,12.7,7526.0,2388.0,November,Nov 05–Nov 22,Medium
Punjab,Ludhiana,Clay,85,47,41,6.2,564.7,22.8,Paddy (Rice),Kharif,17.3,7426.0,2378.0,November,Nov 05–Nov 22,Medium
Punjab,Ludhiana,Alluvial,115,43,40,6.4,664.1,22.5,Paddy (Rice),Kharif,16.0,8339.0,2265.0,November,Nov 05–Nov 22,Medium
Punjab,Ludhiana,Loamy,76,53,56,6.0,593.7,27.0,Paddy (Rice),Kharif,11.4,7947.0,2366.0,November,Nov 05–Nov 22,Medium
Punjab,Ludhiana,Loamy,111,58,50,6.0,773.5,26.1,Paddy (Rice),Kharif,18.8,7685.0,2469.0,November,Nov 05–Nov 22,Medium
Punjab,Ludhiana,Alluvial,116,51,60,6.1,664.8,23.7,Paddy (Rice),Kharif,21.0,8220.0,2282.0,November,Nov 05–Nov 22,Medium
Punjab,Ludhiana,Loamy,108,66,54,6.5,635.3,25.9,Paddy (Rice),Kharif,11.7,7953.0,2445.0,November,Nov 05–Nov 22,Medium
Punjab,Ludhiana,Loamy,103,36,55,7.0,641.4,24.3,Paddy (Rice),Kharif,16.6,7531.0,2374.0,November,Nov 05–Nov 22,Medium
Punjab,Ludhiana,Sandy Loam,68,32,42,6.4,691.2,27.5,Paddy (Rice),Kharif,16.0,7814.0,2278.0,November,Nov 05–Nov 22,Medium
Punjab,Ludhiana,Alluvial,89,61,62,6.1,598.5,24.1,Paddy (Rice),Kharif,15.3,7782.0,2219.0,November,Nov 05–Nov 22,Medium
Punjab,Ludhiana,Clay,96,43,58,6.0,592.8,24.7,Paddy (Rice),Kharif,19.2,8413.0,2313.0,November,Nov 05–Nov 22,Medium
Punjab,Ludhiana,Clay,101,35,38,6.5,542.5,23.8,Paddy (Rice),Kharif,16.0,8041.0,2414.0,November,Nov 05–Nov 22,Medium
Punjab,Ludhiana,Alluvial,100,44,49,6.2,616.1,28.5,Paddy (Rice),Kharif,18.1,7529.0,2259.0,November,Nov 05–Nov 22,Medium
Punjab,Ludhiana,Sandy Loam,93,39,50,6.4,653.0,24.8,Paddy (Rice),Kharif,14.2,8029.0,2417.0,November,Nov 05–Nov 22,Medium
Punjab,Ludhiana,Clay,122,56,49,6.1,781.5,22.3,Paddy (Rice),Kharif,20.3,7863.0,2286.0,November,Nov 05–Nov 22,Medium
Punjab,Ludhiana,Loamy,69,40,30,6.5,615.9,23.2,Paddy (Rice),Kharif,11.6,8250.0,2276.0,November,Nov 05–Nov 22,Medium
Punjab,Ludhiana,Clay,108,71,43,6.4,797.2,23.8,Paddy (Rice),Kharif,21.9,7913.0,2407.0,November,Nov 05–Nov 22,Medium
Punjab,Ludhiana,Sandy Loam,88,32,63,6.3,915.8,24.9,Paddy (Rice),Kharif,23.8,8251.0,2250.0,November,Nov 05–Nov 22,Medium
Punjab,Ludhiana,Loamy,91,40,46,5.7,885.3,26.0,Paddy (Rice),Kharif,17.6,7517.0,2368.0,November,Nov 05–Nov 22,Medium
Punjab,Ludhiana,Alluvial,103,41,45,5.5,627.8,25.6,Paddy (Rice),Kharif,21.7,8320.0,2292.0,November,Nov 05–Nov 22,Medium
Punjab,Ludhiana,Sandy Loam,96,53,63,6.2,407.1,25.0,Paddy (Rice),Kharif,11.9,7520.0,2296.0,November,Nov 05–Nov 22,Medium
Punjab,Ludhiana,Alluvial,118,49,50,6.2,708.5,26.4,Paddy (Rice),Kharif,22.4,7938.0,2270.0,November,Nov 05–Nov 22,Medium
Punjab,Ludhiana,Sandy Loam,109,59,56,6.9,476.9,26.4,Paddy (Rice),Kharif,9.5,8193.0,2337.0,November,Nov 05–Nov 22,Medium
Punjab,Ludhiana,Sandy Loam,82,34,69,6.3,694.7,26.6,Paddy (Rice),Kharif,14.0,8308.0,2446.0,November,Nov 05–Nov 22,Medium
Punjab,Ludhiana,Alluvial,113,37,42,6.0,645.7,22.5,Paddy (Rice),Kharif,17.5,8186.0,2438.0,November,Nov 05–Nov 22,Medium
Punjab,Ludhiana,Alluvial,121,48,51,5.9,754.2,25.0,Paddy (Rice),Kharif,20.7,8306.0,2230.0,November,Nov 05–Nov 22,Medium
Punjab,Ludhiana,Alluvial,110,36,63,6.3,673.1,27.9,Paddy (Rice),Kharif,20.9,7949.0,2379.0,November,Nov 05–Nov 22,Medium
Punjab,Ludhiana,Clay,75,44,44,6.1,642.6,22.1,Paddy (Rice),Kharif,19.1,7826.0,2388.0,November,Nov 05–Nov 22,Medium
Punjab,Ludhiana,Alluvial,95,44,74,6.1,784.8,27.4,Paddy (Rice),Kharif,23.6,7719.0,2403.0,November,Nov 05–Nov 22,Medium
Punjab,Ludhiana,Alluvial,72,54,50,5.9,692.8,25.8,Paddy (Rice),Kharif,19.8,7522.0,2362.0,November,Nov 05–Nov 22,Medium
Punjab,Ludhiana,Sandy Loam,104,47,45,5.8,624.4,23.2,Paddy (Rice),Kharif,9.3,7917.0,2258.0,November,Nov 05–Nov 22,Medium
Punjab,Ludhiana,Clay,98,27,47,5.9,776.6,25.1,Paddy (Rice),Kharif,20.0,7503.0,2260.0,November,Nov 05–Nov 22,Medium
Punjab,Ludhiana,Sandy Loam,86,45,46,6.1,658.2,24.9,Paddy (Rice),Kharif,15.7,7982.0,2168.0,November,Nov 05–Nov 22,Medium
Punjab,Ludhiana,Alluvial,81,53,34,6.4,541.9,22.6,Paddy (Rice),Kharif,16.8,7585.0,2332.0,November,Nov 05–Nov 22,Medium
Punjab,Ludhiana,Loamy,89,40,48,5.9,701.3,24.5,Paddy (Rice),Kharif,14.0,8407.0,2269.0,November,Nov 05–Nov 22,Medium
Punjab,Ludhiana,Alluvial,88,57,49,6.2,645.4,29.0,Paddy (Rice),Kharif,20.5,8357.0,2164.0,November,Nov 05–Nov 22,Medium
Punjab,Ludhiana,Clay,74,47,56,6.2,646.2,26.2,Paddy (Rice),Kharif,17.2,8399.0,2369.0,November,Nov 05–Nov 22,Medium
Punjab,Ludhiana,Clay,127,61,54,6.5,534.4,25.6,Paddy (Rice),Kharif,11.9,7785.0,2275.0,November,Nov 05–Nov 22,Medium
Punjab,Ludhiana,Clay,86,35,30,6.2,716.8,27.7,Paddy (Rice),Kharif,21.9,7434.0,2172.0,November,Nov 05–Nov 22,Medium
Punjab,Ludhiana,Loamy,112,58,61,6.4,427.1,22.6,Paddy (Rice),Kharif,11.1,7746.0,2189.0,November,Nov 05–Nov 22,Medium
Punjab,Ludhiana,Sandy Loam,96,57,41,5.8,571.5,22.7,Paddy (Rice),Kharif,13.0,7624.0,2203.0,November,Nov 05–Nov 22,Medium
Punjab,Ludhiana,Clay,99,42,47,6.0,782.9,26.5,Paddy (Rice),Kharif,19.1,7443.0,2226.0,November,Nov 05–Nov 22,Medium
Punjab,Ludhiana,Sandy Loam,109,49,52,6.1,778.8,24.7,Paddy (Rice),Kharif,13.6,7447.0,2365.0,November,Nov 05–Nov 22,Medium
Punjab,Ludhiana,Alluvial,127,59,50,6.4,462.0,26.6,Paddy (Rice),Kharif,17.1,7467.0,2391.0,November,Nov 05–Nov 22,Medium
Punjab,Ludhiana,Clay,89,58,48,6.3,540.1,23.4,Paddy (Rice),Kharif,17.4,7599.0,2422.0,November,Nov 05–Nov 22,Medium
Punjab,Ludhiana,Loamy,89,56,59,6.5,535.6,21.8,Paddy (Rice),Kharif,11.3,7929.0,2339.0,November,Nov 05–Nov 22,Medium
Punjab,Ludhiana,Loamy,72,49,49,5.9,458.2,26.1,Paddy (Rice),Kharif,12.8,7966.0,2218.0,November,Nov 05–Nov 22,Medium
Punjab,Ludhiana,Alluvial,102,55,50,5.8,597.3,26.6,Paddy (Rice),Kharif,16.3,8120.0,2319.0,November,Nov 05–Nov 22,Medium
Punjab,Ludhiana,Clay,79,51,69,6.2,609.5,28.2,Paddy (Rice),Kharif,16.2,8121.0,2385.0,November,Nov 05–Nov 22,Medium
Punjab,Ludhiana,Sandy Loam,91,58,45,5.7,547.6,27.5,Paddy (Rice),Kharif,13.9,7488.0,2450.0,November,Nov 05–Nov 22,Medium
Punjab,Ludhiana,Clay,92,58,44,5.7,804.2,25.4,Paddy (Rice),Kharif,22.9,7582.0,2340.0,November,Nov 05–Nov 22,Medium
Punjab,Ludhiana,Loamy,96,43,44,6.5,500.1,23.3,Paddy (Rice),Kharif,9.7,7908.0,2459.0,November,Nov 05–Nov 22,Medium
Punjab,Ludhiana,Clay,108,48,55,6.7,760.6,25.3,Paddy (Rice),Kharif,22.9,7566.0,2224.0,November,Nov 05–Nov 22,Medium
Punjab,Ludhiana,Clay,103,47,41,6.1,733.9,23.2,Paddy (Rice),Kharif,20.0,7876.0,2399.0,November,Nov 05–Nov 22,Medium
Punjab,Ludhiana,Alluvial,79,48,52,6.4,631.5,25.9,Paddy (Rice),Kharif,16.8,8389.0,2329.0,November,Nov 05–Nov 22,Medium
Punjab,Ludhiana,Alluvial,111,58,44,6.0,794.1,26.1,Paddy (Rice),Kharif,21.7,7690.0,2358.0,November,Nov 05–Nov 22,Medium
Punjab,Ludhiana,Clay,83,55,62,6.4,550.3,21.8,Paddy (Rice),Kharif,15.9,8410.0,2373.0,November,Nov 05–Nov 22,Medium
Punjab,Ludhiana,Loamy,127,48,52,6.5,619.6,26.6,Paddy (Rice),Kharif,14.1,7595.0,2186.0,November,Nov 05–Nov 22,Medium
Punjab,Ludhiana,Sandy Loam,92,58,46,5.6,729.6,21.6,Paddy (Rice),Kharif,16.2,8275.0,2312.0,November,Nov 05–Nov 22,Medium
Punjab,Ludhiana,Loamy,70,42,73,5.7,686.0,24.5,Paddy (Rice),Kharif,13.6,8235.0,2215.0,November,Nov 05–Nov 22,Medium
Punjab,Ludhiana,Sandy Loam,195,88,112,6.2,800.1,24.2,Sugarcane,Annual,250.9,18682.0,347.0,January,Jan 10–Feb 15,Low
Punjab,Ludhiana,Loamy,170,81,116,7.3,419.2,23.0,Sugarcane,Annual,230.3,19129.0,380.0,January,Jan 10–Feb 15,Low
Punjab,Ludhiana,Loamy,193,73,116,7.2,562.2,24.9,Sugarcane,Annual,215.8,19865.0,356.0,January,Jan 10–Feb 15,Low
Punjab,Ludhiana,Loamy,174,69,131,7.3,495.7,26.6,Sugarcane,Annual,256.4,18850.0,361.0,January,Jan 10–Feb 15,Low
Punjab,Ludhiana,Loamy,215,67,121,7.2,625.1,18.9,Sugarcane,Annual,174.9,17644.0,353.0,January,Jan 10–Feb 15,Low
Punjab,Ludhiana,Alluvial,171,70,105,6.7,635.9,25.9,Sugarcane,Annual,284.9,19035.0,338.0,January,Jan 10–Feb 15,Low
Punjab,Ludhiana,Loamy,174,90,109,7.1,736.1,22.5,Sugarcane,Annual,242.8,19708.0,381.0,January,Jan 10–Feb 15,Low
Punjab,Ludhiana,Loamy,182,81,133,7.0,885.2,22.8,Sugarcane,Annual,308.5,18137.0,343.0,January,Jan 10–Feb 15,Low
Punjab,Ludhiana,Sandy Loam,169,80,120,6.9,487.8,24.1,Sugarcane,Annual,137.6,19940.0,365.0,January,Jan 10–Feb 15,Low
Punjab,Ludhiana,Loamy,187,64,125,7.4,803.2,28.3,Sugarcane,Annual,286.6,18705.0,363.0,January,Jan 10–Feb 15,Low
Punjab,Ludhiana,Clay,170,93,121,6.8,527.6,27.2,Sugarcane,Annual,234.1,19646.0,354.0,January,Jan 10–Feb 15,Low
Punjab,Ludhiana,Clay,191,80,137,7.0,870.9,26.3,Sugarcane,Annual,306.2,19535.0,373.0,January,Jan 10–Feb 15,Low
Punjab,Ludhiana,Clay,211,88,126,6.9,456.9,23.3,Sugarcane,Annual,268.0,18064.0,375.0,January,Jan 10–Feb 15,Low
Punjab,Ludhiana,Loamy,148,94,110,6.4,486.2,17.8,Sugarcane,Annual,197.6,19710.0,367.0,January,Jan 10–Feb 15,Low
Punjab,Ludhiana,Alluvial,174,87,110,6.9,867.1,21.4,Sugarcane,Annual,319.4,17681.0,343.0,January,Jan 10–Feb 15,Low
Punjab,Ludhiana,Sandy Loam,193,82,122,6.7,767.6,21.6,Sugarcane,Annual,203.8,18743.0,347.0,January,Jan 10–Feb 15,Low
Punjab,Ludhiana,Sandy Loam,206,80,108,6.8,525.5,26.3,Sugarcane,Annual,136.7,19707.0,366.0,January,Jan 10–Feb 15,Low
Punjab,Ludhiana,Loamy,170,85,126,7.0,613.3,20.6,Sugarcane,Annual,216.5,18407.0,339.0,January,Jan 10–Feb 15,Low
Punjab,Ludhiana,Loamy,199,63,114,7.1,606.7,25.0,Sugarcane,Annual,212.9,18015.0,374.0,January,Jan 10–Feb 15,Low
Punjab,Ludhiana,Loamy,177,91,116,7.0,700.5,25.4,Sugarcane,Annual,241.9,19477.0,363.0,January,Jan 10–Feb 15,Low
Punjab,Ludhiana,Clay,199,78,103,6.4,648.8,25.9,Sugarcane,Annual,244.5,17774.0,372.0,January,Jan 10–Feb 15,Low
Punjab,Ludhiana,Alluvial,197,76,134,7.1,569.0,21.8,Sugarcane,Annual,186.4,17997.0,367.0,January,Jan 10–Feb 15,Low
Punjab,Ludhiana,Clay,180,81,111,6.9,513.7,24.9,Sugarcane,Annual,249.3,18066.0,366.0,January,Jan 10–Feb 15,Low
Punjab,Ludhiana,Loamy,177,82,129,6.8,761.0,26.1,Sugarcane,Annual,287.7,18798.0,373.0,January,Jan 10–Feb 15,Low
Punjab,Ludhiana,Clay,181,68,123,6.8,827.4,25.3,Sugarcane,Annual,323.3,17724.0,350.0,January,Jan 10–Feb 15,Low
Punjab,Ludhiana,Loamy,210,80,113,6.9,785.2,26.6,Sugarcane,Annual,266.1,19545.0,378.0,January,Jan 10–Feb 15,Low
Punjab,Ludhiana,Loamy,166,57,133,6.9,466.7,23.3,Sugarcane,Annual,270.2,18410.0,344.0,January,Jan 10–Feb 15,Low
Punjab,Ludhiana,Loamy,209,90,129,6.9,570.0,27.1,Sugarcane,Annual,243.5,18125.0,352.0,January,Jan 10–Feb 15,Low
Punjab,Ludhiana,Loamy,175,106,118,7.2,705.0,24.8,Sugarcane,Annual,260.3,18745.0,342.0,January,Jan 10–Feb 15,Low
Punjab,Ludhiana,Loamy,168,77,111,6.8,489.2,20.4,Sugarcane,Annual,228.2,18757.0,337.0,January,Jan 10–Feb 15,Low
Punjab,Ludhiana,Alluvial,180,85,108,7.1,782.1,19.6,Sugarcane,Annual,275.7,18606.0,379.0,January,Jan 10–Feb 15,Low
Punjab,Ludhiana,Clay,156,74,129,6.9,691.2,23.5,Sugarcane,Annual,257.3,18324.0,339.0,January,Jan 10–Feb 15,Low
Punjab,Ludhiana,Loamy,178,77,121,6.8,614.8,21.3,Sugarcane,Annual,262.7,18880.0,376.0,January,Jan 10–Feb 15,Low
Punjab,Ludhiana,Alluvial,175,57,137,6.7,592.9,25.4,Sugarcane,Annual,177.7,18355.0,364.0,January,Jan 10–Feb 15,Low
Punjab,Ludhiana,Sandy Loam,182,75,106,7.0,670.0,21.4,Sugarcane,Annual,198.9,19142.0,375.0,January,Jan 10–Feb 15,Low
Punjab,Ludhiana,Loamy,183,73,134,7.1,774.6,23.3,Sugarcane,Annual,299.6,19279.0,338.0,January,Jan 10–Feb 15,Low
Punjab,Ludhiana,Sandy Loam,152,81,125,6.7,592.1,24.9,Sugarcane,Annual,174.8,19416.0,359.0,January,Jan 10–Feb 15,Low
Punjab,Ludhiana,Sandy Loam,221,91,124,6.7,749.3,24.2,Sugarcane,Annual,184.7,17725.0,346.0,January,Jan 10–Feb 15,Low
Punjab,Ludhiana,Loamy,179,87,119,7.0,666.1,24.4,Sugarcane,Annual,228.1,19731.0,375.0,January,Jan 10–Feb 15,Low
Punjab,Ludhiana,Loamy,175,87,108,6.1,646.2,25.8,Sugarcane,Annual,238.3,19251.0,348.0,January,Jan 10–Feb 15,Low
Punjab,Ludhiana,Sandy Loam,172,74,117,6.8,678.5,24.2,Sugarcane,Annual,193.9,19928.0,355.0,January,Jan 10–Feb 15,Low
Punjab,Ludhiana,Sandy Loam,171,89,134,7.3,567.2,26.2,Sugarcane,Annual,164.9,17963.0,375.0,January,Jan 10–Feb 15,Low
Punjab,Ludhiana,Loamy,191,79,136,6.7,671.2,25.0,Sugarcane,Annual,187.1,18960.0,358.0,January,Jan 10–Feb 15,Low
Punjab,Ludhiana,Loamy,202,96,125,7.3,489.4,25.7,Sugarcane,Annual,219.1,18749.0,358.0,January,Jan 10–Feb 15,Low
Punjab,Ludhiana,Sandy Loam,202,78,141,6.8,498.4,26.8,Sugarcane,Annual,122.5,17897.0,375.0,January,Jan 10–Feb 15,Low
Punjab,Ludhiana,Sandy Loam,185,79,106,7.5,784.1,27.4,Sugarcane,Annual,163.7,19897.0,341.0,January,Jan 10–Feb 15,Low
Punjab,Ludhiana,Alluvial,180,78,129,6.8,469.1,23.9,Sugarcane,Annual,238.4,18628.0,370.0,January,Jan 10–Feb 15,Low
Punjab,Ludhiana,Loamy,179,65,106,6.9,591.5,22.7,Sugarcane,Annual,219.4,19200.0,336.0,January,Jan 10–Feb 15,Low
Punjab,Ludhiana,Loamy,183,68,125,6.6,616.1,25.2,Sugarcane,Annual,227.8,18908.0,344.0,January,Jan 10–Feb 15,Low
Punjab,Ludhiana,Alluvial,150,87,118,7.4,491.3,24.7,Sugarcane,Annual,184.6,17755.0,380.0,January,Jan 10–Feb 15,Low
Punjab,Ludhiana,Alluvial,207,68,138,7.6,496.6,22.0,Sugarcane,Annual,240.4,18449.0,373.0,January,Jan 10–Feb 15,Low
Punjab,Ludhiana,Loamy,185,84,115,7.7,563.6,26.2,Sugarcane,Annual,191.6,19367.0,381.0,January,Jan 10–Feb 15,Low
Punjab,Ludhiana,Loamy,191,57,117,7.2,879.9,23.9,Sugarcane,Annual,298.4,17948.0,356.0,January,Jan 10–Feb 15,Low
Punjab,Ludhiana,Loamy,173,81,131,6.9,649.3,22.9,Sugarcane,Annual,246.4,18648.0,349.0,January,Jan 10–Feb 15,Low
Punjab,Ludhiana,Loamy,182,81,111,6.5,586.4,28.5,Sugarcane,Annual,249.5,17879.0,364.0,January,Jan 10–Feb 15,Low
Punjab,Ludhiana,Alluvial,161,66,118,7.2,695.1,23.2,Sugarcane,Annual,265.7,18176.0,365.0,January,Jan 10–Feb 15,Low
Punjab,Ludhiana,Clay,169,81,123,7.3,796.8,19.3,Sugarcane,Annual,295.6,19319.0,363.0,January,Jan 10–Feb 15,Low
Punjab,Ludhiana,Alluvial,177,77,116,6.7,565.4,27.4,Sugarcane,Annual,215.4,18620.0,366.0,January,Jan 10–Feb 15,Low
Punjab,Ludhiana,Sandy Loam,174,89,114,7.3,596.2,27.7,Sugarcane,Annual,154.8,19322.0,336.0,January,Jan 10–Feb 15,Low
Punjab,Ludhiana,Clay,193,83,138,7.3,617.3,26.5,Sugarcane,Annual,231.8,19522.0,372.0,January,Jan 10–Feb 15,Low
Punjab,Ludhiana,Clay,208,73,120,6.9,537.6,24.4,Sugarcane,Annual,178.1,19235.0,347.0,January,Jan 10–Feb 15,Low
Punjab,Ludhiana,Alluvial,190,86,110,7.2,669.1,25.1,Sugarcane,Annual,241.1,18283.0,344.0,January,Jan 10–Feb 15,Low
Punjab,Ludhiana,Loamy,170,78,129,6.8,482.6,25.9,Sugarcane,Annual,245.6,19554.0,378.0,January,Jan 10–Feb 15,Low
Punjab,Ludhiana,Loamy,179,89,127,7.2,790.1,24.1,Sugarcane,Annual,277.5,17919.0,382.0,January,Jan 10–Feb 15,Low
Punjab,Ludhiana,Clay,176,65,124,7.4,628.5,24.1,Sugarcane,Annual,205.9,19564.0,345.0,January,Jan 10–Feb 15,Low
Punjab,Ludhiana,Clay,164,85,131,7.3,609.3,23.8,Sugarcane,Annual,234.1,18476.0,352.0,January,Jan 10–Feb 15,Low
Punjab,Ludhiana,Alluvial,211,81,123,6.7,821.0,23.4,Sugarcane,Annual,311.8,19924.0,347.0,January,Jan 10–Feb 15,Low
Punjab,Ludhiana,Sandy Loam,190,91,104,7.0,582.8,26.3,Sugarcane,Annual,118.0,18524.0,363.0,January,Jan 10–Feb 15,Low
Punjab,Ludhiana,Alluvial,211,94,128,7.0,569.6,25.6,Sugarcane,Annual,192.7,18357.0,370.0,January,Jan 10–Feb 15,Low
Punjab,Ludhiana,Clay,192,69,110,6.9,540.5,26.9,Sugarcane,Annual,212.2,18718.0,366.0,January,Jan 10–Feb 15,Low
Punjab,Ludhiana,Loamy,197,72,109,7.1,735.1,27.2,Sugarcane,Annual,278.3,18900.0,338.0,January,Jan 10–Feb 15,Low
Punjab,Ludhiana,Sandy Loam,211,72,114,7.3,614.5,25.7,Sugarcane,Annual,169.0,18889.0,363.0,January,Jan 10–Feb 15,Low
Punjab,Ludhiana,Alluvial,189,57,132,7.0,737.8,24.0,Sugarcane,Annual,310.3,19121.0,374.0,January,Jan 10–Feb 15,Low
Punjab,Ludhiana,Loamy,179,77,126,6.7,670.8,23.7,Sugarcane,Annual,212.9,19576.0,367.0,January,Jan 10–Feb 15,Low
Punjab,Ludhiana,Sandy Loam,180,70,112,7.4,511.6,27.3,Sugarcane,Annual,195.4,19342.0,343.0,January,Jan 10–Feb 15,Low
Punjab,Ludhiana,Clay,190,84,105,6.9,454.7,28.2,Sugarcane,Annual,236.8,19107.0,377.0,January,Jan 10–Feb 15,Low
Punjab,Ludhiana,Loamy,190,97,98,7.6,485.7,26.9,Sugarcane,Annual,170.3,18990.0,353.0,January,Jan 10–Feb 15,Low
Punjab,Ludhiana,Clay,187,89,126,7.3,543.1,24.9,Sugarcane,Annual,227.5,17854.0,339.0,January,Jan 10–Feb 15,Low
Punjab,Ludhiana,Loamy,183,80,110,7.3,812.7,23.8,Sugarcane,Annual,277.1,19765.0,337.0,January,Jan 10–Feb 15,Low
Punjab,Ludhiana,Loamy,221,80,121,6.7,632.9,24.5,Sugarcane,Annual,231.7,19784.0,349.0,January,Jan 10–Feb 15,Low
Punjab,Ludhiana,Alluvial,96,40,37,6.5,791.1,23.6,Maize,Kharif,17.3,5322.0,2012.0,October,Oct 15–Nov 05,Medium
Punjab,Ludhiana,Loamy,128,53,49,6.3,384.7,24.3,Maize,Kharif,18.1,5315.0,2078.0,October,Oct 15–Nov 05,Medium
Punjab,Ludhiana,Clay,123,71,54,6.3,851.1,23.8,Maize,Kharif,18.8,5366.0,2136.0,October,Oct 15–Nov 05,Medium
Punjab,Ludhiana,Alluvial,89,71,63,6.5,371.2,25.2,Maize,Kharif,13.7,5174.0,2029.0,October,Oct 15–Nov 05,Medium
Punjab,Ludhiana,Clay,124,54,47,6.7,650.4,23.0,Maize,Kharif,17.8,5028.0,2163.0,October,Oct 15–Nov 05,Medium
Punjab,Ludhiana,Sandy Loam,146,61,44,6.6,581.4,25.0,Maize,Kharif,22.0,5273.0,2053.0,October,Oct 15–Nov 05,Medium
Punjab,Ludhiana,Sandy Loam,108,56,53,6.0,845.4,27.1,Maize,Kharif,24.2,5042.0,2211.0,October,Oct 15–Nov 05,Medium
Punjab,Ludhiana,Sandy Loam,125,59,39,6.9,860.8,23.2,Maize,Kharif,24.4,5013.0,2020.0,October,Oct 15–Nov 05,Medium
Punjab,Ludhiana,Alluvial,132,43,39,6.5,580.2,23.8,Maize,Kharif,18.3,5121.0,2207.0,October,Oct 15–Nov 05,Medium
Punjab,Ludhiana,Clay,114,65,44,6.3,485.5,25.1,Maize,Kharif,15.9,5043.0,2062.0,October,Oct 15–Nov 05,Medium
Punjab,Ludhiana,Clay,127,41,33,6.4,476.1,25.2,Maize,Kharif,17.0,5434.0,2179.0,October,Oct 15–Nov 05,Medium
Punjab,Ludhiana,Loamy,112,52,54,6.3,468.6,25.5,Maize,Kharif,19.6,4957.0,1982.0,October,Oct 15–Nov 05,Medium
Punjab,Ludhiana,Loamy,154,52,61,6.4,544.7,25.9,Maize,Kharif,26.4,5117.0,2071.0,October,Oct 15–Nov 05,Medium
Punjab,Ludhiana,Alluvial,112,66,43,6.4,499.6,21.4,Maize,Kharif,15.8,5300.0,2141.0,October,Oct 15–Nov 05,Medium
Punjab,Ludhiana,Alluvial,134,63,57,6.5,728.7,25.8,Maize,Kharif,16.7,5195.0,2026.0,October,Oct 15–Nov 05,Medium
Punjab,Ludhiana,Clay,118,62,44,6.4,485.0,22.4,Maize,Kharif,13.3,4942.0,2197.0,October,Oct 15–Nov 05,Medium
Punjab,Ludhiana,Clay,118,57,55,6.4,726.4,26.8,Maize,Kharif,16.8,5302.0,2163.0,October,Oct 15–Nov 05,Medium
Punjab,Ludhiana,Sandy Loam,136,47,54,6.8,603.6,24.3,Maize,Kharif,23.3,5004.0,2215.0,October,Oct 15–Nov 05,Medium
Punjab,Ludhiana,Clay,135,48,45,6.5,535.5,23.3,Maize,Kharif,18.3,4991.0,2133.0,October,Oct 15–Nov 05,Medium
Punjab,Ludhiana,Clay,120,57,59,6.6,639.3,24.4,Maize,Kharif,18.7,5149.0,2160.0,October,Oct 15–Nov 05,Medium
Punjab,Ludhiana,Sandy Loam,127,48,45,6.6,627.2,23.8,Maize,Kharif,23.6,5068.0,2154.0,October,Oct 15–Nov 05,Medium
Punjab,Ludhiana,Alluvial,139,53,48,6.7,442.8,26.3,Maize,Kharif,14.3,5536.0,2150.0,October,Oct 15–Nov 05,Medium
Punjab,Ludhiana,Clay,97,57,60,6.6,402.4,23.7,Maize,Kharif,13.9,5569.0,1968.0,October,Oct 15–Nov 05,Medium
Punjab,Ludhiana,Loamy,106,57,64,6.4,619.8,22.5,Maize,Kharif,21.9,5058.0,2195.0,October,Oct 15–Nov 05,Medium
Punjab,Ludhiana,Sandy Loam,125,53,54,6.6,862.5,27.1,Maize,Kharif,24.3,5530.0,2050.0,October,Oct 15–Nov 05,Medium
Punjab,Ludhiana,Loamy,141,59,52,5.9,810.8,29.3,Maize,Kharif,21.8,5367.0,2159.0,October,Oct 15–Nov 05,Medium
Punjab,Ludhiana,Loamy,151,62,41,6.8,570.8,25.6,Maize,Kharif,23.0,5580.0,2041.0,October,Oct 15–Nov 05,Medium
Punjab,Ludhiana,Alluvial,146,49,52,6.4,970.5,28.4,Maize,Kharif,10.9,5396.0,2055.0,October,Oct 15–Nov 05,Medium
Punjab,Ludhiana,Loamy,121,70,60,6.2,891.8,26.4,Maize,Kharif,22.0,5561.0,2052.0,October,Oct 15–Nov 05,Medium
Punjab,Ludhiana,Alluvial,106,51,59,6.6,652.2,26.0,Maize,Kharif,17.4,5458.0,2094.0,October,Oct 15–Nov 05,Medium
Punjab,Ludhiana,Clay,101,70,41,6.6,642.8,27.1,Maize,Kharif,16.6,5031.0,1996.0,October,Oct 15–Nov 05,Medium
Punjab,Ludhiana,Clay,94,49,38,6.4,737.6,24.0,Maize,Kharif,17.1,5022.0,2186.0,October,Oct 15–Nov 05,Medium
Punjab,Ludhiana,Loamy,105,53,33,6.5,647.3,21.8,Maize,Kharif,22.5,5613.0,2235.0,October,Oct 15–Nov 05,Medium
Punjab,Ludhiana,Sandy Loam,111,82,56,6.6,617.9,25.9,Maize,Kharif,22.5,5468.0,2193.0,October,Oct 15–Nov 05,Medium
Punjab,Ludhiana,Clay,139,67,47,6.7,620.7,20.8,Maize,Kharif,16.4,5243.0,2240.0,October,Oct 15–Nov 05,Medium
Punjab,Ludhiana,Clay,130,64,39,5.9,638.6,24.6,Maize,Kharif,14.4,5572.0,2185.0,October,Oct 15–Nov 05,Medium
Punjab,Ludhiana,Clay,140,56,47,6.5,620.8,27.8,Maize,Kharif,15.4,5157.0,2098.0,October,Oct 15–Nov 05,Medium
Punjab,Ludhiana,Sandy Loam,112,68,51,6.6,584.7,23.8,Maize,Kharif,24.5,5516.0,2181.0,October,Oct 15–Nov 05,Medium
Punjab,Ludhiana,Alluvial,112,68,56,6.3,626.6,19.4,Maize,Kharif,15.3,5503.0,2221.0,October,Oct 15–Nov 05,Medium
Punjab,Ludhiana,Alluvial,104,63,56,7.1,725.8,22.9,Maize,Kharif,14.9,5440.0,2126.0,October,Oct 15–Nov 05,Medium
Punjab,Ludhiana,Sandy Loam,121,69,63,6.6,677.9,23.2,Maize,Kharif,20.5,5027.0,2228.0,October,Oct 15–Nov 05,Medium
Punjab,Ludhiana,Sandy Loam,130,58,34,6.7,811.9,20.7,Maize,Kharif,22.1,5336.0,1971.0,October,Oct 15–Nov 05,Medium
Punjab,Ludhiana,Loamy,143,66,62,6.4,630.9,25.9,Maize,Kharif,25.6,5235.0,2181.0,October,Oct 15–Nov 05,Medium
Punjab,Ludhiana,Loamy,103,43,51,6.5,605.1,25.1,Maize,Kharif,21.4,5462.0,1980.0,October,Oct 15–Nov 05,Medium
Punjab,Ludhiana,Alluvial,118,52,40,6.4,423.6,21.5,Maize,Kharif,14.9,5173.0,2095.0,October,Oct 15–Nov 05,Medium
Punjab,Ludhiana,Sandy Loam,133,63,59,6.8,738.8,27.0,Maize,Kharif,22.1,5595.0,1966.0,October,Oct 15–Nov 05,Medium
Punjab,Ludhiana,Alluvial,95,66,52,6.4,703.9,24.7,Maize,Kharif,16.9,5368.0,1995.0,October,Oct 15–Nov 05,Medium
Punjab,Ludhiana,Clay,143,57,43,6.4,470.6,24.3,Maize,Kharif,12.6,5041.0,2165.0,October,Oct 15–Nov 05,Medium
Punjab,Ludhiana,Sandy Loam,128,68,42,6.2,828.5,25.2,Maize,Kharif,20.4,5246.0,2123.0,October,Oct 15–Nov 05,Medium
Punjab,Ludhiana,Clay,109,72,47,6.5,757.5,19.9,Maize,Kharif,15.5,5593.0,2193.0,October,Oct 15–Nov 05,Medium
Punjab,Ludhiana,Sandy Loam,127,50,52,6.3,745.3,26.8,Maize,Kharif,23.2,5381.0,1997.0,October,Oct 15–Nov 05,Medium
Punjab,Ludhiana,Loamy,139,49,44,6.2,677.6,25.8,Maize,Kharif,22.0,5129.0,2222.0,October,Oct 15–Nov 05,Medium
Punjab,Ludhiana,Clay,106,70,38,6.8,511.1,24.0,Maize,Kharif,16.2,4964.0,2020.0,October,Oct 15–Nov 05,Medium
Punjab,Ludhiana,Clay,119,60,43,6.1,458.3,23.7,Maize,Kharif,17.4,5174.0,2103.0,October,Oct 15–Nov 05,Medium
Punjab,Ludhiana,Alluvial,112,75,37,7.4,451.5,21.2,Maize,Kharif,15.9,5594.0,2081.0,October,Oct 15–Nov 05,Medium
Punjab,Ludhiana,Sandy Loam,128,64,33,6.5,600.9,25.0,Maize,Kharif,23.5,5225.0,2177.0,October,Oct 15–Nov 05,Medium
Punjab,Ludhiana,Clay,117,52,36,6.6,700.4,21.3,Maize,Kharif,15.4,5285.0,2147.0,October,Oct 15–Nov 05,Medium
Punjab,Ludhiana,Sandy Loam,110,70,19,6.3,596.7,23.3,Maize,Kharif,21.9,5507.0,2003.0,October,Oct 15–Nov 05,Medium
Punjab,Ludhiana,Alluvial,127,55,55,6.6,615.2,24.9,Maize,Kharif,18.7,5074.0,2212.0,October,Oct 15–Nov 05,Medium
Punjab,Ludhiana,Sandy Loam,137,57,63,6.3,686.8,25.3,Maize,Kharif,22.2,5513.0,2142.0,October,Oct 15–Nov 05,Medium
Punjab,Ludhiana,Loamy,137,67,66,6.4,708.5,31.0,Maize,Kharif,21.4,5501.0,2005.0,October,Oct 15–Nov 05,Medium
Punjab,Ludhiana,Alluvial,125,52,46,7.0,675.5,23.8,Maize,Kharif,16.8,5257.0,2066.0,October,Oct 15–Nov 05,Medium
Punjab,Ludhiana,Loamy,89,70,52,6.3,502.5,26.3,Maize,Kharif,23.7,5146.0,2125.0,October,Oct 15–Nov 05,Medium
Punjab,Ludhiana,Sandy Loam,132,65,57,6.3,488.5,29.2,Maize,Kharif,20.1,5035.0,2248.0,October,Oct 15–Nov 05,Medium
Punjab,Ludhiana,Sandy Loam,118,36,63,6.4,616.9,21.9,Maize,Kharif,23.4,5322.0,2177.0,October,Oct 15–Nov 05,Medium
Punjab,Ludhiana,Loamy,127,62,60,6.5,490.7,24.4,Maize,Kharif,21.9,5147.0,2072.0,October,Oct 15–Nov 05,Medium
Punjab,Ludhiana,Loamy,107,49,35,6.3,406.8,25.5,Maize,Kharif,19.8,5019.0,2198.0,October,Oct 15–Nov 05,Medium
Punjab,Ludhiana,Alluvial,146,51,53,6.4,608.1,24.4,Maize,Kharif,17.6,5129.0,2019.0,October,Oct 15–Nov 05,Medium
Punjab,Ludhiana,Clay,136,67,57,5.8,835.3,27.5,Maize,Kharif,19.0,5342.0,2084.0,October,Oct 15–Nov 05,Medium
Punjab,Ludhiana,Sandy Loam,133,54,56,6.7,841.7,22.5,Maize,Kharif,21.4,5394.0,2036.0,October,Oct 15–Nov 05,Medium
Punjab,Ludhiana,Alluvial,135,76,48,5.8,468.4,24.5,Maize,Kharif,15.9,5040.0,2068.0,October,Oct 15–Nov 05,Medium
Punjab,Ludhiana,Sandy Loam,118,72,69,6.8,532.4,23.1,Maize,Kharif,23.3,5100.0,1994.0,October,Oct 15–Nov 05,Medium
Punjab,Ludhiana,Alluvial,149,69,65,6.8,720.9,24.0,Maize,Kharif,16.7,5011.0,2165.0,October,Oct 15–Nov 05,Medium
Punjab,Ludhiana,Clay,126,57,54,6.7,671.8,23.0,Maize,Kharif,17.8,4941.0,2225.0,October,Oct 15–Nov 05,Medium
Punjab,Ludhiana,Sandy Loam,92,62,36,6.4,508.4,26.9,Maize,Kharif,24.2,5494.0,2140.0,October,Oct 15–Nov 05,Medium
Punjab,Ludhiana,Alluvial,118,70,46,6.2,572.8,26.6,Maize,Kharif,16.7,4982.0,2135.0,October,Oct 15–Nov 05,Medium
Punjab,Ludhiana,Alluvial,120,43,46,6.6,646.4,26.2,Maize,Kharif,20.1,5144.0,2050.0,October,Oct 15–Nov 05,Medium
Punjab,Ludhiana,Sandy Loam,110,71,46,6.3,598.3,21.1,Maize,Kharif,23.4,5142.0,2168.0,October,Oct 15–Nov 05,Medium
Punjab,Ludhiana,Clay,117,73,37,6.7,600.3,23.8,Maize,Kharif,17.3,5030.0,2099.0,October,Oct 15–Nov 05,Medium
Punjab,Ludhiana,Clay,146,58,44,6.6,566.6,21.9,Maize,Kharif,16.2,5137.0,2151.0,October,Oct 15–Nov 05,Medium
Uttar Pradesh,Saharanpur,Alluvial,64,31,17,6.9,955.2,26.2,Mustard,Rabi,6.2,4245.0,5829.0,March,March 12–25,Medium
Uttar Pradesh,Saharanpur,Loamy,29,30,26,6.5,792.3,28.8,Mustard,Rabi,8.8,4484.0,5614.0,March,March 12–25,Medium
Uttar Pradesh,Saharanpur,Loamy,60,31,33,6.5,798.0,28.0,Mustard,Rabi,7.6,4529.0,6013.0,March,March 12–25,Medium
Uttar Pradesh,Saharanpur,Loamy,86,55,42,7.0,1046.0,25.9,Mustard,Rabi,7.5,4500.0,5582.0,March,March 12–25,Medium
Uttar Pradesh,Saharanpur,Sandy Loam,103,44,62,6.9,817.5,23.0,Mustard,Rabi,8.0,4381.0,5280.0,March,March 12–25,Medium
Uttar Pradesh,Saharanpur,Clay,69,36,41,7.3,848.1,22.6,Mustard,Rabi,5.6,4383.0,5493.0,March,March 12–25,Medium
Uttar Pradesh,Saharanpur,Sandy Loam,81,40,26,6.9,786.8,24.1,Mustard,Rabi,9.0,4089.0,5989.0,March,March 12–25,Medium
Uttar Pradesh,Saharanpur,Loamy,91,27,27,6.2,897.8,24.2,Mustard,Rabi,8.3,4024.0,5381.0,March,March 12–25,Medium
Uttar Pradesh,Saharanpur,Sandy Loam,92,39,53,6.7,928.8,24.4,Mustard,Rabi,5.5,4406.0,5358.0,March,March 12–25,Medium
Uttar Pradesh,Saharanpur,Alluvial,82,35,31,6.9,777.4,29.4,Mustard,Rabi,8.5,4512.0,5595.0,March,March 12–25,Medium
Uttar Pradesh,Saharanpur,Alluvial,89,48,47,6.5,885.3,26.9,Mustard,Rabi,7.0,4502.0,5305.0,March,March 12–25,Medium
Uttar Pradesh,Saharanpur,Loamy,61,45,47,6.4,906.5,22.2,Mustard,Rabi,7.7,4236.0,5315.0,March,March 12–25,Medium
Uttar Pradesh,Saharanpur,Sandy Loam,97,16,63,6.6,708.7,25.8,Mustard,Rabi,9.3,4141.0,5431.0,March,March 12–25,Medium
Uttar Pradesh,Saharanpur,Loamy,76,56,35,6.9,846.0,25.1,Mustard,Rabi,7.4,4023.0,5661.0,March,March 12–25,Medium
Uttar Pradesh,Saharanpur,Clay,99,42,42,6.7,805.3,27.4,Mustard,Rabi,6.3,4320.0,5975.0,March,March 12–25,Medium
Uttar Pradesh,Saharanpur,Loamy,107,35,52,7.2,877.2,25.9,Mustard,Rabi,8.2,4390.0,5360.0,March,March 12–25,Medium
Uttar Pradesh,Saharanpur,Sandy Loam,76,41,27,7.0,897.8,21.6,Mustard,Rabi,7.0,4373.0,5278.0,March,March 12–25,Medium
Uttar Pradesh,Saharanpur,Alluvial,82,40,34,6.8,789.7,23.9,Mustard,Rabi,7.8,4277.0,5462.0,March,March 12–25,Medium
Uttar Pradesh,Saharanpur,Clay,71,44,59,6.6,1021.4,26.2,Mustard,Rabi,4.8,4459.0,5271.0,March,March 12–25,Medium
Uttar Pradesh,Saharanpur,Alluvial,88,49,44,6.7,991.3,18.0,Mustard,Rabi,6.6,4505.0,5466.0,March,March 12–25,Medium
Uttar Pradesh,Saharanpur,Alluvial,105,30,35,7.0,974.5,25.2,Mustard,Rabi,6.8,4018.0,5614.0,March,March 12–25,Medium
Uttar Pradesh,Saharanpur,Alluvial,104,19,34,7.1,1011.3,22.0,Mustard,Rabi,7.2,4087.0,5330.0,March,March 12–25,Medium
Uttar Pradesh,Saharanpur,Loamy,55,38,34,6.8,794.6,25.2,Mustard,Rabi,8.9,4463.0,5889.0,March,March 12–25,Medium
Uttar Pradesh,Saharanpur,Sandy Loam,76,49,23,6.9,886.3,23.7,Mustard,Rabi,8.3,4501.0,5466.0,March,March 12–25,Medium
Uttar Pradesh,Saharanpur,Sandy Loam,89,42,62,7.0,890.5,27.5,Mustard,Rabi,6.9,4222.0,5431.0,March,March 12–25,Medium
Uttar Pradesh,Saharanpur,Alluvial,84,41,35,7.1,725.1,22.5,Mustard,Rabi,8.5,4104.0,5797.0,March,March 12–25,Medium
Uttar Pradesh,Saharanpur,Loamy,83,64,32,6.9,908.5,27.5,Mustard,Rabi,7.5,4418.0,5691.0,March,March 12–25,Medium
Uttar Pradesh,Saharanpur,Sandy Loam,68,40,51,6.7,753.6,30.7,Mustard,Rabi,8.2,4352.0,5289.0,March,March 12–25,Medium
Uttar Pradesh,Saharanpur,Clay,77,50,39,6.2,749.6,25.7,Mustard,Rabi,7.4,4263.0,5578.0,March,March 12–25,Medium
Uttar Pradesh,Saharanpur,Loamy,78,38,43,5.9,752.6,25.3,Mustard,Rabi,9.0,4419.0,5508.0,March,March 12–25,Medium
Uttar Pradesh,Saharanpur,Clay,83,40,27,6.3,864.8,25.9,Mustard,Rabi,5.6,4000.0,5522.0,March,March 12–25,Medium
Uttar Pradesh,Saharanpur,Sandy Loam,88,57,31,7.0,1037.4,25.8,Mustard,Rabi,6.4,4441.0,5562.0,March,March 12–25,Medium
Uttar Pradesh,Saharanpur,Alluvial,64,36,51,6.5,713.7,27.0,Mustard,Rabi,8.3,4430.0,5719.0,March,March 12–25,Medium
Uttar Pradesh,Saharanpur,Loamy,86,24,45,6.8,832.9,28.3,Mustard,Rabi,6.8,4234.0,6006.0,March,March 12–25,Medium
Uttar Pradesh,Saharanpur,Loamy,94,29,58,7.0,970.4,27.3,Mustard,Rabi,7.1,4395.0,5510.0,March,March 12–25,Medium
Uttar Pradesh,Saharanpur,Clay,85,44,44,6.9,925.0,27.3,Mustard,Rabi,5.3,4298.0,5765.0,March,March 12–25,Medium
Uttar Pradesh,Saharanpur,Alluvial,57,55,32,7.1,1004.6,28.5,Mustard,Rabi,6.7,4489.0,5581.0,March,March 12–25,Medium
Uttar Pradesh,Saharanpur,Loamy,100,25,53,6.9,1015.0,22.4,Mustard,Rabi,7.4,4412.0,6044.0,March,March 12–25,Medium
Uttar Pradesh,Saharanpur,Alluvial,70,44,49,6.1,689.9,23.7,Mustard,Rabi,8.6,4088.0,5753.0,March,March 12–25,Medium
Uttar Pradesh,Saharanpur,Clay,74,24,51,6.5,644.7,23.9,Mustard,Rabi,5.7,4486.0,5345.0,March,March 12–25,Medium
Uttar Pradesh,Saharanpur,Sandy Loam,56,49,36,7.4,759.4,25.2,Mustard,Rabi,7.9,4412.0,5732.0,March,March 12–25,Medium
Uttar Pradesh,Saharanpur,Clay,82,41,31,6.7,689.2,23.3,Mustard,Rabi,6.1,4385.0,5606.0,March,March 12–25,Medium
Uttar Pradesh,Saharanpur,Clay,73,46,29,6.4,848.9,24.3,Mustard,Rabi,5.9,4166.0,5668.0,March,March 12–25,Medium
Uttar Pradesh,Saharanpur,Alluvial,39,39,50,6.5,928.8,26.3,Mustard,Rabi,7.4,3990.0,5615.0,March,March 12–25,Medium
Uttar Pradesh,Saharanpur,Clay,106,35,26,7.1,815.6,23.3,Mustard,Rabi,6.1,4266.0,5384.0,March,March 12–25,Medium
Uttar Pradesh,Saharanpur,Sandy Loam,87,29,38,6.8,756.4,27.1,Mustard,Rabi,8.1,4372.0,5299.0,March,March 12–25,Medium
Uttar Pradesh,Saharanpur,Alluvial,59,45,49,6.3,1174.8,25.3,Mustard,Rabi,5.8,4353.0,5293.0,March,March 12–25,Medium
Uttar Pradesh,Saharanpur,Alluvial,87,55,29,7.1,817.2,24.3,Mustard,Rabi,7.7,4255.0,5802.0,March,March 12–25,Medium
Uttar Pradesh,Saharanpur,Alluvial,106,34,36,7.1,952.4,28.9,Mustard,Rabi,7.3,4016.0,5450.0,March,March 12–25,Medium
Uttar Pradesh,Saharanpur,Alluvial,83,45,41,7.3,921.6,24.6,Mustard,Rabi,7.2,4278.0,5934.0,March,March 12–25,Medium
Uttar Pradesh,Saharanpur,Sandy Loam,68,35,42,6.7,778.3,21.8,Mustard,Rabi,9.4,4211.0,5944.0,March,March 12–25,Medium
Uttar Pradesh,Saharanpur,Loamy,104,22,35,7.0,867.4,25.9,Mustard,Rabi,6.3,4204.0,5864.0,March,March 12–25,Medium
Uttar Pradesh,Saharanpur,Loamy,96,49,43,6.8,876.9,25.3,Mustard,Rabi,7.1,4195.0,5406.0,March,March 12–25,Medium
Uttar Pradesh,Saharanpur,Alluvial,40,45,26,7.2,916.1,24.6,Mustard,Rabi,7.4,4004.0,5756.0,March,March 12–25,Medium
Uttar Pradesh,Saharanpur,Sandy Loam,78,47,33,7.3,718.3,25.8,Mustard,Rabi,8.0,4497.0,5521.0,March,March 12–25,Medium
Uttar Pradesh,Saharanpur,Clay,84,62,50,7.2,916.1,26.6,Mustard,Rabi,6.7,4089.0,5604.0,March,March 12–25,Medium
Uttar Pradesh,Saharanpur,Loamy,102,62,50,6.6,908.6,26.1,Mustard,Rabi,8.4,4472.0,5521.0,March,March 12–25,Medium
Uttar Pradesh,Saharanpur,Loamy,56,31,51,6.1,917.0,29.3,Mustard,Rabi,6.9,3999.0,5621.0,March,March 12–25,Medium
Uttar Pradesh,Saharanpur,Loamy,90,44,32,6.6,686.0,24.6,Mustard,Rabi,8.7,4213.0,5926.0,March,March 12–25,Medium
Uttar Pradesh,Saharanpur,Clay,76,39,30,7.2,933.0,27.4,Mustard,Rabi,6.4,4362.0,5677.0,March,March 12–25,Medium
Uttar Pradesh,Saharanpur,Clay,92,65,54,6.7,813.1,21.9,Mustard,Rabi,5.8,4331.0,5767.0,March,March 12–25,Medium
Uttar Pradesh,Saharanpur,Clay,89,27,28,6.9,732.7,30.2,Mustard,Rabi,6.8,4219.0,5645.0,March,March 12–25,Medium
Uttar Pradesh,Saharanpur,Alluvial,83,27,39,7.2,851.8,24.4,Mustard,Rabi,8.6,4508.0,5321.0,March,March 12–25,Medium
Uttar Pradesh,Saharanpur,Loamy,80,44,34,7.1,765.2,25.9,Mustard,Rabi,9.0,4178.0,5749.0,March,March 12–25,Medium
Uttar Pradesh,Saharanpur,Sandy Loam,88,45,49,6.8,900.3,22.7,Mustard,Rabi,7.2,4073.0,5466.0,March,March 12–25,Medium
Uttar Pradesh,Saharanpur,Loamy,90,23,38,6.7,734.5,25.6,Mustard,Rabi,7.8,4037.0,5307.0,March,March 12–25,Medium
Uttar Pradesh,Saharanpur,Loamy,92,52,44,7.2,582.3,25.3,Mustard,Rabi,10.7,4104.0,5608.0,March,March 12–25,Medium
Uttar Pradesh,Saharanpur,Clay,82,36,42,7.2,801.4,20.0,Mustard,Rabi,6.3,4517.0,5774.0,March,March 12–25,Medium
Uttar Pradesh,Saharanpur,Loamy,97,45,31,6.5,979.4,24.5,Mustard,Rabi,6.9,4045.0,5301.0,March,March 12–25,Medium
Uttar Pradesh,Saharanpur,Clay,76,51,42,7.0,841.6,23.4,Mustard,Rabi,5.8,4241.0,5645.0,March,March 12–25,Medium
Uttar Pradesh,Saharanpur,Sandy Loam,52,37,44,7.3,682.2,22.3,Mustard,Rabi,8.8,4083.0,5336.0,March,March 12–25,Medium
Uttar Pradesh,Saharanpur,Loamy,61,44,30,6.8,932.8,26.0,Mustard,Rabi,7.8,4458.0,5471.0,March,March 12–25,Medium
Uttar Pradesh,Saharanpur,Sandy Loam,77,45,47,6.7,857.1,24.3,Mustard,Rabi,7.6,4211.0,5621.0,March,March 12–25,Medium
Uttar Pradesh,Saharanpur,Loamy,85,32,48,6.6,679.5,27.9,Mustard,Rabi,9.3,4274.0,5483.0,March,March 12–25,Medium
Uttar Pradesh,Saharanpur,Alluvial,77,26,42,6.3,959.5,23.2,Mustard,Rabi,6.1,4258.0,5276.0,March,March 12–25,Medium
Uttar Pradesh,Saharanpur,Clay,78,24,32,6.6,824.1,24.8,Mustard,Rabi,4.9,4417.0,6040.0,March,March 12–25,Medium
Uttar Pradesh,Saharanpur,Alluvial,80,52,37,6.4,821.5,28.7,Mustard,Rabi,7.2,4224.0,5271.0,March,March 12–25,Medium
Uttar Pradesh,Saharanpur,Sandy Loam,60,49,26,6.7,991.9,24.4,Mustard,Rabi,6.7,4403.0,5423.0,March,March 12–25,Medium
Uttar Pradesh,Saharanpur,Sandy Loam,76,38,43,6.7,913.2,23.7,Mustard,Rabi,7.5,4229.0,5938.0,March,March 12–25,Medium
Uttar Pradesh,Saharanpur,Clay,89,27,44,6.7,1024.0,25.3,Mustard,Rabi,3.9,4087.0,5335.0,March,March 12–25,Medium
Uttar Pradesh,Saharanpur,Clay,122,50,34,6.7,805.9,26.0,Wheat,Rabi,15.5,5326.0,2198.0,April,April 10–28,Low
Uttar Pradesh,Saharanpur,Clay,125,53,27,6.1,983.4,28.5,Wheat,Rabi,14.7,4782.0,2271.0,April,April 10–28,Low
Uttar Pradesh,Saharanpur,Alluvial,132,57,51,6.3,839.6,22.9,Wheat,Rabi,20.9,5106.0,2178.0,April,April 10–28,Low
Uttar Pradesh,Saharanpur,Sandy Loam,130,67,39,6.2,818.4,25.9,Wheat,Rabi,17.1,5279.0,2392.0,April,April 10–28,Low
Uttar Pradesh,Saharanpur,Clay,124,50,42,6.5,829.0,19.5,Wheat,Rabi,16.7,5389.0,2268.0,April,April 10–28,Low
Uttar Pradesh,Saharanpur,Alluvial,140,58,32,6.6,745.5,24.4,Wheat,Rabi,21.3,4776.0,2440.0,April,April 10–28,Low
Uttar Pradesh,Saharanpur,Alluvial,111,68,49,6.1,834.5,27.0,Wheat,Rabi,21.1,4826.0,2253.0,April,April 10–28,Low
Uttar Pradesh,Saharanpur,Clay,119,68,34,6.7,1311.0,24.4,Wheat,Rabi,10.6,5204.0,2172.0,April,April 10–28,Low
Uttar Pradesh,Saharanpur,Sandy Loam,117,50,40,6.7,814.7,22.1,Wheat,Rabi,18.1,4821.0,2284.0,April,April 10–28,Low
Uttar Pradesh,Saharanpur,Sandy Loam,115,40,35,6.7,823.6,25.9,Wheat,Rabi,15.3,4829.0,2157.0,April,April 10–28,Low
Uttar Pradesh,Saharanpur,Clay,112,28,42,6.2,871.3,24.7,Wheat,Rabi,12.9,5255.0,2236.0,April,April 10–28,Low
Uttar Pradesh,Saharanpur,Sandy Loam,123,59,47,6.3,818.2,24.2,Wheat,Rabi,13.5,5119.0,2325.0,April,April 10–28,Low
Uttar Pradesh,Saharanpur,Clay,118,48,33,6.8,944.2,23.2,Wheat,Rabi,11.0,5010.0,2226.0,April,April 10–28,Low
Uttar Pradesh,Saharanpur,Loamy,94,73,23,6.7,964.4,28.5,Wheat,Rabi,17.9,4974.0,2202.0,April,April 10–28,Low
Uttar Pradesh,Saharanpur,Sandy Loam,110,62,50,6.2,1011.9,25.9,Wheat,Rabi,12.4,4932.0,2340.0,April,April 10–28,Low
Uttar Pradesh,Saharanpur,Clay,147,55,48,6.6,664.7,28.4,Wheat,Rabi,21.3,4919.0,2283.0,April,April 10–28,Low
Uttar Pradesh,Saharanpur,Sandy Loam,117,61,44,6.8,890.1,28.2,Wheat,Rabi,14.1,5143.0,2295.0,April,April 10–28,Low
Uttar Pradesh,Saharanpur,Alluvial,115,50,38,6.4,755.2,23.5,Wheat,Rabi,18.5,5054.0,2320.0,April,April 10–28,Low
Uttar Pradesh,Saharanpur,Clay,154,72,38,6.6,863.0,27.5,Wheat,Rabi,15.8,4962.0,2394.0,April,April 10–28,Low
Uttar Pradesh,Saharanpur,Alluvial,118,46,38,7.4,879.8,21.4,Wheat,Rabi,18.6,4805.0,2334.0,April,April 10–28,Low
Uttar Pradesh,Saharanpur,Clay,100,67,33,6.1,873.1,24.2,Wheat,Rabi,13.5,4955.0,2188.0,April,April 10–28,Low
Uttar Pradesh,Saharanpur,Alluvial,128,62,33,6.1,905.4,29.3,Wheat,Rabi,16.1,5020.0,2142.0,April,April 10–28,Low
Uttar Pradesh,Saharanpur,Sandy Loam,122,48,21,6.2,895.8,27.4,Wheat,Rabi,15.7,5321.0,2333.0,April,April 10–28,Low
Uttar Pradesh,Saharanpur,Clay,141,63,40,6.8,746.1,27.1,Wheat,Rabi,16.7,5196.0,2431.0,April,April 10–28,Low
Uttar Pradesh,Saharanpur,Sandy Loam,95,43,15,6.8,778.8,27.7,Wheat,Rabi,17.9,5182.0,2386.0,April,April 10–28,Low
Uttar Pradesh,Saharanpur,Clay,119,60,39,6.3,1083.8,26.7,Wheat,Rabi,13.2,4775.0,2224.0,April,April 10–28,Low
Uttar Pradesh,Saharanpur,Clay,104,61,29,6.2,932.5,26.8,Wheat,Rabi,13.7,5368.0,2218.0,April,April 10–28,Low
Uttar Pradesh,Saharanpur,Loamy,104,69,66,6.4,1080.5,25.4,Wheat,Rabi,18.2,4813.0,2166.0,April,April 10–28,Low
Uttar Pradesh,Saharanpur,Alluvial,135,53,56,6.3,689.1,24.1,Wheat,Rabi,24.8,4828.0,2237.0,April,April 10–28,Low
Uttar Pradesh,Saharanpur,Alluvial,117,42,33,6.3,795.0,22.6,Wheat,Rabi,19.6,5070.0,2232.0,April,April 10–28,Low
Uttar Pradesh,Saharanpur,Sandy Loam,93,68,52,6.3,1007.2,26.2,Wheat,Rabi,14.9,4751.0,2395.0,April,April 10–28,Low
Uttar Pradesh,Saharanpur,Loamy,131,55,54,6.9,903.2,24.8,Wheat,Rabi,19.4,4982.0,2393.0,April,April 10–28,Low
Uttar Pradesh,Saharanpur,Alluvial,137,64,44,6.5,999.4,23.9,Wheat,Rabi,17.9,5241.0,2151.0,April,April 10–28,Low
Uttar Pradesh,Saharanpur,Loamy,123,63,42,6.9,620.0,26.5,Wheat,Rabi,25.2,5019.0,2437.0,April,April 10–28,Low
Uttar Pradesh,Saharanpur,Alluvial,141,59,43,6.4,635.6,24.8,Wheat,Rabi,22.4,4848.0,2305.0,April,April 10–28,Low
Uttar Pradesh,Saharanpur,Sandy Loam,107,63,42,6.3,798.8,28.0,Wheat,Rabi,14.2,4833.0,2190.0,April,April 10–28,Low
Uttar Pradesh,Saharanpur,Loamy,110,55,47,6.4,865.2,25.9,Wheat,Rabi,21.8,5228.0,2201.0,April,April 10–28,Low
Uttar Pradesh,Saharanpur,Loamy,94,51,35,6.9,680.1,23.6,Wheat,Rabi,23.8,4885.0,2180.0,April,April 10–28,Low
Uttar Pradesh,Saharanpur,Clay,102,59,43,6.7,761.8,23.0,Wheat,Rabi,16.4,5124.0,2452.0,April,April 10–28,Low
Uttar Pradesh,Saharanpur,Sandy Loam,134,78,46,5.6,811.1,23.6,Wheat,Rabi,16.5,4867.0,2457.0,April,April 10–28,Low
Uttar Pradesh,Saharanpur,Alluvial,98,72,41,6.5,884.2,22.1,Wheat,Rabi,19.2,4766.0,2199.0,April,April 10–28,Low
Uttar Pradesh,Saharanpur,Alluvial,122,63,50,6.6,813.4,23.9,Wheat,Rabi,21.4,5335.0,2276.0,April,April 10–28,Low
Uttar Pradesh,Saharanpur,Clay,107,44,33,6.3,916.2,23.7,Wheat,Rabi,8.8,4756.0,2273.0,April,April 10–28,Low
Uttar Pradesh,Saharanpur,Alluvial,123,36,46,6.6,777.3,26.0,Wheat,Rabi,20.2,4957.0,2399.0,April,April 10–28,Low
Uttar Pradesh,Saharanpur,Loamy,121,68,40,6.4,790.2,26.2,Wheat,Rabi,23.5,4879.0,2161.0,April,April 10–28,Low
Uttar Pradesh,Saharanpur,Alluvial,122,71,60,6.2,739.7,25.1,Wheat,Rabi,26.3,5160.0,2303.0,April,April 10–28,Low
Uttar Pradesh,Saharanpur,Alluvial,108,56,36,7.2,754.4,27.0,Wheat,Rabi,22.6,5350.0,2415.0,April,April 10–28,Low
Uttar Pradesh,Saharanpur,Alluvial,154,54,46,6.7,839.0,23.0,Wheat,Rabi,17.8,5322.0,2433.0,April,April 10–28,Low
Uttar Pradesh,Saharanpur,Loamy,120,53,30,6.3,810.3,27.0,Wheat,Rabi,21.5,5103.0,2309.0,April,April 10–28,Low
Uttar Pradesh,Saharanpur,Alluvial,116,59,63,6.5,930.3,23.9,Wheat,Rabi,17.6,4797.0,2147.0,April,April 10–28,Low
Uttar Pradesh,Saharanpur,Clay,117,51,36,6.4,889.6,26.9,Wheat,Rabi,14.3,5273.0,2435.0,April,April 10–28,Low
Uttar Pradesh,Saharanpur,Loamy,143,55,46,6.5,756.0,25.4,Wheat,Rabi,21.7,5115.0,2317.0,April,April 10–28,Low
Uttar Pradesh,Saharanpur,Sandy Loam,135,64,41,6.6,773.8,27.1,Wheat,Rabi,14.8,5021.0,2236.0,April,April 10–28,Low
Uttar Pradesh,Saharanpur,Loamy,115,46,51,6.4,923.1,24.2,Wheat,Rabi,19.5,5224.0,2215.0,April,April 10–28,Low
Uttar Pradesh,Saharanpur,Alluvial,103,56,31,6.9,924.8,26.4,Wheat,Rabi,20.4,4891.0,2387.0,April,April 10–28,Low
Uttar Pradesh,Saharanpur,Sandy Loam,143,43,28,6.0,1009.9,27.9,Wheat,Rabi,10.7,4926.0,2322.0,April,April 10–28,Low
Uttar Pradesh,Saharanpur,Clay,131,58,25,6.9,739.9,26.0,Wheat,Rabi,17.1,4825.0,2176.0,April,April 10–28,Low
Uttar Pradesh,Saharanpur,Sandy Loam,126,68,46,6.2,1080.6,27.9,Wheat,Rabi,11.3,5144.0,2204.0,April,April 10–28,Low
Uttar Pradesh,Saharanpur,Sandy Loam,122,50,58,6.9,980.6,25.1,Wheat,Rabi,12.7,5170.0,2389.0,April,April 10–28,Low
Uttar Pradesh,Saharanpur,Clay,133,56,44,6.6,742.2,25.3,Wheat,Rabi,14.4,5060.0,2271.0,April,April 10–28,Low
Uttar Pradesh,Saharanpur,Sandy Loam,130,61,43,6.7,870.5,21.3,Wheat,Rabi,16.8,4858.0,2445.0,April,April 10–28,Low
Uttar Pradesh,Saharanpur,Sandy Loam,98,72,56,7.0,940.4,26.4,Wheat,Rabi,11.5,5374.0,2307.0,April,April 10–28,Low
Uttar Pradesh,Saharanpur,Sandy Loam,118,68,25,6.4,877.7,27.1,Wheat,Rabi,13.0,4833.0,2414.0,April,April 10–28,Low
Uttar Pradesh,Saharanpur,Loamy,100,61,55,6.5,1018.4,25.4,Wheat,Rabi,16.5,5398.0,2437.0,April,April 10–28,Low
Uttar Pradesh,Saharanpur,Sandy Loam,116,68,37,6.2,741.6,23.8,Wheat,Rabi,19.7,4901.0,2424.0,April,April 10–28,Low
Uttar Pradesh,Saharanpur,Loamy,97,57,21,6.4,834.2,27.5,Wheat,Rabi,21.1,4793.0,2323.0,April,April 10–28,Low
Uttar Pradesh,Saharanpur,Sandy Loam,140,50,42,6.3,731.6,23.1,Wheat,Rabi,18.7,4822.0,2336.0,April,April 10–28,Low
Uttar Pradesh,Saharanpur,Alluvial,104,57,37,6.3,772.9,25.9,Wheat,Rabi,21.9,5171.0,2260.0,April,April 10–28,Low
Uttar Pradesh,Saharanpur,Alluvial,125,59,44,7.3,693.7,23.4,Wheat,Rabi,24.3,5299.0,2445.0,April,April 10–28,Low
Uttar Pradesh,Saharanpur,Sandy Loam,125,41,31,6.6,816.0,24.4,Wheat,Rabi,16.4,4879.0,2398.0,April,April 10–28,Low
Uttar Pradesh,Saharanpur,Loamy,111,52,33,6.7,881.5,26.8,Wheat,Rabi,19.3,5289.0,2400.0,April,April 10–28,Low
Uttar Pradesh,Saharanpur,Clay,118,66,42,6.4,824.0,24.2,Wheat,Rabi,14.3,5187.0,2409.0,April,April 10–28,Low
Uttar Pradesh,Saharanpur,Clay,105,40,48,6.6,873.3,25.5,Wheat,Rabi,14.9,5097.0,2294.0,April,April 10–28,Low
Uttar Pradesh,Saharanpur,Loamy,108,47,53,6.0,963.7,24.3,Wheat,Rabi,18.9,4864.0,2151.0,April,April 10–28,Low
Uttar Pradesh,Saharanpur,Loamy,142,82,39,6.0,583.6,28.1,Wheat,Rabi,24.4,5236.0,2244.0,April,April 10–28,Low
Uttar Pradesh,Saharanpur,Sandy Loam,122,35,33,6.5,936.9,26.2,Wheat,Rabi,14.4,5126.0,2406.0,April,April 10–28,Low
Uttar Pradesh,Saharanpur,Sandy Loam,105,33,32,6.5,891.0,24.0,Wheat,Rabi,11.8,4861.0,2145.0,April,April 10–28,Low
Uttar Pradesh,Saharanpur,Alluvial,100,66,32,6.3,1069.3,24.7,Wheat,Rabi,14.9,4982.0,2225.0,April,April 10–28,Low
Uttar Pradesh,Saharanpur,Alluvial,103,65,46,6.3,890.5,24.7,Wheat,Rabi,20.2,5115.0,2394.0,April,April 10–28,Low
Uttar Pradesh,Saharanpur,Loamy,117,69,40,6.5,865.4,23.1,Wheat,Rabi,20.1,5043.0,2331.0,April,April 10–28,Low
Uttar Pradesh,Saharanpur,Sandy Loam,146,64,116,5.7,919.7,25.5,Potato,Rabi,71.0,9365.0,1455.0,February,Feb 15–March 05,High
Uttar Pradesh,Saharanpur,Loamy,152,98,113,5.7,763.0,24.6,Potato,Rabi,78.7,8879.0,1389.0,February,Feb 15–March 05,High
Uttar Pradesh,Saharanpur,Alluvial,147,81,100,5.9,800.7,22.4,Potato,Rabi,55.9,9698.0,1316.0,February,Feb 15–March 05,High
Uttar Pradesh,Saharanpur,Clay,160,69,78,6.1,528.3,24.6,Potato,Rabi,74.2,9124.0,1489.0,February,Feb 15–March 05,High
Uttar Pradesh,Saharanpur,Sandy Loam,146,89,90,6.3,839.1,22.2,Potato,Rabi,80.2,9282.0,1344.0,February,Feb 15–March 05,High
Uttar Pradesh,Saharanpur,Loamy,143,81,118,6.0,887.4,23.5,Potato,Rabi,74.3,8969.0,1335.0,February,Feb 15–March 05,High
Uttar Pradesh,Saharanpur,Sandy Loam,146,68,111,5.3,885.6,29.7,Potato,Rabi,64.0,9530.0,1299.0,February,Feb 15–March 05,High
Uttar Pradesh,Saharanpur,Clay,139,83,88,5.8,693.0,23.4,Potato,Rabi,70.0,8878.0,1369.0,February,Feb 15–March 05,High
Uttar Pradesh,Saharanpur,Alluvial,176,82,84,5.8,927.3,25.2,Potato,Rabi,70.2,9663.0,1335.0,February,Feb 15–March 05,High
Uttar Pradesh,Saharanpur,Alluvial,160,74,84,5.5,780.0,22.6,Potato,Rabi,57.5,9689.0,1340.0,February,Feb 15–March 05,High
Uttar Pradesh,Saharanpur,Sandy Loam,142,88,108,6.4,899.5,26.8,Potato,Rabi,83.6,9639.0,1335.0,February,Feb 15–March 05,High
Uttar Pradesh,Saharanpur,Loamy,140,70,109,5.9,960.8,26.3,Potato,Rabi,68.3,9290.0,1356.0,February,Feb 15–March 05,High
Uttar Pradesh,Saharanpur,Clay,163,96,105,5.9,648.2,22.2,Potato,Rabi,66.2,9384.0,1345.0,February,Feb 15–March 05,High
Uttar Pradesh,Saharanpur,Clay,174,78,110,5.6,884.9,25.8,Potato,Rabi,55.9,9813.0,1407.0,February,Feb 15–March 05,High
Uttar Pradesh,Saharanpur,Clay,153,81,102,6.1,744.5,27.5,Potato,Rabi,63.1,9835.0,1325.0,February,Feb 15–March 05,High
Uttar Pradesh,Saharanpur,Clay,160,74,107,6.3,877.4,27.2,Potato,Rabi,56.2,9887.0,1397.0,February,Feb 15–March 05,High
Uttar Pradesh,Saharanpur,Clay,132,85,103,6.3,930.7,23.5,Potato,Rabi,39.8,9819.0,1451.0,February,Feb 15–March 05,High
Uttar Pradesh,Saharanpur,Loamy,138,93,101,5.9,987.6,25.2,Potato,Rabi,71.6,9838.0,1452.0,February,Feb 15–March 05,High
Uttar Pradesh,Saharanpur,Sandy Loam,148,94,92,5.6,977.4,28.4,Potato,Rabi,70.4,9567.0,1402.0,February,Feb 15–March 05,High
Uttar Pradesh,Saharanpur,Sandy Loam,162,89,100,6.1,789.3,24.6,Potato,Rabi,90.2,8812.0,1354.0,February,Feb 15–March 05,High
Uttar Pradesh,Saharanpur,Clay,166,96,93,6.0,1023.6,27.5,Potato,Rabi,42.5,9028.0,1348.0,February,Feb 15–March 05,High
Uttar Pradesh,Saharanpur,Sandy Loam,155,72,101,6.5,827.4,24.7,Potato,Rabi,81.8,9205.0,1298.0,February,Feb 15–March 05,High
Uttar Pradesh,Saharanpur,Alluvial,133,82,95,6.0,1088.4,24.1,Potato,Rabi,59.0,9440.0,1451.0,February,Feb 15–March 05,High
Uttar Pradesh,Saharanpur,Loamy,144,73,98,5.9,706.4,24.1,Potato,Rabi,87.5,9732.0,1348.0,February,Feb 15–March 05,High
Uttar Pradesh,Saharanpur,Sandy Loam,173,79,96,6.3,788.9,23.4,Potato,Rabi,77.6,8911.0,1439.0,February,Feb 15–March 05,High
Uttar Pradesh,Saharanpur,Alluvial,150,78,96,6.2,1063.4,26.9,Potato,Rabi,44.0,8818.0,1313.0,February,Feb 15–March 05,High
Uttar Pradesh,Saharanpur,Loamy,141,78,98,6.3,798.4,24.9,Potato,Rabi,83.1,8985.0,1302.0,February,Feb 15–March 05,High
Uttar Pradesh,Saharanpur,Loamy,161,58,83,6.3,949.0,21.4,Potato,Rabi,61.2,9354.0,1309.0,February,Feb 15–March 05,High
Uttar Pradesh,Saharanpur,Sandy Loam,170,84,112,5.9,604.9,30.2,Potato,Rabi,74.7,9124.0,1301.0,February,Feb 15–March 05,High
Uttar Pradesh,Saharanpur,Clay,154,79,91,5.9,847.6,24.2,Potato,Rabi,59.4,8804.0,1306.0,February,Feb 15–March 05,High
Uttar Pradesh,Saharanpur,Clay,156,67,99,5.7,849.5,26.7,Potato,Rabi,57.5,9777.0,1365.0,February,Feb 15–March 05,High
Uttar Pradesh,Saharanpur,Loamy,161,81,102,6.5,699.1,27.6,Potato,Rabi,81.1,8767.0,1393.0,February,Feb 15–March 05,High
Uttar Pradesh,Saharanpur,Alluvial,143,69,99,5.9,818.8,23.4,Potato,Rabi,59.7,8882.0,1353.0,February,Feb 15–March 05,High
Uttar Pradesh,Saharanpur,Clay,154,85,106,5.8,911.1,24.5,Potato,Rabi,51.3,9291.0,1431.0,February,Feb 15–March 05,High
Uttar Pradesh,Saharanpur,Alluvial,132,82,108,6.1,837.6,24.8,Potato,Rabi,55.1,9570.0,1380.0,February,Feb 15–March 05,High
Uttar Pradesh,Saharanpur,Sandy Loam,140,84,106,5.9,984.9,25.8,Potato,Rabi,73.0,9590.0,1368.0,February,Feb 15–March 05,High
Uttar Pradesh,Saharanpur,Clay,155,81,90,6.0,754.7,28.5,Potato,Rabi,53.7,8860.0,1488.0,February,Feb 15–March 05,High
Uttar Pradesh,Saharanpur,Clay,180,62,90,6.1,943.9,26.6,Potato,Rabi,49.2,9087.0,1409.0,February,Feb 15–March 05,High
Uttar Pradesh,Saharanpur,Clay,158,74,97,6.5,922.4,30.5,Potato,Rabi,46.9,9428.0,1483.0,February,Feb 15–March 05,High
Uttar Pradesh,Saharanpur,Sandy Loam,145,78,85,6.2,816.2,27.1,Potato,Rabi,81.9,9016.0,1356.0,February,Feb 15–March 05,High
Uttar Pradesh,Saharanpur,Sandy Loam,147,79,94,6.3,569.6,28.0,Potato,Rabi,104.6,9573.0,1466.0,February,Feb 15–March 05,High
Uttar Pradesh,Saharanpur,Loamy,162,73,114,6.3,860.2,28.2,Potato,Rabi,75.0,9140.0,1328.0,February,Feb 15–March 05,High
Uttar Pradesh,Saharanpur,Alluvial,151,83,100,6.1,1192.8,24.7,Potato,Rabi,52.0,9536.0,1485.0,February,Feb 15–March 05,High
Uttar Pradesh,Saharanpur,Sandy Loam,168,84,90,6.3,972.3,26.0,Potato,Rabi,74.7,9463.0,1489.0,February,Feb 15–March 05,High
Uttar Pradesh,Saharanpur,Alluvial,154,71,110,5.9,829.7,25.7,Potato,Rabi,45.6,9341.0,1404.0,February,Feb 15–March 05,High
Uttar Pradesh,Saharanpur,Loamy,166,77,108,6.7,992.8,29.1,Potato,Rabi,54.4,9846.0,1480.0,February,Feb 15–March 05,High
Uttar Pradesh,Saharanpur,Loamy,141,87,104,5.9,948.1,27.2,Potato,Rabi,58.9,9257.0,1476.0,February,Feb 15–March 05,High
Uttar Pradesh,Saharanpur,Clay,154,80,101,5.9,1099.6,27.0,Potato,Rabi,45.0,9527.0,1395.0,February,Feb 15–March 05,High
Uttar Pradesh,Saharanpur,Clay,156,64,97,6.5,699.4,23.6,Potato,Rabi,55.0,8981.0,1298.0,February,Feb 15–March 05,High
Uttar Pradesh,Saharanpur,Clay,157,74,105,5.8,854.7,26.4,Potato,Rabi,57.8,9660.0,1373.0,February,Feb 15–March 05,High
Uttar Pradesh,Saharanpur,Alluvial,155,68,86,5.7,855.3,25.3,Potato,Rabi,58.5,8954.0,1443.0,February,Feb 15–March 05,High
Uttar Pradesh,Saharanpur,Alluvial,177,83,106,6.5,913.0,23.4,Potato,Rabi,51.2,9261.0,1424.0,February,Feb 15–March 05,High
Uttar Pradesh,Saharanpur,Clay,173,81,101,5.8,982.3,22.0,Potato,Rabi,50.1,8765.0,1404.0,February,Feb 15–March 05,High
Uttar Pradesh,Saharanpur,Clay,158,84,86,5.8,694.5,23.5,Potato,Rabi,52.9,9618.0,1322.0,February,Feb 15–March 05,High
Uttar Pradesh,Saharanpur,Clay,136,86,86,5.9,924.0,25.2,Potato,Rabi,58.4,9216.0,1311.0,February,Feb 15–March 05,High
Uttar Pradesh,Saharanpur,Clay,153,54,97,6.2,838.1,25.3,Potato,Rabi,63.6,9850.0,1354.0,February,Feb 15–March 05,High
Uttar Pradesh,Saharanpur,Loamy,128,83,83,6.3,651.4,26.2,Potato,Rabi,91.2,8978.0,1386.0,February,Feb 15–March 05,High
Uttar Pradesh,Saharanpur,Clay,132,62,99,5.7,845.9,30.2,Potato,Rabi,64.7,9423.0,1405.0,February,Feb 15–March 05,High
Uttar Pradesh,Saharanpur,Loamy,112,77,115,5.8,793.1,28.0,Potato,Rabi,84.0,9507.0,1313.0,February,Feb 15–March 05,High
Uttar Pradesh,Saharanpur,Sandy Loam,158,60,110,6.4,864.4,24.6,Potato,Rabi,69.3,9360.0,1392.0,February,Feb 15–March 05,High
Uttar Pradesh,Saharanpur,Loamy,143,64,67,5.8,767.0,28.6,Potato,Rabi,86.0,9409.0,1432.0,February,Feb 15–March 05,High
Uttar Pradesh,Saharanpur,Loamy,139,70,96,6.3,802.1,24.8,Potato,Rabi,80.1,9413.0,1485.0,February,Feb 15–March 05,High
Uttar Pradesh,Saharanpur,Loamy,167,83,84,5.7,895.9,23.7,Potato,Rabi,72.8,9873.0,1310.0,February,Feb 15–March 05,High
Uttar Pradesh,Saharanpur,Loamy,148,67,87,6.2,1048.7,22.4,Potato,Rabi,63.0,9639.0,1445.0,February,Feb 15–March 05,High
Uttar Pradesh,Saharanpur,Sandy Loam,152,82,102,6.0,536.1,27.3,Potato,Rabi,110.4,9618.0,1459.0,February,Feb 15–March 05,High
Uttar Pradesh,Saharanpur,Sandy Loam,144,66,92,6.0,784.0,23.8,Potato,Rabi,77.9,9485.0,1410.0,February,Feb 15–March 05,High
Uttar Pradesh,Saharanpur,Alluvial,152,87,87,5.9,713.6,25.8,Potato,Rabi,72.2,8984.0,1382.0,February,Feb 15–March 05,High
Uttar Pradesh,Saharanpur,Loamy,149,93,101,6.6,912.7,26.3,Potato,Rabi,64.9,9191.0,1321.0,February,Feb 15–March 05,High
Uttar Pradesh,Saharanpur,Alluvial,152,87,97,6.0,897.5,27.3,Potato,Rabi,45.3,9483.0,1413.0,February,Feb 15–March 05,High
Uttar Pradesh,Saharanpur,Clay,162,69,101,5.6,653.7,26.7,Potato,Rabi,79.2,9422.0,1298.0,February,Feb 15–March 05,High
Uttar Pradesh,Saharanpur,Alluvial,155,78,114,5.7,934.9,25.8,Potato,Rabi,48.7,8819.0,1441.0,February,Feb 15–March 05,High
Uttar Pradesh,Saharanpur,Loamy,162,70,101,5.7,884.7,25.3,Potato,Rabi,71.9,9929.0,1302.0,February,Feb 15–March 05,High
Uttar Pradesh,Saharanpur,Loamy,156,109,100,6.5,639.8,23.5,Potato,Rabi,107.5,9148.0,1468.0,February,Feb 15–March 05,High
Uttar Pradesh,Saharanpur,Loamy,141,92,106,5.8,994.1,27.3,Potato,Rabi,63.4,8840.0,1462.0,February,Feb 15–March 05,High
Uttar Pradesh,Saharanpur,Loamy,137,77,95,6.0,854.9,24.5,Potato,Rabi,65.0,9531.0,1483.0,February,Feb 15–March 05,High
Uttar Pradesh,Saharanpur,Loamy,173,87,64,6.2,869.5,21.5,Potato,Rabi,80.9,8901.0,1405.0,February,Feb 15–March 05,High
Uttar Pradesh,Saharanpur,Loamy,139,92,102,5.6,832.8,28.1,Potato,Rabi,70.2,9093.0,1471.0,February,Feb 15–March 05,High
Uttar Pradesh,Saharanpur,Sandy Loam,161,65,96,6.3,697.0,30.7,Potato,Rabi,90.3,9807.0,1407.0,February,Feb 15–March 05,High
Uttar Pradesh,Saharanpur,Alluvial,160,93,103,6.1,947.3,24.9,Potato,Rabi,57.3,9017.0,1391.0,February,Feb 15–March 05,High
Uttar Pradesh,Saharanpur,Alluvial,111,70,92,6.2,1076.1,28.5,Potato,Rabi,49.2,9062.0,1461.0,February,Feb 15–March 05,High
Uttar Pradesh,Saharanpur,Clay,118,54,40,6.0,721.0,25.0,Paddy (Rice),Kharif,21.7,7855.0,2196.0,November,Nov 05–Nov 22,Medium
Uttar Pradesh,Saharanpur,Clay,81,58,49,5.9,935.2,25.3,Paddy (Rice),Kharif,28.9,7907.0,2193.0,November,Nov 05–Nov 22,Medium
Uttar Pradesh,Saharanpur,Sandy Loam,97,53,66,6.3,639.1,26.2,Paddy (Rice),Kharif,8.8,7719.0,2418.0,November,Nov 05–Nov 22,Medium
Uttar Pradesh,Saharanpur,Loamy,82,48,60,6.1,931.4,26.3,Paddy (Rice),Kharif,19.2,8047.0,2317.0,November,Nov 05–Nov 22,Medium
Uttar Pradesh,Saharanpur,Clay,113,46,36,6.0,1091.7,28.2,Paddy (Rice),Kharif,26.4,7900.0,2436.0,November,Nov 05–Nov 22,Medium
Uttar Pradesh,Saharanpur,Clay,87,49,30,6.1,817.6,26.3,Paddy (Rice),Kharif,25.0,8367.0,2463.0,November,Nov 05–Nov 22,Medium
Uttar Pradesh,Saharanpur,Alluvial,93,46,41,6.7,1104.8,28.3,Paddy (Rice),Kharif,27.6,7828.0,2379.0,November,Nov 05–Nov 22,Medium
Uttar Pradesh,Saharanpur,Loamy,88,50,53,6.5,789.7,21.8,Paddy (Rice),Kharif,14.8,7884.0,2242.0,November,Nov 05–Nov 22,Medium
Uttar Pradesh,Saharanpur,Sandy Loam,83,58,52,6.1,913.4,22.6,Paddy (Rice),Kharif,21.4,8094.0,2466.0,November,Nov 05–Nov 22,Medium
Uttar Pradesh,Saharanpur,Alluvial,110,56,53,6.4,1050.8,24.4,Paddy (Rice),Kharif,28.2,8312.0,2294.0,November,Nov 05–Nov 22,Medium
Uttar Pradesh,Saharanpur,Clay,110,55,45,6.2,771.1,26.2,Paddy (Rice),Kharif,23.1,8384.0,2476.0,November,Nov 05–Nov 22,Medium
Uttar Pradesh,Saharanpur,Loamy,86,50,42,6.6,984.0,21.6,Paddy (Rice),Kharif,20.0,7526.0,2371.0,November,Nov 05–Nov 22,Medium
Uttar Pradesh,Saharanpur,Loamy,98,37,56,7.0,845.3,24.9,Paddy (Rice),Kharif,15.1,8265.0,2206.0,November,Nov 05–Nov 22,Medium
Uttar Pradesh,Saharanpur,Loamy,102,54,44,5.9,756.4,20.8,Paddy (Rice),Kharif,11.8,7811.0,2162.0,November,Nov 05–Nov 22,Medium
Uttar Pradesh,Saharanpur,Alluvial,100,57,45,5.7,636.0,23.3,Paddy (Rice),Kharif,20.0,7912.0,2227.0,November,Nov 05–Nov 22,Medium
Uttar Pradesh,Saharanpur,Alluvial,90,37,50,6.1,893.1,26.2,Paddy (Rice),Kharif,27.3,7666.0,2309.0,November,Nov 05–Nov 22,Medium
Uttar Pradesh,Saharanpur,Clay,65,63,54,6.3,676.4,26.1,Paddy (Rice),Kharif,22.2,7547.0,2221.0,November,Nov 05–Nov 22,Medium
Uttar Pradesh,Saharanpur,Sandy Loam,69,57,65,6.3,658.4,27.7,Paddy (Rice),Kharif,12.9,7918.0,2370.0,November,Nov 05–Nov 22,Medium
Uttar Pradesh,Saharanpur,Clay,101,47,60,6.5,944.4,26.9,Paddy (Rice),Kharif,29.6,7699.0,2477.0,November,Nov 05–Nov 22,Medium
Uttar Pradesh,Saharanpur,Sandy Loam,81,72,38,6.2,1009.6,30.4,Paddy (Rice),Kharif,23.7,8312.0,2311.0,November,Nov 05–Nov 22,Medium
Uttar Pradesh,Saharanpur,Alluvial,101,49,40,6.5,816.4,23.6,Paddy (Rice),Kharif,19.8,7982.0,2400.0,November,Nov 05–Nov 22,Medium
Uttar Pradesh,Saharanpur,Loamy,104,61,52,6.4,802.7,26.0,Paddy (Rice),Kharif,16.1,7702.0,2207.0,November,Nov 05–Nov 22,Medium
Uttar Pradesh,Saharanpur,Clay,121,54,25,6.2,935.9,28.3,Paddy (Rice),Kharif,28.1,8267.0,2479.0,November,Nov 05–Nov 22,Medium
Uttar Pradesh,Saharanpur,Loamy,88,64,57,6.0,922.5,23.2,Paddy (Rice),Kharif,18.7,7655.0,2275.0,November,Nov 05–Nov 22,Medium
Uttar Pradesh,Saharanpur,Clay,90,30,50,6.2,949.4,24.0,Paddy (Rice),Kharif,26.3,8241.0,2442.0,November,Nov 05–Nov 22,Medium
Uttar Pradesh,Saharanpur,Clay,107,56,40,6.0,766.9,25.8,Paddy (Rice),Kharif,20.5,8088.0,2224.0,November,Nov 05–Nov 22,Medium
Uttar Pradesh,Saharanpur,Loamy,102,56,53,6.3,990.0,24.9,Paddy (Rice),Kharif,18.1,7545.0,2461.0,November,Nov 05–Nov 22,Medium
Uttar Pradesh,Saharanpur,Alluvial,95,52,43,6.3,886.6,27.9,Paddy (Rice),Kharif,25.1,8351.0,2452.0,November,Nov 05–Nov 22,Medium
Uttar Pradesh,Saharanpur,Sandy Loam,98,46,31,6.3,830.2,27.8,Paddy (Rice),Kharif,18.6,7760.0,2188.0,November,Nov 05–Nov 22,Medium
Uttar Pradesh,Saharanpur,Loamy,103,61,54,6.0,513.7,23.6,Paddy (Rice),Kharif,9.7,7888.0,2231.0,November,Nov 05–Nov 22,Medium
Uttar Pradesh,Saharanpur,Clay,76,43,45,6.2,821.6,23.5,Paddy (Rice),Kharif,21.2,7921.0,2354.0,November,Nov 05–Nov 22,Medium
Uttar Pradesh,Saharanpur,Sandy Loam,102,55,46,5.9,729.3,23.3,Paddy (Rice),Kharif,16.1,7836.0,2358.0,November,Nov 05–Nov 22,Medium
Uttar Pradesh,Saharanpur,Alluvial,113,43,54,6.1,775.8,27.5,Paddy (Rice),Kharif,24.2,7740.0,2193.0,November,Nov 05–Nov 22,Medium
Uttar Pradesh,Saharanpur,Loamy,132,40,63,6.3,867.6,27.0,Paddy (Rice),Kharif,16.0,7938.0,2188.0,November,Nov 05–Nov 22,Medium
Uttar Pradesh,Saharanpur,Loamy,106,57,34,5.8,987.8,23.3,Paddy (Rice),Kharif,20.5,7480.0,2393.0,November,Nov 05–Nov 22,Medium
Uttar Pradesh,Saharanpur,Loamy,117,47,51,6.0,848.2,26.1,Paddy (Rice),Kharif,17.4,8240.0,2227.0,November,Nov 05–Nov 22,Medium
Uttar Pradesh,Saharanpur,Alluvial,100,24,45,6.3,725.3,25.6,Paddy (Rice),Kharif,21.5,8404.0,2464.0,November,Nov 05–Nov 22,Medium
Uttar Pradesh,Saharanpur,Clay,84,34,52,5.8,731.4,22.9,Paddy (Rice),Kharif,19.9,7411.0,2478.0,November,Nov 05–Nov 22,Medium
Uttar Pradesh,Saharanpur,Loamy,105,68,46,6.0,750.6,27.0,Paddy (Rice),Kharif,15.3,7662.0,2306.0,November,Nov 05–Nov 22,Medium
Uttar Pradesh,Saharanpur,Clay,104,54,75,6.6,638.0,24.5,Paddy (Rice),Kharif,21.2,7579.0,2400.0,November,Nov 05–Nov 22,Medium
Uttar Pradesh,Saharanpur,Clay,89,46,56,6.4,794.2,26.7,Paddy (Rice),Kharif,23.7,7527.0,2457.0,November,Nov 05–Nov 22,Medium
Uttar Pradesh,Saharanpur,Loamy,98,51,48,6.6,781.2,20.7,Paddy (Rice),Kharif,16.2,7741.0,2428.0,November,Nov 05–Nov 22,Medium
Uttar Pradesh,Saharanpur,Clay,95,43,74,6.4,895.5,25.8,Paddy (Rice),Kharif,20.8,8250.0,2284.0,November,Nov 05–Nov 22,Medium
Uttar Pradesh,Saharanpur,Sandy Loam,98,44,52,5.3,1001.2,27.1,Paddy (Rice),Kharif,19.3,8215.0,2396.0,November,Nov 05–Nov 22,Medium
Uttar Pradesh,Saharanpur,Alluvial,79,46,46,6.2,973.8,24.6,Paddy (Rice),Kharif,28.1,8103.0,2436.0,November,Nov 05–Nov 22,Medium
Uttar Pradesh,Saharanpur,Loamy,111,37,46,6.5,921.8,25.4,Paddy (Rice),Kharif,20.9,7626.0,2247.0,November,Nov 05–Nov 22,Medium
Uttar Pradesh,Saharanpur,Clay,108,47,41,6.0,739.9,25.5,Paddy (Rice),Kharif,21.1,8372.0,2464.0,November,Nov 05–Nov 22,Medium
Uttar Pradesh,Saharanpur,Alluvial,114,52,54,6.8,1089.6,26.2,Paddy (Rice),Kharif,26.7,8054.0,2203.0,November,Nov 05–Nov 22,Medium
Uttar Pradesh,Saharanpur,Sandy Loam,94,57,41,5.9,660.7,26.7,Paddy (Rice),Kharif,15.7,7775.0,2166.0,November,Nov 05–Nov 22,Medium
Uttar Pradesh,Saharanpur,Sandy Loam,108,52,35,6.0,986.8,24.3,Paddy (Rice),Kharif,20.9,7489.0,2460.0,November,Nov 05–Nov 22,Medium
Uttar Pradesh,Saharanpur,Clay,52,56,54,5.8,588.9,23.7,Paddy (Rice),Kharif,15.3,8095.0,2171.0,November,Nov 05–Nov 22,Medium
Uttar Pradesh,Saharanpur,Loamy,96,56,39,6.4,815.4,25.4,Paddy (Rice),Kharif,18.7,8394.0,2478.0,November,Nov 05–Nov 22,Medium
Uttar Pradesh,Saharanpur,Sandy Loam,77,53,45,6.0,777.7,23.6,Paddy (Rice),Kharif,18.6,7543.0,2469.0,November,Nov 05–Nov 22,Medium
Uttar Pradesh,Saharanpur,Loamy,108,41,38,6.4,1135.5,23.7,Paddy (Rice),Kharif,21.8,8194.0,2275.0,November,Nov 05–Nov 22,Medium
Uttar Pradesh,Saharanpur,Loamy,106,47,44,6.2,1022.2,23.7,Paddy (Rice),Kharif,17.3,8342.0,2411.0,November,Nov 05–Nov 22,Medium
Uttar Pradesh,Saharanpur,Sandy Loam,92,48,51,6.1,640.9,26.4,Paddy (Rice),Kharif,12.3,8063.0,2450.0,November,Nov 05–Nov 22,Medium
Uttar Pradesh,Saharanpur,Sandy Loam,95,60,45,6.6,799.0,23.3,Paddy (Rice),Kharif,16.5,7843.0,2233.0,November,Nov 05–Nov 22,Medium
Uttar Pradesh,Saharanpur,Loamy,109,51,47,6.6,786.5,24.0,Paddy (Rice),Kharif,17.6,7672.0,2189.0,November,Nov 05–Nov 22,Medium
Uttar Pradesh,Saharanpur,Sandy Loam,105,47,52,6.3,835.2,26.3,Paddy (Rice),Kharif,15.8,7743.0,2466.0,November,Nov 05–Nov 22,Medium
Uttar Pradesh,Saharanpur,Alluvial,105,46,56,6.2,586.3,27.0,Paddy (Rice),Kharif,16.5,8156.0,2444.0,November,Nov 05–Nov 22,Medium
Uttar Pradesh,Saharanpur,Clay,87,33,39,6.6,1008.5,27.6,Paddy (Rice),Kharif,26.4,8134.0,2195.0,November,Nov 05–Nov 22,Medium
Uttar Pradesh,Saharanpur,Sandy Loam,100,38,38,5.9,746.7,27.8,Paddy (Rice),Kharif,17.1,8283.0,2192.0,November,Nov 05–Nov 22,Medium
Uttar Pradesh,Saharanpur,Sandy Loam,104,55,53,6.5,701.7,23.5,Paddy (Rice),Kharif,16.2,7421.0,2441.0,November,Nov 05–Nov 22,Medium
Uttar Pradesh,Saharanpur,Sandy Loam,105,56,46,6.3,847.3,22.9,Paddy (Rice),Kharif,23.5,8005.0,2245.0,November,Nov 05–Nov 22,Medium
Uttar Pradesh,Saharanpur,Loamy,84,45,49,6.1,694.2,23.1,Paddy (Rice),Kharif,14.2,8101.0,2349.0,November,Nov 05–Nov 22,Medium
Uttar Pradesh,Saharanpur,Sandy Loam,119,43,43,6.4,1024.6,23.5,Paddy (Rice),Kharif,22.0,8395.0,2397.0,November,Nov 05–Nov 22,Medium
Uttar Pradesh,Saharanpur,Alluvial,110,53,40,5.9,863.0,28.1,Paddy (Rice),Kharif,25.7,8363.0,2263.0,November,Nov 05–Nov 22,Medium
Uttar Pradesh,Saharanpur,Clay,96,66,33,6.0,921.6,23.3,Paddy (Rice),Kharif,29.2,8179.0,2186.0,November,Nov 05–Nov 22,Medium
Uttar Pradesh,Saharanpur,Alluvial,119,48,57,6.5,802.5,24.5,Paddy (Rice),Kharif,23.1,7754.0,2191.0,November,Nov 05–Nov 22,Medium
Uttar Pradesh,Saharanpur,Alluvial,100,47,44,5.4,760.2,26.2,Paddy (Rice),Kharif,22.0,8220.0,2212.0,November,Nov 05–Nov 22,Medium
Uttar Pradesh,Saharanpur,Sandy Loam,110,49,56,6.1,969.1,22.6,Paddy (Rice),Kharif,21.6,8136.0,2252.0,November,Nov 05–Nov 22,Medium
Uttar Pradesh,Saharanpur,Alluvial,131,71,53,5.8,804.9,23.8,Paddy (Rice),Kharif,25.1,7642.0,2348.0,November,Nov 05–Nov 22,Medium
Uttar Pradesh,Saharanpur,Clay,126,40,70,6.1,913.3,22.4,Paddy (Rice),Kharif,28.5,8119.0,2226.0,November,Nov 05–Nov 22,Medium
Uttar Pradesh,Saharanpur,Clay,92,48,52,6.2,686.5,25.8,Paddy (Rice),Kharif,20.8,8000.0,2438.0,November,Nov 05–Nov 22,Medium
Uttar Pradesh,Saharanpur,Alluvial,74,43,52,6.3,880.5,26.7,Paddy (Rice),Kharif,26.9,7453.0,2287.0,November,Nov 05–Nov 22,Medium
Uttar Pradesh,Saharanpur,Sandy Loam,90,58,54,5.9,887.9,26.9,Paddy (Rice),Kharif,18.1,8022.0,2312.0,November,Nov 05–Nov 22,Medium
Uttar Pradesh,Saharanpur,Sandy Loam,87,41,61,6.2,756.1,26.1,Paddy (Rice),Kharif,18.2,7737.0,2224.0,November,Nov 05–Nov 22,Medium
Uttar Pradesh,Saharanpur,Alluvial,96,56,50,6.5,790.9,24.0,Paddy (Rice),Kharif,23.7,8395.0,2360.0,November,Nov 05–Nov 22,Medium
Uttar Pradesh,Saharanpur,Clay,88,33,53,6.4,1020.2,25.1,Paddy (Rice),Kharif,30.0,8225.0,2373.0,November,Nov 05–Nov 22,Medium
Uttar Pradesh,Saharanpur,Sandy Loam,98,52,42,6.0,949.0,25.5,Paddy (Rice),Kharif,19.1,7896.0,2356.0,November,Nov 05–Nov 22,Medium
Uttar Pradesh,Saharanpur,Clay,173,75,114,6.9,1001.0,23.0,Sugarcane,Annual,398.3,18033.0,383.0,January,Jan 10–Feb 15,Low
Uttar Pradesh,Saharanpur,Sandy Loam,167,83,138,6.9,1022.3,25.7,Sugarcane,Annual,338.1,19881.0,381.0,January,Jan 10–Feb 15,Low
Uttar Pradesh,Saharanpur,Loamy,188,96,118,7.0,910.5,26.6,Sugarcane,Annual,320.9,18261.0,336.0,January,Jan 10–Feb 15,Low
Uttar Pradesh,Saharanpur,Alluvial,168,81,117,6.5,1050.6,25.3,Sugarcane,Annual,407.7,19401.0,347.0,January,Jan 10–Feb 15,Low
Uttar Pradesh,Saharanpur,Clay,172,89,112,6.9,755.4,26.5,Sugarcane,Annual,263.6,19683.0,339.0,January,Jan 10–Feb 15,Low
Uttar Pradesh,Saharanpur,Sandy Loam,197,86,119,7.3,937.4,25.5,Sugarcane,Annual,271.7,18803.0,380.0,January,Jan 10–Feb 15,Low
Uttar Pradesh,Saharanpur,Clay,181,83,114,6.7,929.5,23.6,Sugarcane,Annual,321.4,19866.0,370.0,January,Jan 10–Feb 15,Low
Uttar Pradesh,Saharanpur,Clay,159,74,119,7.4,1040.0,26.2,Sugarcane,Annual,382.2,19334.0,335.0,January,Jan 10–Feb 15,Low
Uttar Pradesh,Saharanpur,Clay,190,98,127,6.6,832.8,23.6,Sugarcane,Annual,329.7,17739.0,374.0,January,Jan 10–Feb 15,Low
Uttar Pradesh,Saharanpur,Loamy,182,73,118,7.0,954.2,26.0,Sugarcane,Annual,381.5,19453.0,351.0,January,Jan 10–Feb 15,Low
Uttar Pradesh,Saharanpur,Loamy,150,80,122,6.5,1034.5,30.5,Sugarcane,Annual,401.1,18125.0,350.0,January,Jan 10–Feb 15,Low
Uttar Pradesh,Saharanpur,Clay,190,86,115,7.2,921.7,25.3,Sugarcane,Annual,345.0,19970.0,382.0,January,Jan 10–Feb 15,Low
Uttar Pradesh,Saharanpur,Sandy Loam,194,91,113,6.6,897.9,24.9,Sugarcane,Annual,284.5,18880.0,358.0,January,Jan 10–Feb 15,Low
Uttar Pradesh,Saharanpur,Sandy Loam,186,69,128,7.3,918.6,28.0,Sugarcane,Annual,242.5,17626.0,370.0,January,Jan 10–Feb 15,Low
Uttar Pradesh,Saharanpur,Clay,191,85,117,6.6,890.8,25.2,Sugarcane,Annual,288.1,17667.0,365.0,January,Jan 10–Feb 15,Low
Uttar Pradesh,Saharanpur,Alluvial,159,71,122,7.1,724.0,24.5,Sugarcane,Annual,242.0,19886.0,335.0,January,Jan 10–Feb 15,Low
Uttar Pradesh,Saharanpur,Sandy Loam,179,69,127,7.1,714.5,26.6,Sugarcane,Annual,206.6,18721.0,373.0,January,Jan 10–Feb 15,Low
Uttar Pradesh,Saharanpur,Loamy,197,57,122,7.5,695.7,29.6,Sugarcane,Annual,247.3,19168.0,351.0,January,Jan 10–Feb 15,Low
Uttar Pradesh,Saharanpur,Loamy,167,76,111,7.3,735.6,25.5,Sugarcane,Annual,289.4,18649.0,379.0,January,Jan 10–Feb 15,Low
Uttar Pradesh,Saharanpur,Clay,185,76,137,6.9,1122.0,25.8,Sugarcane,Annual,406.5,19745.0,357.0,January,Jan 10–Feb 15,Low
Uttar Pradesh,Saharanpur,Alluvial,166,65,115,7.1,956.8,21.5,Sugarcane,Annual,436.0,18353.0,337.0,January,Jan 10–Feb 15,Low
Uttar Pradesh,Saharanpur,Sandy Loam,172,89,135,7.4,1036.1,22.5,Sugarcane,Annual,312.6,19145.0,338.0,January,Jan 10–Feb 15,Low
Uttar Pradesh,Saharanpur,Clay,208,97,117,7.0,873.6,24.4,Sugarcane,Annual,337.1,18733.0,359.0,January,Jan 10–Feb 15,Low
Uttar Pradesh,Saharanpur,Loamy,178,91,107,7.5,569.6,28.5,Sugarcane,Annual,211.6,18494.0,345.0,January,Jan 10–Feb 15,Low
Uttar Pradesh,Saharanpur,Sandy Loam,181,79,108,6.8,860.6,23.6,Sugarcane,Annual,210.7,19250.0,352.0,January,Jan 10–Feb 15,Low
Uttar Pradesh,Saharanpur,Alluvial,192,82,128,7.1,809.9,24.7,Sugarcane,Annual,233.6,18304.0,368.0,January,Jan 10–Feb 15,Low
Uttar Pradesh,Saharanpur,Loamy,188,68,113,7.5,827.1,23.9,Sugarcane,Annual,290.4,18388.0,374.0,January,Jan 10–Feb 15,Low
Uttar Pradesh,Saharanpur,Sandy Loam,150,83,127,6.2,767.9,27.1,Sugarcane,Annual,200.7,19302.0,356.0,January,Jan 10–Feb 15,Low
Uttar Pradesh,Saharanpur,Alluvial,196,85,117,7.0,984.2,23.2,Sugarcane,Annual,369.4,18000.0,347.0,January,Jan 10–Feb 15,Low
Uttar Pradesh,Saharanpur,Clay,184,72,107,6.9,577.7,22.3,Sugarcane,Annual,198.2,18103.0,373.0,January,Jan 10–Feb 15,Low
Uttar Pradesh,Saharanpur,Alluvial,194,81,123,7.1,700.2,26.2,Sugarcane,Annual,312.7,19411.0,354.0,January,Jan 10–Feb 15,Low
Uttar Pradesh,Saharanpur,Loamy,169,81,114,7.0,787.6,27.4,Sugarcane,Annual,280.9,18101.0,354.0,January,Jan 10–Feb 15,Low
Uttar Pradesh,Saharanpur,Clay,180,74,123,6.9,737.2,22.0,Sugarcane,Annual,236.3,19234.0,350.0,January,Jan 10–Feb 15,Low
Uttar Pradesh,Saharanpur,Loamy,178,84,119,7.3,1001.8,25.2,Sugarcane,Annual,457.1,17822.0,354.0,January,Jan 10–Feb 15,Low
Uttar Pradesh,Saharanpur,Alluvial,169,88,118,6.7,818.7,24.3,Sugarcane,Annual,299.9,17634.0,372.0,January,Jan 10–Feb 15,Low
Uttar Pradesh,Saharanpur,Clay,174,79,116,6.6,713.5,26.3,Sugarcane,Annual,307.9,18705.0,382.0,January,Jan 10–Feb 15,Low
Uttar Pradesh,Saharanpur,Clay,182,72,114,6.7,916.0,22.5,Sugarcane,Annual,345.6,19033.0,380.0,January,Jan 10–Feb 15,Low
Uttar Pradesh,Saharanpur,Alluvial,177,78,127,7.3,1025.7,27.9,Sugarcane,Annual,401.0,18589.0,360.0,January,Jan 10–Feb 15,Low
Uttar Pradesh,Saharanpur,Sandy Loam,169,74,108,7.2,787.7,23.6,Sugarcane,Annual,204.3,19406.0,363.0,January,Jan 10–Feb 15,Low
Uttar Pradesh,Saharanpur,Sandy Loam,182,72,119,6.9,757.3,28.9,Sugarcane,Annual,205.2,19094.0,367.0,January,Jan 10–Feb 15,Low
Uttar Pradesh,Saharanpur,Sandy Loam,201,79,112,7.3,890.6,26.1,Sugarcane,Annual,240.0,18488.0,365.0,January,Jan 10–Feb 15,Low
Uttar Pradesh,Saharanpur,Sandy Loam,181,83,104,7.5,744.5,27.2,Sugarcane,Annual,246.7,19874.0,346.0,January,Jan 10–Feb 15,Low
Uttar Pradesh,Saharanpur,Loamy,170,94,133,6.8,808.2,23.0,Sugarcane,Annual,325.8,17611.0,360.0,January,Jan 10–Feb 15,Low
Uttar Pradesh,Saharanpur,Loamy,187,60,121,6.6,987.9,25.5,Sugarcane,Annual,351.6,18960.0,381.0,January,Jan 10–Feb 15,Low
Uttar Pradesh,Saharanpur,Alluvial,180,79,125,6.9,1034.2,25.7,Sugarcane,Annual,423.1,19813.0,368.0,January,Jan 10–Feb 15,Low
Uttar Pradesh,Saharanpur,Sandy Loam,176,75,129,6.8,691.3,24.1,Sugarcane,Annual,194.3,19450.0,339.0,January,Jan 10–Feb 15,Low
Uttar Pradesh,Saharanpur,Alluvial,182,67,117,6.8,796.2,23.0,Sugarcane,Annual,308.1,17836.0,353.0,January,Jan 10–Feb 15,Low
Uttar Pradesh,Saharanpur,Sandy Loam,193,48,121,7.1,959.0,24.7,Sugarcane,Annual,293.2,19479.0,374.0,January,Jan 10–Feb 15,Low
Uttar Pradesh,Saharanpur,Alluvial,160,79,144,7.5,818.1,26.3,Sugarcane,Annual,344.8,18756.0,375.0,January,Jan 10–Feb 15,Low
Uttar Pradesh,Saharanpur,Sandy Loam,204,61,114,6.5,851.0,25.5,Sugarcane,Annual,183.3,19045.0,372.0,January,Jan 10–Feb 15,Low
Uttar Pradesh,Saharanpur,Loamy,204,95,122,7.1,688.2,27.5,Sugarcane,Annual,237.6,19944.0,380.0,January,Jan 10–Feb 15,Low
Uttar Pradesh,Saharanpur,Clay,174,103,115,6.5,831.6,22.8,Sugarcane,Annual,255.7,17615.0,358.0,January,Jan 10–Feb 15,Low
Uttar Pradesh,Saharanpur,Clay,161,73,118,7.0,887.5,27.6,Sugarcane,Annual,327.4,18695.0,371.0,January,Jan 10–Feb 15,Low
Uttar Pradesh,Saharanpur,Sandy Loam,137,86,117,7.0,678.3,25.4,Sugarcane,Annual,218.7,18266.0,352.0,January,Jan 10–Feb 15,Low
Uttar Pradesh,Saharanpur,Clay,166,78,112,7.2,781.8,24.4,Sugarcane,Annual,287.2,17619.0,343.0,January,Jan 10–Feb 15,Low
Uttar Pradesh,Saharanpur,Clay,182,107,115,7.0,684.2,26.6,Sugarcane,Annual,284.0,18623.0,356.0,January,Jan 10–Feb 15,Low
Uttar Pradesh,Saharanpur,Clay,154,88,134,7.1,677.9,19.3,Sugarcane,Annual,296.9,18172.0,382.0,January,Jan 10–Feb 15,Low
Uttar Pradesh,Saharanpur,Loamy,189,87,107,7.0,840.1,24.1,Sugarcane,Annual,328.6,18168.0,356.0,January,Jan 10–Feb 15,Low
Uttar Pradesh,Saharanpur,Clay,198,67,130,7.2,999.3,22.1,Sugarcane,Annual,393.1,19379.0,365.0,January,Jan 10–Feb 15,Low
Uttar Pradesh,Saharanpur,Alluvial,176,74,135,6.4,1085.1,28.6,Sugarcane,Annual,405.3,18059.0,357.0,January,Jan 10–Feb 15,Low
Uttar Pradesh,Saharanpur,Sandy Loam,162,78,119,6.7,788.1,22.6,Sugarcane,Annual,241.3,18606.0,377.0,January,Jan 10–Feb 15,Low
Uttar Pradesh,Saharanpur,Sandy Loam,142,85,125,6.9,820.8,23.5,Sugarcane,Annual,198.6,18313.0,383.0,January,Jan 10–Feb 15,Low
Uttar Pradesh,Saharanpur,Sandy Loam,169,63,116,6.7,945.3,24.4,Sugarcane,Annual,289.9,19484.0,383.0,January,Jan 10–Feb 15,Low
Uttar Pradesh,Saharanpur,Loamy,161,63,107,7.0,906.5,27.0,Sugarcane,Annual,340.8,19311.0,353.0,January,Jan 10–Feb 15,Low
Uttar Pradesh,Saharanpur,Loamy,198,72,125,7.1,1026.3,22.8,Sugarcane,Annual,433.8,19831.0,338.0,January,Jan 10–Feb 15,Low
Uttar Pradesh,Saharanpur,Sandy Loam,203,82,131,6.8,931.8,25.8,Sugarcane,Annual,236.1,19286.0,342.0,January,Jan 10–Feb 15,Low
Uttar Pradesh,Saharanpur,Alluvial,172,83,122,7.1,770.4,28.6,Sugarcane,Annual,236.0,18677.0,365.0,January,Jan 10–Feb 15,Low
Uttar Pradesh,Saharanpur,Loamy,175,78,106,6.9,759.5,20.0,Sugarcane,Annual,282.2,18417.0,337.0,January,Jan 10–Feb 15,Low
Uttar Pradesh,Saharanpur,Loamy,179,74,125,7.4,735.7,23.6,Sugarcane,Annual,223.4,19323.0,346.0,January,Jan 10–Feb 15,Low
Uttar Pradesh,Saharanpur,Sandy Loam,171,88,104,6.9,733.6,26.9,Sugarcane,Annual,193.0,19362.0,361.0,January,Jan 10–Feb 15,Low
Uttar Pradesh,Saharanpur,Alluvial,173,64,122,7.3,713.3,26.0,Sugarcane,Annual,283.0,18110.0,335.0,January,Jan 10–Feb 15,Low
Uttar Pradesh,Saharanpur,Loamy,198,96,98,6.9,1135.9,23.6,Sugarcane,Annual,382.7,19785.0,364.0,January,Jan 10–Feb 15,Low
Uttar Pradesh,Saharanpur,Clay,188,55,114,7.1,976.3,25.3,Sugarcane,Annual,382.0,18041.0,347.0,January,Jan 10–Feb 15,Low
Uttar Pradesh,Saharanpur,Loamy,182,90,119,7.1,905.9,24.6,Sugarcane,Annual,348.4,17714.0,365.0,January,Jan 10–Feb 15,Low
Uttar Pradesh,Saharanpur,Sandy Loam,177,76,115,7.0,740.8,22.3,Sugarcane,Annual,180.0,19204.0,348.0,January,Jan 10–Feb 15,Low
Uttar Pradesh,Saharanpur,Clay,178,91,103,6.9,817.3,25.8,Sugarcane,Annual,310.1,19934.0,372.0,January,Jan 10–Feb 15,Low
Uttar Pradesh,Saharanpur,Loamy,192,79,126,6.6,701.5,23.9,Sugarcane,Annual,288.2,19741.0,380.0,January,Jan 10–Feb 15,Low
Uttar Pradesh,Saharanpur,Clay,171,67,107,7.3,756.3,26.2,Sugarcane,Annual,289.6,18618.0,375.0,January,Jan 10–Feb 15,Low
Uttar Pradesh,Saharanpur,Alluvial,180,73,113,6.9,724.1,24.6,Sugarcane,Annual,255.8,18097.0,348.0,January,Jan 10–Feb 15,Low
Uttar Pradesh,Saharanpur,Alluvial,159,81,114,7.6,871.3,27.0,Sugarcane,Annual,329.7,17985.0,372.0,January,Jan 10–Feb 15,Low
Uttar Pradesh,Saharanpur,Loamy,134,58,49,6.5,792.2,29.3,Maize,Kharif,21.7,5213.0,2189.0,October,Oct 15–Nov 05,Medium
Uttar Pradesh,Saharanpur,Clay,114,58,41,6.8,893.0,22.8,Maize,Kharif,15.3,5187.0,2133.0,October,Oct 15–Nov 05,Medium
Uttar Pradesh,Saharanpur,Loamy,116,60,36,6.6,708.2,25.3,Maize,Kharif,21.8,5097.0,1984.0,October,Oct 15–Nov 05,Medium
Uttar Pradesh,Saharanpur,Clay,103,66,54,6.7,707.3,27.0,Maize,Kharif,16.2,5607.0,2226.0,October,Oct 15–Nov 05,Medium
Uttar Pradesh,Saharanpur,Loamy,112,64,50,6.6,731.1,24.1,Maize,Kharif,22.6,4952.0,2130.0,October,Oct 15–Nov 05,Medium
Uttar Pradesh,Saharanpur,Alluvial,128,61,54,6.6,759.0,23.9,Maize,Kharif,16.4,5365.0,2097.0,October,Oct 15–Nov 05,Medium
Uttar Pradesh,Saharanpur,Sandy Loam,116,53,49,6.0,902.2,25.8,Maize,Kharif,22.1,5038.0,2201.0,October,Oct 15–Nov 05,Medium
Uttar Pradesh,Saharanpur,Loamy,136,52,36,6.5,865.8,22.5,Maize,Kharif,22.7,5198.0,2230.0,October,Oct 15–Nov 05,Medium
Uttar Pradesh,Saharanpur,Loamy,142,68,59,7.2,884.1,26.7,Maize,Kharif,22.4,5176.0,2011.0,October,Oct 15–Nov 05,Medium
Uttar Pradesh,Saharanpur,Loamy,124,49,51,6.9,892.7,23.4,Maize,Kharif,22.2,5268.0,1972.0,October,Oct 15–Nov 05,Medium
Uttar Pradesh,Saharanpur,Alluvial,106,87,47,6.7,975.4,22.4,Maize,Kharif,13.1,5122.0,2059.0,October,Oct 15–Nov 05,Medium
Uttar Pradesh,Saharanpur,Loamy,111,50,47,6.5,679.7,25.7,Maize,Kharif,21.7,5017.0,2092.0,October,Oct 15–Nov 05,Medium
Uttar Pradesh,Saharanpur,Sandy Loam,114,56,46,6.6,1102.9,27.3,Maize,Kharif,16.9,5460.0,2155.0,October,Oct 15–Nov 05,Medium
Uttar Pradesh,Saharanpur,Loamy,114,41,32,6.3,689.4,23.2,Maize,Kharif,22.8,5533.0,2152.0,October,Oct 15–Nov 05,Medium
Uttar Pradesh,Saharanpur,Sandy Loam,123,61,44,6.4,725.6,23.9,Maize,Kharif,22.7,5279.0,2014.0,October,Oct 15–Nov 05,Medium
Uttar Pradesh,Saharanpur,Alluvial,157,63,51,6.8,759.0,23.6,Maize,Kharif,15.1,5554.0,2022.0,October,Oct 15–Nov 05,Medium
Uttar Pradesh,Saharanpur,Clay,107,57,55,5.8,606.5,24.7,Maize,Kharif,18.4,5608.0,2215.0,October,Oct 15–Nov 05,Medium
Uttar Pradesh,Saharanpur,Clay,92,76,42,7.1,912.2,27.7,Maize,Kharif,13.7,5372.0,2077.0,October,Oct 15–Nov 05,Medium
Uttar Pradesh,Saharanpur,Sandy Loam,114,66,53,6.4,868.4,24.5,Maize,Kharif,22.1,5387.0,1985.0,October,Oct 15–Nov 05,Medium
Uttar Pradesh,Saharanpur,Clay,113,66,39,6.9,841.7,23.2,Maize,Kharif,16.2,5584.0,2253.0,October,Oct 15–Nov 05,Medium
Uttar Pradesh,Saharanpur,Alluvial,137,56,57,6.6,744.6,24.1,Maize,Kharif,17.5,5321.0,2244.0,October,Oct 15–Nov 05,Medium
Uttar Pradesh,Saharanpur,Sandy Loam,125,51,45,6.3,612.4,20.9,Maize,Kharif,22.2,5135.0,2174.0,October,Oct 15–Nov 05,Medium
Uttar Pradesh,Saharanpur,Clay,107,81,34,7.4,912.2,25.6,Maize,Kharif,15.3,5013.0,1996.0,October,Oct 15–Nov 05,Medium
Uttar Pradesh,Saharanpur,Alluvial,115,52,53,6.2,626.2,25.2,Maize,Kharif,15.7,5010.0,2015.0,October,Oct 15–Nov 05,Medium
Uttar Pradesh,Saharanpur,Sandy Loam,118,61,47,6.5,1049.6,27.1,Maize,Kharif,19.1,5370.0,2112.0,October,Oct 15–Nov 05,Medium
Uttar Pradesh,Saharanpur,Alluvial,100,53,42,6.7,913.1,27.0,Maize,Kharif,17.2,5381.0,2219.0,October,Oct 15–Nov 05,Medium
Uttar Pradesh,Saharanpur,Sandy Loam,158,65,63,6.4,718.9,24.6,Maize,Kharif,20.5,5003.0,1986.0,October,Oct 15–Nov 05,Medium
Uttar Pradesh,Saharanpur,Sandy Loam,117,72,39,6.5,707.1,27.8,Maize,Kharif,23.3,4956.0,2184.0,October,Oct 15–Nov 05,Medium
Uttar Pradesh,Saharanpur,Loamy,120,57,39,6.8,853.8,25.1,Maize,Kharif,23.3,5224.0,2089.0,October,Oct 15–Nov 05,Medium
Uttar Pradesh,Saharanpur,Sandy Loam,138,57,37,6.8,742.7,25.9,Maize,Kharif,22.9,5038.0,2047.0,October,Oct 15–Nov 05,Medium
Uttar Pradesh,Saharanpur,Alluvial,111,50,57,6.5,954.5,20.7,Maize,Kharif,14.1,5010.0,2046.0,October,Oct 15–Nov 05,Medium
Uttar Pradesh,Saharanpur,Sandy Loam,108,57,66,6.3,858.8,28.7,Maize,Kharif,22.4,5389.0,2069.0,October,Oct 15–Nov 05,Medium
Uttar Pradesh,Saharanpur,Clay,125,38,67,6.4,991.3,27.8,Maize,Kharif,15.8,5595.0,2054.0,October,Oct 15–Nov 05,Medium
Uttar Pradesh,Saharanpur,Loamy,116,59,41,6.7,877.8,25.2,Maize,Kharif,22.8,5572.0,1984.0,October,Oct 15–Nov 05,Medium
Uttar Pradesh,Saharanpur,Alluvial,120,64,45,6.4,830.3,23.4,Maize,Kharif,16.5,5302.0,2072.0,October,Oct 15–Nov 05,Medium
Uttar Pradesh,Saharanpur,Loamy,138,60,38,6.4,887.4,23.2,Maize,Kharif,20.3,5126.0,2254.0,October,Oct 15–Nov 05,Medium
Uttar Pradesh,Saharanpur,Alluvial,81,52,39,6.8,1001.5,22.3,Maize,Kharif,13.1,4981.0,2141.0,October,Oct 15–Nov 05,Medium
Uttar Pradesh,Saharanpur,Clay,121,68,70,6.2,1007.9,26.6,Maize,Kharif,16.0,5051.0,2099.0,October,Oct 15–Nov 05,Medium
Uttar Pradesh,Saharanpur,Alluvial,107,77,40,6.5,1030.9,27.4,Maize,Kharif,11.8,5442.0,2228.0,October,Oct 15–Nov 05,Medium
Uttar Pradesh,Saharanpur,Sandy Loam,115,64,69,6.5,998.1,22.9,Maize,Kharif,18.4,5524.0,2124.0,October,Oct 15–Nov 05,Medium
Uttar Pradesh,Saharanpur,Loamy,124,75,57,6.0,821.4,25.6,Maize,Kharif,23.8,5156.0,2068.0,October,Oct 15–Nov 05,Medium
Uttar Pradesh,Saharanpur,Clay,135,71,35,6.6,934.8,28.2,Maize,Kharif,15.1,5095.0,2125.0,October,Oct 15–Nov 05,Medium
Uttar Pradesh,Saharanpur,Sandy Loam,132,58,64,6.2,905.3,22.3,Maize,Kharif,20.7,5288.0,2217.0,October,Oct 15–Nov 05,Medium
Uttar Pradesh,Saharanpur,Clay,97,42,57,6.3,947.4,26.0,Maize,Kharif,15.7,5279.0,2080.0,October,Oct 15–Nov 05,Medium
Uttar Pradesh,Saharanpur,Alluvial,130,72,39,6.8,853.9,23.1,Maize,Kharif,16.9,5322.0,2012.0,October,Oct 15–Nov 05,Medium
Uttar Pradesh,Saharanpur,Sandy Loam,109,65,48,6.5,821.4,28.7,Maize,Kharif,24.5,5533.0,2063.0,October,Oct 15–Nov 05,Medium
Uttar Pradesh,Saharanpur,Alluvial,109,64,45,6.2,811.5,26.6,Maize,Kharif,16.6,5059.0,2211.0,October,Oct 15–Nov 05,Medium
Uttar Pradesh,Saharanpur,Loamy,108,53,44,7.2,778.0,24.3,Maize,Kharif,21.2,5382.0,2075.0,October,Oct 15–Nov 05,Medium
Uttar Pradesh,Saharanpur,Alluvial,113,63,46,6.7,968.7,25.2,Maize,Kharif,11.1,5455.0,2165.0,October,Oct 15–Nov 05,Medium
Uttar Pradesh,Saharanpur,Clay,150,58,45,6.7,796.1,27.4,Maize,Kharif,16.5,4966.0,2005.0,October,Oct 15–Nov 05,Medium
Uttar Pradesh,Saharanpur,Sandy Loam,122,63,52,6.6,755.0,21.7,Maize,Kharif,22.0,5358.0,2249.0,October,Oct 15–Nov 05,Medium
Uttar Pradesh,Saharanpur,Clay,119,61,40,6.7,839.7,21.3,Maize,Kharif,16.4,5055.0,2213.0,October,Oct 15–Nov 05,Medium
Uttar Pradesh,Saharanpur,Alluvial,126,59,67,6.3,872.3,29.1,Maize,Kharif,16.6,5026.0,2071.0,October,Oct 15–Nov 05,Medium
Uttar Pradesh,Saharanpur,Loamy,131,67,51,6.5,970.2,25.9,Maize,Kharif,20.6,5461.0,1994.0,October,Oct 15–Nov 05,Medium
Uttar Pradesh,Saharanpur,Loamy,137,65,68,6.7,631.6,27.5,Maize,Kharif,22.3,5057.0,1976.0,October,Oct 15–Nov 05,Medium
Uttar Pradesh,Saharanpur,Sandy Loam,133,60,57,6.3,676.4,27.0,Maize,Kharif,21.1,5234.0,2094.0,October,Oct 15–Nov 05,Medium
Uttar Pradesh,Saharanpur,Loamy,108,50,42,6.1,845.5,24.7,Maize,Kharif,21.2,5308.0,2081.0,October,Oct 15–Nov 05,Medium
Uttar Pradesh,Saharanpur,Alluvial,95,64,55,5.9,649.0,24.8,Maize,Kharif,16.5,4990.0,2199.0,October,Oct 15–Nov 05,Medium
Uttar Pradesh,Saharanpur,Loamy,110,53,60,6.7,650.7,30.9,Maize,Kharif,21.5,5133.0,2192.0,October,Oct 15–Nov 05,Medium
Uttar Pradesh,Saharanpur,Clay,145,58,62,6.9,611.8,25.7,Maize,Kharif,18.2,5407.0,1998.0,October,Oct 15–Nov 05,Medium
Uttar Pradesh,Saharanpur,Alluvial,117,41,60,6.5,888.7,26.7,Maize,Kharif,18.1,5577.0,2147.0,October,Oct 15–Nov 05,Medium
Uttar Pradesh,Saharanpur,Sandy Loam,110,62,68,6.5,1043.5,23.8,Maize,Kharif,17.5,5278.0,2030.0,October,Oct 15–Nov 05,Medium
Uttar Pradesh,Saharanpur,Clay,125,49,38,7.0,928.9,25.1,Maize,Kharif,18.2,5341.0,2094.0,October,Oct 15–Nov 05,Medium
Uttar Pradesh,Saharanpur,Alluvial,135,60,53,7.1,820.4,24.4,Maize,Kharif,13.7,5523.0,2045.0,October,Oct 15–Nov 05,Medium
Uttar Pradesh,Saharanpur,Clay,128,69,39,6.2,1167.6,27.0,Maize,Kharif,12.0,5468.0,1979.0,October,Oct 15–Nov 05,Medium
Uttar Pradesh,Saharanpur,Sandy Loam,101,67,44,6.3,1027.2,26.5,Maize,Kharif,19.1,5361.0,2121.0,October,Oct 15–Nov 05,Medium
Uttar Pradesh,Saharanpur,Loamy,105,50,46,6.7,901.3,27.0,Maize,Kharif,20.5,5434.0,2256.0,October,Oct 15–Nov 05,Medium
Uttar Pradesh,Saharanpur,Alluvial,116,56,55,6.3,901.9,26.0,Maize,Kharif,14.8,4986.0,2135.0,October,Oct 15–Nov 05,Medium
Uttar Pradesh,Saharanpur,Loamy,99,70,59,6.4,844.3,21.0,Maize,Kharif,24.2,5253.0,2158.0,October,Oct 15–Nov 05,Medium
Uttar Pradesh,Saharanpur,Clay,144,61,34,6.5,1033.5,23.8,Maize,Kharif,14.0,5108.0,2133.0,October,Oct 15–Nov 05,Medium
Uttar Pradesh,Saharanpur,Alluvial,130,45,50,6.3,783.0,28.7,Maize,Kharif,18.2,5437.0,2253.0,October,Oct 15–Nov 05,Medium
Uttar Pradesh,Saharanpur,Clay,89,39,49,6.6,887.4,25.4,Maize,Kharif,14.8,4955.0,2051.0,October,Oct 15–Nov 05,Medium
Uttar Pradesh,Saharanpur,Clay,124,79,41,6.5,662.9,26.5,Maize,Kharif,15.3,5237.0,1988.0,October,Oct 15–Nov 05,Medium
Uttar Pradesh,Saharanpur,Alluvial,102,51,44,6.5,937.2,24.6,Maize,Kharif,15.6,5175.0,2218.0,October,Oct 15–Nov 05,Medium
Uttar Pradesh,Saharanpur,Clay,122,57,39,6.3,814.9,24.6,Maize,Kharif,16.6,5311.0,2130.0,October,Oct 15–Nov 05,Medium
Uttar Pradesh,Saharanpur,Clay,143,69,43,6.8,713.6,23.5,Maize,Kharif,16.9,5589.0,2194.0,October,Oct 15–Nov 05,Medium
Uttar Pradesh,Saharanpur,Loamy,102,54,56,6.6,1015.3,29.6,Maize,Kharif,19.8,5127.0,2161.0,October,Oct 15–Nov 05,Medium
Uttar Pradesh,Saharanpur,Alluvial,123,67,36,6.3,899.1,21.7,Maize,Kharif,15.2,5521.0,2140.0,October,Oct 15–Nov 05,Medium
Uttar Pradesh,Saharanpur,Sandy Loam,122,66,50,6.7,988.9,25.0,Maize,Kharif,17.5,5236.0,2210.0,October,Oct 15–Nov 05,Medium
Uttar Pradesh,Saharanpur,Loamy,100,53,58,6.3,858.1,23.8,Maize,Kharif,20.7,5492.0,2054.0,October,Oct 15–Nov 05,Medium
