rainfall_1h,rainfall_6h,rainfall_24h,previous_rainfall,elevation,slope,drainage_density,built_up_percentage,distance_to_waterbody,historical_flood_frequency,flooded,water_depth_cm,zone_id
5.6,80.9,140.2,54.8,4.12,0.46,1.99,95.60000000000001,1.24,14,1,51.2,ZONE-09
2.0,6.2,8.9,120.7,4.57,0.41000000000000003,1.9400000000000002,92.60000000000001,1.22,14,0,0.0,ZONE-09
11.0,41.8,42.7,210.2,8.27,1.24,3.1700000000000004,78.10000000000001,2.46,5,0,0.0,ZONE-08
21.4,27.4,36.4,12.2,2.31,0.22999999999999998,1.3699999999999999,87.2,0.34,18,1,56.6,ZONE-14
4.4,23.0,48.4,20.7,4.17,0.42,2.24,94.8,1.26,14,0,0.0,ZONE-09
11.4,15.2,30.7,27.4,4.13,0.7899999999999999,2.5500000000000003,93.8,0.8700000000000001,8,0,0.0,ZONE-05
7.3,45.7,55.7,43.3,3.86,0.64,1.82,87.4,0.46,13,0,0.0,ZONE-10
10.8,12.0,54.1,11.2,4.78,0.5700000000000001,2.0500000000000003,93.9,1.27,14,0,0.0,ZONE-09
0.8,75.1,226.8,99.1,3.1,0.34,2.71,84.6,0.23,11,1,77.3,ZONE-13
4.4,7.0,58.9,34.8,3.23,0.35000000000000003,2.78,80.6,0.29000000000000004,11,0,0.0,ZONE-13
1.6,18.7,20.3,144.0,8.25,1.27,3.31,76.80000000000001,2.41,5,0,0.0,ZONE-08
3.6,30.8,47.6,44.0,3.7199999999999998,0.51,2.17,89.4,0.54,13,0,0.0,ZONE-10
9.5,14.6,171.8,89.5,8.219999999999999,1.18,3.37,78.2,2.45,5,0,0.0,ZONE-08
33.7,90.0,131.0,153.0,8.299999999999999,1.21,3.3000000000000003,78.0,2.52,5,0,0.0,ZONE-08
1.1,6.6,8.7,23.6,3.5799999999999996,0.7,2.0,86.5,0.41000000000000003,13,0,0.0,ZONE-10
5.9,13.8,93.2,26.5,4.22,0.43,2.17,94.8,1.18,14,0,0.0,ZONE-09
4.0,23.6,30.4,97.2,4.119999999999999,0.7899999999999999,2.74,90.6,0.8400000000000001,8,0,0.0,ZONE-05
0.9,109.3,175.9,13.3,2.0100000000000002,0.17,1.1199999999999999,69.9,0.19999999999999998,16,1,78.9,ZONE-15
0.1,42.3,97.5,78.3,2.18,0.25,1.2,69.6,0.32999999999999996,16,1,74.3,ZONE-15
17.7,19.6,39.6,7.4,7.819999999999999,1.25,3.22,80.10000000000001,2.51,5,0,0.0,ZONE-08
23.9,48.3,66.4,3.9,2.18,0.3,1.24,87.7,0.5,18,1,69.9,ZONE-14
4.5,14.3,73.2,60.9,7.75,1.28,3.3800000000000003,75.9,2.5,5,0,0.0,ZONE-08
26.2,42.2,47.9,74.9,4.88,0.51,1.9500000000000002,95.2,1.29,14,0,0.0,ZONE-09
17.2,37.8,104.1,40.8,3.0100000000000002,0.47000000000000003,2.77,80.3,0.21000000000000002,11,1,36.4,ZONE-13
8.9,22.8,24.0,6.9,8.27,1.18,3.27,77.60000000000001,2.58,5,0,0.0,ZONE-08
0.4,25.7,42.7,42.6,3.8,0.6399999999999999,2.54,94.0,0.75,8,0,0.0,ZONE-05
28.6,35.8,59.6,84.5,7.71,1.24,3.02,75.80000000000001,2.41,5,0,0.0,ZONE-08
3.1,5.1,20.5,10.5,3.46,0.5499999999999999,2.07,87.3,0.43,13,0,0.0,ZONE-10
31.9,73.2,118.4,123.1,3.8899999999999997,0.69,2.56,91.1,0.8300000000000001,8,0,0.0,ZONE-05
19.5,24.7,125.1,46.5,3.7399999999999998,0.59,2.09,90.0,0.6,13,1,35.3,ZONE-10
19.8,76.4,93.6,7.0,2.18,0.36,1.34,82.1,0.21000000000000002,17,1,69.5,ZONE-16
3.1,17.0,93.7,118.3,3.02,0.35000000000000003,2.9699999999999998,81.7,0.27,11,1,33.1,ZONE-13
0.1,18.0,42.3,15.1,2.22,0.31,1.21,86.1,0.45,18,1,47.6,ZONE-14
1.5,11.8,140.6,23.4,1.99,0.24,1.46,81.4,0.18000000000000002,17,1,80.1,ZONE-16
8.8,39.2,59.5,214.1,2.14,0.26,1.1099999999999999,73.2,0.35,16,1,75.0,ZONE-15
39.4,46.7,77.6,21.5,3.8199999999999994,0.6599999999999999,2.79,94.0,0.81,8,0,0.0,ZONE-05
4.0,4.9,47.2,41.9,3.4499999999999997,0.62,2.0,91.1,0.43,13,0,0.0,ZONE-10
0.6,8.8,116.3,16.4,4.78,0.41000000000000003,1.9300000000000002,96.4,1.18,14,0,0.0,ZONE-09
1.9,18.7,209.7,16.6,8.16,1.1099999999999999,3.0300000000000002,79.30000000000001,2.51,5,0,0.0,ZONE-08
13.4,49.2,61.4,78.2,4.1499999999999995,0.54,2.09,87.4,0.48,13,0,0.0,ZONE-10
5.5,30.5,75.7,46.0,1.77,0.29000000000000004,1.3699999999999999,69.1,0.32,16,1,65.4,ZONE-15
1.1,46.2,63.6,12.4,4.16,0.44,2.0100000000000002,96.8,1.28,14,0,0.0,ZONE-09
0.5,22.8,73.7,1.0,8.0,1.13,3.33,79.60000000000001,2.52,5,0,0.0,ZONE-08
8.6,15.0,61.6,11.5,2.23,0.31,1.5699999999999998,86.1,0.48000000000000004,18,1,52.7,ZONE-14
14.1,26.3,150.5,8.9,4.69,0.43,2.0100000000000002,92.5,1.17,14,0,0.0,ZONE-09
5.0,8.0,124.4,125.9,1.8,0.15000000000000002,1.3599999999999999,69.3,0.32999999999999996,16,1,78.3,ZONE-15
3.6,30.6,107.1,48.6,1.7000000000000002,0.35,1.45,87.1,0.45,18,1,75.0,ZONE-14
9.1,16.0,20.4,136.5,2.05,0.21999999999999997,1.68,85.1,0.13,17,1,56.1,ZONE-16
27.7,52.8,71.4,25.8,3.8699999999999997,0.53,1.85,87.8,0.58,13,0,0.0,ZONE-10
15.5,72.4,170.6,90.8,2.42,0.24,1.2999999999999998,86.1,0.46,18,1,80.6,ZONE-14
12.3,14.5,22.4,137.3,2.38,0.35,1.67,82.4,0.13,17,1,55.7,ZONE-16
11.2,11.4,16.2,65.3,3.5100000000000002,0.30000000000000004,2.8899999999999997,81.0,0.29000000000000004,11,0,0.0,ZONE-13
0.1,4.5,40.3,70.6,7.909999999999999,1.26,3.04,80.60000000000001,2.57,5,0,0.0,ZONE-08
12.7,19.0,75.0,16.2,7.859999999999999,1.28,3.14,80.30000000000001,2.57,5,0,0.0,ZONE-08
4.7,39.0,86.2,113.5,7.72,1.14,3.1300000000000003,80.60000000000001,2.59,5,0,0.0,ZONE-08
12.9,33.9,38.3,27.5,1.6800000000000002,0.2,1.27,74.1,0.27,16,1,52.1,ZONE-15
3.7,10.7,173.3,30.0,1.54,0.29000000000000004,1.1099999999999999,69.7,0.29,16,1,78.5,ZONE-15
26.7,51.6,122.9,41.9,3.75,0.7,1.85,91.4,0.44,13,1,46.9,ZONE-10
10.3,27.3,37.1,76.9,1.6,0.39,1.52,85.3,0.25,17,1,66.2,ZONE-16
4.0,4.6,51.3,11.7,3.75,0.69,2.17,89.7,0.53,13,0,0.0,ZONE-10
33.9,110.8,221.7,27.7,4.68,0.46,2.02,93.7,1.18,14,1,70.3,ZONE-09
0.2,66.1,91.3,204.1,2.95,0.43000000000000005,2.75,83.5,0.13,11,1,63.3,ZONE-13
39.8,87.7,103.4,29.2,2.04,0.19999999999999998,1.41,83.6,0.22,17,1,77.2,ZONE-16
22.9,32.4,40.8,48.8,4.05,0.74,2.6,95.3,0.89,8,0,0.0,ZONE-05
33.0,62.8,100.8,6.1,3.33,0.36000000000000004,2.8699999999999997,82.7,0.12000000000000001,11,1,39.4,ZONE-13
11.5,126.8,133.6,43.8,8.24,1.14,3.08,75.5,2.45,5,0,0.0,ZONE-08
25.2,59.0,112.7,72.7,4.1899999999999995,0.75,2.58,95.8,0.8200000000000001,8,0,0.0,ZONE-05
5.3,14.0,88.6,99.7,2.0,0.25,1.56,81.0,0.25,17,1,75.0,ZONE-16
24.2,85.3,117.5,41.8,4.72,0.44,2.22,95.4,1.19,14,0,0.0,ZONE-09
19.2,45.4,99.9,95.3,8.43,1.1199999999999999,3.0500000000000003,78.2,2.51,5,0,0.0,ZONE-08
26.5,36.8,58.0,5.9,4.16,0.6799999999999999,2.05,90.3,0.5,13,0,0.0,ZONE-10
10.4,11.3,39.5,46.9,4.42,0.75,2.5900000000000003,92.1,0.75,8,0,0.0,ZONE-05
4.1,26.4,27.8,2.3,2.0100000000000002,0.2,1.25,70.6,0.21999999999999997,16,1,34.0,ZONE-15
20.8,32.0,38.1,44.3,1.67,0.28,1.03,69.9,0.27999999999999997,16,1,54.5,ZONE-15
17.6,23.7,67.6,5.4,7.75,1.18,3.22,77.9,2.44,5,0,0.0,ZONE-08
0.6,19.5,54.5,60.9,1.91,0.35,1.68,81.1,0.28,17,1,60.7,ZONE-16
15.5,108.6,141.3,23.4,3.6999999999999997,0.6699999999999999,2.7,95.6,0.89,8,1,31.5,ZONE-05
19.0,26.9,52.9,4.9,8.09,1.15,3.1900000000000004,77.7,2.53,5,0,0.0,ZONE-08
0.3,82.5,163.8,71.4,2.18,0.37,1.67,86.9,0.21000000000000002,17,1,80.7,ZONE-16
6.3,11.1,18.8,17.3,1.77,0.29,1.5499999999999998,86.6,0.35000000000000003,18,1,42.8,ZONE-14
9.6,40.9,89.5,19.7,3.9599999999999995,0.75,2.5500000000000003,95.0,0.8700000000000001,8,0,0.0,ZONE-05
37.2,70.7,107.1,56.8,2.0700000000000003,0.19,1.3,69.3,0.39,16,1,71.3,ZONE-15
6.5,13.6,33.4,85.1,4.72,0.53,2.2,96.9,1.14,14,0,0.0,ZONE-09
0.2,3.3,5.4,2.5,2.2,0.25,1.39,86.2,0.49,18,0,0.0,ZONE-14
23.2,53.6,82.5,6.2,4.26,0.75,2.47,94.1,0.8500000000000001,8,0,0.0,ZONE-05
8.1,24.1,32.7,34.1,4.72,0.43,2.02,94.7,1.29,14,0,0.0,ZONE-09
6.1,30.0,75.4,2.8,1.92,0.33999999999999997,1.33,85.1,0.23,17,1,64.1,ZONE-16
5.6,30.2,61.7,116.5,2.08,0.22,1.05,74.9,0.36,16,1,66.3,ZONE-15
12.9,17.3,20.6,61.7,2.13,0.21,1.56,81.1,0.18000000000000002,17,1,47.6,ZONE-16
0.3,22.3,149.1,51.4,2.37,0.32999999999999996,1.63,85.2,0.19,17,1,77.8,ZONE-16
5.9,31.7,59.3,47.3,1.8900000000000001,0.28,1.31,71.8,0.37,16,1,59.5,ZONE-15
34.1,46.3,192.5,141.5,4.08,0.6699999999999999,1.83,91.3,0.45,13,1,74.0,ZONE-10
2.6,4.4,9.2,1.1,1.87,0.3,1.43,83.9,0.17,17,1,29.5,ZONE-16
1.2,29.9,33.2,23.0,2.1,0.24000000000000002,1.1099999999999999,69.1,0.39,16,1,31.8,ZONE-15
22.4,23.0,98.8,19.9,1.99,0.35,1.58,84.9,0.2,17,1,75.1,ZONE-16
1.5,31.3,75.9,126.0,4.34,0.48,2.0,95.2,1.17,14,0,0.0,ZONE-09
15.9,56.6,71.5,11.7,3.7399999999999998,0.65,1.93,90.2,0.45,13,0,0.0,ZONE-10
16.7,57.8,267.4,31.9,1.58,0.24000000000000002,1.13,73.5,0.39,16,1,78.9,ZONE-15
5.6,43.0,61.8,160.2,7.869999999999999,1.2,3.29,81.30000000000001,2.5,5,0,0.0,ZONE-08
23.5,37.5,100.0,84.3,2.18,0.27,1.1199999999999999,71.2,0.26,16,1,75.1,ZONE-15
1.3,59.5,91.2,105.1,3.02,0.49,2.82,83.2,0.13,11,1,47.8,ZONE-13
4.6,61.1,83.3,0.7,3.78,0.6,2.5100000000000002,93.4,0.77,8,0,0.0,ZONE-05
28.3,30.7,48.0,179.8,1.9000000000000001,0.37,1.25,85.9,0.4,18,1,73.8,ZONE-14
36.1,57.4,102.4,35.7,1.82,0.36,1.5799999999999998,86.0,0.35000000000000003,18,1,75.6,ZONE-14
4.2,14.2,64.4,83.8,2.09,0.36,1.39,84.1,0.19,17,1,67.0,ZONE-16
18.8,57.8,62.1,40.9,1.84,0.32,1.54,85.4,0.29000000000000004,17,1,67.1,ZONE-16
0.7,20.6,46.8,131.2,7.909999999999999,1.1199999999999999,3.1,78.7,2.43,5,0,0.0,ZONE-08
5.2,8.3,15.2,86.0,1.96,0.32,1.42,82.4,0.24000000000000002,17,1,48.8,ZONE-16
11.6,14.3,18.3,72.4,3.76,0.6499999999999999,2.5100000000000002,95.2,0.8200000000000001,8,0,0.0,ZONE-05
0.9,44.0,99.1,5.1,8.04,1.21,3.2600000000000002,80.9,2.57,5,0,0.0,ZONE-08
1.1,109.0,130.1,27.8,4.15,0.56,2.14,96.10000000000001,1.28,14,1,36.0,ZONE-09
20.1,93.7,285.8,84.0,4.25,0.74,2.7800000000000002,93.5,0.8,8,1,71.1,ZONE-05
5.7,7.9,75.5,49.0,2.41,0.35,1.44,85.7,0.35000000000000003,18,1,65.7,ZONE-14
6.6,65.8,71.1,40.7,2.5,0.32999999999999996,1.3099999999999998,85.7,0.45,18,1,67.5,ZONE-14
0.1,15.9,18.5,7.6,4.43,0.6399999999999999,2.63,94.3,0.8,8,0,0.0,ZONE-05
1.5,27.7,89.4,52.5,4.48,0.48,2.0300000000000002,91.8,1.13,14,0,0.0,ZONE-09
39.3,51.0,66.1,121.8,2.15,0.26,1.68,85.9,0.21000000000000002,17,1,72.9,ZONE-16
3.0,85.6,86.2,210.2,3.5999999999999996,0.52,2.11,91.2,0.56,13,1,55.6,ZONE-10
0.5,55.9,89.7,297.4,4.029999999999999,0.6399999999999999,2.54,95.0,0.8300000000000001,8,0,0.0,ZONE-05
0.9,21.1,177.9,44.4,1.86,0.31,1.5699999999999998,88.1,0.44,18,1,72.8,ZONE-14
11.9,41.6,68.9,59.3,8.27,1.16,3.0100000000000002,77.80000000000001,2.44,5,0,0.0,ZONE-08
10.5,68.4,70.5,19.8,4.47,0.42,2.23,94.2,1.24,14,0,0.0,ZONE-09
36.0,91.2,118.6,58.1,1.73,0.2,1.19,71.7,0.22999999999999998,16,1,73.1,ZONE-15
3.9,9.1,37.1,26.2,3.49,0.36000000000000004,2.92,81.5,0.29000000000000004,11,0,0.0,ZONE-13
10.5,12.5,177.4,257.0,2.06,0.16,1.1199999999999999,72.5,0.4,16,1,76.8,ZONE-15
14.4,33.6,50.3,100.9,3.16,0.4,2.73,83.6,0.18000000000000002,11,0,0.0,ZONE-13
13.9,18.3,127.1,103.7,4.1,0.7,1.9,88.3,0.5700000000000001,13,1,38.8,ZONE-10
35.9,68.2,111.0,32.5,4.0,0.64,2.12,88.3,0.53,13,1,39.2,ZONE-10
32.4,82.7,84.8,1.6,3.2,0.31000000000000005,2.8,82.5,0.27,11,0,0.0,ZONE-13
5.7,47.3,243.7,9.8,3.78,0.7799999999999999,2.41,91.4,0.8700000000000001,8,1,69.9,ZONE-05
10.8,22.8,180.5,110.8,4.48,0.59,2.04,95.4,1.23,14,1,58.3,ZONE-09
21.9,37.7,61.8,19.2,2.36,0.32999999999999996,1.65,83.9,0.21000000000000002,17,1,62.1,ZONE-16
0.7,50.7,126.1,490.3,8.2,1.28,3.4000000000000004,79.9,2.49,5,0,0.0,ZONE-08
68.3,88.6,154.5,173.8,4.71,0.54,1.9400000000000002,92.2,1.16,14,1,62.2,ZONE-09
22.7,29.8,56.7,8.3,4.04,0.5599999999999999,1.95,86.9,0.51,13,0,0.0,ZONE-10
37.0,60.3,72.0,66.8,2.9400000000000004,0.32,2.9499999999999997,82.7,0.15000000000000002,11,1,39.2,ZONE-13
11.6,22.7,28.1,66.8,2.99,0.43000000000000005,2.78,83.0,0.28,11,0,0.0,ZONE-13
8.8,45.8,78.8,114.7,4.42,0.74,2.46,93.2,0.77,8,0,0.0,ZONE-05
9.6,30.2,124.4,31.0,1.9100000000000001,0.18000000000000002,1.0999999999999999,74.1,0.24,16,1,73.6,ZONE-15
1.7,2.4,65.7,58.1,3.7899999999999996,0.6799999999999999,2.54,92.3,0.8400000000000001,8,0,0.0,ZONE-05
14.6,20.6,27.2,0.9,2.48,0.32999999999999996,1.3099999999999998,88.9,0.44,18,1,39.4,ZONE-14
5.2,27.5,49.9,34.5,2.43,0.35,1.5299999999999998,90.9,0.46,18,1,51.7,ZONE-14
28.1,38.8,71.3,91.9,3.5799999999999996,0.54,1.9,90.5,0.55,13,0,0.0,ZONE-10
6.1,30.4,119.6,179.2,3.3000000000000003,0.48000000000000004,2.86,80.9,0.19,11,1,57.0,ZONE-13
1.9,67.2,97.7,17.9,2.87,0.36000000000000004,2.9,80.1,0.13,11,1,38.2,ZONE-13
7.4,105.2,135.7,23.9,3.82,0.6799999999999999,2.13,87.5,0.56,13,1,54.4,ZONE-10
12.0,18.9,22.5,8.3,2.0,0.17,1.05,74.8,0.22999999999999998,16,1,45.0,ZONE-15
1.6,5.7,12.4,61.4,2.37,0.36,1.45,85.7,0.1,17,1,36.5,ZONE-16
2.4,13.0,115.2,38.5,3.9899999999999998,0.75,2.5,92.8,0.8300000000000001,8,0,0.0,ZONE-05
13.2,17.9,27.5,2.5,3.4899999999999998,0.5499999999999999,1.81,91.3,0.51,13,0,0.0,ZONE-10
2.2,10.4,19.2,5.6,8.219999999999999,1.23,3.1900000000000004,79.60000000000001,2.53,5,0,0.0,ZONE-08
1.5,16.9,27.3,27.2,4.21,0.59,2.02,94.2,1.1199999999999999,14,0,0.0,ZONE-09
8.4,37.7,39.5,96.4,3.1100000000000003,0.37,2.98,83.2,0.21000000000000002,11,0,0.0,ZONE-13
11.9,14.0,107.1,152.2,3.5100000000000002,0.43000000000000005,2.9299999999999997,82.7,0.29000000000000004,11,1,33.9,ZONE-13
0.8,8.9,82.7,82.8,3.57,0.59,1.89,88.2,0.6,13,0,0.0,ZONE-10
2.4,8.3,29.1,39.8,3.84,0.7,1.94,88.4,0.44,13,0,0.0,ZONE-10
11.6,23.1,51.0,82.6,4.86,0.56,1.9400000000000002,92.5,1.23,14,0,0.0,ZONE-09
0.4,7.7,63.9,135.3,1.7400000000000002,0.27,1.5999999999999999,90.2,0.34,18,1,75.8,ZONE-14
8.6,27.6,32.7,35.6,8.17,1.26,3.0900000000000003,80.0,2.56,5,0,0.0,ZONE-08
9.1,16.0,30.1,28.4,1.9200000000000002,0.4,1.5999999999999999,88.7,0.46,18,1,42.7,ZONE-14
0.2,9.9,20.6,23.8,1.81,0.27,1.52,89.0,0.30000000000000004,18,1,46.5,ZONE-14
1.5,56.8,97.3,68.2,3.39,0.41000000000000003,2.9,81.9,0.26,11,0,0.0,ZONE-13
18.7,36.0,40.1,46.2,4.46,0.44,2.15,95.60000000000001,1.28,14,0,0.0,ZONE-09
10.6,44.8,70.2,8.2,1.77,0.29000000000000004,1.02,71.9,0.27999999999999997,16,1,68.1,ZONE-15
4.0,15.3,62.0,50.7,4.27,0.69,2.7600000000000002,92.4,0.73,8,0,0.0,ZONE-05
5.3,113.0,154.9,16.2,3.02,0.43000000000000005,2.82,81.0,0.30000000000000004,11,1,67.6,ZONE-13
1.3,5.4,18.1,10.5,4.1,0.69,2.72,91.2,0.8300000000000001,8,0,0.0,ZONE-05
2.5,10.9,19.5,136.2,8.04,1.28,3.1700000000000004,80.4,2.48,5,0,0.0,ZONE-08
1.0,19.6,43.4,242.3,4.35,0.46,2.0,96.9,1.24,14,0,0.0,ZONE-09
1.4,14.1,171.1,120.4,3.7499999999999996,0.77,2.44,91.1,0.8500000000000001,8,1,41.5,ZONE-05
20.4,27.9,36.3,66.3,2.17,0.31,1.3299999999999998,86.2,0.37,18,1,62.2,ZONE-14
31.8,52.1,90.2,19.7,2.29,0.33999999999999997,1.69,84.6,0.17,17,1,72.3,ZONE-16
17.6,22.8,40.4,33.2,7.819999999999999,1.2,3.3400000000000003,77.5,2.51,5,0,0.0,ZONE-08
8.5,15.4,20.9,56.6,4.71,0.51,2.22,96.3,1.29,14,0,0.0,ZONE-09
4.1,25.9,33.4,39.4,2.19,0.32999999999999996,1.48,85.7,0.35000000000000003,18,1,53.5,ZONE-14
9.1,10.4,28.9,8.7,3.6799999999999997,0.54,1.8599999999999999,89.9,0.41000000000000003,13,0,0.0,ZONE-10
0.8,115.8,133.3,99.6,1.77,0.31,1.3499999999999999,88.2,0.33,18,1,74.9,ZONE-14
3.5,32.1,96.4,54.3,4.02,0.61,1.83,86.3,0.43,13,0,0.0,ZONE-10
7.7,21.0,40.3,159.2,2.24,0.25,1.46,88.4,0.39,18,1,65.5,ZONE-14
21.3,105.1,111.1,78.8,4.38,0.42,2.17,94.8,1.21,14,1,34.0,ZONE-09
33.4,38.4,41.5,81.1,8.02,1.22,3.0,77.2,2.44,5,0,0.0,ZONE-08
10.3,56.4,63.2,95.2,3.41,0.36000000000000004,2.65,82.0,0.19,11,0,0.0,ZONE-13
2.7,7.2,15.3,101.1,3.1,0.44,2.8,84.0,0.26,11,0,0.0,ZONE-13
13.1,31.6,51.6,125.8,4.42,0.55,2.0700000000000003,94.0,1.1199999999999999,14,0,0.0,ZONE-09
6.0,48.4,74.4,28.4,3.86,0.61,2.08,88.5,0.42,13,0,0.0,ZONE-10
7.5,16.5,78.5,41.9,2.47,0.22999999999999998,1.5799999999999998,88.3,0.44,18,1,63.7,ZONE-14
3.2,60.7,82.5,47.1,2.2800000000000002,0.25,1.54,84.1,0.18000000000000002,17,1,69.9,ZONE-16
28.4,52.9,58.5,168.6,3.5799999999999996,0.6599999999999999,1.83,89.8,0.51,13,1,33.5,ZONE-10
11.9,22.1,28.8,94.8,3.6799999999999997,0.69,2.06,86.9,0.42,13,0,0.0,ZONE-10
11.6,30.7,131.6,93.2,1.56,0.22,1.3,72.9,0.24,16,1,78.8,ZONE-15
2.0,11.3,24.2,81.7,4.069999999999999,0.71,2.63,94.6,0.88,8,0,0.0,ZONE-05
0.4,21.5,86.2,125.6,4.09,0.63,1.8599999999999999,86.4,0.49,13,0,0.0,ZONE-10
5.0,48.0,53.3,112.4,2.04,0.22,1.14,69.4,0.29,16,1,61.6,ZONE-15
1.6,14.3,86.1,9.7,4.07,0.52,2.15,91.1,0.52,13,0,0.0,ZONE-10
3.1,35.1,92.4,61.5,1.97,0.31,1.62,86.4,0.19,17,1,76.4,ZONE-16
14.2,33.8,46.9,25.5,7.96,1.2,3.06,75.80000000000001,2.42,5,0,0.0,ZONE-08
2.4,62.2,101.6,30.7,4.1899999999999995,0.52,2.06,86.2,0.54,13,0,0.0,ZONE-10
7.4,81.0,88.5,52.9,4.119999999999999,0.72,2.5500000000000003,96.0,0.78,8,0,0.0,ZONE-05
8.5,32.1,32.9,123.4,3.94,0.51,2.05,88.0,0.47,13,0,0.0,ZONE-10
32.3,53.1,106.8,153.4,1.83,0.33999999999999997,1.56,86.4,0.27,17,1,74.6,ZONE-16
14.7,18.8,57.4,56.0,3.5300000000000002,0.36000000000000004,2.86,83.0,0.13,11,0,0.0,ZONE-13
6.6,39.9,162.5,155.9,4.35,0.48,2.22,96.10000000000001,1.23,14,1,61.3,ZONE-09
7.2,10.2,198.7,109.5,4.62,0.48,2.04,93.4,1.14,14,1,57.8,ZONE-09
1.6,65.0,156.8,43.9,3.8499999999999996,0.7999999999999999,2.46,92.3,0.8600000000000001,8,0,0.0,ZONE-05
10.7,23.4,25.9,24.5,2.23,0.38,1.45,89.1,0.33,18,1,42.9,ZONE-14
19.5,19.6,37.9,30.5,3.3800000000000003,0.31000000000000005,2.75,83.3,0.29000000000000004,11,0,0.0,ZONE-13
9.3,72.4,91.5,25.6,2.0,0.26,1.0899999999999999,70.4,0.39,16,1,73.8,ZONE-15
16.1,31.1,42.5,36.1,7.989999999999999,1.29,3.39,78.2,2.46,5,0,0.0,ZONE-08
1.8,6.7,37.7,32.6,2.0,0.27999999999999997,1.3599999999999999,82.2,0.22,17,1,55.0,ZONE-16
29.6,40.9,80.0,60.0,2.21,0.37,1.42,86.1,0.47000000000000003,18,1,74.5,ZONE-14
0.2,27.4,36.2,194.8,1.47,0.13,1.18,72.1,0.37,16,1,66.2,ZONE-15
1.9,15.3,19.3,346.1,8.35,1.28,3.37,77.9,2.48,5,0,0.0,ZONE-08
8.4,31.0,34.1,83.2,3.59,0.7,1.95,86.2,0.59,13,0,0.0,ZONE-10
2.8,59.9,70.2,12.7,4.03,0.53,1.91,91.0,0.54,13,0,0.0,ZONE-10
0.4,16.4,53.8,4.1,3.41,0.39,2.8499999999999996,84.4,0.1,11,0,0.0,ZONE-13
17.9,33.0,66.4,34.9,8.37,1.21,3.29,78.60000000000001,2.42,5,0,0.0,ZONE-08
6.1,26.6,34.2,12.0,1.59,0.12000000000000001,1.0999999999999999,72.8,0.32,16,1,48.8,ZONE-15
23.7,96.7,117.7,18.9,4.18,0.6,2.61,92.0,0.73,8,0,0.0,ZONE-05
12.4,25.5,26.7,10.2,1.6,0.27,1.53,82.1,0.23,17,1,53.2,ZONE-16
15.1,42.0,43.2,15.1,3.4499999999999997,0.61,2.0,91.9,0.51,13,0,0.0,ZONE-10
3.2,31.1,32.0,6.6,2.3,0.21,1.45,83.2,0.25,17,1,43.1,ZONE-16
19.3,24.2,71.8,16.3,4.38,0.55,2.15,95.8,1.25,14,0,0.0,ZONE-09
1.3,8.3,65.9,116.2,3.51,0.57,1.94,89.9,0.5700000000000001,13,0,0.0,ZONE-10
21.3,34.0,83.6,13.8,4.4799999999999995,0.7,2.47,91.3,0.8400000000000001,8,0,0.0,ZONE-05
4.2,60.9,61.5,5.4,3.7299999999999995,0.6399999999999999,2.72,95.8,0.76,8,0,0.0,ZONE-05
2.8,3.5,12.5,52.5,1.81,0.30000000000000004,1.22,70.5,0.35,16,0,0.0,ZONE-15
6.6,62.4,138.9,25.1,7.93,1.27,3.02,79.30000000000001,2.45,5,0,0.0,ZONE-08
3.6,15.5,55.7,18.7,3.75,0.58,1.98,91.7,0.47,13,0,0.0,ZONE-10
11.7,24.9,61.0,34.4,3.2,0.4,2.9699999999999998,82.1,0.26,11,0,0.0,ZONE-13
4.2,78.3,143.2,9.1,1.66,0.32,1.63,84.3,0.16,17,1,72.2,ZONE-16
24.3,41.0,142.2,96.5,1.6500000000000001,0.22,1.17,73.1,0.27,16,1,71.9,ZONE-15
6.6,7.2,21.3,46.8,3.8899999999999997,0.59,2.06,90.7,0.41000000000000003,13,0,0.0,ZONE-10
12.0,19.5,26.3,108.1,1.89,0.36,1.57,86.7,0.13,17,1,63.3,ZONE-16
49.9,68.5,77.0,19.1,3.7299999999999995,0.61,2.71,92.7,0.78,8,0,0.0,ZONE-05
0.2,61.6,67.2,51.6,2.18,0.33999999999999997,1.5799999999999998,87.7,0.45,18,1,69.2,ZONE-14
3.8,24.0,71.4,106.2,3.7199999999999998,0.63,1.9,86.7,0.55,13,0,0.0,ZONE-10
2.8,3.1,9.7,138.2,4.109999999999999,0.7799999999999999,2.45,95.1,0.8400000000000001,8,0,0.0,ZONE-05
24.8,47.5,88.8,65.6,8.5,1.16,3.37,78.30000000000001,2.42,5,0,0.0,ZONE-08
2.3,63.8,88.2,29.0,4.46,0.58,2.08,91.7,1.24,14,0,0.0,ZONE-09
8.8,10.0,18.2,80.4,3.9299999999999997,0.64,2.02,87.7,0.46,13,0,0.0,ZONE-10
1.0,24.1,36.8,29.6,3.37,0.49,2.86,83.8,0.2,11,0,0.0,ZONE-13
4.1,15.1,72.2,21.2,4.89,0.56,1.99,94.2,1.17,14,0,0.0,ZONE-09
10.0,26.2,75.2,165.7,3.77,0.7,1.85,91.3,0.41000000000000003,13,1,33.9,ZONE-10
15.8,21.8,23.2,18.3,4.119999999999999,0.75,2.73,90.9,0.89,8,0,0.0,ZONE-05
10.8,12.1,43.0,54.5,4.46,0.54,2.04,96.5,1.26,14,0,0.0,ZONE-09
4.9,41.7,46.8,4.7,3.41,0.33,2.8,84.2,0.27,11,0,0.0,ZONE-13
15.6,32.7,85.2,34.2,3.04,0.33,2.9699999999999998,80.4,0.29000000000000004,11,0,0.0,ZONE-13
3.4,46.1,118.4,71.2,2.08,0.15000000000000002,1.25,72.3,0.22999999999999998,16,1,72.8,ZONE-15
3.8,26.1,46.3,5.8,4.5,0.43,2.2800000000000002,92.10000000000001,1.23,14,0,0.0,ZONE-09
29.9,33.6,168.6,35.4,4.07,0.61,2.13,86.2,0.41000000000000003,13,1,61.5,ZONE-10
2.5,22.0,114.8,79.1,1.92,0.25,1.17,72.8,0.3,16,1,75.2,ZONE-15
19.7,46.6,99.6,113.5,1.9100000000000001,0.16,1.0999999999999999,73.8,0.27999999999999997,16,1,74.7,ZONE-15
3.4,20.2,31.5,263.7,1.83,0.27999999999999997,1.39,87.5,0.33,18,1,77.1,ZONE-14
34.6,35.6,90.6,155.6,3.9899999999999998,0.6699999999999999,2.19,86.8,0.47,13,1,36.0,ZONE-10
2.4,23.4,134.6,2.1,3.59,0.52,1.98,86.8,0.41000000000000003,13,1,48.6,ZONE-10
14.3,23.1,139.3,212.5,1.8,0.37,1.3599999999999999,83.0,0.22,17,1,74.9,ZONE-16
34.6,50.7,139.8,111.7,3.2,0.4,2.8,80.9,0.1,11,1,71.6,ZONE-13
4.6,48.7,50.4,54.4,4.47,0.6399999999999999,2.54,90.8,0.8,8,0,0.0,ZONE-05
3.1,6.3,9.9,71.5,3.9299999999999997,0.6,2.44,91.3,0.75,8,0,0.0,ZONE-05
5.0,37.3,40.3,22.7,4.01,0.57,1.96,89.4,0.44,13,0,0.0,ZONE-10
9.3,48.4,65.7,59.0,1.46,0.2,1.31,70.7,0.4,16,1,70.8,ZONE-15
26.1,50.0,61.9,1.5,4.2,0.42,2.0500000000000003,97.10000000000001,1.21,14,0,0.0,ZONE-09
24.5,25.0,118.5,45.2,4.0,0.54,2.0,89.0,0.41000000000000003,13,1,34.6,ZONE-10
33.6,73.7,351.9,25.9,4.04,0.6,1.8599999999999999,91.4,0.43,13,1,81.3,ZONE-10
17.5,30.4,59.8,59.3,3.53,0.7,2.1,87.8,0.47,13,0,0.0,ZONE-10
24.8,128.3,194.1,32.5,4.27,0.6599999999999999,2.73,92.7,0.8300000000000001,8,1,63.4,ZONE-05
6.6,40.0,52.3,7.0,2.04,0.25,1.28,69.2,0.29,16,1,54.9,ZONE-15
5.3,13.8,29.6,16.0,8.28,1.22,3.0700000000000003,79.2,2.52,5,0,0.0,ZONE-08
0.5,1.0,199.0,33.5,1.72,0.33999999999999997,1.31,86.7,0.12000000000000001,17,1,72.0,ZONE-16
5.8,34.3,45.4,179.7,3.7399999999999998,0.58,1.88,89.0,0.52,13,0,0.0,ZONE-10
18.5,20.8,45.1,126.8,4.3999999999999995,0.75,2.42,91.3,0.74,8,0,0.0,ZONE-05
34.7,50.4,93.2,11.0,4.2,0.6,1.95,91.7,0.49,13,0,0.0,ZONE-10
56.8,63.4,192.1,62.9,3.84,0.64,2.15,90.1,0.56,13,1,70.7,ZONE-10
11.2,29.2,41.0,11.7,3.8499999999999996,0.6499999999999999,2.62,91.8,0.89,8,0,0.0,ZONE-05
3.0,8.2,76.3,25.9,2.02,0.24000000000000002,1.28,71.9,0.3,16,1,59.9,ZONE-15
0.7,87.6,184.5,157.7,1.6300000000000001,0.21000000000000002,1.22,74.4,0.27999999999999997,16,1,75.4,ZONE-15
63.4,68.2,90.9,85.2,3.0300000000000002,0.36000000000000004,2.8899999999999997,81.1,0.19,11,1,49.3,ZONE-13
14.3,18.5,94.6,15.3,3.8699999999999997,0.77,2.5100000000000002,93.9,0.75,8,0,0.0,ZONE-05
3.0,22.2,62.6,52.1,4.59,0.52,2.0,95.2,1.21,14,0,0.0,ZONE-09
1.2,53.7,67.6,8.3,7.739999999999999,1.18,3.29,76.0,2.55,5,0,0.0,ZONE-08
26.4,104.3,193.5,99.5,2.47,0.4,1.2599999999999998,89.4,0.48000000000000004,18,1,76.7,ZONE-14
12.8,32.8,36.9,31.5,8.299999999999999,1.16,3.1100000000000003,75.80000000000001,2.55,5,0,0.0,ZONE-08
5.6,13.1,70.9,41.1,8.129999999999999,1.24,3.37,80.9,2.44,5,0,0.0,ZONE-08
1.0,7.2,58.9,4.8,3.5500000000000003,0.31000000000000005,2.9299999999999997,83.7,0.14,11,0,0.0,ZONE-13
22.9,40.0,69.5,53.8,2.1,0.1,1.23,69.6,0.4,16,1,63.1,ZONE-15
20.9,31.6,82.6,50.0,4.409999999999999,0.6299999999999999,2.6,92.1,0.8600000000000001,8,0,0.0,ZONE-05
3.7,56.4,128.2,64.5,3.53,0.59,1.9,87.1,0.55,13,1,58.0,ZONE-10
22.8,73.3,128.8,108.8,7.84,1.27,3.3600000000000003,80.4,2.5,5,0,0.0,ZONE-08
14.3,42.8,86.2,83.8,4.42,0.42,2.29,94.10000000000001,1.29,14,0,0.0,ZONE-09
2.1,55.3,147.8,1.8,1.9100000000000001,0.25,1.5,91.2,0.36000000000000004,18,1,78.5,ZONE-14
21.0,24.4,42.8,81.6,1.9100000000000001,0.27,1.2899999999999998,89.5,0.39,18,1,64.7,ZONE-14
2.1,44.7,125.0,42.5,1.95,0.23,1.38,71.2,0.24,16,1,78.9,ZONE-15
0.1,8.6,51.8,238.4,3.8199999999999994,0.75,2.64,93.0,0.81,8,0,0.0,ZONE-05
12.0,19.5,64.7,46.6,4.31,0.76,2.73,95.1,0.8400000000000001,8,0,0.0,ZONE-05
18.2,21.0,85.4,46.8,4.52,0.51,2.04,96.7,1.1199999999999999,14,0,0.0,ZONE-09
39.6,50.1,95.2,161.3,8.16,1.13,3.1300000000000003,78.5,2.42,5,0,0.0,ZONE-08
1.3,70.5,122.9,4.2,8.27,1.2,3.3600000000000003,78.10000000000001,2.41,5,0,0.0,ZONE-08
4.3,35.1,38.2,52.4,3.21,0.39,2.6199999999999997,81.8,0.26,11,0,0.0,ZONE-13
5.1,29.3,31.4,123.1,2.02,0.36,1.5,89.0,0.31000000000000005,18,1,63.6,ZONE-14
43.6,130.3,192.6,8.4,4.53,0.41000000000000003,2.2600000000000002,97.10000000000001,1.19,14,1,67.3,ZONE-09
17.0,17.6,18.6,23.5,3.4200000000000004,0.45,2.9899999999999998,82.9,0.18000000000000002,11,0,0.0,ZONE-13
8.0,44.8,96.5,35.4,1.96,0.38,1.45,81.5,0.29000000000000004,17,1,76.1,ZONE-16
3.8,150.1,175.1,36.0,3.3200000000000003,0.37,2.67,82.2,0.21000000000000002,11,1,76.3,ZONE-13
2.1,41.7,94.9,15.0,8.37,1.25,3.39,78.2,2.54,5,0,0.0,ZONE-08
1.0,29.5,77.3,19.2,2.03,0.36,1.4,83.1,0.16,17,1,72.4,ZONE-16
36.2,40.3,65.8,172.5,4.13,0.53,2.15,96.8,1.28,14,0,0.0,ZONE-09
6.5,31.9,54.7,19.2,7.859999999999999,1.1199999999999999,3.0100000000000002,79.0,2.54,5,0,0.0,ZONE-08
49.6,62.8,163.8,15.7,1.9000000000000001,0.21,1.38,88.7,0.45,18,1,79.5,ZONE-14
2.9,3.7,51.2,27.6,3.2,0.36000000000000004,2.9299999999999997,83.4,0.16,11,0,0.0,ZONE-13
24.0,40.0,195.2,12.3,3.59,0.6799999999999999,2.19,89.1,0.48,13,1,67.5,ZONE-10
24.4,61.9,128.2,111.8,3.3000000000000003,0.39,2.8,84.8,0.29000000000000004,11,1,63.5,ZONE-13
17.2,41.8,48.1,2.0,3.96,0.58,1.92,87.1,0.51,13,0,0.0,ZONE-10
30.4,54.4,126.1,39.4,8.379999999999999,1.16,3.2800000000000002,80.2,2.58,5,0,0.0,ZONE-08
1.5,4.8,56.9,33.8,2.37,0.31,1.35,82.5,0.14,17,1,57.5,ZONE-16
2.7,19.6,22.6,52.3,4.38,0.62,2.69,91.6,0.75,8,0,0.0,ZONE-05
3.8,43.7,60.4,36.4,2.4,0.24,1.5,89.8,0.41000000000000003,18,1,64.3,ZONE-14
0.1,2.0,24.4,39.2,3.6399999999999997,0.6799999999999999,1.88,87.1,0.55,13,0,0.0,ZONE-10
11.0,19.6,73.0,118.0,4.43,0.74,2.68,92.9,0.75,8,0,0.0,ZONE-05
18.2,19.2,48.7,6.7,4.02,0.58,2.01,88.2,0.45,13,0,0.0,ZONE-10
3.3,111.2,118.1,41.5,4.069999999999999,0.76,2.69,95.1,0.76,8,0,0.0,ZONE-05
11.6,41.9,78.8,0.6,8.0,1.18,3.23,76.7,2.43,5,0,0.0,ZONE-08
4.7,22.9,27.0,25.9,1.84,0.22,1.29,70.8,0.24,16,1,38.5,ZONE-15
0.4,2.4,25.2,8.5,8.1,1.23,3.27,76.9,2.56,5,0,0.0,ZONE-08
10.1,39.3,111.9,13.4,4.069999999999999,0.75,2.54,91.3,0.81,8,0,0.0,ZONE-05
2.2,5.0,50.5,73.5,3.5300000000000002,0.41000000000000003,2.86,79.4,0.11000000000000001,11,0,0.0,ZONE-13
0.4,69.2,71.6,46.8,4.86,0.53,2.21,93.7,1.27,14,0,0.0,ZONE-09
14.8,66.0,122.3,97.1,7.75,1.13,3.0900000000000003,78.10000000000001,2.41,5,0,0.0,ZONE-08
5.0,47.2,51.0,135.1,4.2299999999999995,0.6,2.61,93.0,0.7000000000000001,8,0,0.0,ZONE-05
9.5,52.0,79.1,61.9,1.83,0.16,1.2,73.2,0.29,16,1,76.2,ZONE-15
9.0,41.9,45.7,3.7,2.89,0.32,2.6599999999999997,80.2,0.21000000000000002,11,0,0.0,ZONE-13
3.4,7.7,100.1,14.8,3.61,0.58,1.95,88.4,0.51,13,0,0.0,ZONE-10
44.7,55.0,64.0,93.6,7.9399999999999995,1.27,3.0300000000000002,81.4,2.53,5,0,0.0,ZONE-08
12.9,30.1,66.6,76.2,1.77,0.27999999999999997,1.42,85.8,0.30000000000000004,18,1,69.0,ZONE-14
3.1,143.3,308.9,63.0,4.38,0.73,2.5300000000000002,96.4,0.89,8,1,80.3,ZONE-05
2.7,31.2,34.6,1.9,1.8800000000000001,0.38,1.48,88.9,0.35000000000000003,18,1,57.7,ZONE-14
3.6,19.1,110.3,77.9,2.12,0.21000000000000002,1.01,74.6,0.26,16,1,78.3,ZONE-15
16.3,30.2,49.3,27.8,3.4000000000000004,0.44,2.76,79.5,0.13,11,0,0.0,ZONE-13
52.7,53.7,144.5,51.9,8.15,1.27,3.27,78.60000000000001,2.48,5,0,0.0,ZONE-08
6.9,39.2,69.2,124.0,3.43,0.44,2.63,83.5,0.17,11,0,0.0,ZONE-13
27.7,41.4,56.0,53.8,4.45,0.5700000000000001,2.04,95.8,1.29,14,0,0.0,ZONE-09
29.2,35.1,79.0,59.9,2.38,0.27,1.55,85.7,0.19,17,1,68.1,ZONE-16
15.9,19.4,76.0,143.8,1.95,0.33999999999999997,1.56,81.5,0.22,17,1,75.9,ZONE-16
2.4,9.2,169.1,12.0,4.17,0.43,2.18,95.0,1.25,14,1,32.3,ZONE-09
23.1,40.0,52.8,122.8,4.17,0.59,2.08,95.8,1.1199999999999999,14,0,0.0,ZONE-09
7.1,25.2,45.2,53.9,4.25,0.49,2.12,93.60000000000001,1.1099999999999999,14,0,0.0,ZONE-09
2.1,14.5,171.4,17.9,3.84,0.62,2.11,91.2,0.4,13,1,57.8,ZONE-10
12.8,22.6,89.4,8.4,4.68,0.51,2.3000000000000003,92.7,1.2,14,0,0.0,ZONE-09
42.0,57.1,69.2,4.6,1.74,0.25,1.41,81.9,0.13,17,1,70.3,ZONE-16
2.2,20.5,39.0,105.9,1.79,0.12000000000000001,1.0999999999999999,70.5,0.32999999999999996,16,1,62.0,ZONE-15
6.8,13.9,57.1,73.6,8.07,1.13,3.0,77.80000000000001,2.57,5,0,0.0,ZONE-08
2.2,6.8,8.5,80.0,2.24,0.27,1.43,85.9,0.27,17,1,42.4,ZONE-16
13.1,29.2,112.9,98.3,3.04,0.42000000000000004,2.88,81.9,0.14,11,1,48.3,ZONE-13
10.6,61.3,71.7,7.1,3.63,0.64,2.0,89.5,0.45,13,0,0.0,ZONE-10
3.8,5.3,39.4,165.5,1.82,0.36,1.45,86.6,0.14,17,1,74.3,ZONE-16
0.5,3.8,30.9,163.0,3.35,0.41000000000000003,2.98,81.8,0.24000000000000002,11,0,0.0,ZONE-13
4.6,22.3,24.2,9.6,4.34,0.77,2.43,95.6,0.8600000000000001,8,0,0.0,ZONE-05
51.8,135.7,135.9,182.0,3.8099999999999996,0.6599999999999999,2.5,91.4,0.78,8,1,63.7,ZONE-05
12.2,62.8,90.1,43.5,4.489999999999999,0.7,2.56,93.5,0.88,8,0,0.0,ZONE-05
8.1,35.6,42.4,1.8,2.03,0.36,1.44,86.4,0.21000000000000002,17,1,57.5,ZONE-16
4.4,34.9,45.0,67.1,4.19,0.45,2.17,92.2,1.22,14,0,0.0,ZONE-09
42.0,44.5,94.7,35.2,2.37,0.27,1.62,81.6,0.12000000000000001,17,1,70.0,ZONE-16
24.3,29.2,82.3,109.3,8.06,1.18,3.31,78.9,2.5,5,0,0.0,ZONE-08
34.7,63.4,94.3,57.7,4.2,0.6,1.92,91.5,0.42,13,1,37.6,ZONE-10
24.4,45.5,46.9,160.4,3.08,0.37,2.9099999999999997,82.1,0.17,11,0,0.0,ZONE-13
14.0,42.2,53.1,64.5,4.45,0.54,2.0300000000000002,93.0,1.26,14,0,0.0,ZONE-09
6.0,32.3,37.4,64.3,4.12,0.47,1.9400000000000002,96.0,1.29,14,0,0.0,ZONE-09
89.3,90.5,260.6,31.3,8.11,1.21,3.1300000000000003,78.0,2.49,5,0,0.0,ZONE-08
24.6,62.7,100.4,80.5,2.1,0.24,1.56,83.4,0.25,17,1,79.0,ZONE-16
25.3,38.2,56.0,66.1,4.17,0.6799999999999999,2.68,91.7,0.8500000000000001,8,0,0.0,ZONE-05
19.8,55.7,127.6,34.3,4.56,0.56,2.11,93.4,1.14,14,0,0.0,ZONE-09
20.4,23.6,59.0,0.3,4.31,0.5700000000000001,2.11,95.0,1.22,14,0,0.0,ZONE-09
4.7,16.1,38.8,71.3,2.07,0.27,1.6400000000000001,84.7,0.26,17,1,58.3,ZONE-16
5.9,20.8,33.0,28.0,2.13,0.22,1.27,70.9,0.25,16,1,35.0,ZONE-15
3.1,5.0,46.6,66.2,3.9499999999999997,0.6,1.97,86.8,0.48,13,0,0.0,ZONE-10
11.6,27.2,48.7,119.4,3.1900000000000004,0.41000000000000003,2.9699999999999998,84.6,0.13,11,0,0.0,ZONE-13
8.8,25.1,26.3,25.0,3.1900000000000004,0.33,2.73,81.7,0.11000000000000001,11,0,0.0,ZONE-13
5.7,18.4,57.5,45.8,4.16,0.6,1.88,88.3,0.51,13,0,0.0,ZONE-10
11.2,47.4,122.8,76.0,4.029999999999999,0.7,2.68,93.2,0.73,8,0,0.0,ZONE-05
37.4,37.9,47.7,0.5,2.34,0.24,1.21,86.8,0.36000000000000004,18,1,64.5,ZONE-14
12.5,69.6,82.2,157.1,4.14,0.62,2.45,95.2,0.8600000000000001,8,0,0.0,ZONE-05
0.7,68.8,88.3,6.4,3.8299999999999996,0.65,2.1,88.6,0.44,13,0,0.0,ZONE-10
8.0,15.4,30.5,22.0,1.68,0.37,1.6,82.8,0.30000000000000004,17,1,47.2,ZONE-16
19.5,38.9,55.7,56.5,4.09,0.52,2.15,86.7,0.56,13,0,0.0,ZONE-10
15.1,23.1,47.1,7.8,8.35,1.22,3.14,79.7,2.53,5,0,0.0,ZONE-08
2.4,31.0,40.0,44.7,3.29,0.46,2.9299999999999997,83.8,0.21000000000000002,11,0,0.0,ZONE-13
14.8,17.6,55.3,17.8,1.8800000000000001,0.13,1.39,70.8,0.31,16,1,58.9,ZONE-15
39.5,56.0,129.8,47.9,4.21,0.55,2.06,91.60000000000001,1.16,14,1,34.4,ZONE-09
0.5,25.6,161.7,55.2,3.0,0.44,2.9299999999999997,83.6,0.24000000000000002,11,1,62.1,ZONE-13
20.5,74.4,86.0,14.3,1.9000000000000001,0.18000000000000002,1.03,73.8,0.35,16,1,71.4,ZONE-15
11.3,24.5,106.9,138.2,1.96,0.28,1.18,71.9,0.32,16,1,78.2,ZONE-15
5.2,12.0,80.2,19.3,4.68,0.49,2.17,93.3,1.1099999999999999,14,0,0.0,ZONE-09
20.8,34.6,84.2,6.0,1.77,0.29,1.38,82.6,0.27,17,1,69.7,ZONE-16
11.7,26.7,66.5,11.0,3.25,0.4,2.7399999999999998,83.1,0.11000000000000001,11,0,0.0,ZONE-13
16.0,65.7,76.7,6.0,4.6,0.5700000000000001,1.9100000000000001,96.8,1.13,14,0,0.0,ZONE-09
0.3,26.0,68.0,47.5,3.6999999999999997,0.7899999999999999,2.48,94.6,0.73,8,0,0.0,ZONE-05
3.2,15.6,56.2,41.2,1.53,0.29000000000000004,1.1099999999999999,72.9,0.25,16,1,61.8,ZONE-15
52.9,56.6,110.1,31.1,2.8400000000000003,0.43000000000000005,2.8899999999999997,83.5,0.19,11,1,48.9,ZONE-13
6.7,38.3,91.4,284.4,4.1,0.5,1.9500000000000002,92.60000000000001,1.24,14,1,39.3,ZONE-09
1.6,4.3,62.3,51.8,4.05,0.7,1.97,86.8,0.41000000000000003,13,0,0.0,ZONE-10
3.8,5.9,9.9,134.8,1.67,0.36,1.34,83.2,0.16,17,1,57.1,ZONE-16
2.6,12.4,24.0,26.3,3.31,0.44,2.63,82.4,0.22,11,0,0.0,ZONE-13
0.9,19.2,22.4,96.7,3.1500000000000004,0.44,2.8499999999999996,79.9,0.18000000000000002,11,0,0.0,ZONE-13
3.2,22.6,118.0,63.1,4.39,0.62,2.44,95.0,0.8200000000000001,8,0,0.0,ZONE-05
9.1,18.9,37.1,66.4,1.88,0.29,1.62,82.5,0.23,17,1,55.6,ZONE-16
61.7,88.8,125.5,78.7,2.02,0.24000000000000002,1.3399999999999999,73.0,0.26,16,1,76.5,ZONE-15
7.5,9.1,46.3,189.7,8.299999999999999,1.16,3.02,80.80000000000001,2.59,5,0,0.0,ZONE-08
2.3,31.6,41.7,46.0,4.01,0.6499999999999999,2.66,90.9,0.88,8,0,0.0,ZONE-05
1.2,16.2,79.7,25.6,2.49,0.39,1.25,90.7,0.41000000000000003,18,1,63.5,ZONE-14
13.1,52.8,170.7,16.0,3.41,0.49,2.9099999999999997,79.1,0.11000000000000001,11,1,59.1,ZONE-13
6.1,10.2,230.3,157.0,2.44,0.39,1.3599999999999999,87.2,0.44,18,1,79.6,ZONE-14
9.3,55.4,88.5,58.6,2.16,0.21999999999999997,1.51,84.7,0.16,17,1,71.8,ZONE-16
1.1,36.3,42.4,104.9,8.48,1.13,3.1300000000000003,78.9,2.55,5,0,0.0,ZONE-08
18.3,49.1,50.8,21.7,4.35,0.49,2.2800000000000002,92.60000000000001,1.15,14,0,0.0,ZONE-09
3.7,14.9,19.0,165.8,1.69,0.32,1.32,85.0,0.23,17,1,62.8,ZONE-16
9.7,18.8,41.6,35.6,2.27,0.33999999999999997,1.27,91.2,0.4,18,1,59.6,ZONE-14
11.0,29.1,142.4,41.2,1.53,0.13,1.31,70.6,0.38,16,1,78.4,ZONE-15
58.2,105.9,116.4,160.1,1.9700000000000002,0.29,1.41,87.1,0.5,18,1,78.0,ZONE-14
1.5,44.0,65.6,126.2,4.06,0.6699999999999999,2.6,93.9,0.77,8,0,0.0,ZONE-05
24.3,65.3,135.5,21.8,2.02,0.28,1.27,69.7,0.35,16,1,70.0,ZONE-15
1.0,13.9,22.5,71.2,1.9000000000000001,0.29,1.3499999999999999,86.4,0.49,18,1,54.7,ZONE-14
5.1,97.9,144.0,103.7,1.78,0.25,1.67,82.9,0.27,17,1,77.4,ZONE-16
1.7,51.2,166.4,40.1,4.5,0.58,1.9700000000000002,96.0,1.3,14,1,44.4,ZONE-09
11.2,47.4,56.0,41.9,4.8,0.5700000000000001,2.21,93.10000000000001,1.1199999999999999,14,0,0.0,ZONE-09
6.1,10.1,30.7,4.2,3.7099999999999995,0.6399999999999999,2.63,92.3,0.8200000000000001,8,0,0.0,ZONE-05
0.3,3.9,152.4,47.8,3.9899999999999998,0.7899999999999999,2.8000000000000003,95.2,0.8500000000000001,8,0,0.0,ZONE-05
40.5,54.7,71.5,42.3,7.819999999999999,1.29,3.0100000000000002,78.60000000000001,2.53,5,0,0.0,ZONE-08
6.9,9.7,55.8,14.6,2.46,0.19999999999999998,1.46,90.6,0.45,18,1,50.6,ZONE-14
11.6,37.9,45.3,3.8,8.04,1.29,3.39,76.30000000000001,2.46,5,0,0.0,ZONE-08
18.2,33.6,36.3,316.3,2.44,0.38,1.41,89.7,0.37,18,1,78.7,ZONE-14
0.7,30.4,215.6,16.4,4.56,0.5,2.15,93.60000000000001,1.22,14,1,52.9,ZONE-09
1.8,5.0,21.3,6.4,2.99,0.35000000000000003,2.73,83.8,0.24000000000000002,11,0,0.0,ZONE-13
14.1,15.7,47.7,342.8,3.65,0.5499999999999999,1.83,87.2,0.56,13,1,47.0,ZONE-10
20.2,44.1,60.6,58.7,2.8800000000000003,0.39,2.73,79.7,0.17,11,0,0.0,ZONE-13
9.0,22.9,29.2,130.6,8.06,1.19,3.3400000000000003,75.9,2.56,5,0,0.0,ZONE-08
7.2,12.6,33.2,32.1,2.06,0.24000000000000002,1.02,74.0,0.27,16,1,40.0,ZONE-15
21.1,54.2,120.2,0.7,8.469999999999999,1.18,3.02,77.2,2.56,5,0,0.0,ZONE-08
6.5,22.9,23.8,18.1,2.8200000000000003,0.38,2.78,83.5,0.15000000000000002,11,0,0.0,ZONE-13
17.1,20.8,55.3,14.5,3.78,0.76,2.45,90.9,0.8600000000000001,8,0,0.0,ZONE-05
0.1,7.0,174.6,97.0,7.8,1.26,3.1500000000000004,79.2,2.53,5,0,0.0,ZONE-08
38.5,55.2,60.4,47.6,2.13,0.11000000000000001,1.4,70.2,0.32999999999999996,16,1,68.1,ZONE-15
7.3,53.8,58.4,40.2,4.82,0.5700000000000001,2.0300000000000002,91.5,1.19,14,0,0.0,ZONE-09
2.0,11.8,72.0,38.8,3.54,0.39,2.8899999999999997,82.0,0.18000000000000002,11,0,0.0,ZONE-13
5.7,18.2,45.9,92.2,1.74,0.24,1.37,82.7,0.28,17,1,62.2,ZONE-16
26.7,104.4,174.0,22.7,8.219999999999999,1.2,3.35,78.30000000000001,2.42,5,0,0.0,ZONE-08
14.0,28.4,41.6,110.3,1.71,0.24,1.65,84.2,0.23,17,1,71.5,ZONE-16
0.5,58.5,86.4,60.8,2.49,0.36,1.3399999999999999,88.8,0.4,18,1,75.9,ZONE-14
12.9,69.3,114.9,57.1,3.71,0.54,1.93,87.3,0.58,13,1,50.9,ZONE-10
0.8,19.1,26.4,80.2,2.35,0.29,1.3399999999999999,89.0,0.35000000000000003,18,1,49.8,ZONE-14
8.6,37.1,39.0,5.3,8.23,1.15,3.33,80.9,2.41,5,0,0.0,ZONE-08
15.1,17.0,20.3,0.7,8.16,1.3,3.16,81.0,2.6,5,0,0.0,ZONE-08
37.6,71.0,90.6,21.1,2.9400000000000004,0.42000000000000004,2.92,83.2,0.28,11,1,30.8,ZONE-13
5.2,42.5,91.2,12.3,4.16,0.61,2.03,87.1,0.6,13,0,0.0,ZONE-10
2.3,4.9,53.5,86.7,4.13,0.6399999999999999,2.42,90.8,0.8200000000000001,8,0,0.0,ZONE-05
3.7,4.2,8.1,206.3,2.12,0.19999999999999998,1.5699999999999998,86.7,0.33,18,1,62.9,ZONE-14
4.2,40.9,85.0,28.9,3.4499999999999997,0.53,2.08,86.8,0.42,13,0,0.0,ZONE-10
2.8,6.0,49.0,89.4,4.17,0.57,2.18,88.4,0.42,13,0,0.0,ZONE-10
12.4,31.3,33.2,207.4,1.6600000000000001,0.30000000000000004,1.29,71.6,0.32999999999999996,16,1,68.3,ZONE-15
19.2,27.9,203.9,55.3,3.54,0.69,2.08,91.6,0.56,13,1,69.7,ZONE-10
10.5,45.0,120.2,64.1,3.1,0.45,2.7199999999999998,80.1,0.1,11,1,53.3,ZONE-13
1.6,11.9,130.4,15.3,2.2800000000000002,0.35,1.53,82.1,0.16,17,1,76.4,ZONE-16
5.6,19.7,45.7,57.0,8.209999999999999,1.1199999999999999,3.2,77.4,2.42,5,0,0.0,ZONE-08
34.4,41.3,47.1,13.2,4.1899999999999995,0.53,2.15,86.5,0.54,13,0,0.0,ZONE-10
26.2,52.1,67.3,101.6,3.76,0.5499999999999999,1.9,86.4,0.45,13,0,0.0,ZONE-10
23.7,70.6,183.7,17.4,4.68,0.41000000000000003,2.08,93.7,1.13,14,1,55.7,ZONE-09
16.9,32.3,115.3,78.2,1.88,0.27999999999999997,1.63,85.7,0.22,17,1,78.1,ZONE-16
18.0,44.7,53.5,47.3,7.83,1.1099999999999999,3.3400000000000003,77.2,2.46,5,0,0.0,ZONE-08
50.1,119.4,121.4,10.8,4.16,0.43,2.0500000000000003,95.60000000000001,1.21,14,1,50.0,ZONE-09
1.7,34.1,110.7,14.4,4.37,0.6,2.2600000000000002,95.4,1.19,14,0,0.0,ZONE-09
8.5,54.4,113.8,46.9,3.29,0.39,2.6199999999999997,81.0,0.29000000000000004,11,1,39.7,ZONE-13
10.7,28.5,44.4,49.9,1.9300000000000002,0.16,1.04,71.4,0.31,16,1,57.8,ZONE-15
14.0,65.7,111.2,85.9,1.99,0.29,1.3199999999999998,89.5,0.42000000000000004,18,1,73.0,ZONE-14
2.1,17.6,18.0,17.0,1.87,0.32999999999999996,1.5899999999999999,88.3,0.32,18,1,46.4,ZONE-14
15.6,135.7,140.4,30.8,4.09,0.73,2.44,93.8,0.74,8,1,41.6,ZONE-05
19.3,25.0,61.4,79.2,3.55,0.51,1.98,87.6,0.5700000000000001,13,0,0.0,ZONE-10
11.5,16.7,36.5,91.9,1.82,0.33999999999999997,1.24,89.5,0.46,18,1,64.0,ZONE-14
9.7,9.8,74.2,2.2,8.139999999999999,1.27,3.33,77.9,2.51,5,0,0.0,ZONE-08
16.4,22.1,164.8,27.5,4.159999999999999,0.6499999999999999,2.52,92.9,0.8700000000000001,8,0,0.0,ZONE-05
4.8,8.8,25.2,125.6,2.1,0.38,1.52,89.6,0.42000000000000004,18,1,52.5,ZONE-14
67.3,78.8,105.6,76.8,3.84,0.7999999999999999,2.79,95.4,0.73,8,0,0.0,ZONE-05
26.1,48.6,71.0,31.9,1.66,0.33999999999999997,1.38,85.9,0.13,17,1,74.2,ZONE-16
14.3,14.4,57.9,26.4,4.13,0.6799999999999999,1.83,88.3,0.48,13,0,0.0,ZONE-10
19.0,21.4,61.3,39.3,4.09,0.6,2.17,86.1,0.54,13,0,0.0,ZONE-10
12.3,14.0,53.0,49.5,1.69,0.22999999999999998,1.53,84.5,0.29000000000000004,17,1,61.5,ZONE-16
9.9,33.0,83.8,98.1,4.55,0.42,2.0100000000000002,94.4,1.17,14,0,0.0,ZONE-09
3.8,47.4,78.4,4.8,1.81,0.32999999999999996,1.53,83.8,0.13,17,1,69.8,ZONE-16
0.7,10.9,80.0,73.8,1.63,0.38,1.43,82.4,0.25,17,1,75.5,ZONE-16
18.6,36.8,62.9,9.6,3.42,0.6599999999999999,1.92,87.7,0.5,13,0,0.0,ZONE-10
4.8,19.0,23.2,15.0,4.88,0.45,2.02,95.7,1.25,14,0,0.0,ZONE-09
10.9,44.2,332.4,162.3,3.6199999999999997,0.58,2.06,87.1,0.44,13,1,80.2,ZONE-10
12.3,26.0,71.5,92.4,4.31,0.77,2.73,93.6,0.73,8,0,0.0,ZONE-05
1.5,14.7,97.1,29.1,1.97,0.18000000000000002,1.31,72.1,0.31,16,1,64.8,ZONE-15
10.2,32.4,41.6,27.0,8.37,1.15,3.18,80.9,2.54,5,0,0.0,ZONE-08
4.9,5.6,6.7,106.9,1.69,0.19,1.16,74.5,0.33999999999999997,16,1,41.4,ZONE-15
3.8,22.0,38.0,169.5,4.18,0.6399999999999999,2.75,94.0,0.77,8,0,0.0,ZONE-05
3.6,17.6,110.4,110.7,3.47,0.35000000000000003,2.9299999999999997,79.5,0.11000000000000001,11,1,31.9,ZONE-13
2.5,43.1,70.7,39.6,8.389999999999999,1.23,3.27,77.0,2.48,5,0,0.0,ZONE-08
1.7,3.8,62.4,41.2,2.39,0.39,1.47,88.3,0.33,18,1,54.7,ZONE-14
6.9,39.6,104.9,10.4,1.8800000000000001,0.32,1.5799999999999998,89.8,0.44,18,1,71.2,ZONE-14
11.3,14.9,77.5,64.2,2.2800000000000002,0.29,1.39,82.8,0.2,17,1,69.7,ZONE-16
37.7,39.5,42.1,19.9,4.11,0.6,2.29,96.2,1.21,14,0,0.0,ZONE-09
3.6,10.7,117.2,17.2,1.6400000000000001,0.12000000000000001,1.03,74.9,0.32999999999999996,16,1,77.5,ZONE-15
3.8,39.4,66.3,90.0,1.92,0.29000000000000004,1.26,70.1,0.3,16,1,64.0,ZONE-15
0.8,17.5,19.0,3.9,2.34,0.36,1.44,89.5,0.44,18,0,0.0,ZONE-14
28.4,32.1,66.3,31.8,2.22,0.4,1.2999999999999998,88.0,0.38,18,1,62.7,ZONE-14
5.1,62.6,63.6,65.4,7.97,1.24,3.27,79.2,2.5,5,0,0.0,ZONE-08
39.7,60.2,184.5,3.2,3.8099999999999996,0.6699999999999999,2.14,91.3,0.44,13,1,65.5,ZONE-10
6.5,14.0,73.1,238.7,3.39,0.45,2.82,84.5,0.29000000000000004,11,1,38.3,ZONE-13
3.6,30.1,40.0,50.0,4.28,0.44,2.25,93.7,1.28,14,0,0.0,ZONE-09
7.5,96.9,139.1,25.8,3.61,0.5599999999999999,2.14,88.8,0.5700000000000001,13,1,61.4,ZONE-10
1.5,5.6,17.1,17.3,4.48,0.44,1.9500000000000002,95.3,1.21,14,0,0.0,ZONE-09
22.8,43.4,76.7,7.3,1.6400000000000001,0.37,1.35,82.2,0.18000000000000002,17,1,72.5,ZONE-16
23.6,55.7,58.9,73.8,3.8099999999999996,0.77,2.47,91.0,0.77,8,0,0.0,ZONE-05
9.4,11.5,39.1,39.8,3.0500000000000003,0.31000000000000005,2.78,80.3,0.25,11,0,0.0,ZONE-13
2.2,75.0,160.4,66.3,3.1900000000000004,0.45,2.6399999999999997,82.7,0.23,11,1,67.7,ZONE-13
7.4,20.7,68.1,47.3,4.01,0.61,2.48,92.7,0.7000000000000001,8,0,0.0,ZONE-05
0.8,18.8,92.7,36.9,4.01,0.61,1.81,86.0,0.55,13,0,0.0,ZONE-10
0.6,39.2,49.3,18.0,8.25,1.17,3.0500000000000003,77.7,2.52,5,0,0.0,ZONE-08
2.2,12.2,75.8,44.0,2.85,0.31000000000000005,2.98,81.7,0.2,11,0,0.0,ZONE-13
2.8,55.4,150.7,122.7,3.75,0.64,1.85,92.0,0.5,13,1,71.1,ZONE-10
3.3,18.3,207.3,88.7,3.56,0.48000000000000004,2.76,80.4,0.25,11,1,66.7,ZONE-13
0.3,2.0,30.1,144.0,2.17,0.22999999999999998,1.3499999999999999,89.4,0.31000000000000005,18,1,67.7,ZONE-14
9.3,26.5,31.5,64.2,2.02,0.22,1.24,69.3,0.21999999999999997,16,1,52.0,ZONE-15
20.7,32.7,99.9,200.3,2.25,0.27999999999999997,1.3499999999999999,88.8,0.39,18,1,72.6,ZONE-14
2.7,21.2,36.4,94.5,1.9400000000000002,0.32999999999999996,1.46,87.1,0.42000000000000004,18,1,58.0,ZONE-14
10.3,35.5,107.5,30.2,4.51,0.52,2.0100000000000002,95.9,1.2,14,0,0.0,ZONE-09
29.6,48.6,56.3,71.4,8.32,1.27,3.39,77.5,2.48,5,0,0.0,ZONE-08
18.9,28.4,116.0,142.0,2.83,0.4,2.6799999999999997,84.6,0.17,11,1,58.5,ZONE-13
3.9,106.5,113.3,13.5,4.83,0.5700000000000001,2.17,92.10000000000001,1.1199999999999999,14,0,0.0,ZONE-09
2.4,58.5,106.3,9.9,4.68,0.42,2.0,92.60000000000001,1.3,14,0,0.0,ZONE-09
7.0,30.9,34.8,128.4,1.61,0.11000000000000001,1.33,74.2,0.37,16,1,63.8,ZONE-15
19.5,37.1,190.8,32.5,3.7399999999999998,0.52,2.14,91.3,0.4,13,1,67.6,ZONE-10
49.7,77.3,122.6,10.9,3.06,0.48000000000000004,2.98,80.6,0.25,11,1,49.7,ZONE-13
25.6,39.5,47.5,0.8,3.55,0.58,2.18,87.6,0.48,13,0,0.0,ZONE-10
9.8,28.5,85.7,132.6,4.34,0.73,2.72,91.2,0.8400000000000001,8,0,0.0,ZONE-05
1.0,33.9,43.2,117.2,2.49,0.37,1.24,91.0,0.4,18,1,65.3,ZONE-14
20.5,40.0,95.7,22.6,3.8499999999999996,0.6799999999999999,2.54,90.7,0.8400000000000001,8,0,0.0,ZONE-05
7.6,50.7,78.4,26.6,3.1900000000000004,0.4,2.96,81.6,0.11000000000000001,11,0,0.0,ZONE-13
8.2,52.2,70.6,11.5,3.4099999999999997,0.6699999999999999,2.01,90.5,0.54,13,0,0.0,ZONE-10
14.9,58.6,63.4,16.5,8.48,1.23,3.14,78.5,2.54,5,0,0.0,ZONE-08
1.8,12.5,39.4,82.9,4.45,0.55,2.0900000000000003,95.2,1.23,14,0,0.0,ZONE-09
12.6,36.9,56.4,110.5,3.47,0.41000000000000003,3.0,79.3,0.23,11,0,0.0,ZONE-13
7.6,104.3,149.5,8.1,3.2,0.39,2.8,80.0,0.25,11,1,61.5,ZONE-13
13.5,23.3,75.5,4.3,4.18,0.51,1.89,89.9,0.48,13,0,0.0,ZONE-10
2.3,50.7,62.3,108.9,7.76,1.19,3.23,75.9,2.5,5,0,0.0,ZONE-08
3.9,29.6,82.9,43.1,3.4899999999999998,0.6,2.06,86.6,0.48,13,0,0.0,ZONE-10
4.4,10.4,11.9,21.7,2.3600000000000003,0.36,1.5899999999999999,89.3,0.48000000000000004,18,0,0.0,ZONE-14
12.7,82.3,174.5,87.2,8.219999999999999,1.19,3.14,80.4,2.56,5,0,0.0,ZONE-08
18.6,45.9,59.5,142.6,3.9699999999999998,0.75,2.64,94.8,0.77,8,0,0.0,ZONE-05
13.3,33.8,39.1,35.5,3.7899999999999996,0.75,2.49,92.5,0.8700000000000001,8,0,0.0,ZONE-05
7.4,57.4,93.0,28.7,1.84,0.17,1.04,74.4,0.3,16,1,76.3,ZONE-15
45.2,48.1,72.8,2.6,1.69,0.32,1.38,86.6,0.18000000000000002,17,1,72.5,ZONE-16
16.2,78.7,93.5,117.3,8.27,1.1199999999999999,3.1700000000000004,81.0,2.57,5,0,0.0,ZONE-08
4.1,64.5,127.6,98.1,4.72,0.49,2.16,96.9,1.13,14,1,30.8,ZONE-09
0.2,82.5,140.9,21.8,2.14,0.29,1.43,91.0,0.46,18,1,80.3,ZONE-14
21.2,29.5,122.3,7.2,3.3800000000000003,0.33,2.75,82.6,0.28,11,1,33.7,ZONE-13
14.6,34.1,38.7,16.6,1.93,0.32,1.58,82.5,0.18000000000000002,17,1,54.7,ZONE-16
0.1,15.9,32.0,54.7,1.76,0.13,1.17,73.2,0.35,16,1,48.5,ZONE-15
4.2,13.1,74.3,3.0,3.9699999999999998,0.69,2.05,87.2,0.52,13,0,0.0,ZONE-10
28.0,75.8,125.4,54.0,1.95,0.28,1.05,73.3,0.4,16,1,72.5,ZONE-15
26.7,31.8,35.5,16.4,3.9699999999999998,0.65,2.02,89.5,0.59,13,0,0.0,ZONE-10
19.0,19.9,59.2,323.4,2.14,0.38,1.51,86.3,0.18000000000000002,17,1,70.7,ZONE-16
23.2,41.6,44.6,106.8,4.12,0.43,2.17,92.4,1.25,14,0,0.0,ZONE-09
11.0,14.1,18.5,144.2,3.5900000000000003,0.44,2.6599999999999997,79.4,0.26,11,0,0.0,ZONE-13
13.3,57.5,152.5,50.9,8.299999999999999,1.1099999999999999,3.33,76.0,2.57,5,0,0.0,ZONE-08
8.7,22.8,40.0,34.2,8.29,1.21,3.1,80.10000000000001,2.56,5,0,0.0,ZONE-08
17.8,40.8,141.2,35.2,1.95,0.11000000000000001,1.15,71.5,0.36,16,1,77.4,ZONE-15
11.2,36.1,76.4,72.8,1.71,0.25,1.45,90.2,0.47000000000000003,18,1,76.8,ZONE-14
3.3,21.3,26.3,29.1,4.0,0.61,2.04,90.7,0.59,13,0,0.0,ZONE-10
8.0,34.4,169.7,55.1,1.76,0.30000000000000004,1.03,74.8,0.35,16,1,72.7,ZONE-15
16.3,33.9,79.1,4.4,2.04,0.31,1.25,89.0,0.35000000000000003,18,1,69.0,ZONE-14
3.5,14.7,43.5,2.8,2.83,0.49,2.84,83.6,0.23,11,0,0.0,ZONE-13
1.8,9.9,170.1,24.1,1.79,0.21000000000000002,1.14,73.7,0.26,16,1,73.3,ZONE-15
7.9,13.4,55.9,19.8,3.22,0.46,2.6599999999999997,82.3,0.18000000000000002,11,0,0.0,ZONE-13
2.8,21.0,21.2,0.5,3.5799999999999996,0.54,1.93,88.2,0.44,13,0,0.0,ZONE-10
3.0,3.9,9.0,24.8,4.5,0.76,2.79,90.6,0.8300000000000001,8,0,0.0,ZONE-05
19.5,40.7,73.0,20.8,3.8899999999999997,0.73,2.77,92.0,0.7100000000000001,8,0,0.0,ZONE-05
32.2,44.8,48.9,57.6,3.71,0.6599999999999999,1.85,87.5,0.54,13,0,0.0,ZONE-10
1.5,12.1,44.0,124.4,2.43,0.36,1.3499999999999999,90.3,0.39,18,1,57.8,ZONE-14
8.2,38.5,260.6,8.5,7.96,1.1199999999999999,3.04,81.2,2.55,5,0,0.0,ZONE-08
3.9,16.4,41.1,31.8,2.2,0.24,1.45,86.8,0.44,18,1,55.5,ZONE-14
28.6,59.9,102.0,22.2,8.129999999999999,1.24,3.39,80.10000000000001,2.53,5,0,0.0,ZONE-08
20.8,98.4,175.9,0.1,4.7,0.43,2.08,93.2,1.1199999999999999,14,1,50.5,ZONE-09
12.1,13.4,26.8,3.7,1.85,0.21000000000000002,1.0899999999999999,70.6,0.27999999999999997,16,1,38.6,ZONE-15
11.1,40.1,45.6,29.1,1.85,0.27999999999999997,1.35,81.0,0.24000000000000002,17,1,58.7,ZONE-16
7.3,18.8,24.6,32.6,2.2600000000000002,0.21,1.5699999999999998,86.1,0.46,18,1,38.6,ZONE-14
16.7,18.5,22.3,26.3,4.33,0.59,2.0500000000000003,96.10000000000001,1.1099999999999999,14,0,0.0,ZONE-09
34.1,61.7,112.8,27.0,3.23,0.33,2.76,83.8,0.21000000000000002,11,1,53.0,ZONE-13
10.8,11.1,56.6,146.7,3.04,0.48000000000000004,2.9899999999999998,84.2,0.23,11,0,0.0,ZONE-13
11.4,63.1,121.0,7.7,2.14,0.31,1.25,85.5,0.42000000000000004,18,1,75.5,ZONE-14
27.9,29.6,64.0,9.2,4.34,0.55,2.2600000000000002,93.3,1.18,14,0,0.0,ZONE-09
0.1,13.8,29.5,39.9,2.93,0.34,2.9299999999999997,80.2,0.14,11,0,0.0,ZONE-13
10.3,11.4,17.3,49.1,2.38,0.39,1.5999999999999999,88.3,0.41000000000000003,18,1,30.8,ZONE-14
5.0,37.7,85.2,112.1,4.3,0.44,2.13,96.9,1.17,14,0,0.0,ZONE-09
14.2,28.2,78.5,19.3,7.779999999999999,1.22,3.3600000000000003,77.30000000000001,2.49,5,0,0.0,ZONE-08
4.4,43.3,69.9,96.1,1.95,0.13,1.23,73.8,0.39,16,1,66.4,ZONE-15
20.7,69.4,181.2,33.8,3.5999999999999996,0.54,2.1,88.6,0.5700000000000001,13,1,67.2,ZONE-10
4.6,26.4,47.3,55.1,4.1,0.59,1.94,87.8,0.51,13,0,0.0,ZONE-10
14.7,43.9,65.0,11.0,3.3200000000000003,0.32,2.71,84.0,0.28,11,0,0.0,ZONE-13
6.8,10.6,110.0,25.5,7.909999999999999,1.28,3.0300000000000002,75.9,2.4,5,0,0.0,ZONE-08
2.0,2.6,49.3,60.8,2.35,0.32,1.51,86.8,0.31000000000000005,18,1,53.1,ZONE-14
5.0,6.9,30.6,22.4,4.22,0.6299999999999999,2.56,95.8,0.8200000000000001,8,0,0.0,ZONE-05
13.6,36.9,57.3,14.7,1.51,0.2,1.04,71.2,0.19999999999999998,16,1,64.1,ZONE-15
53.1,68.2,120.7,9.1,3.41,0.33,2.6599999999999997,82.4,0.21000000000000002,11,1,55.1,ZONE-13
8.0,8.7,40.4,199.5,3.39,0.4,2.7399999999999998,80.3,0.2,11,0,0.0,ZONE-13
5.8,6.8,8.2,29.5,4.31,0.45,2.17,94.3,1.26,14,0,0.0,ZONE-09
2.1,2.7,66.2,36.8,1.98,0.29,1.32,86.9,0.16,17,1,68.6,ZONE-16
4.1,61.7,67.3,187.3,2.0700000000000003,0.15000000000000002,1.22,70.0,0.32999999999999996,16,1,72.0,ZONE-15
4.5,59.3,100.9,105.2,4.51,0.48,2.2600000000000002,94.3,1.17,14,0,0.0,ZONE-09
49.6,58.1,204.2,29.6,3.79,0.6,2.04,89.0,0.43,13,1,70.6,ZONE-10
5.8,16.2,51.3,10.0,4.51,0.46,1.96,92.10000000000001,1.22,14,0,0.0,ZONE-09
9.7,29.2,93.8,107.6,4.63,0.48,2.0300000000000002,91.9,1.24,14,0,0.0,ZONE-09
7.0,16.0,29.5,13.0,3.8699999999999997,0.6299999999999999,2.73,90.6,0.7100000000000001,8,0,0.0,ZONE-05
0.7,11.2,25.4,203.6,2.91,0.4,2.96,79.9,0.13,11,0,0.0,ZONE-13
9.8,20.5,59.6,9.0,3.21,0.38,2.9899999999999998,82.8,0.28,11,0,0.0,ZONE-13
7.0,31.6,61.8,30.8,2.16,0.14,1.24,71.8,0.3,16,1,55.8,ZONE-15
61.1,114.2,158.1,50.6,2.08,0.36,1.63,82.1,0.23,17,1,74.4,ZONE-16
11.6,17.2,39.8,2.4,4.14,0.62,1.83,88.3,0.43,13,0,0.0,ZONE-10
7.7,27.3,38.9,199.5,1.86,0.37,1.4,88.0,0.33,18,1,68.2,ZONE-14
28.8,60.8,95.1,122.4,4.42,0.72,2.75,93.7,0.8500000000000001,8,0,0.0,ZONE-05
1.7,40.8,46.8,94.9,4.49,0.43,2.14,96.2,1.28,14,0,0.0,ZONE-09
3.9,56.3,186.0,9.7,2.02,0.27,1.32,84.2,0.15000000000000002,17,1,79.8,ZONE-16
7.5,106.6,136.3,119.5,1.88,0.36,1.66,86.0,0.22,17,1,76.0,ZONE-16
10.7,22.5,37.6,13.6,1.78,0.15000000000000002,1.3399999999999999,70.7,0.38,16,1,43.5,ZONE-15
17.2,29.4,61.6,40.7,7.699999999999999,1.25,3.0,78.5,2.5,5,0,0.0,ZONE-08
10.3,60.5,238.2,31.4,2.12,0.33999999999999997,1.43,83.2,0.13,17,1,78.5,ZONE-16
21.1,57.3,95.6,187.5,1.61,0.21000000000000002,1.23,72.7,0.4,16,1,74.9,ZONE-15
2.7,5.6,92.2,34.7,8.03,1.26,3.1900000000000004,77.60000000000001,2.51,5,0,0.0,ZONE-08
22.5,78.4,81.3,129.0,2.19,0.22,1.31,71.4,0.22999999999999998,16,1,77.7,ZONE-15
7.1,25.0,69.3,156.5,4.7,0.49,2.18,92.2,1.14,14,0,0.0,ZONE-09
0.2,16.4,68.8,77.0,2.23,0.36,1.55,85.1,0.11000000000000001,17,1,66.2,ZONE-16
14.2,17.8,33.8,26.7,2.34,0.36,1.39,89.1,0.32,18,1,47.2,ZONE-14
19.6,27.8,38.4,189.4,3.46,0.51,1.95,91.9,0.52,13,0,0.0,ZONE-10
0.1,153.3,204.1,105.8,1.97,0.22,1.38,73.9,0.32999999999999996,16,1,76.3,ZONE-15
4.2,4.6,64.9,107.8,8.379999999999999,1.29,3.21,76.60000000000001,2.56,5,0,0.0,ZONE-08
16.2,20.1,83.1,87.9,8.19,1.23,3.14,79.30000000000001,2.6,5,0,0.0,ZONE-08
12.9,49.2,133.4,57.1,4.9,0.56,2.04,93.60000000000001,1.22,14,0,0.0,ZONE-09
1.1,17.8,21.4,31.4,2.29,0.21,1.24,87.2,0.47000000000000003,18,1,45.8,ZONE-14
6.3,8.0,27.3,7.1,3.6799999999999997,0.6599999999999999,1.89,91.8,0.49,13,0,0.0,ZONE-10
19.8,93.6,97.0,186.2,2.06,0.25,1.46,81.6,0.11000000000000001,17,1,74.5,ZONE-16
8.9,17.8,21.4,41.7,4.74,0.59,2.25,96.10000000000001,1.21,14,0,0.0,ZONE-09
19.0,49.7,52.0,4.5,4.47,0.71,2.71,95.0,0.89,8,0,0.0,ZONE-05
6.2,14.9,26.8,19.8,4.25,0.7799999999999999,2.74,93.4,0.75,8,0,0.0,ZONE-05
19.5,85.7,109.1,141.9,2.11,0.4,1.57,82.4,0.16,17,1,80.8,ZONE-16
4.7,20.9,32.4,61.4,2.2600000000000002,0.25,1.3099999999999998,87.9,0.45,18,1,52.4,ZONE-14
46.3,69.4,89.3,62.6,3.18,0.37,2.96,80.6,0.29000000000000004,11,1,38.3,ZONE-13
1.6,56.5,88.0,35.8,8.1,1.14,3.29,80.60000000000001,2.44,5,0,0.0,ZONE-08
10.6,35.1,38.5,68.9,8.37,1.27,3.14,80.10000000000001,2.42,5,0,0.0,ZONE-08
3.3,34.6,112.4,97.8,4.64,0.53,2.15,95.8,1.21,14,0,0.0,ZONE-09
9.6,28.0,34.9,89.6,2.38,0.27,1.3299999999999998,90.9,0.48000000000000004,18,1,60.1,ZONE-14
3.8,21.0,36.1,8.6,1.79,0.30000000000000004,1.3699999999999999,70.7,0.24,16,1,41.6,ZONE-15
11.9,13.3,75.4,22.9,2.12,0.27999999999999997,1.5799999999999998,85.7,0.37,18,1,69.1,ZONE-14
0.0,17.9,20.1,19.4,3.1700000000000004,0.32,2.8099999999999996,80.9,0.1,11,0,0.0,ZONE-13
14.7,16.3,98.6,0.2,8.0,1.1199999999999999,3.14,80.60000000000001,2.44,5,0,0.0,ZONE-08
3.4,37.2,54.3,6.4,1.59,0.19,1.25,71.2,0.3,16,1,57.1,ZONE-15
5.4,13.3,96.5,22.6,3.69,0.58,1.98,89.4,0.6,13,0,0.0,ZONE-10
18.7,74.3,99.9,144.4,8.35,1.24,3.3200000000000003,78.7,2.57,5,0,0.0,ZONE-08
5.7,88.9,93.1,69.7,7.819999999999999,1.29,3.06,80.2,2.44,5,0,0.0,ZONE-08
8.2,20.5,65.6,73.0,3.8099999999999996,0.7799999999999999,2.65,93.7,0.76,8,0,0.0,ZONE-05
0.1,4.7,60.9,65.9,3.9399999999999995,0.71,2.63,92.9,0.8400000000000001,8,0,0.0,ZONE-05
40.6,76.4,211.9,72.7,1.87,0.25,1.54,86.1,0.45,18,1,74.6,ZONE-14
4.2,7.0,75.5,62.0,3.8499999999999996,0.69,1.9,86.1,0.42,13,0,0.0,ZONE-10
0.6,11.8,153.2,41.6,8.16,1.23,3.22,81.30000000000001,2.46,5,0,0.0,ZONE-08
6.8,22.1,32.6,27.6,3.94,0.6,2.09,91.3,0.48,13,0,0.0,ZONE-10
5.5,6.8,72.5,32.3,1.77,0.29000000000000004,1.3499999999999999,72.8,0.39,16,1,58.3,ZONE-15
20.7,68.2,78.9,64.3,2.2800000000000002,0.21,1.3599999999999999,82.4,0.16,17,1,71.4,ZONE-16
7.7,60.7,71.6,68.0,1.8800000000000001,0.18000000000000002,1.3599999999999999,73.7,0.39,16,1,72.1,ZONE-15
11.2,19.9,26.5,63.3,4.029999999999999,0.6399999999999999,2.41,94.9,0.8300000000000001,8,0,0.0,ZONE-05
16.1,25.6,72.2,30.2,4.27,0.48,1.9400000000000002,96.8,1.19,14,0,0.0,ZONE-09
15.0,20.6,120.0,20.3,1.7200000000000002,0.27999999999999997,1.51,86.0,0.35000000000000003,18,1,71.6,ZONE-14
5.5,7.0,12.3,43.5,1.85,0.25,1.41,84.8,0.13,17,1,50.3,ZONE-16
3.7,48.8,49.5,28.6,1.73,0.27,1.5699999999999998,90.7,0.39,18,1,71.4,ZONE-14
4.9,5.4,11.4,32.0,1.84,0.13,1.38,72.2,0.32,16,0,0.0,ZONE-15
8.1,21.1,55.2,54.3,4.199999999999999,0.73,2.63,93.6,0.8300000000000001,8,0,0.0,ZONE-05
0.1,15.7,164.7,43.9,2.13,0.2,1.0899999999999999,69.5,0.26,16,1,74.8,ZONE-15
13.6,22.9,89.8,88.9,3.04,0.30000000000000004,2.9299999999999997,84.1,0.17,11,1,34.8,ZONE-13
8.8,102.1,108.1,1.0,2.25,0.3,1.5,87.3,0.45,18,1,77.6,ZONE-14
17.6,58.7,64.5,18.5,8.34,1.21,3.08,80.7,2.49,5,0,0.0,ZONE-08
0.2,8.9,75.7,43.8,7.83,1.25,3.16,77.7,2.45,5,0,0.0,ZONE-08
5.1,16.7,16.8,21.4,2.1,0.3,1.62,84.7,0.24000000000000002,17,1,32.7,ZONE-16
12.5,103.9,188.4,1.4,1.73,0.27,1.0699999999999998,70.7,0.32999999999999996,16,1,78.0,ZONE-15
27.5,65.7,133.9,36.7,1.96,0.2,1.13,69.9,0.39,16,1,70.8,ZONE-15
6.1,15.1,18.2,15.5,4.33,0.43,2.08,91.2,1.1199999999999999,14,0,0.0,ZONE-09
3.4,19.9,81.8,38.5,2.0900000000000003,0.27,1.3199999999999998,90.3,0.5,18,1,69.5,ZONE-14
0.7,79.8,208.5,92.3,1.96,0.37,1.5799999999999998,85.8,0.46,18,1,72.6,ZONE-14
57.0,76.7,224.8,4.7,3.8499999999999996,0.7799999999999999,2.5,92.8,0.7000000000000001,8,1,73.3,ZONE-05
5.5,11.9,21.7,9.1,8.01,1.29,3.1,81.4,2.44,5,0,0.0,ZONE-08
11.7,49.7,88.6,9.5,4.52,0.6,2.0900000000000003,95.3,1.16,14,0,0.0,ZONE-09
20.0,45.3,67.4,67.3,3.53,0.65,2.1,89.3,0.42,13,0,0.0,ZONE-10
3.6,14.2,126.5,20.6,4.21,0.6399999999999999,2.7600000000000002,95.7,0.74,8,0,0.0,ZONE-05
7.6,62.8,118.2,3.9,4.29,0.49,1.9100000000000001,96.0,1.22,14,0,0.0,ZONE-09
1.9,2.1,47.0,35.6,2.23,0.19999999999999998,1.32,85.7,0.2,17,1,57.3,ZONE-16
1.7,80.9,114.8,16.6,4.02,0.5499999999999999,2.0,90.1,0.47,13,1,44.7,ZONE-10
8.3,36.8,40.4,19.3,1.75,0.32999999999999996,1.48,90.2,0.33,18,1,60.9,ZONE-14
19.7,35.1,70.7,34.0,4.04,0.59,1.88,90.1,0.47,13,0,0.0,ZONE-10
0.5,5.0,31.5,14.1,3.0,0.31000000000000005,2.88,82.4,0.21000000000000002,11,0,0.0,ZONE-13
0.6,47.0,225.8,94.5,3.8499999999999996,0.6399999999999999,2.54,94.9,0.76,8,1,72.4,ZONE-05
23.1,30.0,175.6,13.2,2.8600000000000003,0.33,2.7199999999999998,80.6,0.17,11,1,64.0,ZONE-13
36.3,167.9,223.9,238.3,2.19,0.38,1.55,83.2,0.22,17,1,75.2,ZONE-16
10.1,17.6,43.5,54.0,4.63,0.51,2.0500000000000003,94.3,1.2,14,0,0.0,ZONE-09
0.9,25.2,204.0,12.7,3.29,0.36000000000000004,2.86,79.7,0.2,11,1,64.2,ZONE-13
18.9,78.5,208.0,193.3,2.9400000000000004,0.31000000000000005,2.6399999999999997,80.1,0.11000000000000001,11,1,78.0,ZONE-13
8.8,103.4,167.1,10.6,2.13,0.31,1.58,82.5,0.17,17,1,77.7,ZONE-16
7.8,39.5,52.3,61.4,4.11,0.58,2.16,96.8,1.27,14,0,0.0,ZONE-09
13.2,17.6,55.1,88.6,4.34,0.61,2.62,96.1,0.78,8,0,0.0,ZONE-05
8.3,8.6,9.0,26.5,4.04,0.51,2.05,89.2,0.55,13,0,0.0,ZONE-10
31.3,37.8,83.1,15.1,1.46,0.14,1.21,69.6,0.25,16,1,70.9,ZONE-15
4.7,51.8,110.5,6.0,8.12,1.15,3.25,76.5,2.55,5,0,0.0,ZONE-08
6.7,7.4,36.9,65.2,2.2,0.35,1.53,85.0,0.24000000000000002,17,1,50.0,ZONE-16
1.5,10.0,32.8,151.2,4.23,0.44,2.06,93.2,1.13,14,0,0.0,ZONE-09
60.0,61.1,125.5,27.9,4.449999999999999,0.7799999999999999,2.62,96.5,0.8700000000000001,8,0,0.0,ZONE-05
6.0,41.1,153.9,180.9,2.21,0.29,1.59,84.7,0.21000000000000002,17,1,73.9,ZONE-16
10.3,21.3,91.0,17.3,1.69,0.19,1.38,69.0,0.21,16,1,67.0,ZONE-15
10.0,21.1,69.2,16.5,2.11,0.4,1.3199999999999998,87.3,0.34,18,1,68.9,ZONE-14
2.6,65.2,70.0,42.3,2.3200000000000003,0.39,1.5299999999999998,91.0,0.4,18,1,69.9,ZONE-14
3.0,4.0,5.7,11.6,2.8800000000000003,0.39,2.6599999999999997,80.6,0.28,11,0,0.0,ZONE-13
24.2,32.5,167.7,52.3,7.89,1.26,3.04,77.80000000000001,2.58,5,0,0.0,ZONE-08
6.9,28.6,61.3,85.3,4.68,0.56,1.9700000000000002,96.2,1.24,14,0,0.0,ZONE-09
4.0,14.9,115.9,175.6,4.58,0.46,2.19,94.7,1.1199999999999999,14,0,0.0,ZONE-09
26.8,40.4,108.6,38.8,2.44,0.27,1.5499999999999998,88.1,0.49,18,1,69.4,ZONE-14
8.3,14.0,54.2,12.4,8.299999999999999,1.27,3.37,79.2,2.53,5,0,0.0,ZONE-08
4.8,53.1,63.5,4.4,1.9400000000000002,0.21,1.42,86.4,0.4,18,1,65.4,ZONE-14
0.9,71.6,103.4,31.6,2.24,0.4,1.5899999999999999,90.0,0.42000000000000004,18,1,69.6,ZONE-14
20.0,65.2,83.4,71.0,1.83,0.27999999999999997,1.35,81.5,0.21000000000000002,17,1,70.1,ZONE-16
17.7,44.3,51.7,125.2,1.81,0.27999999999999997,1.47,85.2,0.25,17,1,72.0,ZONE-16
9.3,17.6,42.5,2.3,8.09,1.23,3.08,79.10000000000001,2.55,5,0,0.0,ZONE-08
1.6,37.9,37.9,32.3,7.89,1.15,3.1700000000000004,79.5,2.52,5,0,0.0,ZONE-08
8.9,10.3,173.0,15.4,4.64,0.48,2.04,93.10000000000001,1.22,14,0,0.0,ZONE-09
4.4,13.5,25.3,0.1,2.3200000000000003,0.22999999999999998,1.3399999999999999,90.4,0.46,18,1,39.4,ZONE-14
15.7,100.9,112.3,65.3,3.7399999999999998,0.76,2.48,92.7,0.8500000000000001,8,0,0.0,ZONE-05
16.3,63.5,88.2,21.7,4.19,0.41000000000000003,2.2800000000000002,96.8,1.27,14,0,0.0,ZONE-09
4.7,35.9,112.3,12.0,1.4100000000000001,0.24000000000000002,1.04,71.7,0.19999999999999998,16,1,71.7,ZONE-15
5.6,63.7,137.7,251.4,7.859999999999999,1.2,3.1,78.30000000000001,2.55,5,0,0.0,ZONE-08
16.8,29.3,69.5,64.9,3.3600000000000003,0.43000000000000005,2.75,84.4,0.21000000000000002,11,0,0.0,ZONE-13
1.0,20.7,76.3,11.0,1.54,0.16,1.3199999999999998,72.7,0.21,16,1,69.1,ZONE-15
18.2,40.1,177.0,2.6,1.75,0.32999999999999996,1.47,91.0,0.37,18,1,72.8,ZONE-14
3.7,26.7,42.5,75.2,2.09,0.23,1.0899999999999999,71.3,0.4,16,1,48.2,ZONE-15
17.1,19.8,52.3,42.7,3.79,0.62,1.84,87.2,0.59,13,0,0.0,ZONE-10
5.5,73.0,152.1,71.7,1.73,0.38,1.3199999999999998,88.4,0.45,18,1,71.9,ZONE-14
15.0,30.5,144.7,71.2,3.6799999999999997,0.5599999999999999,2.2,91.9,0.46,13,1,55.5,ZONE-10
15.7,65.2,79.6,98.7,2.1,0.28,1.33,69.2,0.31,16,1,68.9,ZONE-15
2.6,13.2,31.6,230.5,3.0700000000000003,0.38,2.65,83.4,0.2,11,0,0.0,ZONE-13
23.3,53.5,111.9,49.5,8.03,1.21,3.1700000000000004,77.30000000000001,2.52,5,0,0.0,ZONE-08
35.3,52.4,73.9,10.7,4.13,0.6399999999999999,2.46,93.7,0.8600000000000001,8,0,0.0,ZONE-05
18.5,51.6,73.4,1.5,3.0500000000000003,0.44,2.8099999999999996,79.8,0.30000000000000004,11,0,0.0,ZONE-13
21.9,22.2,76.9,210.9,3.3200000000000003,0.41000000000000003,2.6599999999999997,79.4,0.21000000000000002,11,1,42.4,ZONE-13
6.9,13.6,68.5,101.9,3.0500000000000003,0.48000000000000004,2.8899999999999997,83.6,0.28,11,0,0.0,ZONE-13
9.5,94.8,97.2,42.2,2.37,0.26,1.6,85.9,0.23,17,1,76.8,ZONE-16
15.2,64.8,73.7,96.6,3.4200000000000004,0.32,2.67,83.6,0.22,11,1,28.5,ZONE-13
9.7,22.3,28.7,120.3,8.18,1.15,3.0100000000000002,75.9,2.56,5,0,0.0,ZONE-08
2.1,11.4,26.8,123.1,3.2,0.42000000000000004,2.88,81.2,0.27,11,0,0.0,ZONE-13
13.4,53.2,66.2,58.8,4.08,0.6299999999999999,2.49,93.0,0.89,8,0,0.0,ZONE-05
10.2,54.9,161.3,0.7,2.16,0.14,1.27,70.2,0.24,16,1,72.6,ZONE-15
13.5,14.8,50.6,20.3,4.39,0.7,2.5300000000000002,93.2,0.75,8,0,0.0,ZONE-05
4.4,15.3,59.0,24.4,2.22,0.32,1.63,85.3,0.18000000000000002,17,1,62.5,ZONE-16
15.8,28.8,32.0,91.9,2.12,0.29,1.5299999999999998,85.8,0.5,18,1,57.7,ZONE-14
4.0,18.2,70.2,24.2,2.39,0.21,1.45,85.6,0.29000000000000004,17,1,59.0,ZONE-16
0.7,12.4,142.5,61.6,4.02,0.6599999999999999,2.73,93.3,0.78,8,0,0.0,ZONE-05
13.4,38.4,48.4,32.5,2.25,0.38,1.39,89.4,0.32,18,1,62.2,ZONE-14
16.7,19.4,34.0,19.4,3.4200000000000004,0.49,2.88,79.8,0.18000000000000002,11,0,0.0,ZONE-13
6.8,105.1,108.2,43.9,3.7199999999999998,0.69,2.7600000000000002,95.9,0.88,8,0,0.0,ZONE-05
2.4,90.6,96.0,31.0,4.3,0.54,2.2600000000000002,96.0,1.24,14,0,0.0,ZONE-09
16.1,46.6,71.3,25.5,4.17,0.54,2.15,91.7,1.24,14,0,0.0,ZONE-09
6.1,13.8,24.1,39.6,3.1,0.38,2.9099999999999997,84.5,0.21000000000000002,11,0,0.0,ZONE-13
3.8,12.3,60.4,207.5,2.93,0.33,2.9099999999999997,79.3,0.16,11,1,33.8,ZONE-13
11.1,13.1,16.6,181.5,3.9299999999999997,0.6399999999999999,2.7600000000000002,96.3,0.7000000000000001,8,0,0.0,ZONE-05
4.2,6.6,47.7,58.6,1.4100000000000001,0.2,1.2,73.8,0.32,16,1,61.7,ZONE-15
12.5,20.3,21.0,201.2,8.17,1.2,3.16,75.9,2.52,5,0,0.0,ZONE-08
3.5,31.7,86.9,56.5,8.41,1.16,3.25,80.30000000000001,2.44,5,0,0.0,ZONE-08
4.5,12.4,53.4,120.6,2.92,0.43000000000000005,2.61,84.1,0.23,11,0,0.0,ZONE-13
35.2,38.0,45.6,173.7,1.6600000000000001,0.12000000000000001,1.04,75.0,0.22999999999999998,16,1,71.6,ZONE-15
16.0,69.6,79.8,53.1,3.5700000000000003,0.45,2.7399999999999998,79.2,0.25,11,0,0.0,ZONE-13
14.5,43.0,66.6,0.9,3.69,0.58,1.83,88.6,0.51,13,0,0.0,ZONE-10
10.5,17.8,44.7,189.6,1.78,0.12000000000000001,1.3399999999999999,71.0,0.27999999999999997,16,1,66.5,ZONE-15
6.1,51.9,61.3,67.0,8.19,1.1199999999999999,3.29,79.2,2.6,5,0,0.0,ZONE-08
45.3,48.0,48.4,34.1,4.279999999999999,0.72,2.72,94.7,0.79,8,0,0.0,ZONE-05
1.2,35.7,146.4,34.2,3.61,0.62,2.05,91.6,0.52,13,1,55.0,ZONE-10
3.6,17.8,75.6,0.5,4.09,0.6399999999999999,2.64,94.8,0.9,8,0,0.0,ZONE-05
10.7,34.5,80.2,16.6,1.79,0.29,1.52,89.9,0.34,18,1,73.1,ZONE-14
15.0,17.4,27.4,126.0,1.93,0.27,1.52,84.8,0.1,17,1,62.2,ZONE-16
16.1,16.4,29.2,14.5,1.6,0.11000000000000001,1.1199999999999999,72.3,0.35,16,1,44.9,ZONE-15
3.8,10.9,13.8,36.9,3.67,0.64,2.05,86.2,0.44,13,0,0.0,ZONE-10
15.8,39.1,89.4,5.1,4.07,0.6799999999999999,1.99,88.8,0.41000000000000003,13,0,0.0,ZONE-10
36.3,81.9,155.5,103.9,3.1900000000000004,0.43000000000000005,2.96,82.2,0.17,11,1,74.2,ZONE-13
32.4,52.0,62.1,57.5,2.34,0.21,1.51,84.4,0.24000000000000002,17,1,69.8,ZONE-16
16.3,49.8,83.0,4.3,1.87,0.33999999999999997,1.52,90.8,0.37,18,1,77.0,ZONE-14
5.6,69.0,108.5,46.4,2.0700000000000003,0.17,1.15,72.2,0.22999999999999998,16,1,75.5,ZONE-15
3.8,15.3,116.9,65.9,3.2800000000000002,0.47000000000000003,2.9,83.2,0.16,11,1,29.8,ZONE-13
18.6,33.7,78.5,17.1,1.67,0.38,1.45,86.0,0.16,17,1,72.2,ZONE-16
14.7,28.6,54.9,62.9,2.89,0.46,2.9099999999999997,84.5,0.19,11,0,0.0,ZONE-13
33.0,34.7,113.1,20.8,2.34,0.38,1.2599999999999998,87.5,0.4,18,1,77.7,ZONE-14
7.0,7.6,23.7,41.9,2.02,0.13,1.3499999999999999,73.9,0.39,16,1,35.2,ZONE-15
0.7,17.6,135.4,6.7,2.96,0.31000000000000005,2.76,84.2,0.12000000000000001,11,1,48.6,ZONE-13
17.3,30.5,78.4,18.1,2.25,0.32,1.23,88.3,0.31000000000000005,18,1,70.2,ZONE-14
2.1,6.5,9.8,12.3,1.42,0.25,1.26,70.3,0.24,16,1,28.9,ZONE-15
13.1,66.5,142.2,69.3,4.02,0.63,1.91,86.9,0.42,13,1,64.2,ZONE-10
1.4,9.9,26.6,17.3,4.27,0.47,2.0300000000000002,92.0,1.24,14,0,0.0,ZONE-09
8.7,27.9,47.8,26.2,1.86,0.13,1.1199999999999999,74.4,0.31,16,1,54.1,ZONE-15
21.2,60.1,76.7,147.1,2.08,0.33999999999999997,1.24,85.8,0.39,18,1,71.9,ZONE-14
36.6,46.5,66.2,42.3,4.1899999999999995,0.6599999999999999,2.73,94.8,0.8300000000000001,8,0,0.0,ZONE-05
34.0,86.3,91.2,29.9,4.88,0.55,2.0900000000000003,92.0,1.26,14,0,0.0,ZONE-09
9.7,27.2,36.9,117.5,3.78,0.6599999999999999,2.66,95.1,0.79,8,0,0.0,ZONE-05
13.6,59.1,147.2,82.8,7.81,1.28,3.1,77.60000000000001,2.44,5,0,0.0,ZONE-08
6.9,30.5,38.4,67.2,4.03,0.6799999999999999,1.98,86.2,0.5,13,0,0.0,ZONE-10
2.4,32.0,43.7,7.5,3.78,0.6699999999999999,1.91,88.1,0.51,13,0,0.0,ZONE-10
2.2,2.2,59.3,79.1,4.42,0.54,1.9400000000000002,94.5,1.1099999999999999,14,0,0.0,ZONE-09
8.7,13.1,17.0,1.2,1.83,0.18000000000000002,1.17,72.7,0.31,16,1,35.3,ZONE-15
2.2,57.6,70.0,26.2,1.65,0.24,1.58,83.6,0.30000000000000004,17,1,71.6,ZONE-16
1.3,7.6,40.6,56.2,3.84,0.5499999999999999,2.07,86.5,0.59,13,0,0.0,ZONE-10
3.4,4.9,27.2,16.0,3.7899999999999996,0.72,2.5300000000000002,91.1,0.79,8,0,0.0,ZONE-05
3.0,83.4,126.5,48.8,2.16,0.11000000000000001,1.04,73.9,0.35,16,1,74.4,ZONE-15
6.4,20.4,55.4,71.5,4.22,0.61,2.49,91.3,0.8200000000000001,8,0,0.0,ZONE-05
14.5,19.2,50.4,31.9,2.31,0.32999999999999996,1.38,87.2,0.42000000000000004,18,1,56.1,ZONE-14
24.5,49.5,83.7,7.4,8.25,1.16,3.23,80.9,2.46,5,0,0.0,ZONE-08
11.2,14.3,32.8,9.2,2.17,0.38,1.7,84.5,0.22,17,1,39.2,ZONE-16
14.1,19.9,42.3,135.6,3.4800000000000004,0.31000000000000005,2.96,84.8,0.1,11,0,0.0,ZONE-13
2.7,20.4,44.9,1.1,3.4899999999999998,0.5599999999999999,1.81,88.6,0.52,13,0,0.0,ZONE-10
18.9,20.7,49.6,49.4,3.9699999999999998,0.58,1.97,87.3,0.43,13,0,0.0,ZONE-10
11.9,41.1,54.2,0.6,2.95,0.38,2.9699999999999998,84.0,0.13,11,0,0.0,ZONE-13
15.4,34.6,116.0,103.4,2.91,0.31000000000000005,2.61,83.3,0.2,11,1,59.2,ZONE-13
22.2,38.8,57.1,94.1,2.87,0.43000000000000005,2.77,81.7,0.26,11,0,0.0,ZONE-13
7.2,12.3,99.2,128.5,2.1,0.29,1.47,85.9,0.18000000000000002,17,1,71.9,ZONE-16
7.5,9.5,31.6,97.6,2.08,0.32,1.6400000000000001,82.4,0.2,17,1,53.3,ZONE-16
27.8,33.5,36.6,125.9,3.4299999999999997,0.51,1.99,88.2,0.52,13,0,0.0,ZONE-10
5.9,25.4,180.4,4.1,4.21,0.55,2.29,97.10000000000001,1.26,14,1,40.3,ZONE-09
12.5,14.4,35.6,97.7,4.52,0.52,2.0,95.0,1.23,14,0,0.0,ZONE-09
6.8,153.6,190.4,23.2,4.65,0.51,2.13,94.9,1.28,14,1,67.1,ZONE-09
3.0,13.8,34.8,4.3,2.08,0.3,1.39,89.9,0.38,18,1,53.7,ZONE-14
5.5,21.1,78.8,64.2,1.6300000000000001,0.11000000000000001,1.3699999999999999,73.5,0.35,16,1,70.6,ZONE-15
14.8,15.0,26.0,65.0,2.2,0.32,1.43,89.4,0.36000000000000004,18,1,55.2,ZONE-14
7.9,8.0,81.4,88.9,1.9300000000000002,0.21999999999999997,1.4,90.6,0.36000000000000004,18,1,69.6,ZONE-14
9.5,11.2,76.7,52.6,1.62,0.15000000000000002,1.3,72.6,0.38,16,1,69.9,ZONE-15
18.3,53.1,126.2,43.8,3.9999999999999996,0.6399999999999999,2.71,91.9,0.74,8,0,0.0,ZONE-05
1.8,29.6,73.2,81.3,1.9700000000000002,0.21999999999999997,1.2599999999999998,91.1,0.33,18,1,73.3,ZONE-14
2.2,7.6,107.1,83.2,2.22,0.25,1.48,84.8,0.14,17,1,76.2,ZONE-16
28.7,64.2,105.1,63.7,3.44,0.5499999999999999,2.13,86.3,0.49,13,1,49.0,ZONE-10
26.4,48.0,93.0,10.2,4.3,0.75,2.61,92.8,0.8400000000000001,8,0,0.0,ZONE-05
7.7,39.2,53.4,13.6,3.9099999999999997,0.71,2.5700000000000003,92.2,0.8600000000000001,8,0,0.0,ZONE-05
4.5,11.4,22.3,33.2,2.14,0.39,1.57,81.2,0.28,17,1,33.6,ZONE-16
28.6,46.3,55.7,4.8,2.09,0.32999999999999996,1.41,82.6,0.26,17,1,60.6,ZONE-16
14.3,26.4,104.0,64.6,1.97,0.33999999999999997,1.4,85.0,0.25,17,1,74.4,ZONE-16
19.1,27.0,80.0,18.4,3.0500000000000003,0.30000000000000004,2.5999999999999996,79.4,0.18000000000000002,11,0,0.0,ZONE-13
33.6,58.9,76.6,18.8,4.65,0.47,2.19,92.7,1.1099999999999999,14,0,0.0,ZONE-09
2.5,32.2,43.3,54.3,4.15,0.52,2.2600000000000002,92.5,1.22,14,0,0.0,ZONE-09
3.7,30.8,106.7,90.3,4.67,0.42,2.24,92.0,1.23,14,0,0.0,ZONE-09
17.2,22.4,26.6,72.0,3.52,0.44,2.6999999999999997,81.8,0.29000000000000004,11,0,0.0,ZONE-13
5.5,19.7,21.1,18.0,4.4399999999999995,0.6599999999999999,2.5700000000000003,95.9,0.8500000000000001,8,0,0.0,ZONE-05
0.4,53.2,65.8,48.9,3.61,0.6599999999999999,1.91,86.4,0.48,13,0,0.0,ZONE-10
0.5,28.0,45.6,136.9,1.9100000000000001,0.36,1.27,85.9,0.5,18,1,65.2,ZONE-14
26.3,36.1,140.2,333.7,1.74,0.3,1.3599999999999999,85.6,0.14,17,1,78.4,ZONE-16
20.9,67.5,80.4,51.6,4.27,0.62,2.43,93.9,0.75,8,0,0.0,ZONE-05
0.8,3.3,309.6,23.7,3.7199999999999998,0.7,2.66,90.5,0.7100000000000001,8,1,73.4,ZONE-05
16.5,57.6,145.4,362.6,3.3600000000000003,0.48000000000000004,2.8299999999999996,82.1,0.29000000000000004,11,1,74.9,ZONE-13
3.3,4.3,28.1,8.4,1.92,0.35,1.62,81.4,0.15000000000000002,17,1,37.8,ZONE-16
0.3,11.5,80.4,50.1,3.8,0.71,2.8000000000000003,92.5,0.76,8,0,0.0,ZONE-05
4.5,31.1,43.0,0.9,2.21,0.39,1.24,88.7,0.49,18,1,46.6,ZONE-14
17.3,41.7,106.4,2.4,4.31,0.6599999999999999,2.48,93.8,0.89,8,0,0.0,ZONE-05
21.8,46.0,83.3,58.8,7.9399999999999995,1.18,3.04,79.5,2.5,5,0,0.0,ZONE-08
24.0,46.1,85.2,280.5,4.29,0.6299999999999999,2.48,94.8,0.8200000000000001,8,0,0.0,ZONE-05
17.0,31.6,86.9,29.6,4.01,0.76,2.66,93.5,0.89,8,0,0.0,ZONE-05
3.1,25.8,144.3,158.8,4.47,0.6,2.54,92.5,0.8400000000000001,8,0,0.0,ZONE-05
5.0,23.8,34.5,326.0,1.69,0.36,1.57,83.8,0.24000000000000002,17,1,78.4,ZONE-16
47.6,73.8,147.2,75.3,3.39,0.35000000000000003,2.63,83.4,0.2,11,1,64.3,ZONE-13
10.8,12.2,39.5,67.4,1.8900000000000001,0.32999999999999996,1.21,89.3,0.48000000000000004,18,1,65.2,ZONE-14
13.6,25.3,153.2,11.0,4.46,0.43,2.14,96.10000000000001,1.1199999999999999,14,0,0.0,ZONE-09
8.3,37.7,91.5,62.8,4.18,0.72,2.43,91.7,0.77,8,0,0.0,ZONE-05
3.9,8.1,53.6,54.9,1.8599999999999999,0.4,1.53,81.8,0.27,17,1,61.9,ZONE-16
2.4,32.9,60.2,66.1,2.17,0.27,1.25,86.3,0.38,18,1,70.0,ZONE-14
21.8,26.5,27.4,90.6,3.1500000000000004,0.49,2.6199999999999997,79.6,0.27,11,0,0.0,ZONE-13
11.3,41.4,123.4,97.4,2.22,0.19999999999999998,1.49,81.0,0.14,17,1,71.7,ZONE-16
38.9,58.1,88.3,30.8,1.73,0.26,1.31,73.2,0.24,16,1,74.5,ZONE-15
2.0,23.3,37.9,152.5,4.029999999999999,0.7899999999999999,2.64,90.7,0.74,8,0,0.0,ZONE-05
10.5,33.0,52.7,3.2,4.1899999999999995,0.62,2.73,92.3,0.78,8,0,0.0,ZONE-05
0.4,14.2,18.2,56.0,7.85,1.3,3.39,79.10000000000001,2.57,5,0,0.0,ZONE-08
25.5,79.1,127.5,14.2,8.07,1.23,3.08,75.7,2.42,5,0,0.0,ZONE-08
23.9,78.2,88.1,80.2,3.35,0.49,2.79,80.1,0.23,11,1,29.7,ZONE-13
4.1,44.7,309.8,1.8,3.63,0.59,1.93,90.8,0.55,13,1,72.2,ZONE-10
27.3,51.7,214.9,37.5,2.44,0.24,1.51,88.4,0.32,18,1,80.8,ZONE-14
22.6,24.2,42.6,4.2,4.17,0.6699999999999999,2.48,94.6,0.77,8,0,0.0,ZONE-05
44.4,86.9,173.0,166.8,4.36,0.42,2.2,96.4,1.18,14,1,69.0,ZONE-09
1.1,13.3,16.6,14.2,4.17,0.61,2.5700000000000003,91.8,0.8200000000000001,8,0,0.0,ZONE-05
3.1,18.9,33.0,6.4,3.1100000000000003,0.33,2.8899999999999997,82.8,0.30000000000000004,11,0,0.0,ZONE-13
2.2,6.2,168.9,85.5,7.97,1.1099999999999999,3.23,77.10000000000001,2.42,5,0,0.0,ZONE-08
41.2,55.7,70.4,96.1,4.069999999999999,0.6299999999999999,2.54,95.8,0.8200000000000001,8,0,0.0,ZONE-05
4.7,13.6,25.5,8.3,3.2600000000000002,0.41000000000000003,2.69,81.5,0.2,11,0,0.0,ZONE-13
3.6,14.6,65.0,3.9,8.17,1.27,3.1100000000000003,79.80000000000001,2.55,5,0,0.0,ZONE-08
2.8,44.2,51.4,25.2,7.8999999999999995,1.19,3.0900000000000003,81.0,2.59,5,0,0.0,ZONE-08
24.0,28.2,32.1,39.8,2.0300000000000002,0.21,1.5999999999999999,89.9,0.4,18,1,58.0,ZONE-14
4.3,25.0,98.3,8.9,1.98,0.36,1.63,83.7,0.15000000000000002,17,1,71.6,ZONE-16
10.4,28.0,35.0,58.7,2.25,0.27999999999999997,1.2899999999999998,87.7,0.35000000000000003,18,1,64.0,ZONE-14
3.8,20.5,24.4,36.9,2.08,0.26,1.48,90.6,0.45,18,1,43.8,ZONE-14
4.4,47.6,50.2,32.5,4.069999999999999,0.6299999999999999,2.68,91.6,0.8700000000000001,8,0,0.0,ZONE-05
7.4,39.7,78.1,66.0,4.26,0.6,2.65,92.8,0.8400000000000001,8,0,0.0,ZONE-05
18.0,67.5,84.5,46.3,1.9400000000000002,0.35,1.48,89.2,0.42000000000000004,18,1,71.0,ZONE-14
22.0,135.8,234.9,27.9,4.6,0.47,2.27,94.3,1.28,14,1,72.4,ZONE-09
2.6,19.4,80.3,40.7,1.79,0.27,1.45,87.7,0.34,18,1,72.2,ZONE-14
7.9,53.4,73.6,117.9,4.55,0.55,1.96,93.2,1.21,14,0,0.0,ZONE-09
6.3,16.2,43.4,86.2,4.29,0.75,2.75,94.7,0.8500000000000001,8,0,0.0,ZONE-05
1.6,7.1,143.2,11.6,7.96,1.28,3.2,77.9,2.41,5,0,0.0,ZONE-08
10.1,31.7,62.0,62.1,3.6799999999999997,0.6,2.01,86.7,0.54,13,0,0.0,ZONE-10
3.1,23.2,44.1,65.0,1.76,0.17,1.27,73.2,0.4,16,1,60.6,ZONE-15
1.8,23.0,32.2,19.6,8.41,1.19,3.0300000000000002,80.80000000000001,2.46,5,0,0.0,ZONE-08
3.0,8.0,86.6,20.2,4.19,0.46,2.18,94.2,1.27,14,0,0.0,ZONE-09
31.4,119.0,157.1,9.3,1.9300000000000002,0.39,1.42,86.3,0.37,18,1,76.2,ZONE-14
5.6,45.6,66.2,5.5,1.9300000000000002,0.21,1.5499999999999998,86.9,0.49,18,1,67.9,ZONE-14
9.8,56.4,127.9,11.6,2.06,0.32999999999999996,1.61,83.9,0.23,17,1,75.4,ZONE-16
13.4,19.6,30.7,124.3,4.069999999999999,0.71,2.7600000000000002,92.3,0.8600000000000001,8,0,0.0,ZONE-05
3.4,11.0,11.0,122.7,8.09,1.29,3.31,75.7,2.47,5,0,0.0,ZONE-08
18.9,43.6,106.0,9.9,4.46,0.72,2.46,93.7,0.74,8,0,0.0,ZONE-05
7.4,18.2,22.6,39.9,3.47,0.44,2.8699999999999997,79.9,0.15000000000000002,11,0,0.0,ZONE-13
30.4,31.4,46.9,14.0,2.5,0.31,1.38,87.7,0.34,18,1,58.8,ZONE-14
3.3,63.1,91.5,37.7,4.18,0.53,1.98,91.9,0.51,13,0,0.0,ZONE-10
17.2,21.4,51.5,33.7,4.84,0.48,2.1,92.10000000000001,1.19,14,0,0.0,ZONE-09
10.9,204.0,270.0,30.4,3.5199999999999996,0.69,2.02,89.0,0.53,13,1,74.9,ZONE-10
21.1,25.8,27.2,13.7,2.18,0.25,1.4,73.0,0.36,16,1,33.0,ZONE-15
5.0,22.9,65.9,144.9,3.9699999999999998,0.62,2.5900000000000003,90.7,0.8400000000000001,8,0,0.0,ZONE-05
8.6,26.0,28.3,2.1,4.35,0.48,2.24,93.9,1.1199999999999999,14,0,0.0,ZONE-09
9.6,24.0,106.2,10.5,2.19,0.24,1.41,90.2,0.45,18,1,69.6,ZONE-14
0.3,15.2,27.4,3.1,4.53,0.49,2.17,91.7,1.2,14,0,0.0,ZONE-09
15.5,18.5,60.7,19.8,8.09,1.22,3.2,75.7,2.53,5,0,0.0,ZONE-08
2.3,14.2,87.0,29.9,1.72,0.37,1.45,83.2,0.16,17,1,69.7,ZONE-16
16.7,20.1,86.8,16.2,4.3999999999999995,0.62,2.69,93.2,0.9,8,0,0.0,ZONE-05
13.6,34.5,153.6,29.4,3.9299999999999997,0.76,2.79,93.0,0.88,8,0,0.0,ZONE-05
0.8,1.3,80.2,44.6,3.47,0.42000000000000004,2.6599999999999997,80.8,0.30000000000000004,11,0,0.0,ZONE-13
17.9,24.6,43.6,1.8,3.4499999999999997,0.69,2.1,86.5,0.48,13,0,0.0,ZONE-10
39.1,66.7,188.5,18.5,1.73,0.21000000000000002,1.28,73.5,0.22999999999999998,16,1,73.7,ZONE-15
11.3,39.7,56.9,113.1,1.83,0.3,1.63,82.8,0.22,17,1,70.9,ZONE-16
35.3,89.3,149.8,19.5,3.8799999999999994,0.76,2.46,92.3,0.8300000000000001,8,1,33.1,ZONE-05
4.0,86.7,87.2,75.5,4.62,0.58,2.0700000000000003,94.2,1.24,14,0,0.0,ZONE-09
14.7,39.1,246.8,22.4,7.72,1.25,3.2,81.2,2.52,5,0,0.0,ZONE-08
5.0,7.1,33.4,18.2,3.86,0.61,2.15,89.8,0.5,13,0,0.0,ZONE-10
5.0,50.0,173.3,12.3,4.4,0.55,1.9100000000000001,92.8,1.22,14,1,39.8,ZONE-09
5.6,71.6,74.5,5.8,4.3999999999999995,0.6299999999999999,2.47,92.1,0.78,8,0,0.0,ZONE-05
2.1,24.7,32.0,206.7,3.44,0.5599999999999999,2.06,86.5,0.44,13,0,0.0,ZONE-10
7.1,24.5,37.2,38.2,3.41,0.42000000000000004,2.67,80.9,0.16,11,0,0.0,ZONE-13
13.0,47.8,110.9,51.7,1.62,0.24000000000000002,1.15,72.2,0.27,16,1,71.4,ZONE-15
28.2,70.7,134.4,3.4,3.21,0.37,2.79,81.0,0.28,11,1,48.9,ZONE-13
0.1,6.1,55.1,31.8,3.2,0.47000000000000003,2.92,82.4,0.24000000000000002,11,0,0.0,ZONE-13
6.2,60.2,161.9,143.9,4.43,0.58,1.9500000000000002,92.0,1.0999999999999999,14,1,58.7,ZONE-09
4.5,33.9,48.2,12.7,3.51,0.59,2.2,89.1,0.59,13,0,0.0,ZONE-10
2.4,12.9,38.2,106.7,3.37,0.31000000000000005,2.9299999999999997,80.3,0.27,11,0,0.0,ZONE-13
1.5,34.7,68.8,20.4,3.35,0.36000000000000004,2.6799999999999997,84.9,0.18000000000000002,11,0,0.0,ZONE-13
8.1,17.0,57.8,34.1,4.16,0.55,2.2,91.5,1.1199999999999999,14,0,0.0,ZONE-09
2.2,5.3,40.9,139.6,2.08,0.38,1.22,87.3,0.30000000000000004,18,1,62.5,ZONE-14
5.1,38.1,86.5,160.9,4.84,0.44,2.2600000000000002,92.3,1.17,14,0,0.0,ZONE-09
20.6,41.5,89.7,137.2,4.22,0.55,2.0100000000000002,94.7,1.17,14,0,0.0,ZONE-09
6.1,16.0,16.5,105.1,8.1,1.1099999999999999,3.33,80.0,2.51,5,0,0.0,ZONE-08
19.4,22.2,60.9,37.4,8.469999999999999,1.13,3.3000000000000003,75.4,2.55,5,0,0.0,ZONE-08
1.5,100.0,110.9,4.2,8.44,1.27,3.1900000000000004,79.60000000000001,2.44,5,0,0.0,ZONE-08
10.8,44.4,45.9,64.5,4.24,0.47,2.0500000000000003,92.5,1.15,14,0,0.0,ZONE-09
9.1,11.8,20.3,50.4,4.71,0.46,2.0900000000000003,94.3,1.2,14,0,0.0,ZONE-09
4.2,73.8,150.7,246.5,3.96,0.61,1.82,88.0,0.42,13,1,71.8,ZONE-10
3.6,91.0,116.4,25.6,1.95,0.27,1.0899999999999999,71.4,0.4,16,1,73.9,ZONE-15
0.6,2.0,55.0,36.7,4.82,0.56,2.2800000000000002,93.4,1.0999999999999999,14,0,0.0,ZONE-09
3.1,26.9,40.0,51.7,4.239999999999999,0.6799999999999999,2.61,94.6,0.7200000000000001,8,0,0.0,ZONE-05
5.3,48.7,126.0,38.9,1.92,0.32,1.34,86.6,0.30000000000000004,17,1,71.3,ZONE-16
5.2,16.5,90.2,23.9,7.97,1.22,3.4000000000000004,76.10000000000001,2.57,5,0,0.0,ZONE-08
2.8,5.0,33.3,39.5,3.9199999999999995,0.74,2.63,92.1,0.8600000000000001,8,0,0.0,ZONE-05
22.1,28.4,50.0,99.1,1.88,0.32999999999999996,1.68,86.9,0.2,17,1,65.4,ZONE-16
20.8,32.9,60.6,21.7,3.7899999999999996,0.6499999999999999,2.6,94.3,0.73,8,0,0.0,ZONE-05
32.4,35.6,157.7,69.1,4.69,0.5700000000000001,2.1,91.4,1.14,14,1,37.7,ZONE-09
9.1,9.9,38.9,31.4,3.5199999999999996,0.62,1.84,86.5,0.55,13,0,0.0,ZONE-10
2.1,28.8,188.4,49.6,4.33,0.6399999999999999,2.66,93.4,0.75,8,1,31.8,ZONE-05
15.1,16.9,41.2,7.4,2.46,0.21,1.3699999999999999,91.0,0.38,18,1,49.9,ZONE-14
11.4,81.1,129.9,4.8,1.95,0.21,1.37,85.0,0.26,17,1,79.9,ZONE-16
5.3,25.3,48.5,107.6,3.1900000000000004,0.33,2.8899999999999997,81.9,0.12000000000000001,11,0,0.0,ZONE-13
20.2,43.9,64.9,17.7,4.2299999999999995,0.74,2.63,93.4,0.8700000000000001,8,0,0.0,ZONE-05
1.3,12.3,36.3,67.6,2.0100000000000002,0.3,1.5899999999999999,89.2,0.37,18,1,62.0,ZONE-14
12.9,14.7,37.3,12.0,3.4499999999999997,0.62,1.85,88.2,0.56,13,0,0.0,ZONE-10
2.0,45.9,47.8,32.6,2.31,0.32999999999999996,1.3499999999999999,88.1,0.5,18,1,57.2,ZONE-14
2.2,55.1,91.7,15.8,2.23,0.25,1.46,89.1,0.48000000000000004,18,1,67.3,ZONE-14
8.4,41.3,184.1,14.9,1.49,0.13,1.22,69.2,0.32999999999999996,16,1,75.9,ZONE-15
26.1,94.2,205.9,60.5,1.81,0.33999999999999997,1.54,86.9,0.18000000000000002,17,1,75.9,ZONE-16
11.9,24.8,87.6,45.5,4.75,0.42,2.17,93.2,1.2,14,0,0.0,ZONE-09
13.6,27.6,86.8,104.4,3.53,0.5599999999999999,2.19,87.2,0.53,13,0,0.0,ZONE-10
1.9,46.6,81.6,111.7,4.77,0.51,2.0100000000000002,91.5,1.3,14,0,0.0,ZONE-09
6.8,18.7,129.7,17.4,2.24,0.32,1.68,85.3,0.22,17,1,74.6,ZONE-16
22.3,38.8,71.3,22.1,1.4500000000000002,0.26,1.19,70.3,0.36,16,1,69.8,ZONE-15
10.2,20.0,21.8,19.0,1.8,0.16,1.27,70.9,0.27999999999999997,16,1,35.9,ZONE-15
0.1,95.9,247.7,30.2,4.239999999999999,0.71,2.75,94.3,0.8,8,1,66.0,ZONE-05
15.6,26.2,76.2,98.2,3.8699999999999997,0.7899999999999999,2.7,93.3,0.89,8,0,0.0,ZONE-05
35.2,48.0,116.8,18.5,2.35,0.35,1.32,82.2,0.19,17,1,71.9,ZONE-16
55.7,56.4,98.0,64.6,2.08,0.18000000000000002,1.3399999999999999,74.5,0.32999999999999996,16,1,77.6,ZONE-15
14.0,17.2,142.7,12.0,2.06,0.23,1.0999999999999999,72.6,0.27999999999999997,16,1,70.7,ZONE-15
11.7,18.0,34.5,47.4,7.72,1.26,3.12,78.30000000000001,2.6,5,0,0.0,ZONE-08
6.5,10.9,19.3,32.5,2.12,0.21,1.3599999999999999,81.8,0.15000000000000002,17,1,46.6,ZONE-16
17.0,74.1,78.1,30.0,3.3200000000000003,0.31000000000000005,2.8899999999999997,83.7,0.11000000000000001,11,0,0.0,ZONE-13
1.3,1.7,50.5,55.3,4.35,0.46,1.9300000000000002,96.9,1.28,14,0,0.0,ZONE-09
2.1,8.8,9.9,108.1,4.42,0.5700000000000001,2.24,92.60000000000001,1.21,14,0,0.0,ZONE-09
44.1,47.7,59.5,121.7,4.52,0.5700000000000001,2.2800000000000002,96.8,1.15,14,0,0.0,ZONE-09
31.3,44.9,47.2,2.4,4.29,0.42,2.22,93.2,1.22,14,0,0.0,ZONE-09
10.2,22.7,24.0,52.5,2.24,0.35,1.67,82.3,0.12000000000000001,17,1,41.7,ZONE-16
0.1,38.8,55.3,2.5,1.75,0.15000000000000002,1.24,71.9,0.27,16,1,63.9,ZONE-15
10.7,23.4,187.3,47.1,3.84,0.59,1.9,87.7,0.56,13,1,63.3,ZONE-10
3.9,34.8,49.1,140.8,4.27,0.76,2.41,96.3,0.8200000000000001,8,0,0.0,ZONE-05
5.6,25.6,27.9,33.3,2.25,0.36,1.2999999999999998,88.8,0.36000000000000004,18,1,54.0,ZONE-14
21.4,62.4,73.8,15.4,4.12,0.64,2.01,87.4,0.49,13,0,0.0,ZONE-10
20.4,87.0,91.5,35.9,2.43,0.27999999999999997,1.5899999999999999,87.0,0.32,18,1,77.0,ZONE-14
4.9,56.0,59.9,14.2,7.9399999999999995,1.27,3.06,78.0,2.46,5,0,0.0,ZONE-08
16.8,18.1,48.6,35.0,2.23,0.25,1.33,85.7,0.2,17,1,63.1,ZONE-16
4.9,17.4,51.4,10.6,3.9699999999999998,0.6799999999999999,2.13,90.9,0.54,13,0,0.0,ZONE-10
10.2,51.1,115.4,10.0,4.38,0.52,2.23,95.60000000000001,1.19,14,0,0.0,ZONE-09
1.9,9.7,29.9,31.5,2.31,0.32999999999999996,1.27,88.2,0.43000000000000005,18,1,38.0,ZONE-14
13.7,15.2,16.8,29.8,8.2,1.16,3.0300000000000002,76.30000000000001,2.5,5,0,0.0,ZONE-08
14.3,19.7,65.9,18.1,3.4800000000000004,0.44,2.92,80.9,0.2,11,0,0.0,ZONE-13
26.1,82.6,98.5,15.7,3.0100000000000002,0.44,2.9299999999999997,83.8,0.14,11,1,42.6,ZONE-13
6.4,13.3,63.5,104.9,3.1100000000000003,0.38,2.9299999999999997,82.4,0.1,11,0,0.0,ZONE-13
13.4,56.9,79.7,10.2,2.44,0.32999999999999996,1.45,90.9,0.49,18,1,65.2,ZONE-14
16.1,27.3,77.4,18.9,2.8400000000000003,0.42000000000000004,2.84,79.9,0.29000000000000004,11,0,0.0,ZONE-13
1.0,123.6,131.2,267.5,3.56,0.32,2.8899999999999997,81.6,0.28,11,1,73.1,ZONE-13
45.4,84.9,133.4,51.7,3.7899999999999996,0.74,2.48,95.7,0.8600000000000001,8,1,29.7,ZONE-05
24.1,32.6,61.0,58.0,4.01,0.69,2.48,91.8,0.8600000000000001,8,0,0.0,ZONE-05
6.4,20.3,38.3,49.8,8.03,1.18,3.06,77.10000000000001,2.45,5,0,0.0,ZONE-08
22.8,28.4,151.0,70.1,4.43,0.6699999999999999,2.67,93.2,0.7000000000000001,8,0,0.0,ZONE-05
20.8,41.1,109.1,1.0,3.5,0.49,2.76,80.3,0.18000000000000002,11,0,0.0,ZONE-13
20.5,21.5,120.8,289.4,2.19,0.25,1.34,81.4,0.17,17,1,74.1,ZONE-16
4.2,10.1,75.3,17.5,4.2,0.69,2.19,89.6,0.55,13,0,0.0,ZONE-10
24.1,26.8,32.9,232.2,1.7000000000000002,0.3,1.3499999999999999,91.4,0.43000000000000005,18,1,70.3,ZONE-14
13.4,60.3,77.9,67.7,2.16,0.25,1.4,91.1,0.48000000000000004,18,1,69.5,ZONE-14
10.8,33.9,85.5,51.4,3.9699999999999998,0.59,1.9,87.9,0.6,13,0,0.0,ZONE-10
6.7,14.8,80.7,15.4,4.3999999999999995,0.77,2.7,96.1,0.76,8,0,0.0,ZONE-05
14.1,20.7,64.9,82.5,1.8900000000000001,0.25,1.1099999999999999,70.9,0.38,16,1,63.1,ZONE-15
3.0,4.5,10.8,55.9,4.31,0.6299999999999999,2.74,94.4,0.8600000000000001,8,0,0.0,ZONE-05
22.7,23.9,83.5,25.1,1.85,0.21,1.27,88.3,0.33,18,1,72.9,ZONE-14
7.8,73.9,92.1,37.6,4.9,0.59,1.9200000000000002,93.3,1.24,14,0,0.0,ZONE-09
0.2,2.3,15.8,1.7,4.069999999999999,0.62,2.69,91.4,0.77,8,0,0.0,ZONE-05
12.0,25.9,61.6,11.5,8.389999999999999,1.14,3.0700000000000003,78.5,2.45,5,0,0.0,ZONE-08
4.2,31.5,182.7,3.1,8.17,1.29,3.21,78.80000000000001,2.48,5,0,0.0,ZONE-08
26.5,48.0,85.3,41.6,4.3,0.5,1.9400000000000002,93.2,1.16,14,0,0.0,ZONE-09
0.9,3.3,44.6,25.0,4.42,0.52,2.2800000000000002,96.2,1.13,14,0,0.0,ZONE-09
29.9,42.9,49.9,75.3,4.47,0.54,2.0900000000000003,95.0,1.15,14,0,0.0,ZONE-09
4.2,22.8,76.7,138.3,1.96,0.21,1.45,88.2,0.49,18,1,78.6,ZONE-14
18.9,47.1,98.3,175.0,2.97,0.31000000000000005,2.86,80.9,0.11000000000000001,11,1,56.6,ZONE-13
4.2,4.2,18.5,14.7,1.67,0.25,1.4,85.6,0.18000000000000002,17,1,42.8,ZONE-16
13.0,38.1,78.6,1.0,7.83,1.26,3.1100000000000003,79.9,2.53,5,0,0.0,ZONE-08
15.7,25.5,74.7,48.8,4.34,0.56,2.19,96.7,1.28,14,0,0.0,ZONE-09
5.0,8.6,13.1,106.9,3.0900000000000003,0.32,2.75,80.2,0.19,11,0,0.0,ZONE-13
30.1,56.3,61.2,30.9,1.98,0.31,1.47,85.5,0.26,17,1,70.8,ZONE-16
15.7,53.5,59.2,0.0,2.1,0.21999999999999997,1.51,86.8,0.24000000000000002,17,1,67.6,ZONE-16
14.9,25.9,39.1,0.8,3.54,0.41000000000000003,2.86,79.5,0.19,11,0,0.0,ZONE-13
9.3,56.9,199.2,50.0,4.83,0.5,1.96,92.0,1.28,14,1,59.3,ZONE-09
8.7,10.9,46.7,28.7,1.84,0.21,1.33,81.3,0.12000000000000001,17,1,61.6,ZONE-16
11.2,23.5,35.9,6.0,4.47,0.54,2.23,93.3,1.22,14,0,0.0,ZONE-09
4.5,7.0,15.8,262.1,1.79,0.32999999999999996,1.27,86.6,0.38,18,1,66.2,ZONE-14
7.0,26.0,119.1,325.1,1.6500000000000001,0.24000000000000002,1.3,71.7,0.36,16,1,75.1,ZONE-15
10.5,52.3,70.1,21.9,2.97,0.32,2.9899999999999998,80.6,0.23,11,0,0.0,ZONE-13
6.2,34.1,85.7,22.7,2.03,0.19999999999999998,1.35,82.0,0.2,17,1,73.3,ZONE-16
1.7,26.7,32.9,51.8,3.9399999999999995,0.76,2.65,94.6,0.89,8,0,0.0,ZONE-05
14.2,44.4,107.4,123.7,2.24,0.21999999999999997,1.35,82.1,0.26,17,1,77.4,ZONE-16
8.3,41.1,84.5,12.4,8.389999999999999,1.14,3.2600000000000002,79.30000000000001,2.49,5,0,0.0,ZONE-08
0.3,8.7,35.0,57.6,7.77,1.25,3.06,77.9,2.42,5,0,0.0,ZONE-08
22.8,28.3,34.3,198.6,3.39,0.39,2.79,79.1,0.19,11,0,0.0,ZONE-13
1.4,17.7,57.3,46.8,7.859999999999999,1.21,3.33,75.7,2.4,5,0,0.0,ZONE-08
1.1,2.6,7.6,52.9,2.38,0.37,1.59,84.6,0.21000000000000002,17,0,0.0,ZONE-16
9.4,16.1,61.8,102.9,1.4300000000000002,0.18000000000000002,1.21,73.3,0.39,16,1,73.6,ZONE-15
0.5,17.7,70.3,17.4,3.8899999999999997,0.61,2.41,94.0,0.81,8,0,0.0,ZONE-05
4.4,28.2,130.9,99.6,2.11,0.18000000000000002,1.19,72.0,0.39,16,1,73.5,ZONE-15
10.5,43.3,63.7,61.5,1.62,0.26,1.38,83.1,0.15000000000000002,17,1,69.8,ZONE-16
7.5,12.8,67.2,48.8,4.14,0.6699999999999999,2.09,88.8,0.58,13,0,0.0,ZONE-10
5.3,65.9,66.9,22.8,2.37,0.37,1.57,85.4,0.26,17,1,68.2,ZONE-16
0.7,37.1,91.6,24.1,3.3000000000000003,0.36000000000000004,2.9,83.0,0.13,11,0,0.0,ZONE-13
13.5,26.1,89.6,36.3,7.83,1.2,3.3200000000000003,81.10000000000001,2.5,5,0,0.0,ZONE-08
6.4,74.6,87.6,7.7,7.869999999999999,1.1099999999999999,3.0100000000000002,80.7,2.47,5,0,0.0,ZONE-08
10.5,97.6,119.0,3.8,2.9400000000000004,0.47000000000000003,2.8,83.8,0.17,11,1,51.6,ZONE-13
5.0,22.6,30.5,64.4,7.8,1.14,3.1,77.4,2.47,5,0,0.0,ZONE-08
73.2,88.2,107.9,30.7,2.3200000000000003,0.31,1.5599999999999998,90.6,0.47000000000000003,18,1,76.7,ZONE-14
1.5,55.2,79.3,29.4,4.67,0.59,2.08,93.9,1.27,14,0,0.0,ZONE-09
12.9,27.5,74.5,3.8,4.88,0.56,2.14,96.4,1.1199999999999999,14,0,0.0,ZONE-09
20.2,90.7,137.8,185.5,2.11,0.22999999999999998,1.25,86.7,0.37,18,1,79.1,ZONE-14
2.0,18.2,59.6,52.3,4.31,0.7,2.75,91.4,0.77,8,0,0.0,ZONE-05
6.2,16.5,22.6,29.8,2.9000000000000004,0.34,2.9899999999999998,83.6,0.1,11,0,0.0,ZONE-13
2.1,35.2,45.7,3.6,3.9699999999999998,0.7,2.43,92.7,0.8500000000000001,8,0,0.0,ZONE-05
9.6,32.2,124.7,51.6,3.9,0.5499999999999999,2.1,89.2,0.56,13,1,34.7,ZONE-10
5.1,45.7,80.7,5.0,1.93,0.27999999999999997,1.48,86.1,0.26,17,1,69.0,ZONE-16
10.0,69.7,92.4,21.1,2.0500000000000003,0.35,1.49,88.6,0.31000000000000005,18,1,72.3,ZONE-14
1.9,6.0,31.5,54.3,2.39,0.22999999999999998,1.32,85.6,0.23,17,1,48.9,ZONE-16
1.0,71.2,134.5,53.0,2.48,0.4,1.52,90.8,0.49,18,1,74.7,ZONE-14
21.2,23.3,52.5,59.7,1.98,0.16,1.14,74.0,0.38,16,1,62.1,ZONE-15
21.2,59.5,74.1,169.7,3.3600000000000003,0.39,2.6799999999999997,82.3,0.26,11,1,42.6,ZONE-13
1.6,53.6,212.8,11.7,4.109999999999999,0.6599999999999999,1.96,87.2,0.46,13,1,65.8,ZONE-10
15.4,16.4,39.8,43.6,3.71,0.64,2.15,89.1,0.51,13,0,0.0,ZONE-10
10.4,79.1,129.3,39.4,7.77,1.21,3.21,79.9,2.43,5,0,0.0,ZONE-08
19.9,95.1,96.1,242.8,2.41,0.31,1.2999999999999998,90.5,0.36000000000000004,18,1,75.9,ZONE-14
1.1,43.2,58.0,8.5,4.69,0.5700000000000001,2.0,94.2,1.1199999999999999,14,0,0.0,ZONE-09
7.0,32.8,54.4,3.4,4.46,0.51,1.9000000000000001,93.2,1.15,14,0,0.0,ZONE-09
11.0,69.2,90.9,14.6,7.9799999999999995,1.16,3.31,79.7,2.53,5,0,0.0,ZONE-08
7.0,8.2,85.5,105.0,2.02,0.25,1.43,84.5,0.26,17,1,71.2,ZONE-16
10.6,21.5,93.9,48.5,4.22,0.49,2.06,91.8,1.18,14,0,0.0,ZONE-09
21.0,46.0,115.0,54.8,3.18,0.39,2.75,82.2,0.22,11,1,46.6,ZONE-13
6.4,85.6,120.7,55.7,2.3,0.32,1.55,87.0,0.24000000000000002,17,1,80.2,ZONE-16
3.0,27.6,65.7,12.3,2.26,0.22999999999999998,1.35,85.3,0.13,17,1,67.3,ZONE-16
0.7,23.9,88.8,44.5,4.66,0.49,1.9100000000000001,92.10000000000001,1.21,14,0,0.0,ZONE-09
3.1,30.6,34.4,35.0,4.58,0.48,1.9500000000000002,94.60000000000001,1.1099999999999999,14,0,0.0,ZONE-09
2.1,7.2,17.4,29.3,2.89,0.36000000000000004,2.75,80.8,0.11000000000000001,11,0,0.0,ZONE-13
0.6,13.3,45.6,39.6,2.91,0.42000000000000004,2.6199999999999997,84.4,0.28,11,0,0.0,ZONE-13
5.8,51.5,58.6,42.3,7.85,1.25,3.0,78.7,2.41,5,0,0.0,ZONE-08
0.8,2.6,41.0,50.1,2.0300000000000002,0.31,1.43,90.9,0.46,18,1,54.8,ZONE-14
25.2,45.6,190.2,3.0,3.41,0.4,2.78,81.7,0.19,11,1,71.8,ZONE-13
1.2,2.3,11.5,46.8,3.4699999999999998,0.62,2.05,88.3,0.58,13,0,0.0,ZONE-10
12.4,13.6,144.9,110.8,3.8299999999999996,0.69,2.16,90.4,0.53,13,1,58.2,ZONE-10
4.2,6.2,14.6,8.1,2.16,0.36,1.48,88.9,0.32,18,1,32.5,ZONE-14
1.6,19.9,32.6,26.6,8.459999999999999,1.21,3.3000000000000003,81.10000000000001,2.5,5,0,0.0,ZONE-08
54.7,83.5,217.4,9.2,4.1,0.6,2.66,93.7,0.89,8,1,61.7,ZONE-05
5.8,26.0,29.6,0.3,7.8999999999999995,1.24,3.3600000000000003,78.10000000000001,2.56,5,0,0.0,ZONE-08
13.3,39.0,62.8,40.4,3.7199999999999998,0.51,2.14,86.1,0.49,13,0,0.0,ZONE-10
6.4,7.0,25.4,11.7,1.62,0.31,1.45,81.5,0.30000000000000004,17,1,44.7,ZONE-16
1.2,79.7,120.9,78.3,1.52,0.15000000000000002,1.04,70.8,0.27999999999999997,16,1,72.9,ZONE-15
4.5,17.0,29.2,6.1,3.55,0.64,1.92,86.6,0.43,13,0,0.0,ZONE-10
2.4,42.3,93.2,47.5,3.61,0.69,2.16,86.3,0.45,13,0,0.0,ZONE-10
7.7,71.6,75.0,19.8,8.09,1.25,3.1500000000000004,76.10000000000001,2.41,5,0,0.0,ZONE-08
5.2,43.3,263.6,16.5,4.14,0.61,2.41,94.3,0.88,8,1,64.8,ZONE-05
24.9,69.3,80.8,30.6,4.3,0.51,2.21,93.0,1.18,14,0,0.0,ZONE-09
6.3,102.0,111.0,96.3,4.78,0.5,2.21,92.10000000000001,1.21,14,0,0.0,ZONE-09
4.9,37.7,62.2,51.8,3.43,0.41000000000000003,2.77,84.5,0.19,11,0,0.0,ZONE-13
21.4,62.2,152.8,3.7,2.35,0.39,1.45,89.4,0.33,18,1,71.7,ZONE-14
14.1,17.9,42.1,47.7,3.9199999999999995,0.6499999999999999,2.67,96.5,0.8700000000000001,8,0,0.0,ZONE-05
6.2,24.5,279.3,8.7,8.17,1.2,3.02,79.80000000000001,2.51,5,0,0.0,ZONE-08
13.5,26.1,32.5,10.4,1.47,0.24000000000000002,1.33,73.4,0.4,16,1,51.6,ZONE-15
35.8,88.7,195.6,286.3,8.19,1.29,3.1300000000000003,79.5,2.47,5,0,0.0,ZONE-08
2.8,13.8,63.6,39.7,2.18,0.24000000000000002,1.1099999999999999,73.0,0.26,16,1,54.5,ZONE-15
6.5,17.6,58.1,51.4,3.4099999999999997,0.64,2.06,86.0,0.5,13,0,0.0,ZONE-10
2.1,18.1,54.4,50.7,2.24,0.27999999999999997,1.5599999999999998,89.7,0.45,18,1,60.2,ZONE-14
2.8,36.7,37.8,26.3,4.53,0.58,2.23,93.9,1.1199999999999999,14,0,0.0,ZONE-09
18.2,38.9,52.5,71.2,2.26,0.27,1.37,85.6,0.24000000000000002,17,1,61.8,ZONE-16
10.1,49.9,109.7,56.5,3.9999999999999996,0.6399999999999999,2.4,95.0,0.8500000000000001,8,0,0.0,ZONE-05
8.0,11.6,25.2,32.6,3.55,0.6599999999999999,2.05,90.9,0.44,13,0,0.0,ZONE-10
11.0,29.0,44.3,0.4,4.47,0.61,2.6,94.7,0.8200000000000001,8,0,0.0,ZONE-05
8.2,16.6,76.3,1.5,1.86,0.36,1.3599999999999999,90.7,0.41000000000000003,18,1,68.1,ZONE-14
10.5,81.5,90.1,38.3,8.23,1.21,3.27,78.80000000000001,2.41,5,0,0.0,ZONE-08
1.2,25.8,61.8,31.4,3.4000000000000004,0.33,2.9699999999999998,84.1,0.28,11,0,0.0,ZONE-13
8.8,65.5,75.3,1.4,1.55,0.24000000000000002,1.4,73.2,0.31,16,1,66.8,ZONE-15
23.7,45.2,144.8,54.5,3.6999999999999997,0.69,2.67,94.4,0.8700000000000001,8,0,0.0,ZONE-05
19.9,33.9,96.3,146.5,3.75,0.7,1.91,90.1,0.49,13,1,43.3,ZONE-10
10.2,15.2,29.3,13.3,2.41,0.24,1.3099999999999998,88.0,0.39,18,1,38.2,ZONE-14
3.4,12.5,48.9,53.2,7.97,1.28,3.3200000000000003,81.30000000000001,2.45,5,0,0.0,ZONE-08
6.7,30.6,34.4,5.5,2.37,0.38,1.38,83.0,0.11000000000000001,17,1,46.8,ZONE-16
2.3,20.5,31.3,20.0,2.08,0.36,1.44,89.3,0.37,18,1,46.4,ZONE-14
6.1,47.9,48.5,62.9,4.48,0.59,2.23,96.10000000000001,1.2,14,0,0.0,ZONE-09
13.3,53.4,174.9,1.2,8.45,1.26,3.25,80.0,2.53,5,0,0.0,ZONE-08
2.0,56.3,83.9,49.9,4.17,0.41000000000000003,1.9100000000000001,93.10000000000001,1.27,14,0,0.0,ZONE-09
13.1,41.5,162.3,347.5,4.73,0.41000000000000003,2.22,91.5,1.22,14,1,69.7,ZONE-09
15.3,23.8,119.1,3.0,4.64,0.51,2.02,93.5,1.1199999999999999,14,0,0.0,ZONE-09
3.2,60.1,73.4,15.0,1.79,0.32,1.56,81.1,0.18000000000000002,17,1,73.3,ZONE-16
1.8,50.8,82.0,67.4,4.37,0.59,2.21,93.9,1.17,14,0,0.0,ZONE-09
3.3,38.8,103.0,22.5,7.79,1.0999999999999999,3.29,79.0,2.57,5,0,0.0,ZONE-08
6.3,12.2,181.1,62.2,3.31,0.35000000000000003,2.77,83.3,0.19,11,1,64.6,ZONE-13
32.7,41.7,110.2,87.1,1.75,0.26,1.3699999999999999,91.3,0.45,18,1,74.2,ZONE-14
14.1,98.4,120.9,8.4,2.92,0.36000000000000004,2.7399999999999998,81.2,0.1,11,1,61.3,ZONE-13
13.4,46.1,84.6,13.9,2.85,0.4,2.9299999999999997,84.2,0.18000000000000002,11,0,0.0,ZONE-13
8.4,17.8,42.9,62.2,8.48,1.23,3.08,75.80000000000001,2.44,5,0,0.0,ZONE-08
16.4,23.0,46.4,18.8,4.26,0.7999999999999999,2.64,92.5,0.8200000000000001,8,0,0.0,ZONE-05
2.7,40.9,148.9,27.7,3.8899999999999997,0.58,1.8599999999999999,88.7,0.56,13,1,47.4,ZONE-10
16.7,73.5,157.7,12.1,8.44,1.23,3.2800000000000002,78.2,2.44,5,0,0.0,ZONE-08
37.6,49.4,68.0,3.9,4.29,0.7899999999999999,2.5300000000000002,94.9,0.74,8,0,0.0,ZONE-05
8.0,10.9,23.8,22.9,3.46,0.30000000000000004,2.5999999999999996,81.1,0.21000000000000002,11,0,0.0,ZONE-13
19.9,72.0,88.2,117.4,3.0300000000000002,0.34,2.8299999999999996,83.6,0.11000000000000001,11,1,49.7,ZONE-13
23.4,59.6,66.7,70.3,7.93,1.14,3.1,76.4,2.57,5,0,0.0,ZONE-08
34.8,63.5,81.6,41.7,7.84,1.0999999999999999,3.3400000000000003,80.9,2.4,5,0,0.0,ZONE-08
12.5,30.4,36.2,22.4,3.1,0.46,2.6399999999999997,84.6,0.16,11,0,0.0,ZONE-13
19.5,68.9,75.5,182.7,8.0,1.17,3.0700000000000003,78.60000000000001,2.56,5,0,0.0,ZONE-08
4.8,31.9,94.6,100.3,2.3,0.21,1.3599999999999999,86.5,0.26,17,1,70.9,ZONE-16
35.0,44.4,132.4,8.5,2.16,0.26,1.47,84.8,0.28,17,1,78.1,ZONE-16
14.7,48.6,99.6,17.4,8.379999999999999,1.16,3.06,76.9,2.53,5,0,0.0,ZONE-08
24.8,29.4,31.9,75.8,2.1,0.27,1.39,74.3,0.24,16,1,48.0,ZONE-15
7.7,55.0,76.8,11.1,4.33,0.72,2.47,92.8,0.88,8,0,0.0,ZONE-05
21.7,41.6,51.0,76.5,3.8,0.59,1.93,88.2,0.54,13,0,0.0,ZONE-10
8.6,31.8,59.6,105.9,4.08,0.72,2.66,95.2,0.8300000000000001,8,0,0.0,ZONE-05
21.2,52.1,57.1,109.5,7.88,1.14,3.35,77.80000000000001,2.46,5,0,0.0,ZONE-08
13.3,43.2,63.5,126.9,2.06,0.39,1.45,84.3,0.13,17,1,68.4,ZONE-16
15.5,18.5,42.1,130.5,4.119999999999999,0.6499999999999999,2.42,93.6,0.77,8,0,0.0,ZONE-05
0.6,82.0,133.2,59.9,4.069999999999999,0.6799999999999999,2.72,92.4,0.78,8,0,0.0,ZONE-05
3.8,11.0,139.2,21.3,3.1500000000000004,0.35000000000000003,2.63,84.4,0.16,11,1,49.9,ZONE-13
17.9,30.4,37.1,0.6,4.73,0.59,1.9400000000000002,91.60000000000001,1.1099999999999999,14,0,0.0,ZONE-09
9.4,102.4,123.1,26.5,7.97,1.24,3.1,79.9,2.55,5,0,0.0,ZONE-08
5.1,23.5,49.6,127.2,1.55,0.22,1.06,74.1,0.33999999999999997,16,1,69.6,ZONE-15
8.5,26.2,32.9,243.6,1.4100000000000001,0.16,1.33,73.7,0.27999999999999997,16,1,71.8,ZONE-15
3.5,5.4,54.4,54.3,2.08,0.3,1.5,86.4,0.38,18,1,57.6,ZONE-14
6.4,20.1,89.3,13.1,8.08,1.2,3.31,79.9,2.54,5,0,0.0,ZONE-08
20.6,46.8,71.2,36.8,3.9699999999999998,0.62,2.74,93.1,0.89,8,0,0.0,ZONE-05
3.6,38.5,70.9,23.2,1.77,0.29,1.52,83.2,0.22,17,1,65.6,ZONE-16
10.9,147.3,173.0,152.1,2.1,0.32999999999999996,1.3399999999999999,86.9,0.39,18,1,79.5,ZONE-14
5.1,6.5,16.8,32.5,1.6600000000000001,0.1,1.31,74.5,0.22999999999999998,16,1,46.3,ZONE-15
3.0,3.0,113.9,111.4,3.8499999999999996,0.6599999999999999,2.17,89.4,0.48,13,1,31.7,ZONE-10
16.3,20.9,26.7,4.2,1.65,0.27999999999999997,1.49,83.0,0.29000000000000004,17,1,51.3,ZONE-16
15.4,81.5,106.8,7.6,1.47,0.12000000000000001,1.22,69.2,0.33999999999999997,16,1,74.8,ZONE-15
8.6,19.3,40.4,58.3,2.96,0.48000000000000004,2.75,80.2,0.16,11,0,0.0,ZONE-13
15.2,18.1,19.7,310.4,4.46,0.47,1.9000000000000001,93.2,1.28,14,0,0.0,ZONE-09
3.2,4.6,14.1,2.4,1.73,0.21999999999999997,1.51,83.9,0.11000000000000001,17,1,46.2,ZONE-16
6.0,46.5,65.3,35.2,7.8,1.14,3.1700000000000004,79.7,2.49,5,0,0.0,ZONE-08
13.5,31.3,120.2,120.6,1.87,0.2,1.27,70.7,0.19999999999999998,16,1,72.1,ZONE-15
0.1,37.7,65.5,269.7,4.76,0.52,2.0,93.2,1.21,14,0,0.0,ZONE-09
7.9,116.3,179.5,17.1,4.069999999999999,0.72,2.69,92.2,0.88,8,1,44.1,ZONE-05
9.3,130.4,218.1,6.1,1.71,0.26,1.3399999999999999,71.5,0.24,16,1,78.1,ZONE-15
14.7,25.3,25.6,31.0,1.97,0.38,1.37,84.4,0.18000000000000002,17,1,56.0,ZONE-16
3.2,45.9,64.4,105.4,8.41,1.13,3.35,78.60000000000001,2.53,5,0,0.0,ZONE-08
0.0,9.2,21.6,16.0,4.66,0.54,1.99,94.2,1.3,14,0,0.0,ZONE-09
0.8,6.0,42.5,20.7,4.9,0.42,1.9400000000000002,95.8,1.17,14,0,0.0,ZONE-09
6.5,18.3,112.2,141.4,3.8299999999999996,0.6399999999999999,2.42,90.7,0.8300000000000001,8,0,0.0,ZONE-05
8.1,18.1,23.2,184.0,3.9999999999999996,0.75,2.74,92.9,0.7000000000000001,8,0,0.0,ZONE-05
0.7,9.5,25.4,23.2,4.67,0.43,2.17,94.0,1.19,14,0,0.0,ZONE-09
2.2,40.4,46.3,60.5,4.54,0.45,2.2800000000000002,92.0,1.26,14,0,0.0,ZONE-09
1.6,3.4,111.5,12.7,2.9400000000000004,0.30000000000000004,2.6399999999999997,80.8,0.21000000000000002,11,0,0.0,ZONE-13
20.7,40.4,44.0,186.7,1.73,0.32999999999999996,1.3,82.6,0.19,17,1,70.5,ZONE-16
3.4,52.5,60.8,115.4,2.41,0.31,1.38,85.8,0.43000000000000005,18,1,69.8,ZONE-14
0.2,18.1,84.1,163.8,4.41,0.46,1.9200000000000002,91.2,1.25,14,0,0.0,ZONE-09
28.8,71.6,170.2,13.3,8.44,1.17,3.1,75.9,2.48,5,0,0.0,ZONE-08
4.0,12.5,33.8,30.0,1.9700000000000002,0.24,1.47,86.8,0.48000000000000004,18,1,52.9,ZONE-14
9.4,13.8,66.7,11.0,3.3800000000000003,0.31000000000000005,2.8099999999999996,83.9,0.16,11,0,0.0,ZONE-13
4.5,22.0,93.6,80.7,8.2,1.29,3.16,78.0,2.45,5,0,0.0,ZONE-08
12.4,16.6,52.2,5.5,4.39,0.43,2.06,93.10000000000001,1.18,14,0,0.0,ZONE-09
5.7,19.0,20.8,19.2,3.8799999999999994,0.73,2.5100000000000002,94.2,0.7100000000000001,8,0,0.0,ZONE-05
37.4,114.2,133.7,2.6,8.03,1.25,3.2,81.30000000000001,2.54,5,0,0.0,ZONE-08
2.4,14.8,147.7,9.1,3.0,0.32,2.73,82.8,0.18000000000000002,11,1,58.0,ZONE-13
17.3,20.2,199.2,28.8,3.0700000000000003,0.43000000000000005,2.9499999999999997,80.9,0.27,11,1,69.0,ZONE-13
17.9,28.4,72.9,12.8,3.4099999999999997,0.6799999999999999,1.98,89.1,0.55,13,0,0.0,ZONE-10
1.9,71.4,183.8,131.1,1.8900000000000001,0.32,1.5599999999999998,87.4,0.45,18,1,79.5,ZONE-14
11.8,53.1,56.3,24.5,4.15,0.47,2.02,92.10000000000001,1.14,14,0,0.0,ZONE-09
4.5,29.7,49.5,9.6,1.8900000000000001,0.35,1.5999999999999999,88.2,0.48000000000000004,18,1,53.4,ZONE-14
10.9,53.0,74.7,8.5,3.9099999999999997,0.65,2.01,91.9,0.53,13,0,0.0,ZONE-10
2.6,9.4,25.4,61.8,2.0,0.15000000000000002,1.29,71.1,0.24,16,1,36.9,ZONE-15
11.0,40.8,61.1,104.2,8.34,1.24,3.0900000000000003,80.60000000000001,2.5,5,0,0.0,ZONE-08
2.7,18.5,91.1,11.9,3.1500000000000004,0.30000000000000004,2.9499999999999997,79.4,0.14,11,0,0.0,ZONE-13
1.4,55.2,74.1,69.1,3.5500000000000003,0.33,2.67,82.3,0.26,11,0,0.0,ZONE-13
0.3,29.6,46.7,3.4,7.89,1.1199999999999999,3.29,77.30000000000001,2.54,5,0,0.0,ZONE-08
11.3,18.2,40.2,5.0,8.04,1.22,3.12,78.9,2.59,5,0,0.0,ZONE-08
1.9,10.7,14.9,145.0,7.92,1.26,3.0300000000000002,81.2,2.48,5,0,0.0,ZONE-08
0.1,16.6,22.5,22.1,3.18,0.38,2.84,81.6,0.13,11,0,0.0,ZONE-13
31.3,35.7,187.6,13.8,3.7199999999999998,0.6799999999999999,2.74,95.1,0.88,8,1,42.8,ZONE-05
16.2,36.0,133.1,48.4,3.24,0.34,2.75,80.8,0.16,11,1,53.6,ZONE-13
9.2,14.6,22.8,149.0,3.76,0.6299999999999999,2.5900000000000003,91.4,0.74,8,0,0.0,ZONE-05
4.8,16.4,80.6,24.8,2.39,0.35,1.3499999999999999,87.9,0.38,18,1,64.6,ZONE-14
36.5,70.0,110.9,127.7,3.71,0.5599999999999999,2.2,86.4,0.58,13,1,60.9,ZONE-10
0.6,8.0,36.2,15.4,4.41,0.51,1.98,93.8,1.15,14,0,0.0,ZONE-09
16.3,79.2,104.0,25.1,3.8099999999999996,0.6,2.08,90.2,0.53,13,1,41.3,ZONE-10
39.1,53.8,84.0,26.0,7.89,1.1099999999999999,3.33,79.2,2.54,5,0,0.0,ZONE-08
28.8,49.8,114.4,100.2,3.0100000000000002,0.39,2.8699999999999997,80.5,0.22,11,1,60.1,ZONE-13
5.0,19.2,104.1,27.1,2.81,0.45,2.86,84.5,0.18000000000000002,11,1,33.2,ZONE-13
19.0,89.8,133.7,81.2,4.51,0.44,2.0700000000000003,96.2,1.15,14,1,45.2,ZONE-09
19.6,66.2,88.8,3.2,2.07,0.35,1.6,86.5,0.27,17,1,68.0,ZONE-16
6.2,34.2,61.1,82.9,4.05,0.5499999999999999,1.88,90.5,0.54,13,0,0.0,ZONE-10
5.3,30.5,39.8,83.0,2.49,0.36,1.2,85.9,0.44,18,1,56.9,ZONE-14
9.5,15.2,30.7,82.8,1.99,0.13,1.15,73.2,0.24,16,1,51.1,ZONE-15
7.9,14.0,167.9,75.3,4.46,0.56,1.9700000000000002,91.60000000000001,1.14,14,1,43.8,ZONE-09
37.8,51.7,80.7,136.9,2.19,0.27,1.18,74.5,0.21999999999999997,16,1,75.4,ZONE-15
8.9,39.6,52.7,35.5,4.33,0.48,2.0100000000000002,93.3,1.22,14,0,0.0,ZONE-09
1.6,7.4,7.4,2.4,4.09,0.75,2.4,92.1,0.89,8,0,0.0,ZONE-05
45.4,52.3,101.3,109.6,1.78,0.3,1.2,89.1,0.5,18,1,78.8,ZONE-14
9.6,13.8,72.4,55.0,4.08,0.6699999999999999,2.5700000000000003,92.7,0.88,8,0,0.0,ZONE-05
15.8,52.5,219.2,51.1,4.05,0.69,2.07,88.3,0.41000000000000003,13,1,72.1,ZONE-10
5.0,31.1,34.3,136.6,4.05,0.5,2.15,88.4,0.5700000000000001,13,0,0.0,ZONE-10
1.5,11.4,87.5,54.6,2.8200000000000003,0.32,2.8099999999999996,84.7,0.25,11,0,0.0,ZONE-13
6.0,22.0,108.8,24.9,7.989999999999999,1.22,3.2600000000000002,78.30000000000001,2.48,5,0,0.0,ZONE-08
24.5,26.8,94.3,112.9,7.699999999999999,1.23,3.3800000000000003,77.30000000000001,2.53,5,0,0.0,ZONE-08
2.4,16.5,24.6,73.6,2.48,0.35,1.47,86.9,0.4,18,1,44.4,ZONE-14
9.2,34.4,44.2,14.3,4.38,0.59,2.2800000000000002,94.10000000000001,1.23,14,0,0.0,ZONE-09
0.5,10.2,47.1,117.1,4.69,0.46,1.98,92.10000000000001,1.2,14,0,0.0,ZONE-09
13.2,27.5,165.2,76.2,1.8,0.36,1.3199999999999998,89.5,0.41000000000000003,18,1,80.4,ZONE-14
31.9,50.6,64.1,3.3,3.52,0.49,2.79,82.2,0.15000000000000002,11,0,0.0,ZONE-13
15.5,18.7,34.9,45.6,3.4000000000000004,0.43000000000000005,2.6399999999999997,81.6,0.24000000000000002,11,0,0.0,ZONE-13
10.0,32.9,41.1,28.7,3.54,0.37,2.75,80.7,0.24000000000000002,11,0,0.0,ZONE-13
11.5,99.0,157.5,153.5,4.46,0.73,2.67,96.0,0.8300000000000001,8,1,47.2,ZONE-05
17.2,39.6,49.2,65.9,4.1,0.69,2.11,89.6,0.53,13,0,0.0,ZONE-10
11.7,34.8,65.1,45.1,2.33,0.35,1.59,84.9,0.26,17,1,68.0,ZONE-16
4.9,23.2,33.1,98.1,2.25,0.24,1.35,81.5,0.12000000000000001,17,1,62.9,ZONE-16
2.5,4.7,30.5,64.4,8.299999999999999,1.1199999999999999,3.1500000000000004,80.5,2.59,5,0,0.0,ZONE-08
6.9,15.0,51.8,25.6,1.9500000000000002,0.32,1.2799999999999998,87.8,0.38,18,1,64.9,ZONE-14
32.4,96.4,127.8,23.8,3.22,0.42000000000000004,2.69,81.4,0.21000000000000002,11,1,59.5,ZONE-13
16.0,16.9,45.9,24.6,3.45,0.36000000000000004,2.69,83.1,0.13,11,0,0.0,ZONE-13
30.4,30.7,66.9,81.0,1.52,0.23,1.3199999999999998,73.2,0.32,16,1,68.9,ZONE-15
8.0,10.2,171.8,43.8,4.32,0.5700000000000001,2.13,95.0,1.14,14,1,38.1,ZONE-09
11.4,18.1,47.8,33.6,1.65,0.36,1.3599999999999999,85.3,0.27,17,1,67.8,ZONE-16
0.9,3.7,85.5,16.5,8.26,1.1099999999999999,3.35,76.5,2.5,5,0,0.0,ZONE-08
2.6,20.2,86.1,3.8,1.84,0.36,1.66,82.0,0.1,17,1,67.7,ZONE-16
10.3,13.5,15.2,3.3,2.14,0.4,1.6,83.3,0.21000000000000002,17,0,0.0,ZONE-16
21.6,24.7,26.8,34.6,1.6300000000000001,0.28,1.28,72.3,0.21999999999999997,16,1,48.7,ZONE-15
22.3,29.9,54.5,2.4,2.38,0.33999999999999997,1.38,86.5,0.33,18,1,60.1,ZONE-14
7.2,28.7,66.8,24.2,2.12,0.14,1.3199999999999998,70.2,0.32999999999999996,16,1,56.3,ZONE-15
4.5,7.3,27.9,6.3,4.64,0.6,1.96,96.9,1.19,14,0,0.0,ZONE-09
17.5,102.2,260.1,120.2,3.54,0.32,2.9899999999999998,80.1,0.11000000000000001,11,1,81.5,ZONE-13
11.0,41.2,56.3,59.8,3.8699999999999997,0.69,2.05,88.4,0.41000000000000003,13,0,0.0,ZONE-10
7.3,23.7,87.5,19.9,8.02,1.16,3.24,76.4,2.55,5,0,0.0,ZONE-08
4.6,69.2,71.8,39.9,4.72,0.5700000000000001,2.16,92.9,1.23,14,0,0.0,ZONE-09
29.3,52.9,88.5,17.2,3.4099999999999997,0.52,1.85,89.8,0.58,13,1,30.4,ZONE-10
5.0,52.8,89.7,43.4,3.9199999999999995,0.75,2.72,91.6,0.8,8,0,0.0,ZONE-05
1.3,1.7,150.9,28.4,1.84,0.22999999999999998,1.43,85.3,0.27,17,1,76.2,ZONE-16
11.1,13.2,64.9,161.8,2.25,0.19999999999999998,1.52,84.2,0.26,17,1,71.2,ZONE-16
10.3,13.7,52.9,87.2,4.7,0.44,2.16,91.9,1.27,14,0,0.0,ZONE-09
6.3,59.3,106.4,137.7,2.8000000000000003,0.39,2.73,79.2,0.22,11,1,61.1,ZONE-13
11.7,15.2,31.9,13.5,4.55,0.5700000000000001,1.9100000000000001,97.10000000000001,1.2,14,0,0.0,ZONE-09
28.7,64.4,115.2,21.5,4.17,0.53,2.19,89.9,0.45,13,1,32.0,ZONE-10
2.4,37.7,66.6,15.4,1.9300000000000002,0.19,1.23,73.2,0.3,16,1,67.2,ZONE-15
11.5,12.5,30.3,37.9,3.88,0.6,2.08,90.0,0.41000000000000003,13,0,0.0,ZONE-10
1.9,106.3,116.9,8.4,1.85,0.26,1.5299999999999998,91.2,0.42000000000000004,18,1,73.2,ZONE-14
2.7,39.3,64.2,50.0,3.6199999999999997,0.65,1.97,89.3,0.45,13,0,0.0,ZONE-10
0.3,1.2,27.8,101.8,3.12,0.32,2.6999999999999997,81.6,0.24000000000000002,11,0,0.0,ZONE-13
26.0,28.3,63.1,146.7,7.76,1.25,3.4000000000000004,79.60000000000001,2.44,5,0,0.0,ZONE-08
5.9,50.1,56.6,164.4,3.8499999999999996,0.63,2.0,87.0,0.56,13,0,0.0,ZONE-10
16.7,87.6,138.4,27.1,4.1899999999999995,0.59,1.81,89.6,0.42,13,1,54.1,ZONE-10
33.4,41.5,59.7,72.4,4.65,0.48,2.0300000000000002,91.7,1.28,14,0,0.0,ZONE-09
17.4,83.7,94.0,96.0,1.52,0.26,1.1099999999999999,69.6,0.4,16,1,72.5,ZONE-15
16.1,17.7,39.7,19.9,4.73,0.42,2.11,96.5,1.22,14,0,0.0,ZONE-09
4.4,106.2,152.5,75.9,3.78,0.6699999999999999,2.63,92.2,0.75,8,1,43.3,ZONE-05
45.1,56.9,129.7,34.2,1.84,0.39,1.3599999999999999,87.6,0.45,18,1,80.8,ZONE-14
24.4,29.4,162.2,14.8,1.98,0.22999999999999998,1.3,84.1,0.13,17,1,72.8,ZONE-16
4.7,40.0,62.5,56.2,2.05,0.25,1.67,84.8,0.17,17,1,71.0,ZONE-16
7.1,41.0,52.7,3.6,2.17,0.24,1.69,85.8,0.2,17,1,57.1,ZONE-16
4.3,20.4,28.7,26.3,2.02,0.33999999999999997,1.67,82.4,0.23,17,1,38.5,ZONE-16
6.1,7.6,47.0,129.4,1.73,0.16,1.04,69.5,0.35,16,1,68.9,ZONE-15
2.0,24.8,74.0,32.6,3.2600000000000002,0.32,2.71,84.6,0.26,11,0,0.0,ZONE-13
14.5,27.7,59.3,0.4,2.47,0.27999999999999997,1.4,89.9,0.4,18,1,58.6,ZONE-14
14.1,41.2,43.0,27.6,4.42,0.52,2.2600000000000002,95.7,1.24,14,0,0.0,ZONE-09
46.4,60.0,91.4,144.4,3.5999999999999996,0.65,2.18,90.9,0.58,13,1,51.2,ZONE-10
15.2,37.0,108.9,119.9,2.19,0.39,1.47,90.8,0.4,18,1,72.7,ZONE-14
7.3,23.4,45.4,204.1,4.39,0.43,2.04,91.5,1.2,14,0,0.0,ZONE-09
14.3,16.5,105.9,39.3,3.1,0.32,2.9699999999999998,80.5,0.21000000000000002,11,0,0.0,ZONE-13
0.9,20.8,45.1,126.1,4.33,0.5,2.0100000000000002,91.2,1.23,14,0,0.0,ZONE-09
2.7,46.5,83.2,3.4,1.77,0.26,1.67,84.9,0.27,17,1,66.0,ZONE-16
42.8,60.8,76.3,38.0,4.409999999999999,0.77,2.42,90.5,0.79,8,0,0.0,ZONE-05
23.4,32.5,42.1,8.3,1.6800000000000002,0.1,1.3599999999999999,70.1,0.27,16,1,51.8,ZONE-15
4.2,42.1,70.8,15.5,3.8599999999999994,0.71,2.7600000000000002,93.0,0.88,8,0,0.0,ZONE-05
2.2,12.3,138.8,25.2,1.82,0.32999999999999996,1.2899999999999998,87.9,0.36000000000000004,18,1,75.0,ZONE-14
53.2,69.8,78.7,133.1,3.23,0.35000000000000003,3.0,82.9,0.19,11,1,44.1,ZONE-13
7.4,38.3,223.6,3.1,1.6,0.38,1.58,81.7,0.16,17,1,73.2,ZONE-16
1.2,33.1,48.0,12.2,2.2,0.38,1.3599999999999999,82.2,0.2,17,1,55.8,ZONE-16
0.5,1.1,68.1,8.7,1.5,0.2,1.2,73.1,0.22999999999999998,16,1,65.5,ZONE-15
7.6,30.9,56.1,1.6,2.0,0.38,1.6400000000000001,83.3,0.12000000000000001,17,1,55.6,ZONE-16
18.4,18.7,83.3,134.3,1.8,0.27,1.21,89.6,0.31000000000000005,18,1,78.7,ZONE-14
6.8,26.0,55.2,29.6,2.38,0.35,1.47,82.7,0.2,17,1,58.6,ZONE-16
26.2,82.3,100.7,57.3,8.19,1.25,3.0700000000000003,77.10000000000001,2.42,5,0,0.0,ZONE-08
31.4,113.2,145.2,36.2,2.2,0.15000000000000002,1.33,70.2,0.33999999999999997,16,1,79.4,ZONE-15
3.9,83.7,90.6,52.0,2.95,0.47000000000000003,2.8499999999999996,79.9,0.12000000000000001,11,1,39.5,ZONE-13
4.0,12.2,35.6,403.2,2.19,0.29000000000000004,1.17,72.7,0.21999999999999997,16,1,69.6,ZONE-15
0.7,22.3,26.2,10.1,2.02,0.33999999999999997,1.69,82.3,0.19,17,1,34.6,ZONE-16
6.9,24.8,38.3,22.8,2.12,0.26,1.41,82.7,0.17,17,1,53.5,ZONE-16
1.1,10.1,163.0,173.7,4.12,0.54,1.8,90.0,0.46,13,1,66.2,ZONE-10
4.9,26.0,134.2,0.4,2.13,0.12000000000000001,1.0699999999999998,74.7,0.27,16,1,72.3,ZONE-15
20.0,94.1,98.4,10.6,4.64,0.54,2.21,92.0,1.17,14,0,0.0,ZONE-09
38.9,58.2,58.8,17.9,3.9899999999999998,0.62,2.04,87.4,0.46,13,0,0.0,ZONE-10
7.2,36.7,96.1,323.2,1.67,0.21999999999999997,1.55,84.6,0.11000000000000001,17,1,81.5,ZONE-16
4.1,23.4,57.7,31.2,7.85,1.19,3.04,81.10000000000001,2.52,5,0,0.0,ZONE-08
2.2,97.0,183.4,41.4,1.98,0.30000000000000004,1.08,73.3,0.21,16,1,73.7,ZONE-15
11.1,17.5,52.8,71.2,2.11,0.25,1.3399999999999999,72.4,0.27,16,1,54.9,ZONE-15
8.7,124.6,167.1,27.8,4.83,0.41000000000000003,2.0700000000000003,96.8,1.2,14,1,52.1,ZONE-09
17.7,22.4,44.2,25.6,1.96,0.13,1.02,72.4,0.36,16,1,55.9,ZONE-15
6.8,44.9,74.7,94.8,2.0,0.31,1.51,81.4,0.19,17,1,72.4,ZONE-16
10.3,20.8,95.5,16.3,1.92,0.25,1.37,82.0,0.14,17,1,74.4,ZONE-16
3.0,20.6,34.2,0.5,4.1,0.74,2.5,95.6,0.76,8,0,0.0,ZONE-05
12.5,30.4,56.9,204.6,1.84,0.13,1.02,70.4,0.21,16,1,70.1,ZONE-15
10.2,60.0,66.8,50.5,2.14,0.15000000000000002,1.3199999999999998,72.9,0.25,16,1,70.6,ZONE-15
24.3,46.2,103.2,27.9,4.1,0.47,2.14,93.4,1.1199999999999999,14,0,0.0,ZONE-09
1.2,16.5,39.1,121.1,1.98,0.18000000000000002,1.24,70.9,0.21,16,1,63.0,ZONE-15
3.4,88.5,231.3,17.1,3.5799999999999996,0.69,1.87,91.8,0.51,13,1,80.5,ZONE-10
5.1,61.6,214.6,35.2,4.68,0.54,2.2800000000000002,92.7,1.23,14,1,61.9,ZONE-09
4.6,23.3,75.7,19.2,8.35,1.14,3.1100000000000003,78.9,2.56,5,0,0.0,ZONE-08
16.0,17.3,19.6,29.3,1.72,0.25,1.59,83.2,0.28,17,1,43.5,ZONE-16
5.2,14.7,45.1,23.2,3.1700000000000004,0.46,2.67,82.4,0.29000000000000004,11,0,0.0,ZONE-13
2.6,11.9,177.7,31.8,3.3200000000000003,0.30000000000000004,2.67,80.1,0.18000000000000002,11,1,64.5,ZONE-13
7.1,28.6,212.9,16.6,4.21,0.49,2.08,95.10000000000001,1.18,14,1,65.9,ZONE-09
13.7,45.2,87.3,5.6,3.3800000000000003,0.46,2.84,81.3,0.1,11,0,0.0,ZONE-13
13.6,15.3,56.1,80.7,2.31,0.32999999999999996,1.22,87.0,0.32,18,1,62.6,ZONE-14
2.8,48.9,50.3,111.4,2.33,0.19999999999999998,1.52,88.8,0.46,18,1,71.6,ZONE-14
7.4,13.5,20.0,183.8,4.26,0.5,2.13,93.9,1.13,14,0,0.0,ZONE-09
0.9,6.5,25.7,58.1,3.78,0.5499999999999999,2.02,87.6,0.51,13,0,0.0,ZONE-10
9.4,12.8,28.2,16.4,2.3600000000000003,0.21999999999999997,1.3199999999999998,88.6,0.47000000000000003,18,1,38.0,ZONE-14
2.9,16.1,70.9,14.7,7.72,1.19,3.06,79.30000000000001,2.45,5,0,0.0,ZONE-08
5.5,17.9,186.6,185.6,2.15,0.33999999999999997,1.66,84.0,0.30000000000000004,17,1,74.1,ZONE-16
19.3,26.2,29.4,22.9,1.69,0.22,1.05,74.5,0.38,16,1,54.2,ZONE-15
3.7,21.3,89.0,117.3,2.9400000000000004,0.41000000000000003,2.84,83.1,0.13,11,1,40.3,ZONE-13
22.4,33.5,85.8,22.5,1.9000000000000001,0.16,1.3499999999999999,70.6,0.3,16,1,67.2,ZONE-15
0.8,31.0,31.4,31.6,2.05,0.24000000000000002,1.03,69.0,0.39,16,1,35.3,ZONE-15
4.8,34.4,99.8,21.8,3.06,0.38,2.8899999999999997,83.7,0.2,11,0,0.0,ZONE-13
20.0,28.7,55.3,77.9,4.19,0.49,2.19,92.10000000000001,1.16,14,0,0.0,ZONE-09
14.2,123.5,135.0,65.1,2.95,0.38,2.73,81.5,0.24000000000000002,11,1,68.9,ZONE-13
11.3,73.0,80.7,83.6,3.51,0.69,2.17,88.3,0.51,13,1,32.4,ZONE-10
10.1,18.1,47.0,24.4,4.13,0.76,2.5500000000000003,94.0,0.78,8,0,0.0,ZONE-05
10.4,65.4,103.3,59.9,8.26,1.15,3.0,81.4,2.4,5,0,0.0,ZONE-08
8.8,10.1,22.0,40.6,4.47,0.7799999999999999,2.42,92.6,0.8700000000000001,8,0,0.0,ZONE-05
4.5,9.5,41.1,23.4,3.04,0.33,2.94,84.8,0.28,11,0,0.0,ZONE-13
3.6,19.2,25.6,157.7,7.869999999999999,1.14,3.3000000000000003,76.10000000000001,2.54,5,0,0.0,ZONE-08
24.3,55.0,60.1,89.7,3.1,0.31000000000000005,2.9899999999999998,81.2,0.24000000000000002,11,0,0.0,ZONE-13
19.8,56.3,61.7,62.0,4.48,0.52,1.96,92.10000000000001,1.13,14,0,0.0,ZONE-09
21.6,43.1,89.9,36.8,7.76,1.21,3.33,76.30000000000001,2.44,5,0,0.0,ZONE-08
9.0,9.9,55.7,5.1,3.4000000000000004,0.44,2.7199999999999998,81.5,0.17,11,0,0.0,ZONE-13
6.9,15.6,51.1,8.6,1.9300000000000002,0.22999999999999998,1.5499999999999998,85.7,0.45,18,1,56.8,ZONE-14
14.1,53.7,61.7,6.6,2.02,0.27999999999999997,1.5799999999999998,88.2,0.44,18,1,63.9,ZONE-14
1.9,54.3,88.1,37.8,1.97,0.18000000000000002,1.06,74.8,0.3,16,1,76.6,ZONE-15
1.4,27.6,118.7,105.7,3.39,0.38,2.6199999999999997,81.4,0.26,11,1,49.9,ZONE-13
11.8,13.8,19.2,3.0,4.75,0.49,2.0300000000000002,95.10000000000001,1.27,14,0,0.0,ZONE-09
3.6,7.2,20.8,29.2,2.8400000000000003,0.37,2.77,80.6,0.12000000000000001,11,0,0.0,ZONE-13
34.4,58.0,139.1,74.3,3.88,0.6699999999999999,1.81,87.7,0.51,13,1,56.3,ZONE-10
1.4,34.7,49.2,61.2,2.31,0.26,1.42,89.3,0.31000000000000005,18,1,62.2,ZONE-14
5.0,156.6,170.4,19.6,2.15,0.36,1.22,87.4,0.49,18,1,71.9,ZONE-14
32.0,32.6,86.3,77.5,4.0,0.69,2.0,87.9,0.48,13,0,0.0,ZONE-10
21.7,113.4,280.5,4.1,4.18,0.64,1.84,88.4,0.55,13,1,72.6,ZONE-10
20.7,46.7,93.6,8.2,2.8200000000000003,0.46,2.79,84.2,0.11000000000000001,11,1,31.8,ZONE-13
12.6,113.7,223.0,34.7,3.76,0.73,2.7800000000000002,91.9,0.74,8,1,71.5,ZONE-05
0.5,11.7,90.5,72.5,3.4200000000000004,0.33,2.9899999999999998,82.1,0.25,11,0,0.0,ZONE-13
7.4,8.8,33.9,38.0,3.76,0.53,1.92,89.7,0.59,13,0,0.0,ZONE-10
31.7,57.3,74.1,44.7,2.41,0.35,1.3599999999999999,86.8,0.42000000000000004,18,1,66.0,ZONE-14
0.8,90.7,110.8,39.0,3.25,0.5,2.6399999999999997,79.1,0.25,11,1,41.2,ZONE-13
5.3,34.0,82.8,75.4,4.5,0.49,1.9700000000000002,93.0,1.1099999999999999,14,0,0.0,ZONE-09
3.7,13.2,19.2,63.9,3.6799999999999997,0.51,2.08,88.8,0.6,13,0,0.0,ZONE-10
0.5,23.3,115.0,132.9,2.0100000000000002,0.19,1.3699999999999999,74.6,0.39,16,1,74.4,ZONE-15
7.2,22.6,26.2,66.7,4.09,0.58,2.14,91.5,0.43,13,0,0.0,ZONE-10
20.7,27.7,52.3,109.5,3.8099999999999996,0.62,1.93,86.5,0.48,13,0,0.0,ZONE-10
25.2,32.2,68.2,12.8,3.9099999999999997,0.7799999999999999,2.67,94.2,0.8300000000000001,8,0,0.0,ZONE-05
1.3,61.8,139.1,85.6,8.26,1.21,3.06,76.0,2.48,5,0,0.0,ZONE-08
0.6,47.0,72.9,25.1,2.2800000000000002,0.24,1.65,85.0,0.17,17,1,67.1,ZONE-16
9.5,11.9,75.5,52.4,3.7899999999999996,0.6399999999999999,2.44,96.3,0.78,8,0,0.0,ZONE-05
2.5,7.7,16.9,3.5,1.76,0.27,1.43,87.0,0.2,17,1,45.1,ZONE-16
10.6,56.5,57.3,3.0,3.7899999999999996,0.69,2.62,96.2,0.73,8,0,0.0,ZONE-05
10.2,53.0,70.8,25.8,7.96,1.1099999999999999,3.24,77.7,2.59,5,0,0.0,ZONE-08
10.9,18.9,20.1,79.7,4.03,0.7,1.89,87.3,0.4,13,0,0.0,ZONE-10
11.8,33.5,94.4,67.5,1.82,0.32999999999999996,1.33,81.4,0.18000000000000002,17,1,72.2,ZONE-16
2.8,13.7,19.8,8.3,4.3999999999999995,0.7,2.67,92.1,0.8700000000000001,8,0,0.0,ZONE-05
13.5,62.4,210.4,59.4,4.82,0.49,2.29,93.0,1.14,14,1,68.0,ZONE-09
2.4,5.2,80.6,51.9,4.08,0.74,2.46,94.7,0.77,8,0,0.0,ZONE-05
11.6,49.6,104.3,107.9,2.26,0.31,1.66,82.2,0.24000000000000002,17,1,75.3,ZONE-16
0.7,35.1,120.7,20.2,3.06,0.5,2.98,83.5,0.25,11,1,31.7,ZONE-13
12.3,21.7,164.3,2.0,3.52,0.49,2.8,80.9,0.26,11,1,48.4,ZONE-13
10.4,15.0,71.1,11.6,1.82,0.1,1.18,74.0,0.22999999999999998,16,1,64.9,ZONE-15
3.2,20.2,131.0,14.3,4.13,0.55,1.98,95.4,1.25,14,0,0.0,ZONE-09
1.9,37.5,68.7,145.7,1.77,0.24,1.38,85.1,0.29000000000000004,17,1,72.8,ZONE-16
1.9,27.9,39.8,10.2,3.4099999999999997,0.6799999999999999,2.0,91.2,0.54,13,0,0.0,ZONE-10
13.8,36.3,99.6,22.2,4.029999999999999,0.6699999999999999,2.73,93.1,0.89,8,0,0.0,ZONE-05
7.1,20.1,206.4,20.7,3.4899999999999998,0.54,1.97,87.1,0.52,13,1,71.9,ZONE-10
4.2,15.1,52.5,17.4,1.83,0.32999999999999996,1.57,84.8,0.24000000000000002,17,1,63.3,ZONE-16
29.6,37.3,139.1,6.6,4.9,0.56,1.9400000000000002,95.10000000000001,1.22,14,0,0.0,ZONE-09
12.8,72.2,80.5,207.1,1.68,0.35,1.55,84.3,0.23,17,1,76.2,ZONE-16
7.2,80.0,130.8,21.5,2.23,0.37,1.2799999999999998,90.2,0.41000000000000003,18,1,72.1,ZONE-14
2.5,11.6,16.0,9.3,4.46,0.6699999999999999,2.72,93.3,0.88,8,0,0.0,ZONE-05
1.3,15.0,86.4,9.1,1.6099999999999999,0.27,1.39,82.7,0.28,17,1,68.1,ZONE-16
1.7,27.5,37.4,6.2,2.14,0.19999999999999998,1.66,81.2,0.11000000000000001,17,1,52.6,ZONE-16
2.2,66.5,144.0,26.2,3.67,0.69,2.2,87.5,0.59,13,1,47.6,ZONE-10
12.8,32.1,83.0,68.9,2.26,0.36,1.53,81.8,0.23,17,1,74.6,ZONE-16
11.9,19.6,21.4,36.5,3.12,0.36000000000000004,2.6599999999999997,80.4,0.24000000000000002,11,0,0.0,ZONE-13
26.6,47.7,128.1,286.9,3.2,0.43000000000000005,2.9099999999999997,84.1,0.23,11,1,70.0,ZONE-13
2.1,31.5,82.0,234.6,3.56,0.34,2.6399999999999997,81.6,0.23,11,1,45.6,ZONE-13
50.9,79.9,92.5,96.1,2.19,0.31,1.5899999999999999,88.9,0.31000000000000005,18,1,78.1,ZONE-14
1.4,39.3,147.8,29.0,4.21,0.76,2.47,94.4,0.74,8,0,0.0,ZONE-05
12.0,26.1,52.0,22.3,8.129999999999999,1.15,3.31,80.10000000000001,2.55,5,0,0.0,ZONE-08
17.2,86.0,213.2,11.5,1.9200000000000002,0.39,1.45,89.3,0.42000000000000004,18,1,73.0,ZONE-14
24.9,58.3,71.4,4.2,4.4399999999999995,0.62,2.46,92.1,0.74,8,0,0.0,ZONE-05
3.7,64.5,109.6,76.6,4.5,0.47,2.24,93.5,1.2,14,0,0.0,ZONE-09
3.6,35.4,36.7,28.2,2.0300000000000002,0.3,1.45,86.8,0.38,18,1,60.5,ZONE-14
11.8,15.7,93.6,16.1,4.35,0.6399999999999999,2.4,91.6,0.81,8,0,0.0,ZONE-05
12.7,25.7,66.5,6.8,1.79,0.27,1.3399999999999999,91.5,0.42000000000000004,18,1,64.1,ZONE-14
0.2,60.3,74.4,102.8,2.14,0.14,1.01,69.1,0.3,16,1,67.9,ZONE-15
88.1,94.0,107.9,65.2,3.4899999999999998,0.54,1.93,87.3,0.55,13,1,68.8,ZONE-10
40.4,102.3,133.8,95.1,1.62,0.14,1.04,73.2,0.32999999999999996,16,1,76.4,ZONE-15
1.8,96.6,246.6,10.7,4.05,0.7899999999999999,2.77,92.0,0.74,8,1,72.0,ZONE-05
4.3,6.9,21.2,101.6,2.17,0.12000000000000001,1.3199999999999998,72.5,0.22999999999999998,16,1,40.7,ZONE-15
5.7,8.0,26.9,239.0,4.05,0.69,2.64,92.1,0.76,8,0,0.0,ZONE-05
11.9,25.4,33.6,256.9,4.59,0.49,2.13,93.4,1.23,14,0,0.0,ZONE-09
20.6,28.9,32.2,3.5,4.46,0.58,2.2800000000000002,92.7,1.18,14,0,0.0,ZONE-09
1.5,23.2,142.1,41.2,3.7199999999999998,0.52,2.12,88.6,0.44,13,1,48.2,ZONE-10
22.2,37.0,92.5,79.0,8.23,1.17,3.31,76.10000000000001,2.46,5,0,0.0,ZONE-08
2.3,13.5,59.1,4.4,2.27,0.24,1.43,87.4,0.35000000000000003,18,1,53.6,ZONE-14
5.4,24.5,275.6,38.6,1.8800000000000001,0.21000000000000002,1.04,70.7,0.32,16,1,80.8,ZONE-15
20.3,34.4,106.0,54.3,4.56,0.53,2.17,93.8,1.26,14,0,0.0,ZONE-09
26.1,39.3,81.0,59.7,7.859999999999999,1.26,3.2,81.30000000000001,2.48,5,0,0.0,ZONE-08
6.5,10.4,14.8,1.0,4.46,0.52,2.14,92.60000000000001,1.0999999999999999,14,0,0.0,ZONE-09
24.8,31.5,42.2,79.9,2.21,0.37,1.5999999999999999,91.0,0.36000000000000004,18,1,67.2,ZONE-14
4.6,22.2,30.2,192.8,1.63,0.31,1.51,83.0,0.1,17,1,71.0,ZONE-16
22.9,72.7,96.2,86.2,2.18,0.25,1.6,83.4,0.21000000000000002,17,1,73.2,ZONE-16
1.9,2.1,3.0,53.0,2.0100000000000002,0.33999999999999997,1.38,90.6,0.49,18,1,28.5,ZONE-14
7.3,25.5,25.8,33.0,4.1499999999999995,0.52,1.89,91.0,0.43,13,0,0.0,ZONE-10
15.2,29.8,89.1,15.9,4.09,0.64,1.89,86.5,0.54,13,0,0.0,ZONE-10
20.1,42.3,53.0,16.2,4.05,0.61,1.8,90.1,0.41000000000000003,13,0,0.0,ZONE-10
11.9,56.2,80.4,17.9,1.79,0.39,1.23,87.5,0.42000000000000004,18,1,75.8,ZONE-14
24.2,51.9,78.6,40.2,1.96,0.28,1.23,69.7,0.26,16,1,65.6,ZONE-15
2.7,27.3,47.3,326.2,2.11,0.32999999999999996,1.51,82.4,0.2,17,1,74.7,ZONE-16
7.9,24.5,62.0,149.2,1.6600000000000001,0.25,1.0899999999999999,70.6,0.26,16,1,67.4,ZONE-15
19.4,34.4,91.5,52.9,8.23,1.25,3.08,75.9,2.59,5,0,0.0,ZONE-08
8.1,13.4,41.5,16.9,1.87,0.32999999999999996,1.39,87.8,0.4,18,1,54.6,ZONE-14
29.6,39.8,176.7,45.7,4.01,0.5599999999999999,1.98,86.9,0.5,13,1,70.2,ZONE-10
12.0,31.6,37.8,28.3,8.43,1.18,3.18,79.10000000000001,2.44,5,0,0.0,ZONE-08
1.3,25.7,52.3,90.3,1.75,0.26,1.37,82.8,0.27,17,1,70.1,ZONE-16
3.0,7.5,31.0,156.7,3.1700000000000004,0.32,2.6399999999999997,79.1,0.19,11,0,0.0,ZONE-13
14.9,28.5,61.3,5.3,1.42,0.23,1.18,70.6,0.39,16,1,58.3,ZONE-15
50.1,77.5,92.6,52.9,1.77,0.27999999999999997,1.47,83.0,0.19,17,1,74.4,ZONE-16
1.4,85.8,94.4,62.7,2.22,0.35,1.3699999999999999,87.3,0.38,18,1,75.6,ZONE-14
3.4,35.0,102.5,67.1,4.109999999999999,0.62,2.42,92.0,0.7200000000000001,8,0,0.0,ZONE-05
11.4,67.1,70.8,24.1,4.14,0.41000000000000003,2.0100000000000002,91.60000000000001,1.1199999999999999,14,0,0.0,ZONE-09
3.4,114.0,136.2,79.1,8.41,1.24,3.16,77.80000000000001,2.44,5,0,0.0,ZONE-08
13.9,19.9,32.2,19.8,1.8,0.13,1.08,72.8,0.33999999999999997,16,1,46.5,ZONE-15
6.4,13.1,14.0,126.9,1.78,0.3,1.48,88.4,0.36000000000000004,18,1,64.0,ZONE-14
40.4,50.8,69.4,0.4,7.84,1.24,3.0700000000000003,77.4,2.49,5,0,0.0,ZONE-08
13.7,57.3,64.4,10.4,2.23,0.29,1.21,91.3,0.48000000000000004,18,1,65.0,ZONE-14
18.7,42.6,44.7,58.5,2.18,0.39,1.43,88.4,0.35000000000000003,18,1,60.1,ZONE-14
4.4,15.9,82.0,99.9,2.15,0.4,1.5299999999999998,88.7,0.33,18,1,68.1,ZONE-14
6.1,79.6,103.1,88.7,4.18,0.56,2.0300000000000002,94.10000000000001,1.17,14,0,0.0,ZONE-09
7.9,64.9,172.2,5.5,1.9300000000000002,0.15000000000000002,1.18,74.0,0.26,16,1,74.8,ZONE-15
33.1,76.8,147.3,13.5,3.7899999999999996,0.74,2.69,90.6,0.9,8,0,0.0,ZONE-05
19.6,67.1,82.5,182.5,8.23,1.13,3.2,76.9,2.55,5,0,0.0,ZONE-08
0.6,4.7,39.4,51.5,1.89,0.35,1.38,86.7,0.23,17,1,61.6,ZONE-16
12.4,12.8,158.1,2.7,4.489999999999999,0.7799999999999999,2.47,96.0,0.77,8,0,0.0,ZONE-05
1.9,2.3,40.0,161.5,3.71,0.58,2.2,87.9,0.41000000000000003,13,0,0.0,ZONE-10
13.2,56.4,57.0,46.9,4.07,0.52,2.12,89.4,0.56,13,0,0.0,ZONE-10
7.4,24.7,28.1,69.2,3.63,0.69,2.0,90.1,0.49,13,0,0.0,ZONE-10
8.4,44.6,74.5,9.7,3.22,0.36000000000000004,2.82,80.0,0.2,11,0,0.0,ZONE-13
12.5,17.2,109.8,57.0,4.74,0.4,1.9200000000000002,92.9,1.22,14,0,0.0,ZONE-09
2.1,84.1,117.0,4.5,2.0900000000000003,0.19999999999999998,1.3399999999999999,90.5,0.31000000000000005,18,1,72.2,ZONE-14
11.8,19.1,92.4,102.2,2.0300000000000002,0.2,1.38,72.4,0.39,16,1,72.8,ZONE-15
46.3,63.7,91.0,84.0,3.6,0.34,2.8299999999999996,79.5,0.14,11,1,37.2,ZONE-13
1.7,21.5,57.1,5.6,3.5999999999999996,0.64,1.95,88.4,0.58,13,0,0.0,ZONE-10
6.5,54.5,141.8,6.3,2.14,0.22,1.0699999999999998,71.6,0.38,16,1,77.8,ZONE-15
1.1,8.7,102.2,8.3,3.35,0.34,2.65,82.3,0.16,11,0,0.0,ZONE-13
15.3,18.0,61.9,26.4,4.34,0.59,2.08,92.3,1.26,14,0,0.0,ZONE-09
18.7,25.4,71.3,16.1,1.68,0.31,1.58,84.0,0.24000000000000002,17,1,67.4,ZONE-16
15.0,66.7,72.8,120.9,3.7399999999999998,0.58,1.96,86.2,0.51,13,1,36.6,ZONE-10
10.8,14.2,39.3,10.5,1.67,0.22999999999999998,1.66,85.7,0.22,17,1,56.0,ZONE-16
14.5,50.1,55.1,42.3,1.44,0.27,1.05,73.0,0.29,16,1,71.4,ZONE-15
20.2,89.0,121.4,180.1,4.369999999999999,0.62,2.5100000000000002,96.4,0.7200000000000001,8,1,40.5,ZONE-05
9.2,21.7,106.5,40.8,1.85,0.24000000000000002,1.3499999999999999,69.7,0.32,16,1,71.1,ZONE-15
7.7,24.5,108.9,107.0,2.2600000000000002,0.3,1.42,91.3,0.33,18,1,79.2,ZONE-14
6.2,16.3,46.8,51.0,3.04,0.36000000000000004,3.0,79.0,0.2,11,0,0.0,ZONE-13
3.3,42.8,72.8,24.4,7.79,1.0999999999999999,3.24,76.10000000000001,2.42,5,0,0.0,ZONE-08
1.4,8.2,142.4,21.8,7.779999999999999,1.0999999999999999,3.2,77.7,2.59,5,0,0.0,ZONE-08
2.2,17.6,34.1,2.1,1.72,0.30000000000000004,1.33,74.1,0.31,16,1,43.0,ZONE-15
4.7,24.3,60.4,26.5,4.39,0.72,2.5700000000000003,94.3,0.74,8,0,0.0,ZONE-05
7.1,91.3,112.6,17.9,7.84,1.25,3.22,78.30000000000001,2.46,5,0,0.0,ZONE-08
3.3,18.6,82.7,13.8,4.87,0.5,2.17,93.5,1.24,14,0,0.0,ZONE-09
14.8,15.3,39.7,89.7,4.47,0.56,1.96,92.9,1.1199999999999999,14,0,0.0,ZONE-09
5.0,25.7,36.0,81.3,1.6099999999999999,0.26,1.56,86.4,0.22,17,1,61.5,ZONE-16
0.6,48.5,58.4,124.5,4.17,0.59,2.09,87.7,0.6,13,0,0.0,ZONE-10
5.2,37.3,54.6,141.8,3.8,0.6699999999999999,1.88,91.4,0.51,13,0,0.0,ZONE-10
1.6,6.5,37.1,5.1,4.24,0.43,2.16,94.60000000000001,1.19,14,0,0.0,ZONE-09
2.6,74.6,243.4,28.3,3.02,0.45,2.7199999999999998,81.4,0.28,11,1,77.3,ZONE-13
30.8,50.5,64.6,72.7,2.37,0.32,1.37,85.3,0.2,17,1,72.0,ZONE-16
12.9,125.9,139.8,66.9,1.5,0.16,1.38,71.1,0.32,16,1,75.7,ZONE-15
0.6,3.6,3.8,451.5,1.7200000000000002,0.35,1.2899999999999998,89.5,0.4,18,1,76.8,ZONE-14
19.5,58.1,90.2,21.4,4.01,0.7,2.12,90.4,0.45,13,0,0.0,ZONE-10
2.0,10.4,31.6,84.7,3.3800000000000003,0.38,2.9899999999999998,84.5,0.11000000000000001,11,0,0.0,ZONE-13
9.3,11.3,12.1,6.5,1.49,0.27,1.03,73.6,0.32,16,1,39.0,ZONE-15
6.3,73.9,119.6,97.1,3.06,0.44,2.75,84.9,0.21000000000000002,11,1,58.2,ZONE-13
7.5,18.7,23.9,125.2,1.79,0.24000000000000002,1.0899999999999999,73.5,0.29,16,1,58.1,ZONE-15
18.3,22.9,55.2,40.1,7.77,1.0999999999999999,3.3800000000000003,76.0,2.41,5,0,0.0,ZONE-08
11.8,84.9,123.9,46.6,3.5100000000000002,0.37,2.76,82.3,0.11000000000000001,11,1,51.7,ZONE-13
0.6,2.2,11.5,2.0,3.8499999999999996,0.6399999999999999,2.73,93.5,0.77,8,0,0.0,ZONE-05
16.3,48.4,55.0,108.5,3.4400000000000004,0.39,2.8499999999999996,84.2,0.21000000000000002,11,0,0.0,ZONE-13
2.0,11.0,23.9,27.9,3.43,0.36000000000000004,2.65,80.4,0.22,11,0,0.0,ZONE-13
3.5,20.3,43.8,258.6,3.42,0.6599999999999999,1.92,91.0,0.48,13,1,32.8,ZONE-10
0.7,4.5,6.9,59.0,3.5700000000000003,0.31000000000000005,2.8299999999999996,84.1,0.29000000000000004,11,0,0.0,ZONE-13
0.7,46.0,78.3,44.9,1.72,0.11000000000000001,1.28,69.7,0.29,16,1,74.2,ZONE-15
9.9,14.6,24.5,23.0,1.92,0.11000000000000001,1.17,70.2,0.38,16,1,31.3,ZONE-15
10.8,16.7,22.3,210.6,8.139999999999999,1.25,3.37,79.4,2.58,5,0,0.0,ZONE-08
0.3,40.9,110.7,21.2,8.09,1.26,3.23,79.10000000000001,2.57,5,0,0.0,ZONE-08
1.7,5.6,59.4,61.8,1.98,0.21,1.3699999999999999,89.9,0.49,18,1,69.6,ZONE-14
18.3,87.6,140.6,10.2,4.46,0.6499999999999999,2.42,90.7,0.8,8,0,0.0,ZONE-05
3.3,49.5,60.1,4.5,3.75,0.5599999999999999,2.14,91.8,0.4,13,0,0.0,ZONE-10
14.6,27.5,141.2,63.0,1.7200000000000002,0.36,1.2799999999999998,89.1,0.38,18,1,78.2,ZONE-14
1.1,74.9,88.4,24.7,2.14,0.21,1.51,89.7,0.39,18,1,72.9,ZONE-14
6.2,7.5,38.4,7.9,2.89,0.32,2.8499999999999996,84.4,0.17,11,0,0.0,ZONE-13
6.1,16.9,83.6,97.5,3.75,0.51,1.89,89.5,0.45,13,0,0.0,ZONE-10
2.0,13.4,34.4,9.9,2.49,0.19999999999999998,1.49,90.4,0.32,18,1,41.0,ZONE-14
19.2,49.9,59.4,27.4,3.0300000000000002,0.36000000000000004,2.84,84.3,0.30000000000000004,11,0,0.0,ZONE-13
1.3,26.0,31.8,255.8,3.2800000000000002,0.4,2.65,79.5,0.15000000000000002,11,0,0.0,ZONE-13
18.2,30.6,69.5,145.4,8.1,1.25,3.14,80.9,2.44,5,0,0.0,ZONE-08
9.7,14.5,35.9,111.1,2.15,0.26,1.1199999999999999,72.9,0.31,16,1,51.3,ZONE-15
12.4,38.7,129.4,134.6,4.14,0.58,2.18,94.9,1.16,14,1,37.6,ZONE-09
30.3,32.8,68.1,80.9,3.47,0.4,2.7199999999999998,82.3,0.12000000000000001,11,0,0.0,ZONE-13
17.0,40.3,48.5,95.8,2.83,0.35000000000000003,2.78,83.6,0.29000000000000004,11,0,0.0,ZONE-13
15.3,17.6,45.6,11.5,2.1,0.21,1.3099999999999998,87.8,0.47000000000000003,18,1,52.9,ZONE-14
4.9,5.4,28.4,47.9,2.08,0.18000000000000002,1.01,71.3,0.29,16,1,37.3,ZONE-15
11.6,38.8,120.2,14.6,1.75,0.29,1.32,82.8,0.21000000000000002,17,1,73.8,ZONE-16
1.5,49.2,56.9,220.8,2.43,0.35,1.3299999999999998,90.5,0.35000000000000003,18,1,76.6,ZONE-14
22.2,39.6,219.0,6.1,8.31,1.17,3.33,78.0,2.49,5,0,0.0,ZONE-08
4.3,29.7,49.1,158.2,2.35,0.31,1.5799999999999998,91.1,0.36000000000000004,18,1,74.3,ZONE-14
0.8,20.7,60.9,63.5,4.04,0.74,2.71,92.1,0.89,8,0,0.0,ZONE-05
3.5,14.8,98.3,13.0,4.3,0.7799999999999999,2.45,90.6,0.8600000000000001,8,0,0.0,ZONE-05
21.0,41.7,106.3,75.0,1.47,0.15000000000000002,1.22,71.0,0.27999999999999997,16,1,76.5,ZONE-15
2.8,23.8,114.8,34.0,3.61,0.5499999999999999,2.06,90.6,0.4,13,1,36.7,ZONE-10
40.8,55.8,62.7,29.6,4.07,0.6699999999999999,1.98,86.1,0.4,13,0,0.0,ZONE-10
36.4,46.0,137.2,127.8,2.47,0.3,1.54,86.8,0.31000000000000005,18,1,80.8,ZONE-14
5.2,7.4,65.4,22.4,2.12,0.21000000000000002,1.38,71.6,0.25,16,1,55.7,ZONE-15
18.3,32.9,62.8,90.3,2.1,0.13,1.25,69.9,0.32,16,1,61.4,ZONE-15
5.8,20.4,41.6,27.5,4.62,0.44,2.1,93.8,1.16,14,0,0.0,ZONE-09
9.0,50.4,70.6,44.6,7.75,1.24,3.1,76.9,2.54,5,0,0.0,ZONE-08
13.3,21.1,35.7,162.6,3.8299999999999996,0.51,1.89,86.7,0.5,13,0,0.0,ZONE-10
15.4,36.9,83.8,1.8,4.51,0.45,2.0300000000000002,93.4,1.26,14,0,0.0,ZONE-09
11.6,29.4,64.9,26.7,1.66,0.29,1.41,81.1,0.22,17,1,67.2,ZONE-16
1.0,6.4,141.9,31.5,2.32,0.27,1.68,82.8,0.11000000000000001,17,1,73.3,ZONE-16
7.5,8.9,10.6,75.8,2.14,0.28,1.01,72.7,0.36,16,0,0.0,ZONE-15
9.3,27.1,39.6,81.9,4.1499999999999995,0.58,2.03,89.9,0.43,13,0,0.0,ZONE-10
2.2,7.5,35.3,20.2,4.86,0.59,2.3000000000000003,94.60000000000001,1.3,14,0,0.0,ZONE-09
3.4,29.3,76.7,104.4,2.03,0.21999999999999997,1.65,85.8,0.22,17,1,74.0,ZONE-16
6.5,8.4,22.8,234.7,3.9499999999999997,0.6399999999999999,2.63,96.0,0.77,8,0,0.0,ZONE-05
10.9,41.8,42.1,43.8,3.5799999999999996,0.5599999999999999,2.19,90.2,0.49,13,0,0.0,ZONE-10
0.5,21.6,135.7,207.3,1.89,0.27,1.5,86.5,0.23,17,1,77.7,ZONE-16
9.3,24.6,155.1,67.2,4.33,0.6499999999999999,2.73,96.4,0.89,8,0,0.0,ZONE-05
0.8,16.5,28.9,38.1,8.32,1.18,3.23,76.2,2.45,5,0,0.0,ZONE-08
7.3,29.1,49.0,10.8,1.67,0.12000000000000001,1.16,72.0,0.22999999999999998,16,1,60.1,ZONE-15
8.4,52.7,101.8,24.8,8.42,1.28,3.0100000000000002,76.10000000000001,2.45,5,0,0.0,ZONE-08
32.9,93.7,104.3,2.4,4.29,0.6299999999999999,2.41,93.1,0.8400000000000001,8,0,0.0,ZONE-05
16.2,60.1,214.8,132.3,4.21,0.5700000000000001,2.27,96.60000000000001,1.17,14,1,72.1,ZONE-09
11.0,29.9,31.2,17.0,8.27,1.1199999999999999,3.3600000000000003,80.80000000000001,2.52,5,0,0.0,ZONE-08
7.4,32.2,68.9,81.4,4.9,0.41000000000000003,2.2,93.3,1.19,14,0,0.0,ZONE-09
3.9,24.7,28.9,32.0,2.1,0.35,1.47,85.5,0.24000000000000002,17,1,50.1,ZONE-16
16.6,46.2,256.4,19.5,4.22,0.4,2.14,95.2,1.19,14,1,72.3,ZONE-09
8.3,18.3,44.4,116.7,3.21,0.42000000000000004,2.98,79.6,0.16,11,0,0.0,ZONE-13
13.8,67.3,77.5,124.0,3.44,0.6,2.01,89.0,0.59,13,1,38.5,ZONE-10
0.7,55.6,73.6,22.7,1.85,0.24,1.3599999999999999,85.9,0.25,17,1,76.6,ZONE-16
8.6,79.2,81.4,26.1,8.04,1.16,3.35,77.30000000000001,2.47,5,0,0.0,ZONE-08
23.3,35.9,45.9,33.2,2.89,0.35000000000000003,2.78,84.3,0.16,11,0,0.0,ZONE-13
5.8,67.6,132.2,42.2,2.19,0.25,1.3699999999999999,73.0,0.22999999999999998,16,1,72.2,ZONE-15
53.5,69.2,71.9,18.3,2.8200000000000003,0.48000000000000004,2.98,82.2,0.26,11,0,0.0,ZONE-13
6.9,11.2,143.9,87.4,2.0900000000000003,0.36,1.3499999999999999,87.2,0.49,18,1,75.1,ZONE-14
3.7,26.0,83.5,170.1,4.119999999999999,0.77,2.52,91.2,0.8400000000000001,8,0,0.0,ZONE-05
25.6,43.7,110.8,49.6,4.46,0.49,2.0100000000000002,96.4,1.3,14,0,0.0,ZONE-09
9.7,12.7,18.8,45.2,4.87,0.56,2.2,92.5,1.1099999999999999,14,0,0.0,ZONE-09
3.8,4.3,62.0,2.0,3.21,0.36000000000000004,2.8499999999999996,82.1,0.26,11,0,0.0,ZONE-13
10.9,30.3,186.4,39.7,4.109999999999999,0.51,1.84,90.2,0.5,13,1,64.2,ZONE-10
0.8,20.9,103.7,345.6,2.46,0.32999999999999996,1.2999999999999998,89.0,0.47000000000000003,18,1,73.7,ZONE-14
6.8,16.5,123.2,12.7,7.909999999999999,1.13,3.33,79.80000000000001,2.46,5,0,0.0,ZONE-08
11.5,24.5,26.4,25.6,8.209999999999999,1.1199999999999999,3.21,79.7,2.44,5,0,0.0,ZONE-08
3.7,32.7,166.4,18.7,1.65,0.31,1.38,82.1,0.18000000000000002,17,1,74.2,ZONE-16
20.0,21.4,56.2,4.4,2.1,0.25,1.44,84.2,0.29000000000000004,17,1,63.1,ZONE-16
32.6,68.9,117.2,104.2,8.4,1.23,3.2,79.2,2.52,5,0,0.0,ZONE-08
12.5,99.3,155.6,155.1,3.9399999999999995,0.6399999999999999,2.79,95.9,0.8500000000000001,8,1,55.3,ZONE-05
8.7,11.8,45.6,8.1,3.9599999999999995,0.73,2.45,93.3,0.76,8,0,0.0,ZONE-05
10.8,27.3,71.1,0.6,4.38,0.48,1.9500000000000002,96.5,1.27,14,0,0.0,ZONE-09
2.6,19.5,154.8,29.0,4.18,0.74,2.41,92.1,0.74,8,0,0.0,ZONE-05
6.6,38.0,79.7,21.3,1.65,0.35,1.4,82.9,0.18000000000000002,17,1,71.3,ZONE-16
6.3,12.4,164.6,8.4,1.81,0.21,1.49,82.3,0.23,17,1,71.6,ZONE-16
5.6,6.3,17.6,91.0,4.029999999999999,0.71,2.47,91.7,0.8300000000000001,8,0,0.0,ZONE-05
2.7,4.8,33.7,0.6,3.5,0.61,2.18,86.1,0.48,13,0,0.0,ZONE-10
1.1,42.3,108.7,148.0,4.13,0.65,2.02,89.9,0.5,13,1,41.4,ZONE-10
23.1,51.8,54.2,91.6,8.49,1.27,3.16,79.7,2.46,5,0,0.0,ZONE-08
22.4,62.5,94.5,15.9,3.5300000000000002,0.37,2.69,83.4,0.29000000000000004,11,0,0.0,ZONE-13
22.4,54.9,232.7,10.2,2.38,0.35,1.41,88.5,0.46,18,1,72.3,ZONE-14
3.1,9.1,79.9,12.4,1.6400000000000001,0.15000000000000002,1.31,70.5,0.25,16,1,61.6,ZONE-15
0.8,164.4,165.5,108.2,2.12,0.22999999999999998,1.6,82.6,0.12000000000000001,17,1,72.7,ZONE-16
5.5,51.6,88.0,139.1,1.62,0.35,1.52,86.5,0.12000000000000001,17,1,76.7,ZONE-16
31.3,31.5,35.0,17.3,1.76,0.32,1.42,82.9,0.2,17,1,55.4,ZONE-16
13.3,68.1,95.8,56.0,1.77,0.12000000000000001,1.39,72.5,0.27999999999999997,16,1,73.5,ZONE-15
2.5,43.4,197.4,18.8,8.469999999999999,1.21,3.1900000000000004,80.80000000000001,2.51,5,0,0.0,ZONE-08
8.2,10.5,47.4,41.9,8.01,1.3,3.29,81.10000000000001,2.55,5,0,0.0,ZONE-08
1.9,16.5,34.8,44.3,4.46,0.52,1.9100000000000001,95.8,1.19,14,0,0.0,ZONE-09
10.6,10.8,75.2,74.9,4.1499999999999995,0.73,2.5300000000000002,95.4,0.9,8,0,0.0,ZONE-05
5.5,6.9,70.2,186.3,4.55,0.44,2.2800000000000002,94.8,1.1199999999999999,14,0,0.0,ZONE-09
3.3,13.1,22.2,51.6,2.09,0.29,1.59,84.4,0.15000000000000002,17,1,48.7,ZONE-16
2.0,13.0,66.7,49.3,1.73,0.25,1.33,69.2,0.33999999999999997,16,1,61.0,ZONE-15
5.9,19.5,56.7,0.4,1.9100000000000001,0.24,1.42,88.4,0.4,18,1,67.0,ZONE-14
1.0,54.3,57.9,73.6,7.96,1.24,3.21,80.60000000000001,2.6,5,0,0.0,ZONE-08
30.3,38.2,59.0,50.5,4.84,0.49,1.9300000000000002,92.0,1.0999999999999999,14,0,0.0,ZONE-09
25.6,96.7,157.2,5.4,4.23,0.49,2.29,91.4,1.18,14,1,44.6,ZONE-09
13.3,26.5,55.1,3.0,3.8099999999999996,0.77,2.5700000000000003,90.6,0.7200000000000001,8,0,0.0,ZONE-05
2.5,41.6,68.8,21.5,1.98,0.28,1.1099999999999999,70.9,0.38,16,1,61.4,ZONE-15
5.8,54.0,116.2,19.1,2.91,0.4,2.6799999999999997,82.7,0.24000000000000002,11,1,46.7,ZONE-13
1.5,8.8,122.9,52.3,1.78,0.14,1.13,73.5,0.4,16,1,78.2,ZONE-15
9.1,31.8,52.3,98.7,3.22,0.47000000000000003,2.5999999999999996,81.5,0.13,11,0,0.0,ZONE-13
8.9,12.0,18.2,46.2,4.89,0.4,2.18,92.4,1.1199999999999999,14,0,0.0,ZONE-09
33.1,42.3,134.0,86.7,3.9599999999999995,0.61,2.5900000000000003,91.4,0.77,8,0,0.0,ZONE-05
3.4,4.3,9.1,78.2,7.9799999999999995,1.0999999999999999,3.08,77.10000000000001,2.58,5,0,0.0,ZONE-08
2.7,14.3,45.6,77.6,2.07,0.26,1.55,83.4,0.15000000000000002,17,1,62.3,ZONE-16
1.4,14.4,44.3,46.7,7.76,1.13,3.29,77.10000000000001,2.45,5,0,0.0,ZONE-08
20.5,25.2,99.4,70.8,4.2,0.5,2.16,93.5,1.22,14,0,0.0,ZONE-09
9.7,39.8,63.7,8.9,2.17,0.25,1.25,74.5,0.24,16,1,54.2,ZONE-15
13.2,31.8,77.7,24.7,8.49,1.1199999999999999,3.3200000000000003,76.30000000000001,2.43,5,0,0.0,ZONE-08
28.5,50.6,54.6,35.8,1.96,0.38,1.22,88.6,0.39,18,1,71.0,ZONE-14
16.9,56.4,87.1,135.1,3.6399999999999997,0.65,1.9,88.4,0.55,13,1,45.1,ZONE-10
3.7,16.9,119.9,136.0,3.65,0.6,2.01,91.3,0.5700000000000001,13,1,55.9,ZONE-10
13.9,62.9,67.1,120.1,1.97,0.27,1.22,71.9,0.36,16,1,73.0,ZONE-15
4.6,9.5,21.8,32.5,2.12,0.24,1.65,86.1,0.25,17,1,38.2,ZONE-16
3.5,13.2,19.7,21.1,1.77,0.31,1.7,86.6,0.18000000000000002,17,1,41.5,ZONE-16
10.2,24.8,44.0,82.3,1.86,0.27,1.2799999999999998,89.0,0.37,18,1,72.4,ZONE-14
26.9,62.2,80.4,81.9,1.8,0.1,1.1099999999999999,72.9,0.32999999999999996,16,1,73.0,ZONE-15
2.0,5.5,24.6,98.9,1.62,0.11000000000000001,1.23,69.2,0.33999999999999997,16,1,50.7,ZONE-15
3.4,5.0,11.4,117.4,4.09,0.69,2.75,95.0,0.8600000000000001,8,0,0.0,ZONE-05
12.1,19.4,55.9,45.0,2.0,0.32,1.49,89.7,0.34,18,1,69.2,ZONE-14
12.8,19.4,109.3,22.2,4.44,0.5700000000000001,1.9200000000000002,95.0,1.1099999999999999,14,0,0.0,ZONE-09
14.2,14.6,35.6,26.0,4.79,0.46,2.24,95.10000000000001,1.25,14,0,0.0,ZONE-09
9.4,11.3,81.6,14.7,4.07,0.6699999999999999,1.93,90.3,0.58,13,0,0.0,ZONE-10
13.6,54.2,91.3,81.0,3.8099999999999996,0.69,1.96,91.0,0.53,13,1,27.3,ZONE-10
13.0,24.0,98.5,20.9,3.3800000000000003,0.32,2.78,80.7,0.14,11,0,0.0,ZONE-13
10.2,44.4,65.8,21.6,1.74,0.35,1.6400000000000001,81.0,0.15000000000000002,17,1,66.8,ZONE-16
7.4,50.0,169.6,47.3,3.77,0.6699999999999999,1.83,91.6,0.42,13,1,72.4,ZONE-10
13.0,71.4,76.1,15.8,3.3800000000000003,0.34,2.84,84.8,0.25,11,0,0.0,ZONE-13
14.8,58.2,145.7,32.2,1.87,0.27,1.23,89.8,0.35000000000000003,18,1,79.9,ZONE-14
1.1,15.5,27.3,20.7,8.299999999999999,1.25,3.12,77.7,2.46,5,0,0.0,ZONE-08
17.8,19.8,98.9,33.5,1.51,0.16,1.0899999999999999,70.1,0.38,16,1,69.3,ZONE-15
10.9,13.2,31.7,5.6,1.61,0.19,1.04,71.1,0.27,16,1,50.1,ZONE-15
39.1,80.3,108.0,15.2,4.359999999999999,0.74,2.47,96.2,0.8200000000000001,8,0,0.0,ZONE-05
32.5,43.1,51.0,49.7,3.23,0.34,2.88,81.1,0.26,11,0,0.0,ZONE-13
34.5,34.6,46.8,167.3,1.57,0.24000000000000002,1.2,74.0,0.36,16,1,67.8,ZONE-15
2.3,5.3,43.3,118.8,7.909999999999999,1.19,3.0100000000000002,76.10000000000001,2.53,5,0,0.0,ZONE-08
7.8,138.2,189.4,4.6,3.18,0.39,2.73,82.4,0.23,11,1,78.3,ZONE-13
59.3,72.4,87.6,49.0,3.96,0.63,2.15,86.0,0.48,13,0,0.0,ZONE-10
4.4,6.7,6.8,35.8,3.67,0.6799999999999999,1.87,88.1,0.43,13,0,0.0,ZONE-10
21.8,43.0,364.3,20.3,3.4000000000000004,0.39,2.8499999999999996,82.6,0.24000000000000002,11,1,79.2,ZONE-13
3.9,8.3,16.4,20.1,4.369999999999999,0.6499999999999999,2.5500000000000003,92.5,0.8400000000000001,8,0,0.0,ZONE-05
18.9,77.9,244.1,15.9,1.4300000000000002,0.29000000000000004,1.0899999999999999,74.6,0.39,16,1,73.0,ZONE-15
25.6,35.5,40.9,122.4,2.22,0.39,1.46,81.2,0.2,17,1,69.4,ZONE-16
12.1,16.6,41.9,20.3,8.459999999999999,1.21,3.06,79.4,2.56,5,0,0.0,ZONE-08
16.0,31.1,235.2,3.4,2.48,0.26,1.51,90.3,0.39,18,1,73.5,ZONE-14
5.3,21.7,53.2,22.8,2.23,0.24,1.27,87.3,0.34,18,1,65.2,ZONE-14
15.7,67.6,193.3,98.1,1.67,0.25,1.57,86.1,0.17,17,1,76.7,ZONE-16
22.8,42.8,121.5,21.7,3.48,0.61,1.96,87.3,0.49,13,1,45.0,ZONE-10
6.1,15.6,43.9,20.2,4.26,0.75,2.44,91.3,0.8500000000000001,8,0,0.0,ZONE-05
39.1,48.5,53.1,44.9,3.12,0.37,2.71,83.0,0.27,11,0,0.0,ZONE-13
0.7,3.6,14.7,37.5,2.03,0.27,1.57,86.8,0.11000000000000001,17,1,45.1,ZONE-16
6.8,47.0,107.5,33.3,3.41,0.37,2.7399999999999998,83.9,0.22,11,1,35.1,ZONE-13
4.9,14.4,81.3,3.2,4.62,0.43,1.98,92.5,1.19,14,0,0.0,ZONE-09
0.2,39.9,69.1,8.4,3.71,0.54,1.8599999999999999,87.9,0.54,13,0,0.0,ZONE-10
3.2,70.6,158.9,74.2,3.7299999999999995,0.7899999999999999,2.5700000000000003,91.5,0.8400000000000001,8,1,39.9,ZONE-05
7.9,26.3,192.7,202.5,4.34,0.6699999999999999,2.69,94.4,0.78,8,1,62.3,ZONE-05
2.9,44.6,54.5,14.4,3.06,0.41000000000000003,2.75,81.7,0.2,11,0,0.0,ZONE-13
13.5,26.5,147.2,5.6,1.94,0.21,1.47,85.5,0.12000000000000001,17,1,79.2,ZONE-16
8.6,71.3,176.8,10.2,4.1,0.76,2.68,95.6,0.89,8,0,0.0,ZONE-05
5.5,29.6,37.4,206.6,4.73,0.6,2.11,93.5,1.23,14,0,0.0,ZONE-09
29.5,34.1,39.9,5.4,2.81,0.49,2.88,80.5,0.2,11,0,0.0,ZONE-13
28.8,34.2,58.4,35.7,4.05,0.69,2.42,95.7,0.79,8,0,0.0,ZONE-05
11.0,12.9,24.5,160.8,2.41,0.33999999999999997,1.2999999999999998,87.5,0.36000000000000004,18,1,63.5,ZONE-14
28.7,66.7,67.6,23.8,1.54,0.17,1.01,70.9,0.32999999999999996,16,1,72.5,ZONE-15
11.9,19.9,128.1,60.3,3.9899999999999998,0.61,1.96,87.1,0.51,13,1,33.8,ZONE-10
0.9,60.8,203.2,4.9,3.31,0.39,2.71,84.8,0.24000000000000002,11,1,69.3,ZONE-13
9.1,18.1,40.6,11.9,3.7299999999999995,0.6699999999999999,2.42,94.2,0.8400000000000001,8,0,0.0,ZONE-05
10.4,89.6,121.1,5.2,4.41,0.6,1.9300000000000002,96.8,1.25,14,0,0.0,ZONE-09
11.6,22.0,109.2,34.2,1.92,0.24,1.6,85.3,0.25,17,1,69.7,ZONE-16
2.6,7.9,73.8,18.5,2.37,0.36,1.53,87.0,0.22,17,1,60.6,ZONE-16
17.5,23.3,40.8,37.6,8.26,1.1099999999999999,3.23,76.7,2.59,5,0,0.0,ZONE-08
34.4,101.5,111.9,26.6,2.0,0.26,1.1099999999999999,73.0,0.32,16,1,79.5,ZONE-15
1.9,19.7,47.5,138.6,1.62,0.18000000000000002,1.01,71.5,0.22999999999999998,16,1,67.1,ZONE-15
31.9,44.0,74.5,135.9,3.48,0.54,2.08,87.3,0.52,13,1,40.8,ZONE-10
19.7,19.8,37.2,32.9,4.17,0.73,2.5300000000000002,92.8,0.89,8,0,0.0,ZONE-05
3.1,8.7,10.4,61.9,1.9700000000000002,0.26,1.5299999999999998,86.4,0.47000000000000003,18,1,38.8,ZONE-14
3.7,5.0,16.8,97.1,3.3400000000000003,0.35000000000000003,2.61,84.1,0.29000000000000004,11,0,0.0,ZONE-13
22.9,39.4,63.6,228.6,4.1499999999999995,0.6699999999999999,2.48,96.4,0.77,8,0,0.0,ZONE-05
2.7,8.8,24.3,11.4,2.0,0.19,1.19,69.9,0.32,16,0,0.0,ZONE-15
5.7,66.1,109.1,31.9,3.8499999999999996,0.58,2.11,90.5,0.46,13,1,40.3,ZONE-10
32.7,33.9,44.5,50.1,8.0,1.21,3.1500000000000004,81.10000000000001,2.42,5,0,0.0,ZONE-08
11.5,12.5,35.7,62.8,1.77,0.4,1.53,82.1,0.13,17,1,61.4,ZONE-16
14.4,39.8,57.2,5.9,2.04,0.27,1.39,86.4,0.16,17,1,68.8,ZONE-16
6.7,10.1,142.8,38.7,4.63,0.54,2.15,95.0,1.2,14,0,0.0,ZONE-09
4.6,40.9,71.9,22.3,1.78,0.27999999999999997,1.6,82.7,0.28,17,1,65.1,ZONE-16
20.1,70.6,120.9,2.9,3.12,0.30000000000000004,2.9299999999999997,83.6,0.23,11,1,50.8,ZONE-13
10.0,46.0,52.6,15.6,4.41,0.53,2.29,93.7,1.23,14,0,0.0,ZONE-09
25.7,26.2,89.1,38.5,7.81,1.22,3.4000000000000004,79.0,2.55,5,0,0.0,ZONE-08
7.1,7.3,84.3,26.8,1.96,0.25,1.43,88.3,0.32,18,1,69.3,ZONE-14
9.3,37.6,92.2,187.4,2.04,0.37,1.6400000000000001,82.0,0.17,17,1,79.1,ZONE-16
9.1,21.9,160.2,61.7,3.18,0.44,2.6799999999999997,79.8,0.11000000000000001,11,1,58.4,ZONE-13
4.2,7.6,90.8,27.0,4.069999999999999,0.74,2.58,92.0,0.74,8,0,0.0,ZONE-05
13.0,28.9,38.9,55.2,4.1,0.62,2.64,92.5,0.88,8,0,0.0,ZONE-05
0.8,14.1,49.7,34.4,3.0,0.44,2.63,83.5,0.24000000000000002,11,0,0.0,ZONE-13
16.6,60.6,127.0,2.4,2.29,0.4,1.6400000000000001,81.4,0.18000000000000002,17,1,71.9,ZONE-16
2.6,21.8,144.7,108.1,4.67,0.52,2.3000000000000003,95.5,1.19,14,0,0.0,ZONE-09
22.2,31.2,56.5,38.2,1.9300000000000002,0.27999999999999997,1.5299999999999998,90.1,0.37,18,1,70.2,ZONE-14
2.1,2.9,135.0,16.5,4.04,0.62,2.46,92.1,0.8700000000000001,8,0,0.0,ZONE-05
3.3,5.5,124.2,52.0,4.68,0.47,2.16,92.10000000000001,1.15,14,0,0.0,ZONE-09
13.2,73.8,92.9,58.3,3.8699999999999997,0.62,2.66,90.9,0.88,8,0,0.0,ZONE-05
0.5,5.7,85.8,87.3,4.3,0.75,2.54,94.6,0.77,8,0,0.0,ZONE-05
5.2,17.0,51.3,0.0,4.26,0.71,2.64,95.1,0.73,8,0,0.0,ZONE-05
3.3,9.1,22.1,98.4,1.42,0.28,1.23,73.3,0.26,16,1,57.4,ZONE-15
3.9,9.2,40.8,120.4,1.78,0.19,1.1199999999999999,73.5,0.33999999999999997,16,1,58.2,ZONE-15
3.3,5.3,25.1,82.6,2.09,0.15000000000000002,1.0899999999999999,74.1,0.32,16,1,41.1,ZONE-15
9.6,52.0,196.4,94.4,1.9100000000000001,0.33999999999999997,1.5,91.5,0.38,18,1,78.1,ZONE-14
11.1,28.1,29.9,249.3,3.58,0.43000000000000005,2.8299999999999996,82.0,0.2,11,0,0.0,ZONE-13
5.8,9.9,59.3,20.1,2.29,0.3,1.37,84.2,0.14,17,1,63.0,ZONE-16
10.6,32.7,59.3,108.5,2.23,0.21,1.2899999999999998,86.7,0.33,18,1,72.2,ZONE-14
3.7,18.6,53.3,65.4,4.62,0.47,2.08,96.7,1.28,14,0,0.0,ZONE-09
18.4,31.0,77.7,9.8,8.29,1.17,3.0100000000000002,79.2,2.59,5,0,0.0,ZONE-08
32.4,44.5,103.3,1.2,4.32,0.59,2.24,94.4,1.1199999999999999,14,0,0.0,ZONE-09
2.8,19.5,114.3,45.0,2.06,0.3,1.2999999999999998,90.3,0.34,18,1,79.2,ZONE-14
31.9,48.4,78.7,7.7,7.88,1.24,3.0700000000000003,81.30000000000001,2.45,5,0,0.0,ZONE-08
19.5,26.6,130.0,145.0,1.47,0.14,1.33,69.4,0.38,16,1,76.5,ZONE-15
34.4,52.8,103.7,90.4,1.87,0.25,1.5,88.4,0.32,18,1,79.8,ZONE-14
1.7,24.7,26.3,41.3,1.96,0.32999999999999996,1.2799999999999998,86.2,0.32,18,1,51.4,ZONE-14
2.0,7.1,27.5,34.0,8.18,1.16,3.0,78.0,2.58,5,0,0.0,ZONE-08
11.7,13.6,45.1,12.1,4.319999999999999,0.6399999999999999,2.72,94.2,0.79,8,0,0.0,ZONE-05
10.2,35.6,72.2,80.4,1.9000000000000001,0.27999999999999997,1.3099999999999998,89.3,0.37,18,1,73.0,ZONE-14
4.9,41.1,66.6,39.7,2.16,0.16,1.3499999999999999,70.5,0.26,16,1,62.3,ZONE-15
12.5,13.0,60.8,57.8,1.9000000000000001,0.12000000000000001,1.3,70.1,0.19999999999999998,16,1,67.0,ZONE-15
4.5,6.7,11.0,154.0,4.1,0.6399999999999999,2.7,94.5,0.7200000000000001,8,0,0.0,ZONE-05
14.0,17.4,37.3,53.9,3.9699999999999998,0.74,2.73,91.7,0.7200000000000001,8,0,0.0,ZONE-05
21.7,22.8,35.0,132.3,7.869999999999999,1.2,3.1300000000000003,78.60000000000001,2.42,5,0,0.0,ZONE-08
0.1,5.7,149.5,57.0,2.14,0.14,1.27,70.9,0.24,16,1,74.0,ZONE-15
3.6,5.3,6.6,16.8,3.4800000000000004,0.42000000000000004,2.6599999999999997,84.7,0.30000000000000004,11,0,0.0,ZONE-13
25.6,39.0,96.3,150.3,2.22,0.25,1.67,83.8,0.27,17,1,73.1,ZONE-16
6.3,11.6,44.4,143.2,3.04,0.45,2.9299999999999997,80.9,0.16,11,0,0.0,ZONE-13
19.6,21.3,74.4,50.9,2.21,0.19999999999999998,1.68,81.3,0.18000000000000002,17,1,69.3,ZONE-16
28.6,31.9,66.3,126.9,3.58,0.45,2.61,83.2,0.14,11,0,0.0,ZONE-13
6.3,22.7,26.0,19.6,1.6400000000000001,0.17,1.13,73.7,0.27,16,1,49.3,ZONE-15
4.7,77.3,92.2,37.1,8.34,1.22,3.18,77.0,2.41,5,0,0.0,ZONE-08
13.4,17.8,47.8,80.5,3.06,0.4,2.8899999999999997,81.8,0.29000000000000004,11,0,0.0,ZONE-13
24.2,48.8,98.6,8.1,2.3200000000000003,0.27999999999999997,1.5799999999999998,89.7,0.35000000000000003,18,1,77.6,ZONE-14
35.0,38.6,105.7,18.5,1.65,0.21,1.44,84.2,0.19,17,1,73.2,ZONE-16
32.5,64.3,127.4,14.8,3.8099999999999996,0.75,2.5300000000000002,95.2,0.78,8,0,0.0,ZONE-05
7.0,31.0,97.1,6.6,3.5,0.42000000000000004,2.8299999999999996,82.4,0.19,11,0,0.0,ZONE-13
39.4,94.6,108.8,103.8,3.86,0.65,1.9,89.2,0.46,13,1,55.6,ZONE-10
8.8,24.3,41.3,52.2,4.8,0.54,2.2,96.9,1.17,14,0,0.0,ZONE-09
15.7,28.9,73.5,72.1,4.3,0.6399999999999999,2.5300000000000002,91.9,0.77,8,0,0.0,ZONE-05
14.9,16.2,104.6,36.8,8.24,1.24,3.1,79.9,2.4,5,0,0.0,ZONE-08
3.7,10.6,40.3,130.7,4.61,0.49,2.22,96.0,1.27,14,0,0.0,ZONE-09
5.7,40.3,44.9,38.8,2.43,0.3,1.21,88.1,0.31000000000000005,18,1,61.2,ZONE-14
57.5,94.3,104.9,41.8,4.03,0.6,2.03,89.8,0.55,13,1,47.6,ZONE-10
3.2,16.4,84.6,88.5,4.53,0.56,2.24,91.7,1.28,14,0,0.0,ZONE-09
3.1,66.9,107.3,28.7,8.299999999999999,1.25,3.1700000000000004,77.10000000000001,2.49,5,0,0.0,ZONE-08
8.4,31.6,68.5,40.0,3.3200000000000003,0.31000000000000005,2.86,81.0,0.21000000000000002,11,0,0.0,ZONE-13
8.4,13.3,88.7,46.8,2.31,0.27999999999999997,1.42,84.7,0.18000000000000002,17,1,65.0,ZONE-16
1.7,38.0,159.3,176.6,3.7399999999999998,0.5499999999999999,1.89,90.0,0.47,13,1,71.4,ZONE-10
5.5,9.1,42.0,7.2,8.32,1.21,3.14,80.7,2.57,5,0,0.0,ZONE-08
32.6,37.7,50.8,31.3,2.95,0.33,2.7199999999999998,79.6,0.21000000000000002,11,0,0.0,ZONE-13
5.8,45.4,72.8,11.2,2.3200000000000003,0.31,1.5799999999999998,87.5,0.36000000000000004,18,1,63.1,ZONE-14
3.7,21.5,28.7,56.8,7.859999999999999,1.13,3.4000000000000004,76.80000000000001,2.58,5,0,0.0,ZONE-08
10.0,41.4,166.3,146.0,3.42,0.6799999999999999,2.18,86.7,0.59,13,1,65.6,ZONE-10
35.0,42.0,48.3,21.6,8.0,1.19,3.16,76.60000000000001,2.48,5,0,0.0,ZONE-08
27.1,116.5,204.8,7.0,4.17,0.44,2.27,95.5,1.1199999999999999,14,1,74.3,ZONE-09
35.3,49.1,49.5,35.0,4.85,0.55,2.04,97.2,1.18,14,0,0.0,ZONE-09
0.6,20.2,38.8,38.5,8.49,1.26,3.14,76.9,2.42,5,0,0.0,ZONE-08
11.4,62.2,111.0,34.2,3.7099999999999995,0.6799999999999999,2.5700000000000003,96.3,0.7200000000000001,8,0,0.0,ZONE-05
20.5,79.5,85.2,45.5,4.16,0.6699999999999999,1.97,91.1,0.46,13,0,0.0,ZONE-10
4.0,5.2,54.9,119.2,4.62,0.56,2.25,91.3,1.29,14,0,0.0,ZONE-09
2.1,43.9,130.3,147.4,3.44,0.6699999999999999,1.87,86.1,0.5,13,1,60.3,ZONE-10
3.7,62.3,79.7,48.2,4.31,0.61,2.72,95.7,0.8300000000000001,8,0,0.0,ZONE-05
0.6,1.7,59.0,35.3,3.8899999999999997,0.6599999999999999,1.97,87.0,0.5,13,0,0.0,ZONE-10
3.6,8.9,58.8,0.0,3.39,0.46,2.67,84.3,0.12000000000000001,11,0,0.0,ZONE-13
19.7,21.8,31.4,29.3,2.8200000000000003,0.34,2.76,81.2,0.27,11,0,0.0,ZONE-13
8.0,19.0,36.4,199.3,3.42,0.51,1.81,88.8,0.55,13,0,0.0,ZONE-10
12.3,12.9,38.2,124.8,3.5300000000000002,0.31000000000000005,2.75,82.6,0.21000000000000002,11,0,0.0,ZONE-13
4.3,6.8,70.7,55.9,2.8800000000000003,0.37,2.69,81.5,0.11000000000000001,11,0,0.0,ZONE-13
10.1,11.5,18.3,58.5,4.069999999999999,0.6799999999999999,2.7600000000000002,93.1,0.8700000000000001,8,0,0.0,ZONE-05
2.8,20.3,55.7,20.0,1.9500000000000002,0.29,1.5599999999999998,86.3,0.43000000000000005,18,1,58.4,ZONE-14
35.6,81.8,139.5,4.9,4.48,0.55,2.24,92.4,1.14,14,1,26.6,ZONE-09
1.3,18.3,26.2,229.7,2.98,0.32,2.6399999999999997,81.4,0.28,11,0,0.0,ZONE-13
2.1,18.8,39.2,61.2,4.3,0.45,2.19,93.0,1.24,14,0,0.0,ZONE-09
1.7,15.8,30.3,131.2,4.2299999999999995,0.7,2.63,95.8,0.8500000000000001,8,0,0.0,ZONE-05
0.5,61.8,142.3,21.2,3.06,0.37,2.6599999999999997,83.4,0.27,11,1,61.4,ZONE-13
18.7,19.5,172.8,44.9,2.11,0.36,1.69,81.1,0.23,17,1,79.6,ZONE-16
4.3,15.6,18.7,272.5,7.83,1.16,3.23,78.30000000000001,2.47,5,0,0.0,ZONE-08
0.5,27.1,53.4,178.5,1.96,0.24,1.55,84.3,0.12000000000000001,17,1,70.6,ZONE-16
3.4,22.4,52.0,72.8,3.67,0.6799999999999999,1.9,90.8,0.5,13,0,0.0,ZONE-10
0.8,6.2,17.1,80.4,4.2299999999999995,0.73,2.54,93.6,0.7100000000000001,8,0,0.0,ZONE-05
2.5,23.8,34.7,118.7,3.7399999999999998,0.51,2.02,86.6,0.6,13,0,0.0,ZONE-10
34.2,52.5,72.0,16.0,4.2,0.54,1.9500000000000002,93.3,1.19,14,0,0.0,ZONE-09
0.6,8.4,56.2,45.8,4.87,0.59,1.9700000000000002,96.10000000000001,1.28,14,0,0.0,ZONE-09
34.6,47.2,100.5,40.3,7.81,1.24,3.31,76.60000000000001,2.55,5,0,0.0,ZONE-08
8.6,16.4,43.7,38.2,3.25,0.41000000000000003,2.6199999999999997,82.2,0.21000000000000002,11,0,0.0,ZONE-13
14.7,85.3,103.3,2.6,3.1,0.32,2.67,82.8,0.22,11,1,47.9,ZONE-13
8.2,27.9,36.2,85.7,3.23,0.49,2.77,80.2,0.11000000000000001,11,0,0.0,ZONE-13
50.3,123.2,133.1,124.9,1.84,0.38,1.69,86.4,0.19,17,1,73.2,ZONE-16
14.6,29.7,64.7,113.7,1.4,0.15000000000000002,1.22,70.9,0.38,16,1,72.9,ZONE-15
7.9,19.6,50.2,51.9,4.15,0.48,1.96,96.10000000000001,1.25,14,0,0.0,ZONE-09
2.5,60.3,110.8,60.2,8.01,1.13,3.1700000000000004,78.9,2.45,5,0,0.0,ZONE-08
1.3,24.5,30.3,4.9,3.46,0.69,1.91,91.4,0.42,13,0,0.0,ZONE-10
9.0,21.9,61.9,5.6,2.96,0.33,2.71,81.0,0.23,11,0,0.0,ZONE-13
6.8,11.6,207.4,49.4,1.82,0.25,1.24,70.4,0.29,16,1,79.9,ZONE-15
14.0,23.8,28.3,223.5,3.8199999999999994,0.7799999999999999,2.7,94.8,0.88,8,0,0.0,ZONE-05
4.0,17.8,65.0,1.5,2.0100000000000002,0.38,1.25,88.3,0.42000000000000004,18,1,66.4,ZONE-14
19.9,39.1,53.8,3.8,4.31,0.6399999999999999,2.44,96.5,0.8200000000000001,8,0,0.0,ZONE-05
2.1,58.5,110.6,17.3,3.59,0.6699999999999999,2.0,90.2,0.49,13,1,32.5,ZONE-10
0.8,30.1,68.3,31.1,4.79,0.46,2.19,92.9,1.15,14,0,0.0,ZONE-09
5.4,11.5,61.3,211.7,3.7399999999999998,0.6699999999999999,2.19,86.5,0.42,13,0,0.0,ZONE-10
2.3,25.0,49.8,35.5,3.8899999999999997,0.7,2.64,94.5,0.7200000000000001,8,0,0.0,ZONE-05
3.5,47.1,77.0,47.0,4.1499999999999995,0.77,2.5500000000000003,93.6,0.89,8,0,0.0,ZONE-05
4.4,9.4,13.4,75.1,1.63,0.21999999999999997,1.6400000000000001,84.9,0.12000000000000001,17,1,50.9,ZONE-16
2.6,31.9,54.2,32.2,7.989999999999999,1.23,3.3600000000000003,77.9,2.48,5,0,0.0,ZONE-08
7.6,19.1,23.9,22.2,1.98,0.36,1.54,88.9,0.4,18,1,49.4,ZONE-14
13.1,40.5,55.7,37.0,2.14,0.21,1.53,81.1,0.29000000000000004,17,1,58.9,ZONE-16
2.6,8.5,9.5,136.2,2.24,0.35,1.6400000000000001,82.5,0.26,17,1,39.8,ZONE-16
2.8,9.3,24.1,8.2,7.92,1.26,3.1300000000000003,79.60000000000001,2.53,5,0,0.0,ZONE-08
12.2,14.2,20.7,62.1,2.97,0.45,2.82,80.9,0.18000000000000002,11,0,0.0,ZONE-13
5.0,35.8,72.5,17.7,4.02,0.53,2.0,86.5,0.47,13,0,0.0,ZONE-10
12.6,15.7,50.3,34.5,7.949999999999999,1.16,3.37,75.9,2.48,5,0,0.0,ZONE-08
3.7,26.9,119.2,409.0,4.21,0.75,2.48,95.6,0.8,8,1,53.5,ZONE-05
11.2,24.2,35.7,17.8,4.42,0.75,2.7800000000000002,92.4,0.7200000000000001,8,0,0.0,ZONE-05
7.8,19.2,129.5,27.6,2.13,0.24000000000000002,1.22,73.5,0.31,16,1,72.2,ZONE-15
5.6,17.7,99.2,63.1,4.26,0.42,2.14,96.5,1.18,14,0,0.0,ZONE-09
11.4,21.6,98.2,2.3,1.52,0.17,1.14,69.8,0.27999999999999997,16,1,74.9,ZONE-15
24.6,42.6,65.5,41.2,1.8900000000000001,0.29000000000000004,1.13,70.3,0.37,16,1,62.1,ZONE-15
13.2,13.5,105.9,35.5,3.33,0.35000000000000003,2.8,84.0,0.30000000000000004,11,0,0.0,ZONE-13
5.0,8.7,34.7,41.1,8.4,1.19,3.3200000000000003,76.30000000000001,2.46,5,0,0.0,ZONE-08
6.2,34.6,59.2,195.3,2.39,0.3,1.38,88.8,0.5,18,1,69.1,ZONE-14
11.0,52.2,57.4,30.4,3.4800000000000004,0.42000000000000004,2.8499999999999996,84.3,0.30000000000000004,11,0,0.0,ZONE-13
4.9,26.0,114.8,4.9,1.97,0.30000000000000004,1.3199999999999998,70.6,0.27,16,1,74.4,ZONE-15
0.9,48.4,59.2,66.3,7.96,1.17,3.3800000000000003,76.2,2.57,5,0,0.0,ZONE-08
9.4,54.1,60.1,8.3,8.34,1.22,3.04,80.9,2.6,5,0,0.0,ZONE-08
9.8,82.9,107.0,23.8,4.13,0.62,2.73,91.9,0.77,8,0,0.0,ZONE-05
11.2,77.8,159.4,324.0,8.07,1.21,3.02,79.10000000000001,2.5,5,0,0.0,ZONE-08
0.3,3.3,45.6,103.1,1.65,0.4,1.31,83.7,0.23,17,1,69.8,ZONE-16
4.0,10.8,80.4,3.5,4.39,0.6299999999999999,2.67,90.9,0.8400000000000001,8,0,0.0,ZONE-05
5.5,23.1,60.1,78.3,2.16,0.25,1.29,71.9,0.33999999999999997,16,1,63.1,ZONE-15
5.3,29.0,68.6,47.6,1.77,0.29,1.52,85.0,0.17,17,1,71.1,ZONE-16
12.3,19.8,23.8,7.6,1.72,0.31,1.57,82.9,0.1,17,1,51.4,ZONE-16
3.1,20.4,103.0,72.5,3.8699999999999997,0.65,1.83,86.4,0.48,13,0,0.0,ZONE-10
18.7,29.5,52.8,30.0,3.39,0.35000000000000003,2.84,83.6,0.14,11,0,0.0,ZONE-13
2.6,4.2,44.4,271.8,2.8200000000000003,0.49,2.8899999999999997,81.0,0.12000000000000001,11,1,30.6,ZONE-13
2.2,3.4,71.4,17.5,2.24,0.27999999999999997,1.49,86.1,0.14,17,1,60.9,ZONE-16
21.2,51.6,182.7,31.5,3.37,0.48000000000000004,2.8,80.1,0.18000000000000002,11,1,65.0,ZONE-13
13.0,28.6,73.4,35.8,4.37,0.55,2.11,91.3,1.22,14,0,0.0,ZONE-09
2.5,20.2,54.0,99.8,2.25,0.21999999999999997,1.2,91.4,0.30000000000000004,18,1,68.2,ZONE-14
16.0,43.3,48.7,76.5,1.42,0.28,1.23,74.2,0.39,16,1,64.1,ZONE-15
8.3,64.4,178.0,3.4,3.8499999999999996,0.6399999999999999,2.54,95.7,0.88,8,1,40.1,ZONE-05
20.6,21.6,42.2,46.9,3.5100000000000002,0.44,2.9499999999999997,80.1,0.13,11,0,0.0,ZONE-13
1.9,36.2,36.6,11.1,3.7199999999999998,0.61,2.62,96.2,0.89,8,0,0.0,ZONE-05
10.4,41.7,153.5,73.3,2.15,0.12000000000000001,1.27,72.5,0.22999999999999998,16,1,72.2,ZONE-15
13.4,25.9,26.0,7.7,8.18,1.3,3.37,81.0,2.59,5,0,0.0,ZONE-08
9.2,37.3,61.6,78.7,2.23,0.39,1.57,81.4,0.15000000000000002,17,1,62.8,ZONE-16
8.9,10.8,20.4,110.0,3.8499999999999996,0.6799999999999999,2.54,96.0,0.88,8,0,0.0,ZONE-05
15.5,71.8,77.4,277.7,4.78,0.42,2.16,96.7,1.21,14,1,35.5,ZONE-09
2.8,3.1,271.3,19.8,2.21,0.32999999999999996,1.41,81.8,0.25,17,1,74.9,ZONE-16
13.2,18.1,57.2,140.6,1.92,0.27999999999999997,1.5,83.9,0.16,17,1,71.5,ZONE-16
4.6,32.3,41.7,58.8,1.84,0.4,1.61,85.6,0.24000000000000002,17,1,61.3,ZONE-16
4.9,10.8,27.7,11.8,1.85,0.21999999999999997,1.5599999999999998,90.0,0.41000000000000003,18,1,46.0,ZONE-14
27.9,40.6,53.3,35.7,3.9899999999999998,0.61,1.82,87.8,0.44,13,0,0.0,ZONE-10
4.6,38.7,198.4,34.6,2.3600000000000003,0.33999999999999997,1.3699999999999999,88.6,0.47000000000000003,18,1,76.8,ZONE-14
23.7,44.6,52.3,70.4,2.43,0.21999999999999997,1.5799999999999998,90.9,0.44,18,1,61.9,ZONE-14
8.6,34.9,134.1,34.8,8.1,1.21,3.25,75.7,2.48,5,0,0.0,ZONE-08
27.8,62.5,92.7,55.5,4.84,0.4,2.0,96.10000000000001,1.27,14,0,0.0,ZONE-09
4.7,107.5,157.0,2.7,3.5900000000000003,0.47000000000000003,2.75,84.0,0.11000000000000001,11,1,60.7,ZONE-13
4.7,29.1,31.7,1.5,8.2,1.15,3.37,79.5,2.54,5,0,0.0,ZONE-08
7.2,17.3,43.3,18.3,1.56,0.28,1.29,70.6,0.33999999999999997,16,1,48.8,ZONE-15
2.2,31.4,63.9,13.4,1.9,0.37,1.38,85.7,0.15000000000000002,17,1,61.8,ZONE-16
4.6,27.0,30.4,9.6,1.63,0.35,1.35,85.1,0.11000000000000001,17,1,54.6,ZONE-16
0.9,42.7,105.5,84.0,3.52,0.4,2.67,81.0,0.29000000000000004,11,1,28.9,ZONE-13
15.1,42.8,72.0,61.7,1.83,0.26,1.6400000000000001,82.6,0.25,17,1,70.3,ZONE-16
0.5,24.8,92.5,41.6,8.459999999999999,1.21,3.2,76.2,2.6,5,0,0.0,ZONE-08
5.3,13.4,59.7,70.8,4.08,0.62,2.42,92.8,0.7200000000000001,8,0,0.0,ZONE-05
24.6,35.1,101.2,49.4,4.29,0.52,2.08,92.10000000000001,1.22,14,0,0.0,ZONE-09
25.7,44.5,77.3,51.7,2.23,0.3,1.5899999999999999,90.1,0.44,18,1,66.5,ZONE-14
16.6,100.2,103.6,3.3,2.46,0.27,1.5799999999999998,91.0,0.37,18,1,71.6,ZONE-14
33.3,52.2,95.1,39.5,2.0100000000000002,0.22999999999999998,1.3199999999999998,85.9,0.34,18,1,71.8,ZONE-14
1.2,37.7,99.6,22.4,3.7199999999999998,0.69,2.74,94.1,0.76,8,0,0.0,ZONE-05
4.4,49.9,53.3,127.8,2.91,0.49,2.6199999999999997,83.1,0.18000000000000002,11,0,0.0,ZONE-13
3.6,26.1,149.8,68.0,2.19,0.22999999999999998,1.5699999999999998,87.7,0.33,18,1,72.2,ZONE-14
6.4,35.6,54.6,19.5,7.699999999999999,1.0999999999999999,3.02,77.7,2.51,5,0,0.0,ZONE-08
68.5,103.2,149.8,26.3,8.31,1.1099999999999999,3.22,75.5,2.56,5,0,0.0,ZONE-08
0.6,1.4,37.8,86.1,4.449999999999999,0.73,2.5100000000000002,94.2,0.79,8,0,0.0,ZONE-05
9.3,55.2,56.7,27.4,8.25,1.22,3.14,81.30000000000001,2.49,5,0,0.0,ZONE-08
3.2,18.0,21.4,184.9,3.16,0.48000000000000004,2.69,80.7,0.25,11,0,0.0,ZONE-13
3.0,66.9,91.9,254.1,2.4,0.38,1.45,81.1,0.26,17,1,72.4,ZONE-16
9.7,76.5,76.7,82.8,4.029999999999999,0.7799999999999999,2.74,96.4,0.73,8,0,0.0,ZONE-05
28.0,31.8,36.3,33.2,3.57,0.58,2.15,88.8,0.49,13,0,0.0,ZONE-10
32.6,52.1,85.8,9.1,1.97,0.27,1.57,81.8,0.21000000000000002,17,1,69.5,ZONE-16
0.0,41.5,45.6,60.3,8.15,1.29,3.29,80.10000000000001,2.47,5,0,0.0,ZONE-08
29.5,35.4,84.6,4.9,4.14,0.75,2.56,94.4,0.74,8,0,0.0,ZONE-05
11.1,15.6,75.5,21.5,3.18,0.41000000000000003,2.78,84.4,0.29000000000000004,11,0,0.0,ZONE-13
7.5,30.4,38.9,81.2,1.6400000000000001,0.24,1.52,81.9,0.18000000000000002,17,1,66.9,ZONE-16
4.3,31.4,39.2,69.9,3.5500000000000003,0.30000000000000004,2.6799999999999997,82.4,0.13,11,0,0.0,ZONE-13
1.6,15.5,28.3,82.8,3.31,0.42000000000000004,2.92,79.9,0.16,11,0,0.0,ZONE-13
3.6,57.0,157.1,13.1,8.389999999999999,1.13,3.37,77.30000000000001,2.59,5,0,0.0,ZONE-08
11.4,13.7,36.1,75.0,2.24,0.36,1.23,85.6,0.47000000000000003,18,1,49.6,ZONE-14
12.9,37.4,52.3,28.5,4.35,0.58,1.98,92.10000000000001,1.14,14,0,0.0,ZONE-09
1.3,33.0,64.5,74.0,4.39,0.58,2.13,96.2,1.2,14,0,0.0,ZONE-09
3.4,13.2,31.5,1.6,3.0300000000000002,0.32,2.82,84.4,0.13,11,0,0.0,ZONE-13
5.0,45.7,148.1,43.8,1.69,0.38,1.46,84.4,0.23,17,1,78.4,ZONE-16
7.3,8.1,103.2,0.8,1.95,0.28,1.39,73.0,0.22999999999999998,16,1,66.7,ZONE-15
34.8,51.6,70.4,154.8,1.81,0.27999999999999997,1.3499999999999999,86.5,0.30000000000000004,18,1,77.5,ZONE-14
0.3,22.1,57.9,14.9,4.14,0.62,1.87,91.4,0.59,13,0,0.0,ZONE-10
6.7,33.1,91.5,0.0,4.109999999999999,0.7,2.15,86.4,0.43,13,0,0.0,ZONE-10
33.1,37.6,49.6,18.3,1.94,0.28,1.04,74.6,0.39,16,1,55.3,ZONE-15
0.5,3.8,197.0,22.7,3.63,0.6599999999999999,2.11,88.1,0.6,13,1,63.6,ZONE-10
1.5,4.3,61.5,115.7,2.39,0.27,1.4,84.1,0.30000000000000004,17,1,68.5,ZONE-16
3.6,4.1,15.5,3.5,2.0900000000000003,0.38,1.22,86.9,0.36000000000000004,18,1,32.3,ZONE-14
1.3,15.4,27.2,43.5,1.87,0.25,1.7,84.9,0.23,17,1,48.0,ZONE-16
3.5,74.1,180.5,50.2,1.8,0.4,1.45,89.9,0.30000000000000004,18,1,75.7,ZONE-14
5.3,17.3,41.2,78.0,3.9999999999999996,0.61,2.67,94.7,0.77,8,0,0.0,ZONE-05
7.2,55.8,185.6,24.6,1.93,0.27,1.68,85.3,0.21000000000000002,17,1,76.6,ZONE-16
9.9,12.4,22.5,32.0,1.47,0.19,1.27,73.8,0.38,16,1,48.1,ZONE-15
2.8,55.1,62.9,36.5,4.12,0.43,2.2,92.7,1.14,14,0,0.0,ZONE-09
11.2,40.6,62.3,122.0,4.22,0.56,2.21,96.4,1.0999999999999999,14,0,0.0,ZONE-09
10.1,24.6,27.7,37.5,2.29,0.27,1.5599999999999998,85.9,0.42000000000000004,18,1,49.1,ZONE-14
20.6,44.4,124.7,40.9,4.199999999999999,0.6699999999999999,2.67,94.2,0.7100000000000001,8,0,0.0,ZONE-05
1.5,1.8,18.1,71.8,2.96,0.45,2.63,79.6,0.29000000000000004,11,0,0.0,ZONE-13
18.7,27.5,58.3,32.8,2.0500000000000003,0.33999999999999997,1.2799999999999998,89.8,0.38,18,1,68.2,ZONE-14
6.3,12.9,19.5,13.1,8.08,1.14,3.4000000000000004,79.0,2.44,5,0,0.0,ZONE-08
0.7,6.2,6.6,59.2,1.99,0.22,1.3399999999999999,71.7,0.3,16,0,0.0,ZONE-15
4.6,95.0,104.7,25.5,4.24,0.44,1.96,94.5,1.29,14,0,0.0,ZONE-09
5.3,5.5,87.7,2.0,4.66,0.42,1.9700000000000002,93.10000000000001,1.3,14,0,0.0,ZONE-09
33.8,89.5,124.0,47.1,3.12,0.47000000000000003,2.7199999999999998,81.5,0.23,11,1,57.1,ZONE-13
12.7,24.9,71.8,2.7,2.06,0.25,1.21,72.9,0.39,16,1,54.8,ZONE-15
0.7,16.0,51.9,131.3,2.85,0.31000000000000005,2.7399999999999998,83.4,0.22,11,0,0.0,ZONE-13
1.3,44.5,55.1,30.1,1.66,0.35,1.59,81.1,0.25,17,1,61.0,ZONE-16
4.6,17.4,24.7,42.0,3.96,0.62,2.18,89.4,0.55,13,0,0.0,ZONE-10
19.4,34.0,64.4,113.3,3.76,0.65,1.99,89.0,0.55,13,0,0.0,ZONE-10
14.7,31.6,45.0,129.7,3.84,0.65,1.89,87.0,0.54,13,0,0.0,ZONE-10
10.3,16.5,30.6,97.5,1.97,0.29,1.67,86.1,0.29000000000000004,17,1,57.3,ZONE-16
0.5,121.5,127.8,95.4,4.06,0.6299999999999999,2.7,93.0,0.7000000000000001,8,1,31.4,ZONE-05
6.0,22.9,118.6,32.0,3.71,0.6699999999999999,1.8599999999999999,88.2,0.49,13,1,36.6,ZONE-10
9.3,10.6,10.7,16.8,2.92,0.49,2.69,79.1,0.19,11,0,0.0,ZONE-13
13.7,16.9,22.3,31.8,1.67,0.1,1.16,70.8,0.39,16,1,43.7,ZONE-15
12.5,43.6,52.4,5.0,7.85,1.22,3.2,78.0,2.57,5,0,0.0,ZONE-08
33.8,41.4,127.8,119.5,4.4799999999999995,0.61,2.7800000000000002,90.9,0.76,8,0,0.0,ZONE-05
17.8,22.4,100.0,88.0,4.1899999999999995,0.6299999999999999,2.61,93.5,0.74,8,0,0.0,ZONE-05
10.9,21.2,34.9,7.8,3.7099999999999995,0.6599999999999999,2.46,94.3,0.8400000000000001,8,0,0.0,ZONE-05
8.6,30.6,50.6,38.7,2.09,0.32,1.51,83.0,0.17,17,1,63.3,ZONE-16
5.4,31.0,135.2,10.7,3.1,0.49,2.63,81.7,0.18000000000000002,11,1,43.1,ZONE-13
5.8,9.6,53.7,78.3,3.9499999999999997,0.6799999999999999,2.16,89.8,0.58,13,0,0.0,ZONE-10
32.2,40.4,175.4,3.9,4.33,0.71,2.63,92.5,0.74,8,0,0.0,ZONE-05
11.1,12.6,113.5,45.3,3.5700000000000003,0.46,2.8299999999999996,84.5,0.24000000000000002,11,0,0.0,ZONE-13
13.3,57.8,65.1,2.4,8.35,1.15,3.23,80.7,2.46,5,0,0.0,ZONE-08
25.3,34.8,41.0,37.9,4.41,0.43,2.0300000000000002,94.4,1.19,14,0,0.0,ZONE-09
10.9,11.7,26.2,2.0,1.4500000000000002,0.18000000000000002,1.08,73.6,0.33999999999999997,16,1,44.6,ZONE-15
6.5,62.9,245.3,60.8,2.08,0.24,1.2,87.6,0.42000000000000004,18,1,77.6,ZONE-14
2.1,61.2,93.9,10.0,2.17,0.2,1.13,74.3,0.24,16,1,74.0,ZONE-15
30.6,66.0,125.2,74.1,8.469999999999999,1.22,3.0500000000000003,79.80000000000001,2.55,5,0,0.0,ZONE-08
2.7,8.6,61.1,14.9,8.12,1.2,3.1,77.7,2.54,5,0,0.0,ZONE-08
6.9,45.0,114.0,36.2,1.9400000000000002,0.24,1.3199999999999998,85.7,0.43000000000000005,18,1,74.3,ZONE-14
18.9,64.5,112.4,15.6,3.77,0.6799999999999999,1.8599999999999999,89.8,0.51,13,1,40.3,ZONE-10
3.8,13.3,18.9,19.1,3.4899999999999998,0.5499999999999999,1.91,90.2,0.49,13,0,0.0,ZONE-10
2.8,18.0,125.6,6.6,3.27,0.36000000000000004,2.61,79.3,0.17,11,1,33.5,ZONE-13
15.3,44.4,48.9,153.5,3.0500000000000003,0.44,2.82,82.8,0.23,11,0,0.0,ZONE-13
10.1,21.4,85.0,17.9,1.74,0.32,1.6,84.9,0.16,17,1,73.7,ZONE-16
14.2,15.2,97.5,35.7,2.41,0.21,1.49,86.3,0.31000000000000005,18,1,66.9,ZONE-14
12.2,18.5,69.4,88.8,2.8800000000000003,0.33,2.8899999999999997,79.6,0.17,11,0,0.0,ZONE-13
7.7,31.7,59.1,134.7,3.67,0.58,2.1,89.0,0.51,13,0,0.0,ZONE-10
8.3,54.4,127.1,31.7,2.11,0.27999999999999997,1.3599999999999999,85.9,0.26,17,1,75.1,ZONE-16
3.1,16.1,94.8,15.5,4.71,0.5700000000000001,1.99,91.5,1.24,14,0,0.0,ZONE-09
8.9,49.9,69.5,61.7,1.7400000000000002,0.37,1.2899999999999998,85.8,0.34,18,1,70.1,ZONE-14
3.4,6.3,77.5,6.3,3.56,0.33,2.73,81.3,0.23,11,0,0.0,ZONE-13
3.8,52.1,71.2,216.8,1.62,0.35,1.5,85.0,0.24000000000000002,17,1,76.3,ZONE-16
46.8,54.6,56.5,73.3,1.86,0.21,1.2899999999999998,88.4,0.37,18,1,69.4,ZONE-14
7.2,9.9,65.2,1.9,3.8099999999999996,0.6699999999999999,1.96,86.9,0.4,13,0,0.0,ZONE-10
24.5,28.2,34.3,11.6,1.61,0.17,1.16,74.0,0.35,16,1,51.7,ZONE-15
38.7,68.2,140.9,30.4,7.96,1.15,3.0500000000000003,77.10000000000001,2.41,5,0,0.0,ZONE-08
4.9,11.6,41.1,48.2,1.76,0.21999999999999997,1.45,81.6,0.29000000000000004,17,1,55.7,ZONE-16
12.0,19.4,153.0,11.2,2.0700000000000003,0.23,1.3499999999999999,73.9,0.27,16,1,70.5,ZONE-15
40.5,40.9,70.4,24.3,8.15,1.28,3.1,78.5,2.46,5,0,0.0,ZONE-08
7.2,28.3,54.0,32.2,8.36,1.27,3.08,81.10000000000001,2.48,5,0,0.0,ZONE-08
15.8,44.7,125.3,17.3,3.77,0.58,2.1,91.5,0.5,13,1,43.8,ZONE-10
11.3,33.3,54.1,39.9,7.76,1.1199999999999999,3.0,75.60000000000001,2.41,5,0,0.0,ZONE-08
4.5,8.3,19.1,6.7,2.46,0.39,1.3199999999999998,87.8,0.41000000000000003,18,0,0.0,ZONE-14
13.8,40.8,176.2,78.5,2.8800000000000003,0.37,2.86,84.8,0.25,11,1,70.7,ZONE-13
0.6,54.5,143.8,35.1,1.73,0.1,1.31,74.4,0.26,16,1,73.7,ZONE-15
10.6,103.9,138.1,141.4,7.8,1.23,3.3800000000000003,80.2,2.58,5,0,0.0,ZONE-08
1.0,6.3,32.5,52.7,3.84,0.62,2.69,93.2,0.88,8,0,0.0,ZONE-05
20.3,131.4,153.6,2.9,1.62,0.24000000000000002,1.19,73.4,0.22999999999999998,16,1,72.4,ZONE-15
19.4,42.6,52.6,41.0,1.62,0.3,1.63,83.5,0.29000000000000004,17,1,68.2,ZONE-16
16.3,53.1,84.3,21.8,2.23,0.39,1.5499999999999998,89.8,0.44,18,1,67.4,ZONE-14
43.7,70.9,94.5,19.7,1.42,0.15000000000000002,1.3499999999999999,70.4,0.29,16,1,69.7,ZONE-15
15.8,22.7,31.2,45.3,2.4,0.37,1.3699999999999999,91.2,0.4,18,1,47.9,ZONE-14
4.1,28.9,34.5,63.8,1.9300000000000002,0.21999999999999997,1.3499999999999999,90.4,0.41000000000000003,18,1,62.3,ZONE-14
4.0,4.0,10.1,162.7,3.98,0.61,1.93,89.8,0.48,13,0,0.0,ZONE-10
24.2,30.9,98.7,56.3,1.9,0.4,1.61,81.9,0.23,17,1,77.2,ZONE-16
42.4,54.1,105.6,3.9,1.89,0.29,1.54,86.3,0.17,17,1,73.6,ZONE-16
6.1,89.1,123.9,20.4,4.06,0.71,2.67,95.8,0.77,8,0,0.0,ZONE-05
1.5,31.9,78.5,28.1,3.2800000000000002,0.41000000000000003,2.9299999999999997,80.0,0.26,11,0,0.0,ZONE-13
36.2,36.8,53.1,152.4,3.58,0.46,2.9299999999999997,81.4,0.26,11,0,0.0,ZONE-13
4.6,11.9,46.3,104.2,4.89,0.51,2.11,94.7,1.15,14,0,0.0,ZONE-09
1.3,72.9,144.2,12.0,3.39,0.44,2.92,81.9,0.17,11,1,56.3,ZONE-13
14.9,27.1,50.3,91.8,3.84,0.58,2.06,88.4,0.52,13,0,0.0,ZONE-10
39.5,42.9,67.5,39.3,2.15,0.4,1.39,84.9,0.13,17,1,72.3,ZONE-16
5.7,17.0,19.4,69.4,8.27,1.28,3.39,80.2,2.5,5,0,0.0,ZONE-08
6.9,12.3,88.5,97.3,4.66,0.46,2.2,93.0,1.14,14,0,0.0,ZONE-09
8.0,16.9,62.6,20.4,4.86,0.44,1.9100000000000001,93.0,1.14,14,0,0.0,ZONE-09
3.2,36.0,37.9,6.0,4.15,0.49,1.9500000000000002,96.9,1.23,14,0,0.0,ZONE-09
0.1,4.2,7.4,328.4,2.2600000000000002,0.26,1.3599999999999999,86.8,0.39,18,1,69.8,ZONE-14
4.1,8.1,20.5,165.1,4.21,0.72,2.67,96.4,0.8,8,0,0.0,ZONE-05
8.8,20.1,113.1,30.2,3.42,0.64,2.14,88.3,0.51,13,1,27.8,ZONE-10
4.9,10.7,32.1,22.8,4.16,0.64,2.2,88.3,0.59,13,0,0.0,ZONE-10
13.6,22.1,60.8,4.1,4.48,0.51,1.9300000000000002,95.5,1.24,14,0,0.0,ZONE-09
2.5,15.6,140.0,28.4,4.46,0.55,2.0,97.10000000000001,1.1099999999999999,14,0,0.0,ZONE-09
13.1,20.5,26.6,3.6,1.84,0.24000000000000002,1.18,72.7,0.21999999999999997,16,1,42.9,ZONE-15
4.4,8.7,17.3,85.8,2.45,0.29,1.4,88.3,0.44,18,1,39.8,ZONE-14
0.2,20.6,42.1,42.4,1.9000000000000001,0.21999999999999997,1.41,86.5,0.39,18,1,64.4,ZONE-14
9.9,19.3,35.0,79.3,1.9300000000000002,0.27,1.24,86.4,0.47000000000000003,18,1,58.6,ZONE-14
24.6,29.9,34.5,136.8,3.8999999999999995,0.6799999999999999,2.7,94.4,0.74,8,0,0.0,ZONE-05
5.2,25.2,45.3,8.1,1.6400000000000001,0.24,1.44,85.1,0.27,17,1,59.0,ZONE-16
10.7,29.3,39.5,36.1,4.35,0.7899999999999999,2.45,91.5,0.73,8,0,0.0,ZONE-05
19.1,41.4,46.0,47.6,2.0500000000000003,0.27,1.48,85.6,0.41000000000000003,18,1,65.8,ZONE-14
14.6,53.9,98.5,9.9,4.43,0.41000000000000003,2.0700000000000003,95.4,1.1099999999999999,14,0,0.0,ZONE-09
14.9,43.2,44.3,31.8,4.31,0.59,2.04,93.60000000000001,1.28,14,0,0.0,ZONE-09
4.9,32.6,43.6,53.6,2.9000000000000004,0.33,2.8299999999999996,83.0,0.19,11,0,0.0,ZONE-13
29.3,69.3,183.8,230.4,3.8499999999999996,0.6,2.19,89.9,0.52,13,1,71.7,ZONE-10
0.1,24.5,48.5,117.9,1.8900000000000001,0.22999999999999998,1.25,89.7,0.30000000000000004,18,1,67.1,ZONE-14
3.5,102.6,145.4,94.7,1.79,0.32999999999999996,1.43,85.6,0.48000000000000004,18,1,73.1,ZONE-14
1.1,6.2,70.1,1.3,8.389999999999999,1.26,3.08,78.2,2.5,5,0,0.0,ZONE-08
20.4,20.8,69.0,27.3,4.24,0.51,2.15,96.4,1.1099999999999999,14,0,0.0,ZONE-09
11.3,41.1,60.0,6.9,3.49,0.33,2.9,81.9,0.30000000000000004,11,0,0.0,ZONE-13
0.9,23.1,56.2,81.3,4.55,0.45,2.2,96.2,1.17,14,0,0.0,ZONE-09
8.6,22.3,45.1,1.6,8.36,1.18,3.3000000000000003,75.7,2.46,5,0,0.0,ZONE-08
4.9,98.2,191.3,24.0,1.62,0.32999999999999996,1.67,83.3,0.22,17,1,80.6,ZONE-16
10.6,57.6,83.8,1.1,3.18,0.49,2.8,81.4,0.27,11,0,0.0,ZONE-13
0.9,18.8,175.8,70.9,2.99,0.4,2.8,79.5,0.22,11,1,66.4,ZONE-13
0.9,6.1,72.5,110.5,4.66,0.56,2.21,91.4,1.16,14,0,0.0,ZONE-09
11.5,37.4,38.7,105.8,1.77,0.26,1.3699999999999999,70.8,0.31,16,1,59.1,ZONE-15
18.6,26.1,81.6,14.5,2.08,0.19,1.2,73.5,0.37,16,1,65.5,ZONE-15
0.5,6.1,15.0,24.7,3.18,0.32,2.8,81.1,0.2,11,0,0.0,ZONE-13
6.5,24.3,53.4,18.9,4.3,0.45,2.0100000000000002,92.9,1.2,14,0,0.0,ZONE-09
0.4,23.6,46.3,21.3,4.14,0.5599999999999999,1.9,87.1,0.59,13,0,0.0,ZONE-10
24.2,58.5,146.3,41.0,8.36,1.2,3.16,77.0,2.48,5,0,0.0,ZONE-08
1.7,31.5,41.9,34.9,8.31,1.28,3.06,80.0,2.46,5,0,0.0,ZONE-08
0.8,44.4,50.5,140.0,3.9699999999999998,0.61,1.88,88.8,0.5,13,0,0.0,ZONE-10
24.0,39.6,101.0,58.0,4.68,0.58,2.16,92.4,1.26,14,0,0.0,ZONE-09
19.5,33.6,102.9,37.2,3.55,0.63,2.0,87.5,0.5,13,1,29.1,ZONE-10
34.0,50.7,78.6,92.2,4.13,0.6299999999999999,2.64,92.0,0.89,8,0,0.0,ZONE-05
20.7,40.9,49.8,37.8,1.6,0.24,1.67,86.6,0.19,17,1,74.1,ZONE-16
41.3,76.3,151.3,2.0,1.81,0.18000000000000002,1.1099999999999999,74.9,0.32999999999999996,16,1,76.3,ZONE-15
7.6,33.6,113.3,3.0,4.48,0.48,1.9500000000000002,92.3,1.17,14,0,0.0,ZONE-09
23.0,42.9,52.8,22.9,1.73,0.21,1.24,88.7,0.33,18,1,66.8,ZONE-14
4.0,22.9,25.3,10.4,1.76,0.38,1.53,81.1,0.17,17,1,46.9,ZONE-16
20.1,23.7,35.7,36.2,1.6300000000000001,0.15000000000000002,1.0899999999999999,72.6,0.35,16,1,60.9,ZONE-15
8.7,44.8,71.5,93.6,4.07,0.53,2.02,87.9,0.44,13,0,0.0,ZONE-10
11.6,14.6,22.2,34.5,1.76,0.32,1.68,81.5,0.25,17,1,49.2,ZONE-16
6.1,40.1,79.2,29.5,2.05,0.12000000000000001,1.0999999999999999,71.4,0.25,16,1,69.5,ZONE-15
2.2,8.6,47.2,33.0,3.5300000000000002,0.36000000000000004,2.5999999999999996,83.0,0.19,11,0,0.0,ZONE-13
8.7,13.4,62.3,114.9,1.96,0.25,1.6400000000000001,83.5,0.19,17,1,66.3,ZONE-16
3.6,20.5,187.5,24.3,2.2800000000000002,0.35,1.31,85.6,0.14,17,1,78.3,ZONE-16
10.8,13.2,55.1,5.6,2.23,0.3,1.43,84.0,0.22,17,1,58.2,ZONE-16
38.4,69.8,139.6,73.1,8.0,1.24,3.24,79.60000000000001,2.48,5,0,0.0,ZONE-08
10.7,25.6,113.6,188.6,1.77,0.26,1.46,82.5,0.16,17,1,73.7,ZONE-16
8.3,75.3,114.7,46.4,4.47,0.74,2.63,94.4,0.7100000000000001,8,0,0.0,ZONE-05
7.3,13.2,13.4,16.6,2.0100000000000002,0.27,1.3499999999999999,88.4,0.44,18,1,42.7,ZONE-14
8.6,20.5,47.3,236.7,4.45,0.47,2.0100000000000002,96.7,1.15,14,0,0.0,ZONE-09
5.2,20.2,26.6,2.9,2.93,0.47000000000000003,2.86,82.6,0.26,11,0,0.0,ZONE-13
17.9,39.0,103.4,9.7,2.48,0.27,1.5,86.0,0.48000000000000004,18,1,66.4,ZONE-14
10.2,17.5,29.1,0.7,1.9000000000000001,0.31,1.2999999999999998,86.4,0.33,18,1,50.0,ZONE-14
1.7,11.0,16.6,255.5,2.98,0.36000000000000004,2.8099999999999996,80.4,0.12000000000000001,11,0,0.0,ZONE-13
4.4,7.9,17.9,53.2,2.16,0.36,1.5499999999999998,90.7,0.45,18,1,37.0,ZONE-14
0.8,50.4,197.0,17.0,4.449999999999999,0.7799999999999999,2.49,95.3,0.74,8,1,38.7,ZONE-05
7.2,7.8,53.9,32.1,4.72,0.45,2.21,94.4,1.26,14,0,0.0,ZONE-09
3.8,9.6,57.4,32.3,3.98,0.53,2.17,87.5,0.4,13,0,0.0,ZONE-10
2.4,31.6,69.1,117.4,3.41,0.4,2.61,82.0,0.11000000000000001,11,0,0.0,ZONE-13
1.5,40.0,90.4,7.3,2.93,0.39,2.94,80.5,0.22,11,0,0.0,ZONE-13
14.2,28.8,159.3,9.2,3.86,0.5599999999999999,1.9,87.1,0.42,13,1,54.1,ZONE-10
12.4,24.4,165.8,24.0,1.75,0.27999999999999997,1.2,88.3,0.46,18,1,78.3,ZONE-14
39.3,97.2,111.4,97.6,2.04,0.35,1.66,83.8,0.23,17,1,76.4,ZONE-16
65.1,72.4,98.2,44.1,2.2,0.3,1.46,84.0,0.2,17,1,78.3,ZONE-16
4.2,4.6,15.8,19.9,7.76,1.3,3.3400000000000003,76.10000000000001,2.58,5,0,0.0,ZONE-08
7.0,11.7,104.7,73.2,1.9,0.27,1.43,82.2,0.1,17,1,73.9,ZONE-16
1.1,27.4,75.1,187.7,3.16,0.42000000000000004,2.9,79.8,0.26,11,1,29.6,ZONE-13
0.0,7.1,125.4,161.4,2.81,0.35000000000000003,2.78,81.9,0.19,11,1,61.9,ZONE-13
15.3,51.6,55.9,43.3,8.07,1.18,3.02,81.10000000000001,2.58,5,0,0.0,ZONE-08
3.2,8.2,83.0,8.7,4.34,0.41000000000000003,2.0900000000000003,93.5,1.23,14,0,0.0,ZONE-09
7.6,77.3,86.6,229.0,1.66,0.26,1.63,84.3,0.11000000000000001,17,1,81.4,ZONE-16
62.0,82.3,90.7,22.8,3.7499999999999996,0.6699999999999999,2.52,93.5,0.7000000000000001,8,0,0.0,ZONE-05
6.6,15.9,30.7,215.0,4.22,0.54,2.0100000000000002,91.3,1.14,14,0,0.0,ZONE-09
2.0,35.0,35.0,54.4,3.42,0.58,2.12,88.8,0.52,13,0,0.0,ZONE-10
29.7,38.2,47.4,63.3,1.69,0.26,1.23,74.3,0.35,16,1,63.9,ZONE-15
15.0,44.1,61.4,17.4,2.23,0.31,1.5,88.5,0.5,18,1,59.6,ZONE-14
37.5,101.7,129.2,112.3,1.8599999999999999,0.33999999999999997,1.59,84.8,0.13,17,1,79.4,ZONE-16
7.2,21.0,28.7,33.4,7.77,1.18,3.16,75.7,2.46,5,0,0.0,ZONE-08
9.3,9.9,36.3,91.2,2.96,0.41000000000000003,2.77,84.0,0.13,11,0,0.0,ZONE-13
13.7,38.9,147.0,1.1,2.19,0.14,1.4,70.0,0.21,16,1,77.0,ZONE-15
9.8,48.5,83.6,23.5,4.28,0.58,1.9700000000000002,95.2,1.1199999999999999,14,0,0.0,ZONE-09
1.8,56.4,85.0,126.3,4.35,0.6699999999999999,2.69,92.7,0.79,8,0,0.0,ZONE-05
10.6,38.6,112.0,64.6,1.86,0.21000000000000002,1.3599999999999999,73.5,0.32999999999999996,16,1,72.3,ZONE-15
6.1,24.1,97.2,28.1,3.33,0.47000000000000003,2.84,83.1,0.26,11,0,0.0,ZONE-13
5.9,8.4,119.1,5.7,7.88,1.0999999999999999,3.1900000000000004,77.4,2.5,5,0,0.0,ZONE-08
12.5,25.8,49.2,68.3,4.4799999999999995,0.7999999999999999,2.42,94.1,0.8600000000000001,8,0,0.0,ZONE-05
0.8,23.3,89.8,105.7,1.49,0.13,1.0899999999999999,73.7,0.38,16,1,71.5,ZONE-15
2.2,59.1,107.1,128.2,3.54,0.44,2.8,81.5,0.18000000000000002,11,1,46.4,ZONE-13
8.0,27.5,140.6,138.1,1.46,0.13,1.19,74.6,0.21,16,1,74.8,ZONE-15
7.1,15.1,37.6,29.4,2.0500000000000003,0.36,1.2599999999999998,88.3,0.31000000000000005,18,1,61.0,ZONE-14
4.1,11.9,100.7,4.3,4.35,0.5,2.3000000000000003,96.8,1.18,14,0,0.0,ZONE-09
13.6,18.3,37.3,3.8,8.02,1.27,3.1100000000000003,79.10000000000001,2.43,5,0,0.0,ZONE-08
3.8,40.4,137.7,15.0,3.2800000000000002,0.42000000000000004,2.94,79.6,0.12000000000000001,11,1,46.8,ZONE-13
7.5,23.4,116.5,86.3,3.23,0.4,2.6399999999999997,84.8,0.26,11,1,47.0,ZONE-13
8.6,36.4,121.0,0.6,1.7000000000000002,0.24,1.25,91.4,0.37,18,1,77.6,ZONE-14
6.2,65.6,126.3,47.0,3.9299999999999997,0.52,1.87,87.9,0.42,13,1,57.8,ZONE-10
9.1,19.8,52.9,63.9,4.89,0.52,2.23,92.4,1.13,14,0,0.0,ZONE-09
6.5,37.8,126.7,10.1,2.26,0.3,1.41,82.7,0.27,17,1,69.7,ZONE-16
7.2,20.3,72.6,17.3,1.51,0.19,1.3399999999999999,69.9,0.36,16,1,64.2,ZONE-15
12.3,64.8,89.2,145.2,4.1899999999999995,0.74,2.41,95.6,0.8300000000000001,8,0,0.0,ZONE-05
59.8,62.6,74.5,180.2,4.35,0.6699999999999999,2.6,92.3,0.8400000000000001,8,0,0.0,ZONE-05
38.1,40.7,41.4,10.5,1.93,0.39,1.62,86.1,0.23,17,1,57.1,ZONE-16
66.3,71.3,102.7,113.2,3.8199999999999994,0.6299999999999999,2.43,94.0,0.7200000000000001,8,0,0.0,ZONE-05
0.2,23.4,38.0,119.0,4.9,0.43,2.19,92.9,1.17,14,0,0.0,ZONE-09
4.0,33.0,83.5,15.0,3.86,0.64,1.97,86.7,0.53,13,0,0.0,ZONE-10
0.4,13.6,29.0,99.3,2.15,0.14,1.19,69.2,0.22999999999999998,16,1,44.9,ZONE-15
19.3,34.6,76.6,55.6,4.14,0.5700000000000001,2.22,93.5,1.26,14,0,0.0,ZONE-09
21.1,34.9,49.4,18.5,4.2299999999999995,0.6799999999999999,2.68,92.4,0.73,8,0,0.0,ZONE-05
9.2,24.1,50.2,5.7,4.0,0.64,2.06,91.7,0.55,13,0,0.0,ZONE-10
15.2,21.2,31.1,31.9,2.81,0.46,2.98,81.5,0.2,11,0,0.0,ZONE-13
3.1,25.0,45.9,35.8,3.5199999999999996,0.6799999999999999,1.9,89.6,0.59,13,0,0.0,ZONE-10
9.2,14.9,22.5,127.4,8.28,1.18,3.31,79.2,2.54,5,0,0.0,ZONE-08
6.8,20.1,21.7,41.3,3.67,0.52,2.11,91.8,0.44,13,0,0.0,ZONE-10
9.7,30.2,85.4,11.7,3.0700000000000003,0.43000000000000005,2.8899999999999997,82.0,0.21000000000000002,11,0,0.0,ZONE-13
3.5,45.1,177.4,8.8,8.049999999999999,1.29,3.3200000000000003,78.10000000000001,2.54,5,0,0.0,ZONE-08
8.3,14.3,17.1,23.6,1.83,0.25,1.02,71.0,0.27999999999999997,16,1,36.2,ZONE-15
1.9,32.8,67.1,9.3,4.48,0.58,2.27,96.7,1.22,14,0,0.0,ZONE-09
0.1,41.4,50.1,55.9,8.44,1.27,3.0900000000000003,77.0,2.58,5,0,0.0,ZONE-08
4.9,26.9,44.0,5.5,2.35,0.32999999999999996,1.43,87.9,0.30000000000000004,18,1,49.6,ZONE-14
3.0,8.2,33.3,64.4,8.459999999999999,1.19,3.16,78.0,2.59,5,0,0.0,ZONE-08
3.7,4.0,36.9,55.8,1.83,0.28,1.38,69.1,0.37,16,1,41.6,ZONE-15
39.5,61.8,90.5,51.1,2.02,0.23,1.2,72.5,0.31,16,1,73.6,ZONE-15
31.6,75.7,93.3,16.2,4.78,0.59,2.06,95.60000000000001,1.14,14,0,0.0,ZONE-09
3.7,21.3,82.6,42.0,7.71,1.19,3.1300000000000003,76.9,2.5,5,0,0.0,ZONE-08
0.8,32.9,106.7,20.5,4.2,0.55,2.0,95.10000000000001,1.23,14,0,0.0,ZONE-09
13.1,27.0,126.0,111.9,1.73,0.29,1.59,83.2,0.25,17,1,74.0,ZONE-16
8.9,38.3,135.0,41.1,4.16,0.43,1.9500000000000002,96.8,1.29,14,1,26.1,ZONE-09
4.5,39.5,50.7,29.5,2.17,0.12000000000000001,1.18,69.7,0.35,16,1,55.7,ZONE-15
24.1,56.3,79.6,14.5,4.109999999999999,0.7,2.65,95.2,0.77,8,0,0.0,ZONE-05
5.3,13.7,22.4,81.6,4.38,0.48,1.98,96.9,1.25,14,0,0.0,ZONE-09
3.5,18.6,40.5,241.3,4.89,0.43,2.04,94.3,1.24,14,0,0.0,ZONE-09
6.0,8.1,12.3,53.6,8.08,1.28,3.25,75.60000000000001,2.57,5,0,0.0,ZONE-08
11.0,24.6,50.0,3.3,1.68,0.3,1.62,82.3,0.14,17,1,63.0,ZONE-16
8.7,26.3,33.6,6.6,4.88,0.55,2.23,96.8,1.26,14,0,0.0,ZONE-09
1.6,4.3,46.6,13.1,4.01,0.73,2.48,90.8,0.79,8,0,0.0,ZONE-05
3.5,8.3,150.8,115.7,2.16,0.19999999999999998,1.47,87.7,0.37,18,1,78.9,ZONE-14
3.1,13.0,23.6,40.6,2.48,0.37,1.23,90.6,0.42000000000000004,18,1,40.5,ZONE-14
0.2,28.0,61.3,137.3,4.57,0.49,2.12,94.5,1.25,14,0,0.0,ZONE-09
2.2,43.0,113.7,8.2,4.6,0.41000000000000003,2.23,93.10000000000001,1.16,14,0,0.0,ZONE-09
6.1,10.8,24.0,18.3,1.83,0.37,1.32,82.8,0.29000000000000004,17,1,39.1,ZONE-16
9.7,23.0,155.8,8.1,2.05,0.30000000000000004,1.1099999999999999,74.1,0.4,16,1,79.7,ZONE-15
43.7,50.3,117.0,24.8,3.46,0.5599999999999999,1.92,86.1,0.6,13,1,45.8,ZONE-10
1.9,50.7,67.3,64.5,4.8,0.59,2.14,96.3,1.17,14,0,0.0,ZONE-09
10.0,26.0,56.8,79.1,4.88,0.55,2.0300000000000002,91.9,1.22,14,0,0.0,ZONE-09
1.1,28.7,130.5,3.6,4.29,0.46,2.24,94.5,1.21,14,0,0.0,ZONE-09
1.8,33.3,59.2,31.0,4.75,0.51,2.13,95.3,1.16,14,0,0.0,ZONE-09
1.8,19.5,25.6,38.8,1.48,0.18000000000000002,1.3699999999999999,70.9,0.38,16,1,40.3,ZONE-15
17.3,24.8,54.3,289.8,3.6199999999999997,0.51,1.83,91.7,0.52,13,1,46.1,ZONE-10
13.9,59.9,84.0,87.6,3.7299999999999995,0.76,2.56,91.1,0.73,8,0,0.0,ZONE-05
0.5,3.8,14.0,30.8,7.77,1.13,3.2600000000000002,78.80000000000001,2.57,5,0,0.0,ZONE-08
22.4,33.0,80.8,74.1,2.08,0.35,1.25,89.9,0.46,18,1,74.7,ZONE-14
10.6,21.6,60.3,25.1,8.49,1.0999999999999999,3.21,77.0,2.56,5,0,0.0,ZONE-08
1.1,124.5,130.6,4.5,8.09,1.15,3.1700000000000004,79.10000000000001,2.48,5,0,0.0,ZONE-08
25.3,34.3,81.6,23.9,1.6800000000000002,0.18000000000000002,1.24,74.5,0.26,16,1,68.6,ZONE-15
6.0,13.6,32.5,31.7,4.67,0.45,2.14,91.2,1.1199999999999999,14,0,0.0,ZONE-09
15.3,33.2,162.6,2.6,8.299999999999999,1.24,3.23,80.30000000000001,2.52,5,0,0.0,ZONE-08
8.4,30.3,144.1,3.0,7.81,1.1099999999999999,3.4000000000000004,79.9,2.55,5,0,0.0,ZONE-08
10.2,58.2,70.7,125.4,1.71,0.24,1.68,84.4,0.23,17,1,76.7,ZONE-16
0.2,33.2,154.9,64.2,2.0300000000000002,0.27,1.38,86.4,0.43000000000000005,18,1,72.6,ZONE-14
6.9,8.0,121.7,38.1,3.6599999999999997,0.58,2.06,90.1,0.49,13,1,31.9,ZONE-10
0.4,29.7,59.3,8.0,2.97,0.37,2.9499999999999997,84.1,0.23,11,0,0.0,ZONE-13
2.9,4.6,43.0,58.4,4.09,0.6499999999999999,2.42,90.5,0.79,8,0,0.0,ZONE-05
8.5,51.0,139.8,57.4,2.33,0.37,1.5,88.6,0.34,18,1,72.0,ZONE-14
0.2,29.9,54.3,50.0,1.51,0.16,1.17,69.1,0.36,16,1,63.4,ZONE-15
12.6,23.4,135.5,8.6,3.9799999999999995,0.73,2.58,94.6,0.76,8,0,0.0,ZONE-05
13.4,13.5,129.9,7.2,4.47,0.6499999999999999,2.5900000000000003,93.1,0.73,8,0,0.0,ZONE-05
1.2,11.3,32.3,14.5,8.219999999999999,1.18,3.39,78.7,2.53,5,0,0.0,ZONE-08
10.6,25.2,26.8,23.1,2.89,0.44,2.8099999999999996,83.1,0.15000000000000002,11,0,0.0,ZONE-13
20.0,49.3,107.4,71.9,2.0,0.1,1.23,74.3,0.25,16,1,72.8,ZONE-15
4.5,7.1,21.4,107.0,8.31,1.23,3.22,79.10000000000001,2.56,5,0,0.0,ZONE-08
47.2,64.2,64.6,9.1,3.3000000000000003,0.5,2.5999999999999996,84.8,0.17,11,0,0.0,ZONE-13
4.7,26.3,29.8,172.3,2.05,0.19999999999999998,1.38,81.7,0.16,17,1,70.9,ZONE-16
5.5,66.4,134.6,84.5,1.96,0.15000000000000002,1.08,71.4,0.37,16,1,77.1,ZONE-15
11.2,35.8,81.5,59.4,3.48,0.59,1.88,87.5,0.41000000000000003,13,0,0.0,ZONE-10
9.7,117.2,176.5,90.0,3.69,0.65,2.01,89.0,0.49,13,1,74.8,ZONE-10
24.7,30.8,34.7,39.6,4.18,0.58,1.99,96.4,1.14,14,0,0.0,ZONE-09
8.7,52.9,79.3,50.8,2.03,0.35,1.34,86.9,0.21000000000000002,17,1,74.9,ZONE-16
9.0,10.0,53.0,105.6,8.29,1.14,3.04,76.9,2.58,5,0,0.0,ZONE-08
2.1,24.7,65.2,10.8,1.7,0.26,1.54,83.7,0.14,17,1,66.0,ZONE-16
1.6,99.5,122.0,15.5,8.19,1.1199999999999999,3.1,79.0,2.55,5,0,0.0,ZONE-08
2.3,29.8,72.1,61.9,7.739999999999999,1.24,3.22,79.30000000000001,2.54,5,0,0.0,ZONE-08
1.1,57.1,79.3,22.6,2.44,0.3,1.5999999999999999,90.3,0.48000000000000004,18,1,63.5,ZONE-14
7.4,19.8,109.4,158.9,8.44,1.16,3.1700000000000004,77.5,2.47,5,0,0.0,ZONE-08
4.3,54.2,122.6,160.3,4.1499999999999995,0.6299999999999999,2.7,96.4,0.81,8,0,0.0,ZONE-05
3.4,24.9,39.3,104.3,1.55,0.26,1.0899999999999999,69.3,0.24,16,1,67.0,ZONE-15
0.1,20.9,39.5,23.4,7.81,1.19,3.2600000000000002,76.80000000000001,2.43,5,0,0.0,ZONE-08
12.4,60.1,102.4,115.1,4.68,0.54,2.0500000000000003,95.7,1.25,14,0,0.0,ZONE-09
3.7,22.0,48.9,0.7,1.72,0.21,1.66,83.8,0.1,17,1,60.5,ZONE-16
9.8,36.9,77.2,80.0,3.35,0.48000000000000004,2.6399999999999997,83.6,0.14,11,0,0.0,ZONE-13
10.2,11.9,17.5,54.5,3.1300000000000003,0.39,2.88,80.0,0.24000000000000002,11,0,0.0,ZONE-13
3.9,6.0,31.3,48.5,4.109999999999999,0.53,2.2,89.2,0.51,13,0,0.0,ZONE-10
4.8,36.7,83.1,24.3,4.04,0.72,2.72,92.2,0.75,8,0,0.0,ZONE-05
16.9,43.1,88.8,48.4,8.44,1.26,3.33,76.60000000000001,2.46,5,0,0.0,ZONE-08
0.1,29.9,51.1,171.5,4.4399999999999995,0.77,2.45,94.7,0.88,8,0,0.0,ZONE-05
20.4,42.5,55.6,13.7,8.29,1.21,3.3400000000000003,78.80000000000001,2.48,5,0,0.0,ZONE-08
5.0,21.2,37.0,43.4,2.8400000000000003,0.34,2.9499999999999997,83.8,0.15000000000000002,11,0,0.0,ZONE-13
2.2,97.3,102.4,161.2,2.11,0.32,1.5499999999999998,86.9,0.41000000000000003,18,1,74.7,ZONE-14
29.4,48.0,106.1,34.4,4.31,0.47,1.9500000000000002,92.3,1.19,14,0,0.0,ZONE-09
11.9,22.3,38.4,51.8,7.81,1.26,3.2800000000000002,75.9,2.43,5,0,0.0,ZONE-08
8.3,30.0,45.2,27.4,3.76,0.74,2.62,94.9,0.76,8,0,0.0,ZONE-05
1.1,2.4,15.6,4.6,3.35,0.5,2.7399999999999998,79.2,0.1,11,0,0.0,ZONE-13
1.3,43.2,45.0,64.5,2.3200000000000003,0.33999999999999997,1.5499999999999998,89.8,0.32,18,1,59.1,ZONE-14
3.8,55.1,85.0,21.9,4.17,0.44,2.2800000000000002,91.8,1.26,14,0,0.0,ZONE-09
8.7,20.7,58.1,7.3,3.4499999999999997,0.63,2.19,86.2,0.43,13,0,0.0,ZONE-10
69.7,83.6,102.9,74.3,3.65,0.63,2.12,89.0,0.46,13,1,55.0,ZONE-10
5.4,50.2,77.5,76.3,2.87,0.46,2.84,82.5,0.2,11,0,0.0,ZONE-13
1.4,48.2,108.1,14.3,4.119999999999999,0.75,2.46,95.4,0.76,8,0,0.0,ZONE-05
1.9,11.4,179.4,17.8,1.9500000000000002,0.29,1.4,88.3,0.31000000000000005,18,1,72.0,ZONE-14
7.3,8.1,30.9,50.8,2.11,0.18000000000000002,1.25,69.5,0.33999999999999997,16,1,33.8,ZONE-15
36.7,54.9,131.8,47.5,3.12,0.41000000000000003,2.69,79.9,0.15000000000000002,11,1,56.9,ZONE-13
0.5,10.0,48.6,180.5,3.6999999999999997,0.51,1.92,87.0,0.52,13,0,0.0,ZONE-10
23.5,30.0,41.2,13.5,2.14,0.21,1.39,87.9,0.35000000000000003,18,1,61.1,ZONE-14
30.7,78.6,145.7,29.9,4.1899999999999995,0.76,2.41,94.2,0.8300000000000001,8,0,0.0,ZONE-05
8.4,24.0,37.2,42.2,2.9000000000000004,0.31000000000000005,2.92,84.6,0.27,11,0,0.0,ZONE-13
0.4,3.9,101.9,83.6,2.0700000000000003,0.12000000000000001,1.22,72.2,0.19999999999999998,16,1,73.4,ZONE-15
6.6,24.8,45.6,81.0,2.17,0.23,1.22,71.8,0.38,16,1,50.1,ZONE-15
18.4,54.4,112.1,13.7,8.0,1.25,3.21,75.80000000000001,2.45,5,0,0.0,ZONE-08
4.9,20.8,38.9,84.4,3.3400000000000003,0.33,2.76,83.1,0.25,11,0,0.0,ZONE-13
4.8,8.5,31.4,234.5,1.73,0.13,1.0999999999999999,71.5,0.33999999999999997,16,1,67.7,ZONE-15
3.1,26.8,52.3,4.4,1.77,0.26,1.61,81.5,0.27,17,1,61.8,ZONE-16
8.0,38.3,70.7,123.4,2.16,0.23,1.06,74.7,0.27,16,1,68.9,ZONE-15
4.1,6.4,130.5,28.5,1.85,0.36,1.49,87.7,0.41000000000000003,18,1,71.6,ZONE-14
10.3,49.6,67.2,75.6,8.469999999999999,1.28,3.0100000000000002,75.9,2.48,5,0,0.0,ZONE-08
1.7,10.3,17.3,100.0,2.23,0.37,1.51,86.8,0.21000000000000002,17,1,50.7,ZONE-16
3.0,34.6,163.7,45.0,2.3200000000000003,0.35,1.3499999999999999,88.8,0.4,18,1,73.1,ZONE-14
9.3,24.8,42.5,38.7,1.67,0.29000000000000004,1.19,74.0,0.21,16,1,60.4,ZONE-15
11.1,117.8,242.8,118.9,1.9300000000000002,0.32999999999999996,1.5999999999999999,87.2,0.34,18,1,74.2,ZONE-14
26.4,42.2,90.4,135.3,3.5599999999999996,0.61,2.03,91.3,0.42,13,1,52.3,ZONE-10
6.0,87.6,111.8,55.1,3.4400000000000004,0.32,2.88,81.7,0.19,11,1,51.6,ZONE-13
14.8,90.0,102.6,82.3,4.54,0.52,1.98,94.8,1.23,14,0,0.0,ZONE-09
8.8,16.6,84.0,48.2,8.09,1.13,3.2600000000000002,81.4,2.41,5,0,0.0,ZONE-08
13.0,22.7,52.2,57.6,2.2800000000000002,0.33999999999999997,1.68,86.5,0.22,17,1,59.7,ZONE-16
6.2,11.7,158.4,43.0,4.1899999999999995,0.52,2.18,91.2,0.56,13,1,48.9,ZONE-10
15.9,29.1,48.8,31.4,1.71,0.24,1.5299999999999998,91.5,0.31000000000000005,18,1,64.5,ZONE-14
6.3,25.9,61.2,41.2,1.69,0.22999999999999998,1.54,86.5,0.15000000000000002,17,1,68.7,ZONE-16
1.7,18.8,27.1,8.1,4.21,0.7,2.69,95.4,0.8200000000000001,8,0,0.0,ZONE-05
32.4,55.6,104.1,30.8,2.33,0.38,1.57,83.4,0.22,17,1,71.8,ZONE-16
28.8,54.2,120.2,27.6,1.76,0.32,1.52,90.7,0.43000000000000005,18,1,76.6,ZONE-14
38.6,81.5,168.1,11.3,4.53,0.45,2.06,94.10000000000001,1.27,14,1,51.8,ZONE-09
3.8,12.2,26.4,116.0,1.76,0.36,1.3599999999999999,82.3,0.22,17,1,57.2,ZONE-16
0.4,2.4,16.8,13.4,8.06,1.17,3.1700000000000004,76.0,2.59,5,0,0.0,ZONE-08
3.2,43.2,80.5,0.3,1.5,0.21000000000000002,1.38,69.3,0.27,16,1,63.2,ZONE-15
6.7,19.8,25.2,67.6,3.59,0.69,1.97,91.8,0.55,13,0,0.0,ZONE-10
14.5,46.4,105.1,0.0,4.19,0.43,2.21,91.3,1.1099999999999999,14,0,0.0,ZONE-09
36.9,79.0,184.4,0.9,8.4,1.1099999999999999,3.35,77.60000000000001,2.48,5,0,0.0,ZONE-08
32.6,74.1,155.8,5.9,4.75,0.55,2.0500000000000003,95.3,1.1099999999999999,14,1,43.0,ZONE-09
16.1,96.5,147.6,50.7,7.779999999999999,1.14,3.0900000000000003,80.80000000000001,2.47,5,0,0.0,ZONE-08
34.9,49.5,90.7,38.8,2.01,0.24,1.53,83.9,0.27,17,1,72.9,ZONE-16
32.4,34.4,65.7,69.7,3.3000000000000003,0.5,2.9299999999999997,80.7,0.29000000000000004,11,0,0.0,ZONE-13
18.8,40.7,148.5,170.8,4.29,0.58,1.9000000000000001,94.4,1.19,14,1,54.6,ZONE-09
0.8,13.7,14.8,24.0,1.59,0.27,1.3699999999999999,73.4,0.31,16,1,31.6,ZONE-15
9.2,69.6,153.9,8.2,7.89,1.17,3.29,75.7,2.53,5,0,0.0,ZONE-08
1.2,23.4,57.6,18.6,4.25,0.6,2.73,93.5,0.9,8,0,0.0,ZONE-05
27.6,93.2,116.4,132.6,4.74,0.46,1.9700000000000002,91.3,1.3,14,1,40.1,ZONE-09
5.8,39.2,68.3,7.8,3.12,0.42000000000000004,2.8299999999999996,84.7,0.18000000000000002,11,0,0.0,ZONE-13
31.6,46.7,106.4,27.5,2.3,0.32999999999999996,1.63,84.9,0.25,17,1,75.7,ZONE-16
0.2,2.8,33.7,70.3,3.7699999999999996,0.7,2.46,95.2,0.8200000000000001,8,0,0.0,ZONE-05
4.9,34.6,88.6,73.0,7.819999999999999,1.21,3.12,80.0,2.58,5,0,0.0,ZONE-08
8.1,69.7,99.9,35.9,8.459999999999999,1.28,3.04,80.4,2.56,5,0,0.0,ZONE-08
2.7,11.9,13.8,60.2,7.9399999999999995,1.13,3.39,77.80000000000001,2.51,5,0,0.0,ZONE-08
3.4,12.5,78.8,23.8,2.0300000000000002,0.33999999999999997,1.5999999999999999,88.3,0.38,18,1,62.8,ZONE-14
3.3,7.9,75.0,8.3,2.38,0.21,1.48,85.5,0.16,17,1,67.2,ZONE-16
7.3,25.0,77.3,60.2,8.12,1.14,3.27,79.0,2.47,5,0,0.0,ZONE-08
20.0,21.1,36.9,19.7,8.42,1.2,3.2600000000000002,78.80000000000001,2.4,5,0,0.0,ZONE-08
1.9,10.4,27.1,44.3,2.06,0.28,1.38,74.3,0.21999999999999997,16,1,32.9,ZONE-15
13.1,25.1,82.3,24.6,1.87,0.31,1.6400000000000001,81.9,0.22,17,1,67.9,ZONE-16
4.1,23.6,24.7,5.0,3.1500000000000004,0.35000000000000003,2.9099999999999997,81.3,0.18000000000000002,11,0,0.0,ZONE-13
6.5,78.1,135.6,5.5,2.1,0.38,1.39,84.4,0.26,17,1,71.7,ZONE-16
22.5,55.4,97.9,103.0,3.41,0.46,2.73,81.0,0.28,11,1,33.9,ZONE-13
6.2,12.5,44.8,47.8,8.32,1.18,3.06,78.9,2.55,5,0,0.0,ZONE-08
9.3,30.1,163.8,139.5,1.9000000000000001,0.11000000000000001,1.01,74.8,0.3,16,1,74.0,ZONE-15
25.0,65.4,194.7,6.2,2.23,0.3,1.44,90.9,0.38,18,1,81.8,ZONE-14
3.7,20.8,105.1,42.2,4.77,0.55,2.1,91.7,1.23,14,0,0.0,ZONE-09
16.5,20.2,33.3,79.0,4.06,0.6599999999999999,1.81,91.7,0.48,13,0,0.0,ZONE-10
2.2,13.0,26.8,25.8,2.19,0.26,1.3199999999999998,89.1,0.47000000000000003,18,1,42.3,ZONE-14
14.8,26.3,62.8,6.3,4.029999999999999,0.6399999999999999,2.65,91.7,0.8200000000000001,8,0,0.0,ZONE-05
19.6,31.1,78.2,77.5,4.21,0.73,2.42,92.7,0.8300000000000001,8,0,0.0,ZONE-05
2.8,56.8,99.9,33.6,1.4100000000000001,0.2,1.18,70.7,0.22999999999999998,16,1,76.6,ZONE-15
2.4,73.7,137.0,14.0,4.409999999999999,0.75,2.71,93.0,0.73,8,0,0.0,ZONE-05
4.9,46.4,99.9,87.1,3.08,0.41000000000000003,2.6399999999999997,84.2,0.24000000000000002,11,1,47.4,ZONE-13
7.0,38.5,60.5,14.2,2.34,0.4,1.53,86.6,0.11000000000000001,17,1,64.6,ZONE-16
12.0,105.3,122.0,37.1,2.02,0.3,1.41,85.9,0.34,18,1,73.3,ZONE-14
13.5,33.0,116.4,86.1,7.77,1.13,3.37,77.5,2.59,5,0,0.0,ZONE-08
0.7,162.0,224.8,119.7,7.9799999999999995,1.29,3.04,78.7,2.42,5,0,0.0,ZONE-08
12.6,61.1,66.5,25.6,1.86,0.4,1.5599999999999998,89.6,0.32,18,1,67.6,ZONE-14
25.1,30.7,34.4,93.1,1.69,0.35,1.4,84.1,0.23,17,1,63.2,ZONE-16
21.7,26.1,112.8,69.6,4.14,0.7999999999999999,2.5500000000000003,91.6,0.79,8,0,0.0,ZONE-05
8.8,53.1,77.6,12.9,1.6500000000000001,0.22,1.29,70.0,0.32,16,1,63.8,ZONE-15
4.0,21.6,55.7,98.3,1.84,0.21,1.63,83.6,0.16,17,1,65.1,ZONE-16
18.8,40.6,108.9,12.8,3.8599999999999994,0.6499999999999999,2.44,93.3,0.7200000000000001,8,0,0.0,ZONE-05
0.6,52.3,55.8,17.0,3.52,0.45,2.8,82.1,0.28,11,0,0.0,ZONE-13
14.3,27.5,121.6,21.2,4.11,0.43,1.9400000000000002,94.10000000000001,1.26,14,0,0.0,ZONE-09
0.1,9.0,47.8,28.3,2.8800000000000003,0.34,2.8099999999999996,84.8,0.13,11,0,0.0,ZONE-13
9.2,61.5,171.1,18.6,3.9899999999999998,0.6,2.09,89.6,0.45,13,1,63.0,ZONE-10
7.4,27.3,161.3,395.0,8.4,1.21,3.35,80.5,2.44,5,0,0.0,ZONE-08
3.2,35.7,57.1,0.5,3.73,0.57,2.03,88.7,0.55,13,0,0.0,ZONE-10
0.1,15.5,45.7,1.4,4.33,0.72,2.69,93.1,0.8400000000000001,8,0,0.0,ZONE-05
13.9,22.6,59.5,21.5,4.46,0.54,2.06,96.8,1.15,14,0,0.0,ZONE-09
2.2,15.3,27.2,45.9,2.01,0.36,1.6400000000000001,81.1,0.25,17,1,40.7,ZONE-16
2.7,20.5,28.2,66.7,2.87,0.47000000000000003,2.67,82.8,0.17,11,0,0.0,ZONE-13
16.8,19.7,48.1,4.4,2.87,0.38,2.9499999999999997,81.2,0.26,11,0,0.0,ZONE-13
10.9,18.6,52.3,43.7,4.449999999999999,0.74,2.56,91.4,0.7100000000000001,8,0,0.0,ZONE-05
31.0,50.9,90.3,30.8,2.8600000000000003,0.41000000000000003,2.73,81.4,0.19,11,1,37.6,ZONE-13
35.7,73.2,88.3,111.6,2.15,0.31,1.47,86.9,0.42000000000000004,18,1,75.7,ZONE-14
6.8,50.9,128.8,12.6,2.46,0.22999999999999998,1.5699999999999998,90.6,0.46,18,1,79.1,ZONE-14
14.5,23.1,39.0,21.1,8.23,1.21,3.39,79.0,2.54,5,0,0.0,ZONE-08
15.5,22.0,22.0,75.4,1.92,0.16,1.24,74.1,0.32,16,1,49.5,ZONE-15
2.3,5.1,17.3,28.7,4.62,0.46,2.08,94.5,1.19,14,0,0.0,ZONE-09
7.8,8.9,167.6,75.5,2.2600000000000002,0.29,1.3399999999999999,86.6,0.48000000000000004,18,1,75.3,ZONE-14
4.7,14.3,41.1,59.0,1.98,0.31,1.69,82.1,0.29000000000000004,17,1,52.5,ZONE-16
1.9,7.1,95.4,17.8,2.22,0.39,1.33,84.8,0.29000000000000004,17,1,67.4,ZONE-16
5.7,57.0,106.0,25.1,4.01,0.6299999999999999,2.65,96.0,0.8,8,0,0.0,ZONE-05
13.8,14.3,74.2,40.1,3.47,0.33,2.8099999999999996,80.2,0.30000000000000004,11,0,0.0,ZONE-13
20.1,97.4,214.4,144.0,2.33,0.31,1.47,85.5,0.43000000000000005,18,1,78.8,ZONE-14
8.6,19.8,47.9,70.3,7.989999999999999,1.24,3.35,79.4,2.57,5,0,0.0,ZONE-08
25.8,31.6,144.3,101.3,1.9,0.32,1.57,84.4,0.11000000000000001,17,1,72.8,ZONE-16
46.3,99.4,114.2,6.7,2.12,0.14,1.3,74.1,0.25,16,1,72.2,ZONE-15
1.4,10.0,52.9,97.9,1.97,0.27999999999999997,1.3599999999999999,86.0,0.22,17,1,64.2,ZONE-16
27.5,51.9,52.2,12.4,8.209999999999999,1.13,3.21,78.9,2.45,5,0,0.0,ZONE-08
1.3,12.6,43.9,2.7,2.26,0.24,1.68,84.3,0.28,17,1,43.4,ZONE-16
5.1,10.0,56.9,37.4,4.37,0.43,1.9300000000000002,95.3,1.17,14,0,0.0,ZONE-09
8.2,22.2,162.8,14.5,3.98,0.69,1.87,91.7,0.48,13,1,58.5,ZONE-10
8.7,42.0,78.6,158.7,3.12,0.42000000000000004,2.9499999999999997,80.3,0.21000000000000002,11,1,38.1,ZONE-13
5.7,21.3,25.5,56.3,3.48,0.6699999999999999,2.18,86.6,0.54,13,0,0.0,ZONE-10
4.1,8.5,43.9,45.6,3.69,0.69,2.0,87.6,0.48,13,0,0.0,ZONE-10
0.9,30.9,74.9,12.6,3.4099999999999997,0.5599999999999999,2.0,90.1,0.56,13,0,0.0,ZONE-10
7.6,39.5,73.4,30.2,7.71,1.16,3.25,80.7,2.58,5,0,0.0,ZONE-08
4.7,28.3,154.2,66.8,4.84,0.42,2.0900000000000003,94.10000000000001,1.1099999999999999,14,1,31.1,ZONE-09
0.9,16.3,116.0,6.0,3.8699999999999997,0.5499999999999999,1.82,91.0,0.44,13,0,0.0,ZONE-10
54.0,128.4,132.1,162.6,1.47,0.16,1.04,74.0,0.24,16,1,74.1,ZONE-15
5.4,52.0,76.4,34.9,3.0900000000000003,0.48000000000000004,2.9299999999999997,81.9,0.27,11,0,0.0,ZONE-13
12.1,49.3,50.8,54.0,4.29,0.49,2.24,91.5,1.29,14,0,0.0,ZONE-09
2.5,13.1,32.3,38.0,2.16,0.13,1.3499999999999999,73.8,0.26,16,1,42.8,ZONE-15
4.9,7.7,14.8,2.0,4.13,0.47,2.08,94.9,1.29,14,0,0.0,ZONE-09
7.6,84.8,90.3,175.4,4.66,0.5,2.12,94.8,1.27,14,0,0.0,ZONE-09
15.9,41.3,87.9,105.2,3.7099999999999995,0.6699999999999999,2.49,93.6,0.81,8,0,0.0,ZONE-05
1.4,19.0,72.7,53.0,3.7199999999999998,0.6799999999999999,2.17,89.3,0.58,13,0,0.0,ZONE-10
21.5,23.4,76.2,45.8,1.93,0.39,1.65,84.5,0.18000000000000002,17,1,72.1,ZONE-16
5.7,16.1,59.7,133.0,3.9199999999999995,0.77,2.46,94.7,0.8,8,0,0.0,ZONE-05
8.2,51.7,74.8,6.5,1.83,0.17,1.24,74.8,0.36,16,1,65.5,ZONE-15
0.8,2.1,23.6,24.7,1.54,0.13,1.38,74.5,0.39,16,1,41.4,ZONE-15
15.2,49.1,51.4,15.0,2.39,0.21,1.67,81.0,0.11000000000000001,17,1,56.1,ZONE-16
3.8,23.6,30.6,8.6,1.7,0.15000000000000002,1.26,70.4,0.39,16,1,36.9,ZONE-15
34.5,75.3,84.3,31.3,4.74,0.5700000000000001,1.9300000000000002,91.2,1.17,14,0,0.0,ZONE-09
5.3,44.4,76.5,8.2,2.12,0.32999999999999996,1.3699999999999999,89.9,0.44,18,1,66.6,ZONE-14
16.1,28.7,42.4,28.2,2.08,0.2,1.15,72.5,0.4,16,1,48.1,ZONE-15
8.3,18.8,31.3,30.5,4.47,0.74,2.77,93.0,0.88,8,0,0.0,ZONE-05
0.2,37.2,45.6,2.7,4.279999999999999,0.6599999999999999,2.5700000000000003,95.0,0.73,8,0,0.0,ZONE-05
12.7,49.9,125.5,40.8,3.54,0.36000000000000004,2.98,79.4,0.14,11,1,43.4,ZONE-13
2.8,36.2,90.3,17.0,4.69,0.44,1.9300000000000002,92.4,1.13,14,0,0.0,ZONE-09
28.0,30.8,213.3,118.1,2.2,0.32,1.22,89.9,0.48000000000000004,18,1,77.1,ZONE-14
14.0,83.8,141.5,12.7,1.81,0.22999999999999998,1.59,83.8,0.1,17,1,73.1,ZONE-16
7.0,8.9,31.1,81.2,4.02,0.74,2.67,91.6,0.74,8,0,0.0,ZONE-05
5.9,15.9,56.6,123.4,3.78,0.5599999999999999,2.1,88.2,0.53,13,0,0.0,ZONE-10
0.6,12.8,20.6,71.3,3.8099999999999996,0.6299999999999999,2.63,90.7,0.73,8,0,0.0,ZONE-05
1.3,28.6,43.8,13.3,4.51,0.56,2.17,93.9,1.28,14,0,0.0,ZONE-09
33.1,33.6,59.5,1.3,8.28,1.18,3.22,76.5,2.49,5,0,0.0,ZONE-08
7.9,25.3,42.8,8.5,4.62,0.44,2.08,92.5,1.19,14,0,0.0,ZONE-09
5.7,33.6,102.2,45.4,8.44,1.23,3.39,81.10000000000001,2.59,5,0,0.0,ZONE-08
10.7,16.3,31.5,10.6,3.55,0.53,2.18,91.5,0.44,13,0,0.0,ZONE-10
3.4,9.8,42.8,49.6,2.31,0.39,1.59,85.8,0.23,17,1,49.5,ZONE-16
34.8,40.2,86.4,102.0,1.59,0.21000000000000002,1.0899999999999999,70.0,0.32999999999999996,16,1,76.3,ZONE-15
9.9,17.3,31.0,2.4,8.33,1.27,3.22,77.30000000000001,2.59,5,0,0.0,ZONE-08
4.4,38.5,40.7,14.9,1.73,0.2,1.26,73.4,0.38,16,1,49.2,ZONE-15
14.7,52.9,80.2,71.9,1.83,0.39,1.53,82.6,0.15000000000000002,17,1,76.6,ZONE-16
5.9,10.3,33.1,52.0,4.1899999999999995,0.75,2.47,93.2,0.8600000000000001,8,0,0.0,ZONE-05
35.5,37.3,69.2,23.9,3.6999999999999997,0.71,2.58,91.5,0.77,8,0,0.0,ZONE-05
8.5,9.1,26.0,102.8,4.31,0.7799999999999999,2.69,91.8,0.8400000000000001,8,0,0.0,ZONE-05
9.7,24.7,39.8,21.2,3.51,0.69,2.18,89.1,0.43,13,0,0.0,ZONE-10
5.8,50.9,204.7,34.6,2.35,0.35,1.24,90.3,0.38,18,1,79.7,ZONE-14
6.0,52.9,78.0,48.2,2.14,0.22999999999999998,1.5499999999999998,87.1,0.41000000000000003,18,1,72.5,ZONE-14
3.2,37.2,71.4,99.3,4.109999999999999,0.7,2.63,92.6,0.74,8,0,0.0,ZONE-05
18.2,24.3,80.9,96.6,3.9299999999999997,0.57,1.89,89.2,0.58,13,0,0.0,ZONE-10
5.1,9.8,9.9,36.0,1.86,0.26,1.3199999999999998,91.0,0.43000000000000005,18,1,48.0,ZONE-14
5.2,25.4,34.8,117.8,3.4899999999999998,0.51,2.13,87.0,0.44,13,0,0.0,ZONE-10
3.6,10.0,39.5,41.5,4.12,0.43,2.13,95.9,1.25,14,0,0.0,ZONE-09
2.9,10.8,19.2,76.0,3.9299999999999997,0.52,1.88,87.7,0.5700000000000001,13,0,0.0,ZONE-10
17.6,33.1,89.4,79.9,7.75,1.26,3.3600000000000003,78.9,2.6,5,0,0.0,ZONE-08
1.8,86.5,163.9,13.7,4.27,0.52,1.9400000000000002,97.0,1.13,14,1,50.3,ZONE-09
2.5,5.9,12.6,82.7,3.39,0.32,2.6599999999999997,84.2,0.28,11,0,0.0,ZONE-13
7.6,45.8,107.5,55.7,4.029999999999999,0.75,2.46,91.2,0.8500000000000001,8,0,0.0,ZONE-05
13.9,14.4,31.2,60.9,4.19,0.48,1.9400000000000002,96.7,1.1099999999999999,14,0,0.0,ZONE-09
0.1,0.9,86.8,69.1,2.06,0.33999999999999997,1.46,91.1,0.45,18,1,74.7,ZONE-14
3.7,32.8,103.6,22.0,8.44,1.25,3.0900000000000003,77.2,2.44,5,0,0.0,ZONE-08
0.4,67.9,87.0,6.8,1.87,0.31,1.56,83.7,0.28,17,1,75.0,ZONE-16
8.1,44.7,56.0,18.8,4.22,0.56,1.9700000000000002,91.7,1.0999999999999999,14,0,0.0,ZONE-09
3.3,123.0,132.9,51.4,2.1,0.22999999999999998,1.43,81.1,0.23,17,1,81.3,ZONE-16
31.1,35.1,194.2,176.8,3.2800000000000002,0.38,2.61,83.9,0.14,11,1,79.0,ZONE-13
25.9,31.9,77.1,85.9,3.98,0.6699999999999999,1.83,90.5,0.53,13,0,0.0,ZONE-10
51.2,56.2,121.6,24.8,8.27,1.21,3.14,80.10000000000001,2.52,5,0,0.0,ZONE-08
2.3,16.0,87.1,37.5,2.3200000000000003,0.25,1.38,86.4,0.34,18,1,73.7,ZONE-14
9.3,142.6,165.5,57.3,3.8299999999999996,0.58,2.11,86.8,0.5700000000000001,13,1,69.5,ZONE-10
5.5,18.0,71.5,166.7,4.81,0.56,1.9100000000000001,97.10000000000001,1.29,14,0,0.0,ZONE-09
9.4,46.0,50.2,14.2,1.7,0.32,1.49,84.3,0.16,17,1,63.1,ZONE-16
8.4,8.9,22.0,43.7,2.0500000000000003,0.33999999999999997,1.23,88.1,0.42000000000000004,18,1,46.2,ZONE-14
0.2,7.9,40.4,51.1,2.9000000000000004,0.36000000000000004,2.86,84.4,0.17,11,0,0.0,ZONE-13
31.2,57.1,81.2,159.9,2.16,0.13,1.3499999999999999,72.8,0.19999999999999998,16,1,76.7,ZONE-15
18.4,24.0,30.3,67.6,1.4300000000000002,0.11000000000000001,1.01,71.2,0.38,16,1,65.5,ZONE-15
9.8,48.8,109.2,58.9,3.9899999999999998,0.7799999999999999,2.52,90.9,0.79,8,0,0.0,ZONE-05
51.6,70.7,76.1,105.7,3.6999999999999997,0.59,1.87,87.5,0.5,13,1,38.6,ZONE-10
3.5,41.0,182.7,71.6,1.77,0.1,1.02,69.4,0.21999999999999997,16,1,79.6,ZONE-15
10.9,26.3,46.7,26.1,4.13,0.41000000000000003,2.2600000000000002,96.0,1.21,14,0,0.0,ZONE-09
12.1,46.9,98.0,13.3,4.46,0.46,2.2800000000000002,94.10000000000001,1.18,14,0,0.0,ZONE-09
8.2,47.4,76.5,46.2,2.14,0.3,1.52,89.5,0.39,18,1,67.6,ZONE-14
17.7,44.8,68.5,135.5,2.39,0.21999999999999997,1.3399999999999999,85.9,0.32,18,1,73.4,ZONE-14
2.1,137.3,143.0,0.9,1.96,0.25,1.48,82.4,0.12000000000000001,17,1,72.1,ZONE-16
26.5,33.5,92.4,100.0,1.69,0.21000000000000002,1.1099999999999999,70.8,0.36,16,1,70.7,ZONE-15
23.5,143.0,158.7,74.3,7.72,1.21,3.0700000000000003,78.60000000000001,2.51,5,0,0.0,ZONE-08
1.5,14.6,99.4,27.5,3.76,0.64,2.04,89.0,0.44,13,0,0.0,ZONE-10
10.7,28.2,74.9,216.5,1.9700000000000002,0.4,1.52,90.2,0.42000000000000004,18,1,71.7,ZONE-14
0.7,22.0,111.5,39.4,4.4399999999999995,0.77,2.7600000000000002,93.1,0.73,8,0,0.0,ZONE-05
1.0,21.6,39.8,10.1,3.8699999999999997,0.6,2.13,90.2,0.5,13,0,0.0,ZONE-10
22.7,41.1,162.9,98.4,1.75,0.25,1.3699999999999999,86.1,0.49,18,1,78.0,ZONE-14
14.2,14.3,39.4,13.2,2.3000000000000003,0.36,1.22,89.0,0.43000000000000005,18,1,45.7,ZONE-14
29.0,33.8,49.0,43.6,1.4300000000000002,0.25,1.1099999999999999,70.4,0.35,16,1,65.4,ZONE-15
3.7,9.6,50.7,5.6,1.86,0.16,1.27,73.2,0.26,16,1,47.5,ZONE-15
0.7,12.3,69.7,48.6,1.8900000000000001,0.2,1.3199999999999998,70.8,0.37,16,1,63.0,ZONE-15
6.6,27.5,48.0,165.1,2.23,0.31,1.5,82.3,0.11000000000000001,17,1,69.3,ZONE-16
0.7,28.7,128.6,97.7,4.25,0.76,2.5500000000000003,93.8,0.76,8,0,0.0,ZONE-05
2.4,11.2,68.0,5.3,2.33,0.39,1.3599999999999999,83.9,0.29000000000000004,17,1,54.8,ZONE-16
20.0,51.7,110.6,6.3,1.6,0.27,1.3,71.6,0.24,16,1,75.9,ZONE-15
15.2,43.7,123.7,2.5,1.87,0.28,1.4,71.7,0.19999999999999998,16,1,75.9,ZONE-15
0.3,12.0,19.2,49.0,1.53,0.19,1.4,73.0,0.21,16,1,45.0,ZONE-15
29.9,42.3,126.2,0.0,4.359999999999999,0.71,2.47,91.0,0.7100000000000001,8,0,0.0,ZONE-05
2.2,3.0,20.9,143.3,3.33,0.43000000000000005,2.8499999999999996,83.0,0.15000000000000002,11,0,0.0,ZONE-13
1.2,24.5,51.5,167.3,4.29,0.54,2.2,94.60000000000001,1.22,14,0,0.0,ZONE-09
1.6,7.6,8.9,34.1,4.42,0.7799999999999999,2.43,93.2,0.7000000000000001,8,0,0.0,ZONE-05
3.9,54.9,96.7,57.1,2.14,0.2,1.33,74.1,0.39,16,1,75.6,ZONE-15
9.1,11.5,38.0,456.7,1.6400000000000001,0.13,1.3,71.7,0.38,16,1,74.4,ZONE-15
21.6,77.6,155.6,6.5,8.16,1.19,3.2,78.0,2.4,5,0,0.0,ZONE-08
3.1,3.2,19.5,6.9,2.85,0.31000000000000005,2.82,81.5,0.16,11,0,0.0,ZONE-13
7.7,36.0,129.4,83.0,4.76,0.44,1.98,94.60000000000001,1.16,14,0,0.0,ZONE-09
33.5,34.9,35.5,65.0,1.67,0.32999999999999996,1.33,81.9,0.28,17,1,67.3,ZONE-16
4.1,11.4,29.5,18.9,2.0300000000000002,0.22,1.17,74.4,0.22999999999999998,16,1,41.4,ZONE-15
8.6,23.1,55.4,67.0,2.06,0.4,1.67,83.9,0.23,17,1,59.7,ZONE-16
5.9,13.1,21.3,25.8,3.5799999999999996,0.52,2.16,86.5,0.52,13,0,0.0,ZONE-10
16.2,51.5,101.0,16.0,4.38,0.41000000000000003,2.2600000000000002,95.10000000000001,1.14,14,0,0.0,ZONE-09
10.6,31.7,61.5,47.9,1.94,0.26,1.22,70.3,0.33999999999999997,16,1,59.0,ZONE-15
8.1,28.9,85.5,7.0,4.159999999999999,0.77,2.66,94.3,0.74,8,0,0.0,ZONE-05
16.6,20.3,23.4,224.0,2.41,0.39,1.48,87.2,0.42000000000000004,18,1,63.4,ZONE-14
37.8,39.4,65.8,12.4,8.28,1.29,3.1700000000000004,77.0,2.5,5,0,0.0,ZONE-08
8.0,52.3,187.7,60.3,2.85,0.30000000000000004,2.82,79.6,0.13,11,1,78.4,ZONE-13
5.2,28.3,45.1,144.4,3.86,0.5499999999999999,2.05,87.7,0.51,13,0,0.0,ZONE-10
24.5,44.9,62.6,20.8,2.1,0.31,1.52,86.8,0.41000000000000003,18,1,66.9,ZONE-14
0.4,42.7,69.6,23.6,8.19,1.28,3.0500000000000003,77.0,2.5,5,0,0.0,ZONE-08
7.6,50.3,56.3,117.0,4.18,0.61,2.41,95.5,0.7200000000000001,8,0,0.0,ZONE-05
27.3,100.6,123.4,14.7,4.27,0.5700000000000001,2.13,95.7,1.24,14,1,29.1,ZONE-09
