state,district,isro_atlas_rank,geographic_region,lithology,srtm_elevation_m,srtm_slope_deg,srtm_aspect_deg,srtm_roughness_index,srtm_topographic_wetness_index,soil_thickness_m,soil_saturation_pct,vegetation_ndvi,rainfall_1h_mm,rainfall_24h_mm,previous_7d_rainfall_mm,landslide_probability,landslide_occurred,data_source
Uttarakhand,Rudraprayag,1,Northwest Himalayas,Schist & Gneiss,1957.0,40.4,211.7,13.73,4.75,2.6,47.0,0.46,21.5,84.5,284.1,0.9992,1,ISRO NRSC Landslide Atlas 2023 & NASA SRTM 30m DEM
Uttarakhand,Rudraprayag,1,Northwest Himalayas,Schist & Gneiss,1791.0,37.0,58.3,11.92,4.63,2.0,31.3,0.44,5.1,32.2,109.9,0.9434,1,ISRO NRSC Landslide Atlas 2023 & NASA SRTM 30m DEM
Uttarakhand,Rudraprayag,1,Northwest Himalayas,Schist & Gneiss,1643.0,41.0,136.3,14.85,5.45,2.1,92.7,0.37,31.8,101.9,453.6,1.0,1,ISRO NRSC Landslide Atlas 2023 & NASA SRTM 30m DEM
Uttarakhand,Rudraprayag,1,Northwest Himalayas,Schist & Gneiss,2033.0,31.2,225.2,12.52,4.79,3.0,48.3,0.45,13.7,70.8,174.7,0.9901,1,ISRO NRSC Landslide Atlas 2023 & NASA SRTM 30m DEM
Uttarakhand,Rudraprayag,1,Northwest Himalayas,Schist & Gneiss,1687.0,33.1,66.1,12.67,5.16,0.7,85.8,0.51,17.0,101.3,438.9,0.9997,1,ISRO NRSC Landslide Atlas 2023 & NASA SRTM 30m DEM
Uttarakhand,Rudraprayag,1,Northwest Himalayas,Schist & Gneiss,1880.0,42.0,271.2,16.01,3.92,3.1,38.6,0.38,6.0,35.4,118.1,0.9878,1,ISRO NRSC Landslide Atlas 2023 & NASA SRTM 30m DEM
Uttarakhand,Rudraprayag,1,Northwest Himalayas,Schist & Gneiss,1877.0,48.2,7.8,17.53,3.5,3.1,27.2,0.44,0.3,0.9,2.2,0.9515,1,ISRO NRSC Landslide Atlas 2023 & NASA SRTM 30m DEM
Uttarakhand,Rudraprayag,1,Northwest Himalayas,Schist & Gneiss,1891.0,53.6,322.2,21.19,4.51,3.0,36.2,0.54,12.2,41.9,95.9,0.9987,1,ISRO NRSC Landslide Atlas 2023 & NASA SRTM 30m DEM
Uttarakhand,Rudraprayag,1,Northwest Himalayas,Schist & Gneiss,1751.0,51.2,349.8,19.27,3.64,2.0,30.1,0.74,5.6,19.4,81.3,0.9888,1,ISRO NRSC Landslide Atlas 2023 & NASA SRTM 30m DEM
Uttarakhand,Rudraprayag,1,Northwest Himalayas,Schist & Gneiss,1541.0,39.8,336.1,13.54,3.5,2.4,20.1,0.45,0.5,3.1,10.4,0.7984,1,ISRO NRSC Landslide Atlas 2023 & NASA SRTM 30m DEM
Uttarakhand,Rudraprayag,1,Northwest Himalayas,Schist & Gneiss,2025.0,44.0,65.8,14.73,5.15,2.8,60.4,0.24,32.0,96.0,246.3,0.9999,1,ISRO NRSC Landslide Atlas 2023 & NASA SRTM 30m DEM
Uttarakhand,Rudraprayag,1,Northwest Himalayas,Schist & Gneiss,1910.0,40.3,237.9,14.49,5.09,3.2,16.4,0.57,1.0,6.3,15.5,0.8404,1,ISRO NRSC Landslide Atlas 2023 & NASA SRTM 30m DEM
Uttarakhand,Rudraprayag,1,Northwest Himalayas,Schist & Gneiss,1632.0,37.9,73.0,12.12,4.14,3.2,29.3,0.58,4.0,14.7,31.7,0.8377,1,ISRO NRSC Landslide Atlas 2023 & NASA SRTM 30m DEM
Uttarakhand,Rudraprayag,1,Northwest Himalayas,Schist & Gneiss,1998.0,47.0,279.3,17.47,4.85,1.3,43.1,0.26,18.6,57.8,179.5,0.9992,1,ISRO NRSC Landslide Atlas 2023 & NASA SRTM 30m DEM
Uttarakhand,Rudraprayag,1,Northwest Himalayas,Schist & Gneiss,2127.0,38.5,90.3,14.68,4.12,3.7,53.6,0.29,16.3,74.3,242.6,0.9987,1,ISRO NRSC Landslide Atlas 2023 & NASA SRTM 30m DEM
Uttarakhand,Rudraprayag,1,Northwest Himalayas,Schist & Gneiss,1867.0,50.8,119.7,16.86,4.47,3.0,51.0,0.81,24.4,72.5,196.7,0.9995,1,ISRO NRSC Landslide Atlas 2023 & NASA SRTM 30m DEM
Uttarakhand,Rudraprayag,1,Northwest Himalayas,Schist & Gneiss,2140.0,42.8,155.3,15.33,5.11,1.9,20.9,0.58,1.3,6.3,17.3,0.8976,1,ISRO NRSC Landslide Atlas 2023 & NASA SRTM 30m DEM
Uttarakhand,Rudraprayag,1,Northwest Himalayas,Schist & Gneiss,1706.0,41.8,105.9,13.98,4.81,4.9,32.3,0.37,3.5,12.0,41.8,0.9402,1,ISRO NRSC Landslide Atlas 2023 & NASA SRTM 30m DEM
Uttarakhand,Rudraprayag,1,Northwest Himalayas,Schist & Gneiss,1968.0,50.6,201.2,19.96,5.17,2.0,78.7,0.67,24.3,109.9,382.6,1.0,1,ISRO NRSC Landslide Atlas 2023 & NASA SRTM 30m DEM
Uttarakhand,Rudraprayag,1,Northwest Himalayas,Schist & Gneiss,1945.0,43.8,150.7,16.02,4.12,3.5,96.7,0.64,57.3,215.9,560.1,1.0,1,ISRO NRSC Landslide Atlas 2023 & NASA SRTM 30m DEM
Uttarakhand,Rudraprayag,1,Northwest Himalayas,Schist & Gneiss,2055.0,47.8,209.3,18.81,3.9,3.5,42.0,0.52,6.2,30.9,135.4,0.9951,1,ISRO NRSC Landslide Atlas 2023 & NASA SRTM 30m DEM
Uttarakhand,Rudraprayag,1,Northwest Himalayas,Schist & Gneiss,1860.0,52.1,81.3,19.4,4.03,2.0,23.2,0.83,2.1,6.6,14.9,0.9689,1,ISRO NRSC Landslide Atlas 2023 & NASA SRTM 30m DEM
Uttarakhand,Rudraprayag,1,Northwest Himalayas,Schist & Gneiss,1910.0,42.7,254.0,14.71,4.25,3.8,54.2,0.28,25.4,95.5,272.9,0.9998,1,ISRO NRSC Landslide Atlas 2023 & NASA SRTM 30m DEM
Uttarakhand,Rudraprayag,1,Northwest Himalayas,Schist & Gneiss,1846.0,36.6,228.8,13.04,5.27,3.3,43.2,0.83,9.0,42.0,166.5,0.9717,1,ISRO NRSC Landslide Atlas 2023 & NASA SRTM 30m DEM
Uttarakhand,Rudraprayag,1,Northwest Himalayas,Schist & Gneiss,1871.0,39.5,101.2,17.07,5.1,2.7,36.4,0.73,13.3,38.5,118.7,0.9875,1,ISRO NRSC Landslide Atlas 2023 & NASA SRTM 30m DEM
Uttarakhand,Rudraprayag,1,Northwest Himalayas,Schist & Gneiss,1734.0,37.8,173.8,13.3,4.47,1.6,27.6,0.66,2.0,10.8,47.1,0.8324,1,ISRO NRSC Landslide Atlas 2023 & NASA SRTM 30m DEM
Uttarakhand,Rudraprayag,1,Northwest Himalayas,Schist & Gneiss,1708.0,48.1,54.9,17.35,5.29,2.8,18.9,0.27,2.9,12.9,33.1,0.979,1,ISRO NRSC Landslide Atlas 2023 & NASA SRTM 30m DEM
Uttarakhand,Rudraprayag,1,Northwest Himalayas,Schist & Gneiss,1739.0,47.5,51.6,16.83,4.22,1.1,32.3,0.72,9.1,26.6,70.1,0.9842,1,ISRO NRSC Landslide Atlas 2023 & NASA SRTM 30m DEM
Uttarakhand,Rudraprayag,1,Northwest Himalayas,Schist & Gneiss,1633.0,50.8,74.6,17.94,4.54,1.9,46.4,0.39,13.9,70.0,208.3,0.9996,1,ISRO NRSC Landslide Atlas 2023 & NASA SRTM 30m DEM
Uttarakhand,Rudraprayag,1,Northwest Himalayas,Schist & Gneiss,1854.0,27.5,144.4,10.01,5.88,2.2,19.1,0.54,0.7,4.1,18.2,0.4266,0,ISRO NRSC Landslide Atlas 2023 & NASA SRTM 30m DEM
Uttarakhand,Rudraprayag,1,Northwest Himalayas,Schist & Gneiss,1982.0,40.2,190.4,13.53,4.99,2.6,35.6,0.71,5.7,28.0,89.5,0.9507,1,ISRO NRSC Landslide Atlas 2023 & NASA SRTM 30m DEM
Uttarakhand,Rudraprayag,1,Northwest Himalayas,Schist & Gneiss,1936.0,36.5,182.9,14.35,5.02,2.8,34.7,0.44,2.8,9.5,29.2,0.8896,1,ISRO NRSC Landslide Atlas 2023 & NASA SRTM 30m DEM
Uttarakhand,Rudraprayag,1,Northwest Himalayas,Schist & Gneiss,2133.0,43.5,327.7,14.61,4.43,2.1,33.7,0.34,8.7,25.9,78.7,0.9809,1,ISRO NRSC Landslide Atlas 2023 & NASA SRTM 30m DEM
Uttarakhand,Rudraprayag,1,Northwest Himalayas,Schist & Gneiss,1822.0,44.4,80.9,14.46,4.18,1.6,60.2,0.64,10.2,47.9,211.3,0.9962,1,ISRO NRSC Landslide Atlas 2023 & NASA SRTM 30m DEM
Uttarakhand,Rudraprayag,1,Northwest Himalayas,Schist & Gneiss,1770.0,35.9,151.7,14.83,5.39,2.0,61.9,0.32,15.7,77.5,246.5,0.9988,1,ISRO NRSC Landslide Atlas 2023 & NASA SRTM 30m DEM
Uttarakhand,Rudraprayag,1,Northwest Himalayas,Schist & Gneiss,1824.0,33.5,253.3,11.09,5.14,2.2,25.4,0.42,4.1,14.7,54.2,0.8026,1,ISRO NRSC Landslide Atlas 2023 & NASA SRTM 30m DEM
Uttarakhand,Rudraprayag,1,Northwest Himalayas,Schist & Gneiss,1983.0,30.2,146.6,10.98,5.41,3.4,99.0,0.3,18.8,114.6,502.6,0.9999,1,ISRO NRSC Landslide Atlas 2023 & NASA SRTM 30m DEM
Uttarakhand,Rudraprayag,1,Northwest Himalayas,Schist & Gneiss,1710.0,34.3,329.7,13.21,5.34,2.3,30.0,0.49,3.6,11.1,36.6,0.8393,1,ISRO NRSC Landslide Atlas 2023 & NASA SRTM 30m DEM
Uttarakhand,Rudraprayag,1,Northwest Himalayas,Schist & Gneiss,1817.0,37.5,150.3,12.59,5.15,3.2,40.5,0.58,23.5,69.5,144.5,0.9946,1,ISRO NRSC Landslide Atlas 2023 & NASA SRTM 30m DEM
Uttarakhand,Rudraprayag,1,Northwest Himalayas,Schist & Gneiss,1935.0,43.5,228.4,14.64,4.08,2.6,17.1,0.62,1.7,5.3,19.4,0.8667,1,ISRO NRSC Landslide Atlas 2023 & NASA SRTM 30m DEM
Uttarakhand,Rudraprayag,1,Northwest Himalayas,Schist & Gneiss,2071.0,44.5,222.7,15.64,4.56,1.8,32.2,0.66,6.3,22.7,93.9,0.974,1,ISRO NRSC Landslide Atlas 2023 & NASA SRTM 30m DEM
Uttarakhand,Rudraprayag,1,Northwest Himalayas,Schist & Gneiss,2025.0,47.3,130.3,16.03,4.08,4.5,37.2,0.61,12.2,43.5,180.6,0.9959,1,ISRO NRSC Landslide Atlas 2023 & NASA SRTM 30m DEM
Uttarakhand,Rudraprayag,1,Northwest Himalayas,Schist & Gneiss,1826.0,38.7,211.5,12.14,5.29,2.9,22.5,0.63,2.8,9.3,20.5,0.7945,1,ISRO NRSC Landslide Atlas 2023 & NASA SRTM 30m DEM
Uttarakhand,Rudraprayag,1,Northwest Himalayas,Schist & Gneiss,1555.0,35.5,303.5,12.38,4.93,2.2,98.3,0.64,30.3,121.5,526.0,1.0,1,ISRO NRSC Landslide Atlas 2023 & NASA SRTM 30m DEM
Uttarakhand,Rudraprayag,1,Northwest Himalayas,Schist & Gneiss,1947.0,38.5,85.0,13.39,4.4,2.7,49.8,0.61,15.5,51.1,192.7,0.9925,1,ISRO NRSC Landslide Atlas 2023 & NASA SRTM 30m DEM
Uttarakhand,Rudraprayag,1,Northwest Himalayas,Schist & Gneiss,2023.0,44.0,92.5,14.29,4.66,1.6,45.2,0.76,10.0,30.2,135.8,0.9839,1,ISRO NRSC Landslide Atlas 2023 & NASA SRTM 30m DEM
Uttarakhand,Rudraprayag,1,Northwest Himalayas,Schist & Gneiss,1754.0,44.7,312.5,14.99,5.28,4.2,55.8,0.75,8.6,56.1,241.9,0.9973,1,ISRO NRSC Landslide Atlas 2023 & NASA SRTM 30m DEM
Uttarakhand,Rudraprayag,1,Northwest Himalayas,Schist & Gneiss,1914.0,43.0,28.8,16.63,4.23,2.7,26.1,0.58,1.7,9.6,20.0,0.9289,1,ISRO NRSC Landslide Atlas 2023 & NASA SRTM 30m DEM
Uttarakhand,Rudraprayag,1,Northwest Himalayas,Schist & Gneiss,1952.0,43.7,127.7,14.75,4.8,2.9,19.7,0.54,0.7,2.2,7.3,0.8756,1,ISRO NRSC Landslide Atlas 2023 & NASA SRTM 30m DEM
Uttarakhand,Rudraprayag,1,Northwest Himalayas,Schist & Gneiss,1854.0,36.8,271.2,12.93,4.52,1.8,82.4,0.74,34.9,105.8,389.2,0.9999,1,ISRO NRSC Landslide Atlas 2023 & NASA SRTM 30m DEM
Uttarakhand,Rudraprayag,1,Northwest Himalayas,Schist & Gneiss,1847.0,40.8,274.7,13.39,4.97,3.2,21.1,0.37,0.6,3.3,11.6,0.8533,1,ISRO NRSC Landslide Atlas 2023 & NASA SRTM 30m DEM
Uttarakhand,Rudraprayag,1,Northwest Himalayas,Schist & Gneiss,1846.0,33.5,315.4,10.53,4.67,2.7,22.5,0.78,0.4,1.3,5.5,0.4576,0,ISRO NRSC Landslide Atlas 2023 & NASA SRTM 30m DEM
Uttarakhand,Rudraprayag,1,Northwest Himalayas,Schist & Gneiss,1731.0,42.5,141.6,14.99,3.54,1.6,24.1,0.39,2.0,5.9,17.1,0.9067,1,ISRO NRSC Landslide Atlas 2023 & NASA SRTM 30m DEM
Uttarakhand,Rudraprayag,1,Northwest Himalayas,Schist & Gneiss,1851.0,38.5,65.9,14.47,5.12,2.6,99.0,0.76,71.6,210.0,924.9,1.0,1,ISRO NRSC Landslide Atlas 2023 & NASA SRTM 30m DEM
Uttarakhand,Rudraprayag,1,Northwest Himalayas,Schist & Gneiss,1680.0,42.5,92.6,16.31,4.26,1.7,64.5,0.28,42.7,133.7,327.8,1.0,1,ISRO NRSC Landslide Atlas 2023 & NASA SRTM 30m DEM
Uttarakhand,Rudraprayag,1,Northwest Himalayas,Schist & Gneiss,1960.0,36.2,49.2,12.32,4.65,2.8,26.1,0.55,0.2,1.1,3.2,0.6888,1,ISRO NRSC Landslide Atlas 2023 & NASA SRTM 30m DEM
Uttarakhand,Rudraprayag,1,Northwest Himalayas,Schist & Gneiss,1712.0,41.3,73.7,16.72,4.8,2.6,99.0,0.3,85.8,310.4,1352.4,1.0,1,ISRO NRSC Landslide Atlas 2023 & NASA SRTM 30m DEM
Uttarakhand,Rudraprayag,1,Northwest Himalayas,Schist & Gneiss,1775.0,52.0,284.2,18.31,4.6,1.4,42.7,0.62,7.1,33.6,109.0,0.9962,1,ISRO NRSC Landslide Atlas 2023 & NASA SRTM 30m DEM
Uttarakhand,Rudraprayag,1,Northwest Himalayas,Schist & Gneiss,1959.0,45.0,95.7,14.9,4.47,1.8,99.0,0.47,39.7,241.5,683.8,1.0,1,ISRO NRSC Landslide Atlas 2023 & NASA SRTM 30m DEM
Uttarakhand,Rudraprayag,1,Northwest Himalayas,Schist & Gneiss,2150.0,36.7,286.9,12.74,4.69,1.8,29.7,0.35,10.3,37.6,93.0,0.966,1,ISRO NRSC Landslide Atlas 2023 & NASA SRTM 30m DEM
Uttarakhand,Rudraprayag,1,Northwest Himalayas,Schist & Gneiss,1970.0,40.8,157.6,14.94,3.93,3.1,62.3,0.41,20.9,76.3,276.3,0.9994,1,ISRO NRSC Landslide Atlas 2023 & NASA SRTM 30m DEM
Uttarakhand,Rudraprayag,1,Northwest Himalayas,Schist & Gneiss,1960.0,50.0,296.9,15.34,5.18,3.4,15.0,0.74,2.1,7.3,29.8,0.9362,1,ISRO NRSC Landslide Atlas 2023 & NASA SRTM 30m DEM
Uttarakhand,Rudraprayag,1,Northwest Himalayas,Schist & Gneiss,1897.0,46.4,210.2,16.82,4.77,1.2,99.0,0.46,103.2,392.6,1005.8,1.0,1,ISRO NRSC Landslide Atlas 2023 & NASA SRTM 30m DEM
Uttarakhand,Rudraprayag,1,Northwest Himalayas,Schist & Gneiss,1794.0,34.5,319.1,13.16,4.37,2.7,75.6,0.67,24.9,127.8,431.2,0.9999,1,ISRO NRSC Landslide Atlas 2023 & NASA SRTM 30m DEM
Uttarakhand,Rudraprayag,1,Northwest Himalayas,Schist & Gneiss,2139.0,40.7,238.4,13.84,4.93,2.2,34.7,0.63,9.0,33.1,80.0,0.968,1,ISRO NRSC Landslide Atlas 2023 & NASA SRTM 30m DEM
Uttarakhand,Rudraprayag,1,Northwest Himalayas,Schist & Gneiss,1767.0,45.7,209.4,15.15,4.25,3.0,29.2,0.64,5.6,18.4,45.4,0.9589,1,ISRO NRSC Landslide Atlas 2023 & NASA SRTM 30m DEM
Uttarakhand,Rudraprayag,1,Northwest Himalayas,Schist & Gneiss,2088.0,38.9,261.4,15.1,5.25,1.4,56.8,0.48,34.8,105.6,243.9,0.9998,1,ISRO NRSC Landslide Atlas 2023 & NASA SRTM 30m DEM
Uttarakhand,Rudraprayag,1,Northwest Himalayas,Schist & Gneiss,1668.0,35.7,60.7,12.68,4.47,1.9,25.5,0.41,3.4,11.9,24.7,0.8275,1,ISRO NRSC Landslide Atlas 2023 & NASA SRTM 30m DEM
Uttarakhand,Rudraprayag,1,Northwest Himalayas,Schist & Gneiss,1793.0,43.7,57.8,18.54,4.27,2.3,33.4,0.56,2.7,17.4,60.4,0.9753,1,ISRO NRSC Landslide Atlas 2023 & NASA SRTM 30m DEM
Uttarakhand,Rudraprayag,1,Northwest Himalayas,Schist & Gneiss,1975.0,46.1,97.1,14.66,4.8,3.2,45.6,0.46,7.4,38.4,132.2,0.9928,1,ISRO NRSC Landslide Atlas 2023 & NASA SRTM 30m DEM
Uttarakhand,Rudraprayag,1,Northwest Himalayas,Schist & Gneiss,2094.0,37.2,304.6,13.92,4.83,1.4,99.0,0.49,63.1,201.6,583.0,1.0,1,ISRO NRSC Landslide Atlas 2023 & NASA SRTM 30m DEM
Uttarakhand,Rudraprayag,1,Northwest Himalayas,Schist & Gneiss,1678.0,34.9,233.1,11.91,5.69,2.5,54.9,0.6,16.8,67.6,170.2,0.9928,1,ISRO NRSC Landslide Atlas 2023 & NASA SRTM 30m DEM
Uttarakhand,Rudraprayag,1,Northwest Himalayas,Schist & Gneiss,1921.0,39.2,148.3,14.55,4.44,1.8,51.3,0.35,19.9,88.0,204.3,0.999,1,ISRO NRSC Landslide Atlas 2023 & NASA SRTM 30m DEM
Uttarakhand,Rudraprayag,1,Northwest Himalayas,Schist & Gneiss,1978.0,33.9,159.5,10.95,5.61,3.3,44.1,0.48,8.1,40.7,143.5,0.9622,1,ISRO NRSC Landslide Atlas 2023 & NASA SRTM 30m DEM
Uttarakhand,Rudraprayag,1,Northwest Himalayas,Schist & Gneiss,1802.0,38.8,278.7,11.96,4.16,3.8,24.6,0.4,2.9,14.8,41.0,0.8655,1,ISRO NRSC Landslide Atlas 2023 & NASA SRTM 30m DEM
Uttarakhand,Rudraprayag,1,Northwest Himalayas,Schist & Gneiss,1883.0,38.9,212.5,13.89,5.04,3.3,26.5,0.8,5.5,16.1,54.2,0.8832,1,ISRO NRSC Landslide Atlas 2023 & NASA SRTM 30m DEM
Uttarakhand,Rudraprayag,1,Northwest Himalayas,Schist & Gneiss,1618.0,46.3,121.6,15.51,4.26,0.9,54.5,0.38,16.7,63.4,267.0,0.9993,1,ISRO NRSC Landslide Atlas 2023 & NASA SRTM 30m DEM
Uttarakhand,Rudraprayag,1,Northwest Himalayas,Schist & Gneiss,2073.0,38.9,214.2,12.91,5.19,1.3,41.6,0.51,27.7,81.9,179.5,0.9982,1,ISRO NRSC Landslide Atlas 2023 & NASA SRTM 30m DEM
Uttarakhand,Rudraprayag,1,Northwest Himalayas,Schist & Gneiss,1881.0,47.3,88.2,19.0,3.77,1.6,35.6,0.78,3.8,14.4,59.9,0.9773,1,ISRO NRSC Landslide Atlas 2023 & NASA SRTM 30m DEM
Uttarakhand,Rudraprayag,1,Northwest Himalayas,Schist & Gneiss,1684.0,51.0,103.8,17.28,4.65,3.3,71.7,0.79,37.5,126.6,347.0,1.0,1,ISRO NRSC Landslide Atlas 2023 & NASA SRTM 30m DEM
Uttarakhand,Rudraprayag,1,Northwest Himalayas,Schist & Gneiss,1611.0,38.3,328.1,14.3,4.36,0.6,15.0,0.62,0.3,1.3,2.7,0.7304,1,ISRO NRSC Landslide Atlas 2023 & NASA SRTM 30m DEM
Uttarakhand,Rudraprayag,1,Northwest Himalayas,Schist & Gneiss,1803.0,42.2,249.9,15.8,5.43,1.2,50.8,0.81,17.1,65.2,235.2,0.9981,1,ISRO NRSC Landslide Atlas 2023 & NASA SRTM 30m DEM
Uttarakhand,Rudraprayag,1,Northwest Himalayas,Schist & Gneiss,1815.0,32.1,123.9,10.54,5.08,2.3,60.8,0.42,15.6,74.3,300.9,0.9963,1,ISRO NRSC Landslide Atlas 2023 & NASA SRTM 30m DEM
Uttarakhand,Rudraprayag,1,Northwest Himalayas,Schist & Gneiss,2028.0,39.1,56.0,12.7,5.05,0.8,37.9,0.57,5.9,29.1,98.6,0.9548,1,ISRO NRSC Landslide Atlas 2023 & NASA SRTM 30m DEM
Uttarakhand,Rudraprayag,1,Northwest Himalayas,Schist & Gneiss,1918.0,45.3,285.9,15.15,4.1,1.7,25.9,0.55,3.7,12.5,30.0,0.9427,1,ISRO NRSC Landslide Atlas 2023 & NASA SRTM 30m DEM
Uttarakhand,Rudraprayag,1,Northwest Himalayas,Schist & Gneiss,2055.0,39.7,250.5,11.83,4.91,2.5,18.8,0.25,0.2,1.1,2.4,0.7945,1,ISRO NRSC Landslide Atlas 2023 & NASA SRTM 30m DEM
Uttarakhand,Rudraprayag,1,Northwest Himalayas,Schist & Gneiss,1803.0,33.8,49.6,13.16,5.16,2.0,87.2,0.84,29.4,99.9,433.8,0.9998,1,ISRO NRSC Landslide Atlas 2023 & NASA SRTM 30m DEM
Uttarakhand,Rudraprayag,1,Northwest Himalayas,Schist & Gneiss,1983.0,51.6,23.0,18.54,4.02,3.7,68.1,0.52,17.8,109.1,282.9,0.9999,1,ISRO NRSC Landslide Atlas 2023 & NASA SRTM 30m DEM
Uttarakhand,Rudraprayag,1,Northwest Himalayas,Schist & Gneiss,1697.0,39.6,202.0,13.46,4.6,2.0,62.7,0.56,11.6,64.2,274.6,0.9976,1,ISRO NRSC Landslide Atlas 2023 & NASA SRTM 30m DEM
Uttarakhand,Rudraprayag,1,Northwest Himalayas,Schist & Gneiss,1779.0,45.9,228.4,18.18,4.36,3.1,86.6,0.68,29.2,108.0,391.6,1.0,1,ISRO NRSC Landslide Atlas 2023 & NASA SRTM 30m DEM
Uttarakhand,Rudraprayag,1,Northwest Himalayas,Schist & Gneiss,1964.0,40.9,81.8,15.12,5.03,1.8,99.0,0.8,46.3,144.7,599.7,1.0,1,ISRO NRSC Landslide Atlas 2023 & NASA SRTM 30m DEM
Uttarakhand,Rudraprayag,1,Northwest Himalayas,Schist & Gneiss,1716.0,39.6,158.8,14.84,5.02,2.2,80.5,0.49,25.9,104.3,429.6,0.9999,1,ISRO NRSC Landslide Atlas 2023 & NASA SRTM 30m DEM
Uttarakhand,Rudraprayag,1,Northwest Himalayas,Schist & Gneiss,1815.0,47.0,113.3,15.68,4.74,2.1,26.3,0.27,7.1,21.8,58.1,0.9843,1,ISRO NRSC Landslide Atlas 2023 & NASA SRTM 30m DEM
Uttarakhand,Rudraprayag,1,Northwest Himalayas,Schist & Gneiss,1828.0,49.9,109.7,17.71,5.14,2.3,35.6,0.54,13.7,40.0,127.1,0.9972,1,ISRO NRSC Landslide Atlas 2023 & NASA SRTM 30m DEM
Uttarakhand,Rudraprayag,1,Northwest Himalayas,Schist & Gneiss,1798.0,48.0,80.3,16.57,4.24,2.5,37.8,0.77,11.0,35.4,111.2,0.9915,1,ISRO NRSC Landslide Atlas 2023 & NASA SRTM 30m DEM
Uttarakhand,Rudraprayag,1,Northwest Himalayas,Schist & Gneiss,1534.0,41.0,203.2,12.89,4.68,1.4,27.2,0.77,2.1,8.6,25.7,0.8215,1,ISRO NRSC Landslide Atlas 2023 & NASA SRTM 30m DEM
Uttarakhand,Rudraprayag,1,Northwest Himalayas,Schist & Gneiss,1790.0,47.2,301.7,15.95,4.0,4.2,99.0,0.71,45.0,134.1,564.8,1.0,1,ISRO NRSC Landslide Atlas 2023 & NASA SRTM 30m DEM
Uttarakhand,Rudraprayag,1,Northwest Himalayas,Schist & Gneiss,1937.0,44.2,227.4,16.16,4.19,1.7,53.0,0.5,16.5,53.2,205.2,0.9982,1,ISRO NRSC Landslide Atlas 2023 & NASA SRTM 30m DEM
Uttarakhand,Rudraprayag,1,Northwest Himalayas,Schist & Gneiss,1994.0,42.6,341.1,15.3,4.37,1.9,81.6,0.44,21.6,117.0,365.6,0.9999,1,ISRO NRSC Landslide Atlas 2023 & NASA SRTM 30m DEM
Uttarakhand,Rudraprayag,1,Northwest Himalayas,Schist & Gneiss,1806.0,45.1,25.8,14.99,4.52,1.6,65.8,0.62,23.8,112.7,294.7,0.9999,1,ISRO NRSC Landslide Atlas 2023 & NASA SRTM 30m DEM
Uttarakhand,Rudraprayag,1,Northwest Himalayas,Schist & Gneiss,1824.0,39.0,3.6,14.35,5.82,2.9,30.5,0.31,5.7,25.8,84.4,0.9691,1,ISRO NRSC Landslide Atlas 2023 & NASA SRTM 30m DEM
Uttarakhand,Rudraprayag,1,Northwest Himalayas,Schist & Gneiss,1723.0,54.6,279.3,20.0,3.85,3.4,65.1,0.62,32.2,97.1,291.7,1.0,1,ISRO NRSC Landslide Atlas 2023 & NASA SRTM 30m DEM
Uttarakhand,Rudraprayag,1,Northwest Himalayas,Schist & Gneiss,1849.0,45.3,17.8,14.16,4.27,2.6,35.2,0.75,3.2,18.0,41.0,0.9399,1,ISRO NRSC Landslide Atlas 2023 & NASA SRTM 30m DEM
Uttarakhand,Rudraprayag,1,Northwest Himalayas,Schist & Gneiss,1840.0,43.8,105.1,16.98,5.15,3.6,79.7,0.78,24.7,107.6,450.5,1.0,1,ISRO NRSC Landslide Atlas 2023 & NASA SRTM 30m DEM
Uttarakhand,Rudraprayag,1,Northwest Himalayas,Schist & Gneiss,1752.0,46.1,325.7,14.63,4.86,2.2,60.1,0.22,20.4,79.8,296.2,0.9998,1,ISRO NRSC Landslide Atlas 2023 & NASA SRTM 30m DEM
Uttarakhand,Rudraprayag,1,Northwest Himalayas,Schist & Gneiss,1724.0,45.4,40.3,15.22,4.22,1.6,59.7,0.63,14.0,86.7,261.5,0.9994,1,ISRO NRSC Landslide Atlas 2023 & NASA SRTM 30m DEM
Uttarakhand,Rudraprayag,1,Northwest Himalayas,Schist & Gneiss,1828.0,38.0,228.9,13.19,4.38,2.1,67.1,0.47,28.9,107.5,314.9,0.9998,1,ISRO NRSC Landslide Atlas 2023 & NASA SRTM 30m DEM
Uttarakhand,Rudraprayag,1,Northwest Himalayas,Schist & Gneiss,1623.0,49.2,275.4,17.45,4.18,2.7,99.0,0.58,134.1,383.3,795.0,1.0,1,ISRO NRSC Landslide Atlas 2023 & NASA SRTM 30m DEM
Uttarakhand,Rudraprayag,1,Northwest Himalayas,Schist & Gneiss,1803.0,42.8,210.7,14.9,4.64,2.1,91.6,0.82,30.7,163.9,531.2,1.0,1,ISRO NRSC Landslide Atlas 2023 & NASA SRTM 30m DEM
Uttarakhand,Rudraprayag,1,Northwest Himalayas,Schist & Gneiss,1742.0,50.2,56.4,17.51,3.58,2.7,66.3,0.29,23.5,74.2,296.7,0.9999,1,ISRO NRSC Landslide Atlas 2023 & NASA SRTM 30m DEM
Uttarakhand,Rudraprayag,1,Northwest Himalayas,Schist & Gneiss,1830.0,43.5,89.7,16.54,4.96,2.6,36.4,0.6,3.3,10.1,44.7,0.9573,1,ISRO NRSC Landslide Atlas 2023 & NASA SRTM 30m DEM
Uttarakhand,Rudraprayag,1,Northwest Himalayas,Schist & Gneiss,1636.0,39.6,277.1,16.0,4.75,1.1,46.1,0.55,18.6,57.1,117.7,0.9955,1,ISRO NRSC Landslide Atlas 2023 & NASA SRTM 30m DEM
Uttarakhand,Rudraprayag,1,Northwest Himalayas,Schist & Gneiss,1888.0,49.7,88.2,16.59,4.89,0.7,17.2,0.67,0.5,2.8,11.6,0.936,1,ISRO NRSC Landslide Atlas 2023 & NASA SRTM 30m DEM
Uttarakhand,Rudraprayag,1,Northwest Himalayas,Schist & Gneiss,1645.0,38.2,217.0,11.03,5.19,2.0,99.0,0.85,68.3,294.4,1285.8,1.0,1,ISRO NRSC Landslide Atlas 2023 & NASA SRTM 30m DEM
Uttarakhand,Rudraprayag,1,Northwest Himalayas,Schist & Gneiss,1730.0,37.5,5.8,13.1,3.91,3.2,68.8,0.79,30.1,104.1,291.0,0.9995,1,ISRO NRSC Landslide Atlas 2023 & NASA SRTM 30m DEM
Uttarakhand,Rudraprayag,1,Northwest Himalayas,Schist & Gneiss,1603.0,35.3,257.0,13.15,4.81,2.2,22.3,0.5,2.4,9.3,19.9,0.7857,1,ISRO NRSC Landslide Atlas 2023 & NASA SRTM 30m DEM
Uttarakhand,Rudraprayag,1,Northwest Himalayas,Schist & Gneiss,1891.0,38.3,247.4,12.53,5.07,2.8,35.4,0.38,12.0,42.4,124.0,0.9818,1,ISRO NRSC Landslide Atlas 2023 & NASA SRTM 30m DEM
Uttarakhand,Rudraprayag,1,Northwest Himalayas,Schist & Gneiss,2154.0,36.6,356.9,13.77,4.19,1.4,74.6,0.83,32.8,109.4,374.6,0.9998,1,ISRO NRSC Landslide Atlas 2023 & NASA SRTM 30m DEM
Uttarakhand,Rudraprayag,1,Northwest Himalayas,Schist & Gneiss,1558.0,42.0,167.8,15.06,5.67,3.1,37.0,0.69,19.6,56.6,180.3,0.9962,1,ISRO NRSC Landslide Atlas 2023 & NASA SRTM 30m DEM
Uttarakhand,Rudraprayag,1,Northwest Himalayas,Schist & Gneiss,1711.0,43.2,141.8,15.04,4.43,2.5,99.0,0.39,38.5,170.9,748.4,1.0,1,ISRO NRSC Landslide Atlas 2023 & NASA SRTM 30m DEM
Uttarakhand,Rudraprayag,1,Northwest Himalayas,Schist & Gneiss,2137.0,34.6,261.0,12.77,5.04,3.2,24.8,0.35,6.8,26.4,67.4,0.9194,1,ISRO NRSC Landslide Atlas 2023 & NASA SRTM 30m DEM
Uttarakhand,Rudraprayag,1,Northwest Himalayas,Schist & Gneiss,1710.0,53.4,272.9,18.84,4.38,2.4,44.6,0.27,10.5,44.7,120.8,0.999,1,ISRO NRSC Landslide Atlas 2023 & NASA SRTM 30m DEM
Uttarakhand,Rudraprayag,1,Northwest Himalayas,Schist & Gneiss,1827.0,39.4,337.0,14.03,4.99,2.1,17.4,0.59,0.2,0.8,1.7,0.7677,1,ISRO NRSC Landslide Atlas 2023 & NASA SRTM 30m DEM
Uttarakhand,Rudraprayag,1,Northwest Himalayas,Schist & Gneiss,1619.0,41.2,251.0,14.39,4.73,2.0,25.9,0.22,4.5,15.1,48.5,0.9532,1,ISRO NRSC Landslide Atlas 2023 & NASA SRTM 30m DEM
Uttarakhand,Rudraprayag,1,Northwest Himalayas,Schist & Gneiss,1884.0,38.6,279.3,15.55,5.06,2.8,26.7,0.76,7.9,23.0,57.8,0.9365,1,ISRO NRSC Landslide Atlas 2023 & NASA SRTM 30m DEM
Uttarakhand,Rudraprayag,1,Northwest Himalayas,Schist & Gneiss,2085.0,33.8,306.0,12.25,4.39,4.1,51.1,0.32,24.5,77.1,250.6,0.9979,1,ISRO NRSC Landslide Atlas 2023 & NASA SRTM 30m DEM
Uttarakhand,Rudraprayag,1,Northwest Himalayas,Schist & Gneiss,2025.0,43.0,21.6,15.5,4.76,2.7,99.0,0.35,52.5,196.4,724.0,1.0,1,ISRO NRSC Landslide Atlas 2023 & NASA SRTM 30m DEM
Uttarakhand,Rudraprayag,1,Northwest Himalayas,Schist & Gneiss,1699.0,33.0,176.2,11.01,4.76,3.5,92.6,0.21,57.6,181.1,462.2,1.0,1,ISRO NRSC Landslide Atlas 2023 & NASA SRTM 30m DEM
Uttarakhand,Rudraprayag,1,Northwest Himalayas,Schist & Gneiss,1675.0,48.0,264.4,15.73,3.98,1.9,18.9,0.69,0.5,1.4,4.3,0.8991,1,ISRO NRSC Landslide Atlas 2023 & NASA SRTM 30m DEM
Uttarakhand,Rudraprayag,1,Northwest Himalayas,Schist & Gneiss,1701.0,42.3,342.4,15.99,4.86,2.8,35.0,0.55,10.5,39.6,139.1,0.9907,1,ISRO NRSC Landslide Atlas 2023 & NASA SRTM 30m DEM
Uttarakhand,Rudraprayag,1,Northwest Himalayas,Schist & Gneiss,2129.0,43.5,291.4,16.59,3.98,3.1,16.3,0.67,0.7,2.7,9.7,0.8745,1,ISRO NRSC Landslide Atlas 2023 & NASA SRTM 30m DEM
Uttarakhand,Rudraprayag,1,Northwest Himalayas,Schist & Gneiss,1772.0,43.6,206.0,15.92,4.26,1.9,30.9,0.4,5.6,26.7,101.7,0.9823,1,ISRO NRSC Landslide Atlas 2023 & NASA SRTM 30m DEM
Uttarakhand,Rudraprayag,1,Northwest Himalayas,Schist & Gneiss,1847.0,38.4,82.8,12.65,4.74,3.7,26.1,0.33,4.7,13.4,56.4,0.907,1,ISRO NRSC Landslide Atlas 2023 & NASA SRTM 30m DEM
Uttarakhand,Rudraprayag,1,Northwest Himalayas,Schist & Gneiss,2117.0,39.9,314.3,14.63,5.3,2.2,38.6,0.71,13.0,47.4,134.0,0.9878,1,ISRO NRSC Landslide Atlas 2023 & NASA SRTM 30m DEM
Uttarakhand,Rudraprayag,1,Northwest Himalayas,Schist & Gneiss,1876.0,47.3,26.5,17.26,4.79,3.5,99.0,0.26,52.3,182.7,666.5,1.0,1,ISRO NRSC Landslide Atlas 2023 & NASA SRTM 30m DEM
Uttarakhand,Rudraprayag,1,Northwest Himalayas,Schist & Gneiss,2010.0,40.1,291.0,15.27,4.59,2.7,78.2,0.35,30.4,118.2,361.8,1.0,1,ISRO NRSC Landslide Atlas 2023 & NASA SRTM 30m DEM
Uttarakhand,Rudraprayag,1,Northwest Himalayas,Schist & Gneiss,1544.0,44.0,257.4,16.07,5.15,0.8,70.5,0.62,12.6,74.2,291.9,0.9995,1,ISRO NRSC Landslide Atlas 2023 & NASA SRTM 30m DEM
Uttarakhand,Rudraprayag,1,Northwest Himalayas,Schist & Gneiss,1905.0,40.6,272.3,14.5,4.11,1.4,61.1,0.35,26.3,101.9,241.3,0.9997,1,ISRO NRSC Landslide Atlas 2023 & NASA SRTM 30m DEM
Uttarakhand,Rudraprayag,1,Northwest Himalayas,Schist & Gneiss,2006.0,40.6,174.7,14.65,4.77,2.1,56.5,0.66,18.4,54.0,200.0,0.9967,1,ISRO NRSC Landslide Atlas 2023 & NASA SRTM 30m DEM
Uttarakhand,Rudraprayag,1,Northwest Himalayas,Schist & Gneiss,1786.0,41.1,51.4,15.26,4.6,3.3,32.9,0.78,15.0,44.0,109.9,0.9852,1,ISRO NRSC Landslide Atlas 2023 & NASA SRTM 30m DEM
Uttarakhand,Rudraprayag,1,Northwest Himalayas,Schist & Gneiss,1763.0,42.4,215.1,14.89,4.29,3.9,43.9,0.73,8.2,38.7,105.9,0.9824,1,ISRO NRSC Landslide Atlas 2023 & NASA SRTM 30m DEM
Uttarakhand,Rudraprayag,1,Northwest Himalayas,Schist & Gneiss,1899.0,43.4,277.0,14.37,4.49,1.5,41.5,0.31,12.8,36.7,152.1,0.9935,1,ISRO NRSC Landslide Atlas 2023 & NASA SRTM 30m DEM
Uttarakhand,Rudraprayag,1,Northwest Himalayas,Schist & Gneiss,1864.0,40.8,181.2,14.65,4.63,2.7,99.0,0.43,53.4,160.3,583.0,1.0,1,ISRO NRSC Landslide Atlas 2023 & NASA SRTM 30m DEM
Uttarakhand,Rudraprayag,1,Northwest Himalayas,Schist & Gneiss,1772.0,34.6,8.5,11.79,4.9,2.8,44.2,0.33,6.2,28.5,127.9,0.9554,1,ISRO NRSC Landslide Atlas 2023 & NASA SRTM 30m DEM
Uttarakhand,Rudraprayag,1,Northwest Himalayas,Schist & Gneiss,1985.0,32.1,265.9,9.53,5.09,3.4,37.4,0.42,9.7,37.7,90.5,0.9153,1,ISRO NRSC Landslide Atlas 2023 & NASA SRTM 30m DEM
Uttarakhand,Rudraprayag,1,Northwest Himalayas,Schist & Gneiss,1833.0,52.1,85.8,19.58,3.99,3.3,51.7,0.51,9.9,47.7,188.9,0.9992,1,ISRO NRSC Landslide Atlas 2023 & NASA SRTM 30m DEM
Uttarakhand,Rudraprayag,1,Northwest Himalayas,Schist & Gneiss,1734.0,43.5,267.9,14.2,4.47,3.1,52.3,0.69,12.5,44.8,126.2,0.9916,1,ISRO NRSC Landslide Atlas 2023 & NASA SRTM 30m DEM
Uttarakhand,Rudraprayag,1,Northwest Himalayas,Schist & Gneiss,1949.0,40.0,130.2,14.85,4.82,2.9,18.9,0.33,0.0,0.2,0.7,0.8525,1,ISRO NRSC Landslide Atlas 2023 & NASA SRTM 30m DEM
Uttarakhand,Rudraprayag,1,Northwest Himalayas,Schist & Gneiss,1852.0,39.6,179.0,12.98,4.95,2.8,33.9,0.52,4.9,30.0,104.8,0.9583,1,ISRO NRSC Landslide Atlas 2023 & NASA SRTM 30m DEM
Uttarakhand,Rudraprayag,1,Northwest Himalayas,Schist & Gneiss,1984.0,37.5,302.4,12.89,5.15,2.2,15.0,0.8,0.1,0.4,1.7,0.6109,1,ISRO NRSC Landslide Atlas 2023 & NASA SRTM 30m DEM
Uttarakhand,Rudraprayag,1,Northwest Himalayas,Schist & Gneiss,1839.0,39.0,304.8,12.4,5.56,3.4,28.2,0.44,5.4,19.8,76.9,0.9311,1,ISRO NRSC Landslide Atlas 2023 & NASA SRTM 30m DEM
Uttarakhand,Rudraprayag,1,Northwest Himalayas,Schist & Gneiss,1667.0,44.5,350.6,15.69,4.94,1.1,99.0,0.59,49.8,178.0,495.8,1.0,1,ISRO NRSC Landslide Atlas 2023 & NASA SRTM 30m DEM
Uttarakhand,Rudraprayag,1,Northwest Himalayas,Schist & Gneiss,1801.0,36.9,53.9,11.45,5.83,2.6,66.0,0.43,20.6,81.4,336.9,0.9992,1,ISRO NRSC Landslide Atlas 2023 & NASA SRTM 30m DEM
Uttarakhand,Rudraprayag,1,Northwest Himalayas,Schist & Gneiss,1608.0,35.7,160.5,13.12,5.86,2.7,23.5,0.4,1.5,4.4,11.0,0.7989,1,ISRO NRSC Landslide Atlas 2023 & NASA SRTM 30m DEM
Uttarakhand,Rudraprayag,1,Northwest Himalayas,Schist & Gneiss,2007.0,51.6,328.2,18.41,4.42,2.4,24.6,0.56,6.3,19.7,46.0,0.9882,1,ISRO NRSC Landslide Atlas 2023 & NASA SRTM 30m DEM
Uttarakhand,Rudraprayag,1,Northwest Himalayas,Schist & Gneiss,2047.0,34.9,94.8,11.99,5.12,2.1,69.0,0.38,28.7,106.1,252.0,0.9995,1,ISRO NRSC Landslide Atlas 2023 & NASA SRTM 30m DEM
Uttarakhand,Rudraprayag,1,Northwest Himalayas,Schist & Gneiss,1713.0,35.2,277.1,11.2,4.69,2.2,33.6,0.7,2.8,10.6,34.3,0.7358,1,ISRO NRSC Landslide Atlas 2023 & NASA SRTM 30m DEM
Uttarakhand,Rudraprayag,1,Northwest Himalayas,Schist & Gneiss,1608.0,32.9,261.5,11.96,5.48,3.0,99.0,0.78,96.0,325.3,969.1,1.0,1,ISRO NRSC Landslide Atlas 2023 & NASA SRTM 30m DEM
Uttarakhand,Rudraprayag,1,Northwest Himalayas,Schist & Gneiss,1889.0,53.2,49.8,20.89,4.23,2.3,46.2,0.69,24.6,83.1,225.9,0.9999,1,ISRO NRSC Landslide Atlas 2023 & NASA SRTM 30m DEM
Uttarakhand,Rudraprayag,1,Northwest Himalayas,Schist & Gneiss,1946.0,45.7,142.4,16.03,4.46,1.8,33.6,0.22,8.4,47.8,123.6,0.9957,1,ISRO NRSC Landslide Atlas 2023 & NASA SRTM 30m DEM
Uttarakhand,Rudraprayag,1,Northwest Himalayas,Schist & Gneiss,1936.0,35.5,199.2,12.6,5.24,1.9,40.5,0.26,9.7,64.0,149.1,0.9907,1,ISRO NRSC Landslide Atlas 2023 & NASA SRTM 30m DEM
Uttarakhand,Rudraprayag,1,Northwest Himalayas,Schist & Gneiss,2014.0,40.9,185.3,14.6,4.11,1.8,64.3,0.56,28.8,103.9,265.4,0.9997,1,ISRO NRSC Landslide Atlas 2023 & NASA SRTM 30m DEM
Uttarakhand,Rudraprayag,1,Northwest Himalayas,Schist & Gneiss,1756.0,35.4,61.7,11.35,4.96,2.8,19.0,0.36,1.1,7.1,30.6,0.744,1,ISRO NRSC Landslide Atlas 2023 & NASA SRTM 30m DEM
Uttarakhand,Rudraprayag,1,Northwest Himalayas,Schist & Gneiss,1939.0,36.1,60.3,12.84,4.8,4.2,16.6,0.52,1.2,4.6,9.7,0.715,1,ISRO NRSC Landslide Atlas 2023 & NASA SRTM 30m DEM
Uttarakhand,Rudraprayag,1,Northwest Himalayas,Schist & Gneiss,1915.0,36.1,316.8,12.53,6.17,2.5,63.6,0.54,22.3,115.8,302.4,0.9996,1,ISRO NRSC Landslide Atlas 2023 & NASA SRTM 30m DEM
Uttarakhand,Rudraprayag,1,Northwest Himalayas,Schist & Gneiss,1995.0,48.3,293.3,17.06,4.18,2.2,23.7,0.44,1.4,9.2,25.6,0.9653,1,ISRO NRSC Landslide Atlas 2023 & NASA SRTM 30m DEM
Uttarakhand,Rudraprayag,1,Northwest Himalayas,Schist & Gneiss,2141.0,40.9,52.2,15.72,4.41,3.2,56.2,0.71,30.0,97.7,252.6,0.9996,1,ISRO NRSC Landslide Atlas 2023 & NASA SRTM 30m DEM
Uttarakhand,Rudraprayag,1,Northwest Himalayas,Schist & Gneiss,2091.0,42.7,128.4,14.09,4.89,1.3,65.0,0.3,21.6,123.5,309.9,0.9999,1,ISRO NRSC Landslide Atlas 2023 & NASA SRTM 30m DEM
Uttarakhand,Rudraprayag,1,Northwest Himalayas,Schist & Gneiss,1804.0,40.4,13.6,13.23,4.16,3.3,58.6,0.29,20.8,90.9,248.9,0.9994,1,ISRO NRSC Landslide Atlas 2023 & NASA SRTM 30m DEM
Uttarakhand,Rudraprayag,1,Northwest Himalayas,Schist & Gneiss,1933.0,41.3,38.5,13.7,5.08,2.9,47.7,0.36,7.0,37.9,144.6,0.9893,1,ISRO NRSC Landslide Atlas 2023 & NASA SRTM 30m DEM
Uttarakhand,Rudraprayag,1,Northwest Himalayas,Schist & Gneiss,1936.0,35.3,292.3,12.4,5.04,3.1,81.7,0.34,19.9,107.6,418.7,0.9998,1,ISRO NRSC Landslide Atlas 2023 & NASA SRTM 30m DEM
Uttarakhand,Rudraprayag,1,Northwest Himalayas,Schist & Gneiss,1672.0,45.2,333.5,15.29,4.14,2.8,55.3,0.22,14.4,51.8,183.9,0.9984,1,ISRO NRSC Landslide Atlas 2023 & NASA SRTM 30m DEM
Uttarakhand,Rudraprayag,1,Northwest Himalayas,Schist & Gneiss,2021.0,51.0,14.7,17.29,4.82,2.9,18.4,0.73,6.4,24.6,53.3,0.9825,1,ISRO NRSC Landslide Atlas 2023 & NASA SRTM 30m DEM
Uttarakhand,Rudraprayag,1,Northwest Himalayas,Schist & Gneiss,1997.0,39.3,61.9,13.54,4.41,2.9,30.7,0.74,3.0,10.4,41.1,0.8514,1,ISRO NRSC Landslide Atlas 2023 & NASA SRTM 30m DEM
Uttarakhand,Rudraprayag,1,Northwest Himalayas,Schist & Gneiss,1659.0,46.2,59.0,16.12,4.67,2.2,22.8,0.81,6.1,21.1,52.9,0.9602,1,ISRO NRSC Landslide Atlas 2023 & NASA SRTM 30m DEM
Uttarakhand,Rudraprayag,1,Northwest Himalayas,Schist & Gneiss,1654.0,39.9,224.7,13.44,4.91,2.9,76.0,0.78,29.6,91.0,319.5,0.9997,1,ISRO NRSC Landslide Atlas 2023 & NASA SRTM 30m DEM
Uttarakhand,Rudraprayag,1,Northwest Himalayas,Schist & Gneiss,1830.0,33.6,216.2,12.38,5.45,1.4,83.7,0.61,35.9,106.3,446.8,0.9999,1,ISRO NRSC Landslide Atlas 2023 & NASA SRTM 30m DEM
Uttarakhand,Rudraprayag,1,Northwest Himalayas,Schist & Gneiss,1805.0,49.6,212.3,16.54,4.83,3.3,15.0,0.41,0.4,2.6,6.5,0.9498,1,ISRO NRSC Landslide Atlas 2023 & NASA SRTM 30m DEM
Uttarakhand,Rudraprayag,1,Northwest Himalayas,Schist & Gneiss,1934.0,47.0,219.2,17.89,4.44,2.9,77.0,0.45,23.6,95.6,403.7,1.0,1,ISRO NRSC Landslide Atlas 2023 & NASA SRTM 30m DEM
Uttarakhand,Rudraprayag,1,Northwest Himalayas,Schist & Gneiss,1812.0,33.6,284.6,12.74,5.31,3.1,38.6,0.73,6.8,33.9,140.5,0.9395,1,ISRO NRSC Landslide Atlas 2023 & NASA SRTM 30m DEM
Uttarakhand,Rudraprayag,1,Northwest Himalayas,Schist & Gneiss,2004.0,46.5,20.8,14.8,5.12,2.0,53.7,0.22,13.5,82.7,211.5,0.9995,1,ISRO NRSC Landslide Atlas 2023 & NASA SRTM 30m DEM
Uttarakhand,Rudraprayag,1,Northwest Himalayas,Schist & Gneiss,2144.0,46.0,4.4,16.24,4.44,2.7,43.9,0.5,8.9,45.8,172.7,0.9963,1,ISRO NRSC Landslide Atlas 2023 & NASA SRTM 30m DEM
Uttarakhand,Rudraprayag,1,Northwest Himalayas,Schist & Gneiss,1909.0,47.2,88.8,14.54,4.61,2.3,45.1,0.29,14.4,41.6,174.0,0.9973,1,ISRO NRSC Landslide Atlas 2023 & NASA SRTM 30m DEM
Uttarakhand,Rudraprayag,1,Northwest Himalayas,Schist & Gneiss,1897.0,45.8,330.9,15.0,4.6,3.3,39.4,0.84,17.1,52.3,157.2,0.995,1,ISRO NRSC Landslide Atlas 2023 & NASA SRTM 30m DEM
Uttarakhand,Rudraprayag,1,Northwest Himalayas,Schist & Gneiss,1543.0,45.3,6.1,15.86,5.33,3.3,99.0,0.37,160.9,478.1,1882.9,1.0,1,ISRO NRSC Landslide Atlas 2023 & NASA SRTM 30m DEM
Uttarakhand,Rudraprayag,1,Northwest Himalayas,Schist & Gneiss,1880.0,38.2,193.4,13.86,5.29,3.5,31.5,0.3,4.5,21.6,58.2,0.9491,1,ISRO NRSC Landslide Atlas 2023 & NASA SRTM 30m DEM
Uttarakhand,Rudraprayag,1,Northwest Himalayas,Schist & Gneiss,2243.0,39.0,192.3,15.23,4.12,1.8,48.4,0.43,10.1,56.3,206.9,0.9956,1,ISRO NRSC Landslide Atlas 2023 & NASA SRTM 30m DEM
Uttarakhand,Rudraprayag,1,Northwest Himalayas,Schist & Gneiss,1814.0,39.5,108.4,14.04,4.84,3.1,59.8,0.51,17.4,57.4,257.4,0.9979,1,ISRO NRSC Landslide Atlas 2023 & NASA SRTM 30m DEM
Uttarakhand,Rudraprayag,1,Northwest Himalayas,Schist & Gneiss,1754.0,36.8,46.9,12.74,4.45,2.6,99.0,0.79,52.8,196.2,854.9,1.0,1,ISRO NRSC Landslide Atlas 2023 & NASA SRTM 30m DEM
Uttarakhand,Rudraprayag,1,Northwest Himalayas,Schist & Gneiss,1922.0,37.7,47.7,13.18,5.47,2.3,18.6,0.85,0.1,0.3,1.2,0.6358,1,ISRO NRSC Landslide Atlas 2023 & NASA SRTM 30m DEM
Uttarakhand,Rudraprayag,1,Northwest Himalayas,Schist & Gneiss,1642.0,39.5,137.4,14.02,5.93,3.1,22.8,0.45,3.1,15.7,40.8,0.9179,1,ISRO NRSC Landslide Atlas 2023 & NASA SRTM 30m DEM
Uttarakhand,Rudraprayag,1,Northwest Himalayas,Schist & Gneiss,1731.0,37.7,120.2,11.2,4.9,2.6,25.4,0.78,3.2,10.9,44.0,0.7485,1,ISRO NRSC Landslide Atlas 2023 & NASA SRTM 30m DEM
Uttarakhand,Rudraprayag,1,Northwest Himalayas,Schist & Gneiss,1795.0,48.0,139.9,17.15,4.74,3.2,99.0,0.21,76.7,231.8,838.2,1.0,1,ISRO NRSC Landslide Atlas 2023 & NASA SRTM 30m DEM
Uttarakhand,Rudraprayag,1,Northwest Himalayas,Schist & Gneiss,1972.0,42.3,241.0,14.12,4.01,2.0,64.4,0.24,12.0,60.3,263.3,0.9988,1,ISRO NRSC Landslide Atlas 2023 & NASA SRTM 30m DEM
Uttarakhand,Rudraprayag,1,Northwest Himalayas,Schist & Gneiss,1829.0,38.9,249.5,13.96,4.46,3.1,30.9,0.49,4.2,25.9,96.4,0.951,1,ISRO NRSC Landslide Atlas 2023 & NASA SRTM 30m DEM
Uttarakhand,Rudraprayag,1,Northwest Himalayas,Schist & Gneiss,1903.0,46.0,322.0,14.77,4.86,0.6,31.3,0.79,8.6,39.8,115.5,0.9848,1,ISRO NRSC Landslide Atlas 2023 & NASA SRTM 30m DEM
Uttarakhand,Rudraprayag,1,Northwest Himalayas,Schist & Gneiss,1928.0,37.2,290.8,11.97,4.67,3.5,32.5,0.28,2.2,11.8,36.6,0.8758,1,ISRO NRSC Landslide Atlas 2023 & NASA SRTM 30m DEM
Uttarakhand,Rudraprayag,1,Northwest Himalayas,Schist & Gneiss,1889.0,50.6,151.8,18.6,3.5,2.3,99.0,0.38,62.6,243.0,1014.9,1.0,1,ISRO NRSC Landslide Atlas 2023 & NASA SRTM 30m DEM
Uttarakhand,Rudraprayag,1,Northwest Himalayas,Schist & Gneiss,1996.0,46.7,234.1,16.67,4.13,2.6,34.7,0.53,5.2,24.4,59.9,0.9823,1,ISRO NRSC Landslide Atlas 2023 & NASA SRTM 30m DEM
Uttarakhand,Rudraprayag,1,Northwest Himalayas,Schist & Gneiss,1542.0,43.4,6.5,15.55,4.34,2.7,27.2,0.72,3.8,20.7,62.0,0.9486,1,ISRO NRSC Landslide Atlas 2023 & NASA SRTM 30m DEM
Uttarakhand,Rudraprayag,1,Northwest Himalayas,Schist & Gneiss,1722.0,48.6,70.8,17.94,4.07,2.3,33.3,0.33,5.1,18.2,63.3,0.9892,1,ISRO NRSC Landslide Atlas 2023 & NASA SRTM 30m DEM
Uttarakhand,Rudraprayag,1,Northwest Himalayas,Schist & Gneiss,1736.0,45.1,189.3,16.43,5.46,3.1,23.2,0.38,2.8,11.4,24.1,0.9619,1,ISRO NRSC Landslide Atlas 2023 & NASA SRTM 30m DEM
Uttarakhand,Rudraprayag,1,Northwest Himalayas,Schist & Gneiss,1849.0,33.8,113.3,12.06,4.88,1.2,17.5,0.21,2.1,10.4,25.5,0.7895,1,ISRO NRSC Landslide Atlas 2023 & NASA SRTM 30m DEM
Uttarakhand,Rudraprayag,1,Northwest Himalayas,Schist & Gneiss,2218.0,46.0,275.1,15.9,5.07,1.0,99.0,0.5,36.0,164.9,600.1,1.0,1,ISRO NRSC Landslide Atlas 2023 & NASA SRTM 30m DEM
Uttarakhand,Rudraprayag,1,Northwest Himalayas,Schist & Gneiss,1872.0,38.8,112.8,13.25,5.59,2.0,18.6,0.47,1.8,9.5,33.3,0.854,1,ISRO NRSC Landslide Atlas 2023 & NASA SRTM 30m DEM
Uttarakhand,Rudraprayag,1,Northwest Himalayas,Schist & Gneiss,2123.0,46.8,185.7,13.96,4.32,1.9,43.8,0.53,6.9,33.3,144.8,0.9899,1,ISRO NRSC Landslide Atlas 2023 & NASA SRTM 30m DEM
Uttarakhand,Rudraprayag,1,Northwest Himalayas,Schist & Gneiss,2034.0,51.5,119.8,17.41,5.43,4.5,63.6,0.59,34.4,146.5,333.4,1.0,1,ISRO NRSC Landslide Atlas 2023 & NASA SRTM 30m DEM
Uttarakhand,Rudraprayag,1,Northwest Himalayas,Schist & Gneiss,1897.0,38.7,150.7,14.55,4.52,3.3,36.5,0.75,6.9,43.2,120.1,0.9727,1,ISRO NRSC Landslide Atlas 2023 & NASA SRTM 30m DEM
Uttarakhand,Rudraprayag,1,Northwest Himalayas,Schist & Gneiss,1833.0,36.1,60.8,13.48,4.67,1.9,77.5,0.78,33.3,113.3,380.3,0.9998,1,ISRO NRSC Landslide Atlas 2023 & NASA SRTM 30m DEM
Uttarakhand,Rudraprayag,1,Northwest Himalayas,Schist & Gneiss,1975.0,30.4,203.8,9.85,5.75,2.6,79.2,0.69,46.8,140.9,454.6,0.9999,1,ISRO NRSC Landslide Atlas 2023 & NASA SRTM 30m DEM
Uttarakhand,Rudraprayag,1,Northwest Himalayas,Schist & Gneiss,1936.0,43.3,334.2,17.15,5.07,3.0,99.0,0.46,35.6,218.7,935.7,1.0,1,ISRO NRSC Landslide Atlas 2023 & NASA SRTM 30m DEM
Uttarakhand,Rudraprayag,1,Northwest Himalayas,Schist & Gneiss,1907.0,45.5,47.0,14.72,4.68,2.1,99.0,0.68,40.1,245.4,1082.3,1.0,1,ISRO NRSC Landslide Atlas 2023 & NASA SRTM 30m DEM
Uttarakhand,Rudraprayag,1,Northwest Himalayas,Schist & Gneiss,1880.0,39.2,237.4,13.99,5.39,1.6,45.0,0.22,12.4,46.0,123.0,0.9928,1,ISRO NRSC Landslide Atlas 2023 & NASA SRTM 30m DEM
Uttarakhand,Rudraprayag,1,Northwest Himalayas,Schist & Gneiss,1792.0,43.6,210.9,15.14,4.96,2.7,26.9,0.35,0.1,0.8,3.2,0.9138,1,ISRO NRSC Landslide Atlas 2023 & NASA SRTM 30m DEM
Uttarakhand,Rudraprayag,1,Northwest Himalayas,Schist & Gneiss,1812.0,34.2,25.9,11.49,5.05,2.6,76.5,0.46,16.7,87.0,362.3,0.9991,1,ISRO NRSC Landslide Atlas 2023 & NASA SRTM 30m DEM
Uttarakhand,Rudraprayag,1,Northwest Himalayas,Schist & Gneiss,1855.0,44.7,28.6,16.09,4.89,1.8,68.6,0.45,24.9,71.5,282.9,0.9997,1,ISRO NRSC Landslide Atlas 2023 & NASA SRTM 30m DEM
Uttarakhand,Rudraprayag,1,Northwest Himalayas,Schist & Gneiss,1714.0,45.6,58.6,14.9,4.88,2.6,99.0,0.68,99.5,390.8,1151.6,1.0,1,ISRO NRSC Landslide Atlas 2023 & NASA SRTM 30m DEM
Uttarakhand,Rudraprayag,1,Northwest Himalayas,Schist & Gneiss,1975.0,39.3,32.7,12.15,4.9,0.7,97.7,0.69,18.5,107.7,461.5,0.9999,1,ISRO NRSC Landslide Atlas 2023 & NASA SRTM 30m DEM
Uttarakhand,Rudraprayag,1,Northwest Himalayas,Schist & Gneiss,1970.0,43.4,47.5,15.03,4.87,2.7,21.4,0.26,4.0,22.6,46.8,0.9674,1,ISRO NRSC Landslide Atlas 2023 & NASA SRTM 30m DEM
Uttarakhand,Rudraprayag,1,Northwest Himalayas,Schist & Gneiss,1953.0,38.9,289.5,13.67,5.13,1.9,23.5,0.58,0.2,0.9,3.5,0.778,1,ISRO NRSC Landslide Atlas 2023 & NASA SRTM 30m DEM
Uttarakhand,Tehri Garhwal,2,Northwest Himalayas,Quartzite & Slate,1675.0,40.5,14.1,13.93,3.98,2.0,42.6,0.5,12.0,39.4,110.4,0.9835,1,ISRO NRSC Landslide Atlas 2023 & NASA SRTM 30m DEM
Uttarakhand,Tehri Garhwal,2,Northwest Himalayas,Quartzite & Slate,1647.0,39.2,286.0,13.58,4.83,2.6,59.2,0.4,38.5,114.9,310.0,0.9999,1,ISRO NRSC Landslide Atlas 2023 & NASA SRTM 30m DEM
Uttarakhand,Tehri Garhwal,2,Northwest Himalayas,Quartzite & Slate,1610.0,35.2,131.2,12.94,5.65,2.6,47.4,0.83,14.6,52.3,221.9,0.987,1,ISRO NRSC Landslide Atlas 2023 & NASA SRTM 30m DEM
Uttarakhand,Tehri Garhwal,2,Northwest Himalayas,Quartzite & Slate,1606.0,49.4,201.3,17.41,4.55,2.9,41.3,0.22,6.4,32.4,126.0,0.9965,1,ISRO NRSC Landslide Atlas 2023 & NASA SRTM 30m DEM
Uttarakhand,Tehri Garhwal,2,Northwest Himalayas,Quartzite & Slate,1200.0,32.3,141.6,11.54,4.82,2.3,39.5,0.75,6.1,24.2,97.5,0.8465,1,ISRO NRSC Landslide Atlas 2023 & NASA SRTM 30m DEM
Uttarakhand,Tehri Garhwal,2,Northwest Himalayas,Quartzite & Slate,1464.0,30.5,353.1,12.48,5.55,1.8,99.0,0.21,32.0,209.8,680.4,1.0,1,ISRO NRSC Landslide Atlas 2023 & NASA SRTM 30m DEM
Uttarakhand,Tehri Garhwal,2,Northwest Himalayas,Quartzite & Slate,1498.0,35.5,133.3,12.05,5.33,1.1,39.0,0.4,14.5,62.8,132.7,0.9877,1,ISRO NRSC Landslide Atlas 2023 & NASA SRTM 30m DEM
Uttarakhand,Tehri Garhwal,2,Northwest Himalayas,Quartzite & Slate,1546.0,31.7,324.3,9.88,5.24,2.7,52.7,0.23,16.7,62.8,250.7,0.9928,1,ISRO NRSC Landslide Atlas 2023 & NASA SRTM 30m DEM
Uttarakhand,Tehri Garhwal,2,Northwest Himalayas,Quartzite & Slate,1593.0,31.6,96.5,10.13,5.44,1.9,46.7,0.21,24.2,91.2,232.1,0.9974,1,ISRO NRSC Landslide Atlas 2023 & NASA SRTM 30m DEM
Uttarakhand,Tehri Garhwal,2,Northwest Himalayas,Quartzite & Slate,1717.0,45.6,4.2,15.72,4.58,1.7,69.2,0.8,17.1,76.9,298.0,0.9995,1,ISRO NRSC Landslide Atlas 2023 & NASA SRTM 30m DEM
Uttarakhand,Tehri Garhwal,2,Northwest Himalayas,Quartzite & Slate,1538.0,35.9,194.3,12.93,5.52,3.5,70.6,0.46,25.4,111.9,341.2,0.9998,1,ISRO NRSC Landslide Atlas 2023 & NASA SRTM 30m DEM
Uttarakhand,Tehri Garhwal,2,Northwest Himalayas,Quartzite & Slate,1668.0,38.9,110.6,14.87,5.56,1.8,77.5,0.62,19.9,90.8,334.5,0.9997,1,ISRO NRSC Landslide Atlas 2023 & NASA SRTM 30m DEM
Uttarakhand,Tehri Garhwal,2,Northwest Himalayas,Quartzite & Slate,1496.0,34.2,264.1,12.15,4.98,2.2,25.5,0.46,2.3,7.4,28.7,0.7454,1,ISRO NRSC Landslide Atlas 2023 & NASA SRTM 30m DEM
Uttarakhand,Tehri Garhwal,2,Northwest Himalayas,Quartzite & Slate,1689.0,43.8,234.1,15.42,4.1,3.0,30.8,0.42,5.9,28.3,92.4,0.9789,1,ISRO NRSC Landslide Atlas 2023 & NASA SRTM 30m DEM
Uttarakhand,Tehri Garhwal,2,Northwest Himalayas,Quartzite & Slate,1460.0,37.2,172.0,11.68,4.64,2.7,99.0,0.45,41.3,150.5,558.5,1.0,1,ISRO NRSC Landslide Atlas 2023 & NASA SRTM 30m DEM
Uttarakhand,Tehri Garhwal,2,Northwest Himalayas,Quartzite & Slate,1713.0,37.8,35.0,11.94,5.01,2.9,99.0,0.22,52.0,177.4,703.1,1.0,1,ISRO NRSC Landslide Atlas 2023 & NASA SRTM 30m DEM
Uttarakhand,Tehri Garhwal,2,Northwest Himalayas,Quartzite & Slate,1547.0,46.8,195.9,15.46,4.42,3.6,52.6,0.58,10.2,58.4,224.7,0.9981,1,ISRO NRSC Landslide Atlas 2023 & NASA SRTM 30m DEM
Uttarakhand,Tehri Garhwal,2,Northwest Himalayas,Quartzite & Slate,1329.0,39.6,294.2,14.72,4.0,1.9,18.4,0.22,1.9,5.5,24.5,0.887,1,ISRO NRSC Landslide Atlas 2023 & NASA SRTM 30m DEM
Uttarakhand,Tehri Garhwal,2,Northwest Himalayas,Quartzite & Slate,1698.0,29.1,226.7,10.71,4.85,4.0,28.0,0.6,2.0,9.0,37.0,0.556,1,ISRO NRSC Landslide Atlas 2023 & NASA SRTM 30m DEM
Uttarakhand,Tehri Garhwal,2,Northwest Himalayas,Quartzite & Slate,1672.0,39.3,82.5,14.49,5.07,2.2,44.0,0.71,6.2,29.1,86.6,0.9607,1,ISRO NRSC Landslide Atlas 2023 & NASA SRTM 30m DEM
Uttarakhand,Tehri Garhwal,2,Northwest Himalayas,Quartzite & Slate,1652.0,43.7,75.5,14.35,4.16,2.5,99.0,0.54,38.2,203.3,765.0,1.0,1,ISRO NRSC Landslide Atlas 2023 & NASA SRTM 30m DEM
Uttarakhand,Tehri Garhwal,2,Northwest Himalayas,Quartzite & Slate,1514.0,42.0,224.4,14.67,4.49,2.1,57.2,0.3,11.5,76.3,265.7,0.999,1,ISRO NRSC Landslide Atlas 2023 & NASA SRTM 30m DEM
Uttarakhand,Tehri Garhwal,2,Northwest Himalayas,Quartzite & Slate,1466.0,34.5,176.3,12.58,4.85,2.8,24.0,0.59,1.1,5.7,14.0,0.6807,1,ISRO NRSC Landslide Atlas 2023 & NASA SRTM 30m DEM
Uttarakhand,Tehri Garhwal,2,Northwest Himalayas,Quartzite & Slate,1206.0,33.9,36.1,11.3,4.42,2.1,75.9,0.33,29.8,95.3,381.0,0.9997,1,ISRO NRSC Landslide Atlas 2023 & NASA SRTM 30m DEM
Uttarakhand,Tehri Garhwal,2,Northwest Himalayas,Quartzite & Slate,1572.0,36.3,305.6,11.39,4.68,2.3,45.8,0.6,21.5,61.6,166.1,0.9905,1,ISRO NRSC Landslide Atlas 2023 & NASA SRTM 30m DEM
Uttarakhand,Tehri Garhwal,2,Northwest Himalayas,Quartzite & Slate,1758.0,43.3,107.6,15.24,4.34,3.1,28.6,0.83,5.9,20.2,84.7,0.9464,1,ISRO NRSC Landslide Atlas 2023 & NASA SRTM 30m DEM
Uttarakhand,Tehri Garhwal,2,Northwest Himalayas,Quartzite & Slate,1574.0,38.4,320.5,13.12,4.79,1.2,41.2,0.52,8.6,31.1,133.5,0.9704,1,ISRO NRSC Landslide Atlas 2023 & NASA SRTM 30m DEM
Uttarakhand,Tehri Garhwal,2,Northwest Himalayas,Quartzite & Slate,1272.0,41.2,329.0,14.86,4.79,4.0,26.5,0.33,5.8,33.3,69.5,0.9732,1,ISRO NRSC Landslide Atlas 2023 & NASA SRTM 30m DEM
Uttarakhand,Tehri Garhwal,2,Northwest Himalayas,Quartzite & Slate,1760.0,39.3,10.2,12.83,4.24,2.2,30.7,0.21,7.3,22.9,74.4,0.9547,1,ISRO NRSC Landslide Atlas 2023 & NASA SRTM 30m DEM
Uttarakhand,Tehri Garhwal,2,Northwest Himalayas,Quartzite & Slate,1671.0,31.9,150.2,11.28,4.36,3.6,99.0,0.79,61.9,254.1,975.0,1.0,1,ISRO NRSC Landslide Atlas 2023 & NASA SRTM 30m DEM
Uttarakhand,Tehri Garhwal,2,Northwest Himalayas,Quartzite & Slate,2012.0,41.8,90.5,12.08,4.86,3.0,19.9,0.72,1.2,7.3,23.6,0.7739,1,ISRO NRSC Landslide Atlas 2023 & NASA SRTM 30m DEM
Uttarakhand,Tehri Garhwal,2,Northwest Himalayas,Quartzite & Slate,1744.0,36.3,60.6,10.74,4.86,2.9,27.6,0.59,8.4,33.8,87.4,0.9067,1,ISRO NRSC Landslide Atlas 2023 & NASA SRTM 30m DEM
Uttarakhand,Tehri Garhwal,2,Northwest Himalayas,Quartzite & Slate,1534.0,37.4,114.7,12.41,5.09,1.3,50.5,0.23,11.0,36.9,149.1,0.9864,1,ISRO NRSC Landslide Atlas 2023 & NASA SRTM 30m DEM
Uttarakhand,Tehri Garhwal,2,Northwest Himalayas,Quartzite & Slate,1343.0,40.7,192.5,13.92,4.8,2.7,59.4,0.74,14.5,66.0,251.8,0.9973,1,ISRO NRSC Landslide Atlas 2023 & NASA SRTM 30m DEM
Uttarakhand,Tehri Garhwal,2,Northwest Himalayas,Quartzite & Slate,1551.0,34.3,102.6,11.51,4.98,3.7,33.6,0.71,10.4,34.9,120.9,0.9244,1,ISRO NRSC Landslide Atlas 2023 & NASA SRTM 30m DEM
Uttarakhand,Tehri Garhwal,2,Northwest Himalayas,Quartzite & Slate,1505.0,34.8,289.7,11.31,5.22,3.0,38.4,0.2,10.6,36.4,148.2,0.973,1,ISRO NRSC Landslide Atlas 2023 & NASA SRTM 30m DEM
Uttarakhand,Tehri Garhwal,2,Northwest Himalayas,Quartzite & Slate,1664.0,35.1,278.8,11.29,5.58,2.2,47.5,0.41,10.4,36.9,159.7,0.9738,1,ISRO NRSC Landslide Atlas 2023 & NASA SRTM 30m DEM
Uttarakhand,Tehri Garhwal,2,Northwest Himalayas,Quartzite & Slate,1646.0,36.7,174.3,13.81,4.89,3.3,64.0,0.6,17.0,66.7,287.1,0.9979,1,ISRO NRSC Landslide Atlas 2023 & NASA SRTM 30m DEM
Uttarakhand,Tehri Garhwal,2,Northwest Himalayas,Quartzite & Slate,1433.0,30.2,328.1,9.62,4.86,3.0,85.9,0.65,36.7,109.3,407.7,0.9997,1,ISRO NRSC Landslide Atlas 2023 & NASA SRTM 30m DEM
Uttarakhand,Tehri Garhwal,2,Northwest Himalayas,Quartzite & Slate,1736.0,43.7,195.0,15.25,4.46,2.6,28.1,0.78,1.7,5.8,12.4,0.8757,1,ISRO NRSC Landslide Atlas 2023 & NASA SRTM 30m DEM
Uttarakhand,Tehri Garhwal,2,Northwest Himalayas,Quartzite & Slate,1826.0,42.5,38.1,14.71,4.28,2.4,31.7,0.32,3.9,11.6,48.0,0.9493,1,ISRO NRSC Landslide Atlas 2023 & NASA SRTM 30m DEM
Uttarakhand,Tehri Garhwal,2,Northwest Himalayas,Quartzite & Slate,1470.0,31.2,145.5,10.31,4.81,2.1,15.0,0.73,1.9,6.2,17.8,0.4256,0,ISRO NRSC Landslide Atlas 2023 & NASA SRTM 30m DEM
Uttarakhand,Tehri Garhwal,2,Northwest Himalayas,Quartzite & Slate,1854.0,39.2,145.6,13.22,4.84,2.6,20.8,0.32,2.7,8.4,30.3,0.8707,1,ISRO NRSC Landslide Atlas 2023 & NASA SRTM 30m DEM
Uttarakhand,Tehri Garhwal,2,Northwest Himalayas,Quartzite & Slate,1440.0,35.5,110.2,11.84,5.05,2.9,40.3,0.51,9.9,40.7,153.9,0.9692,1,ISRO NRSC Landslide Atlas 2023 & NASA SRTM 30m DEM
Uttarakhand,Tehri Garhwal,2,Northwest Himalayas,Quartzite & Slate,1737.0,43.8,73.0,15.14,3.87,2.8,27.3,0.52,3.3,10.2,39.8,0.9306,1,ISRO NRSC Landslide Atlas 2023 & NASA SRTM 30m DEM
Uttarakhand,Tehri Garhwal,2,Northwest Himalayas,Quartzite & Slate,1552.0,34.1,73.5,11.46,4.14,3.3,30.5,0.64,1.1,3.5,8.8,0.6025,1,ISRO NRSC Landslide Atlas 2023 & NASA SRTM 30m DEM
Uttarakhand,Tehri Garhwal,2,Northwest Himalayas,Quartzite & Slate,1739.0,37.6,205.7,14.19,4.9,2.6,27.7,0.46,3.4,10.2,41.8,0.8836,1,ISRO NRSC Landslide Atlas 2023 & NASA SRTM 30m DEM
Uttarakhand,Tehri Garhwal,2,Northwest Himalayas,Quartzite & Slate,1246.0,34.1,154.2,13.34,4.18,0.6,21.0,0.71,3.4,15.4,35.7,0.7429,1,ISRO NRSC Landslide Atlas 2023 & NASA SRTM 30m DEM
Uttarakhand,Tehri Garhwal,2,Northwest Himalayas,Quartzite & Slate,1686.0,29.9,18.0,10.22,4.15,1.8,55.2,0.62,12.6,63.2,222.1,0.9788,1,ISRO NRSC Landslide Atlas 2023 & NASA SRTM 30m DEM
Uttarakhand,Tehri Garhwal,2,Northwest Himalayas,Quartzite & Slate,1467.0,34.0,348.7,11.76,5.3,1.0,50.0,0.34,13.5,56.9,192.6,0.9903,1,ISRO NRSC Landslide Atlas 2023 & NASA SRTM 30m DEM
Uttarakhand,Tehri Garhwal,2,Northwest Himalayas,Quartzite & Slate,1444.0,38.1,254.3,14.06,5.69,2.3,31.3,0.72,8.3,32.3,77.0,0.9489,1,ISRO NRSC Landslide Atlas 2023 & NASA SRTM 30m DEM
Uttarakhand,Tehri Garhwal,2,Northwest Himalayas,Quartzite & Slate,1748.0,37.8,21.1,14.44,4.79,2.4,99.0,0.49,45.3,135.8,576.2,1.0,1,ISRO NRSC Landslide Atlas 2023 & NASA SRTM 30m DEM
Uttarakhand,Tehri Garhwal,2,Northwest Himalayas,Quartzite & Slate,1449.0,30.5,178.5,11.81,5.11,0.8,59.7,0.66,20.3,65.6,236.4,0.9923,1,ISRO NRSC Landslide Atlas 2023 & NASA SRTM 30m DEM
Uttarakhand,Tehri Garhwal,2,Northwest Himalayas,Quartzite & Slate,1398.0,41.2,157.8,14.6,5.06,1.9,41.1,0.54,7.0,32.3,121.6,0.9805,1,ISRO NRSC Landslide Atlas 2023 & NASA SRTM 30m DEM
Uttarakhand,Tehri Garhwal,2,Northwest Himalayas,Quartzite & Slate,1509.0,31.7,103.5,11.49,4.73,2.4,32.9,0.68,10.3,31.9,82.2,0.8732,1,ISRO NRSC Landslide Atlas 2023 & NASA SRTM 30m DEM
Uttarakhand,Tehri Garhwal,2,Northwest Himalayas,Quartzite & Slate,1391.0,35.7,335.3,12.27,5.34,3.0,28.0,0.58,3.3,13.8,59.0,0.8281,1,ISRO NRSC Landslide Atlas 2023 & NASA SRTM 30m DEM
Uttarakhand,Tehri Garhwal,2,Northwest Himalayas,Quartzite & Slate,1820.0,33.6,180.4,12.12,5.17,3.7,64.7,0.21,32.5,105.5,276.4,0.9996,1,ISRO NRSC Landslide Atlas 2023 & NASA SRTM 30m DEM
Uttarakhand,Tehri Garhwal,2,Northwest Himalayas,Quartzite & Slate,1562.0,33.7,188.9,12.01,4.87,3.5,42.2,0.58,8.5,49.3,177.8,0.9716,1,ISRO NRSC Landslide Atlas 2023 & NASA SRTM 30m DEM
Uttarakhand,Tehri Garhwal,2,Northwest Himalayas,Quartzite & Slate,1629.0,50.0,137.6,16.79,4.32,2.4,59.6,0.33,21.2,94.5,267.2,0.9999,1,ISRO NRSC Landslide Atlas 2023 & NASA SRTM 30m DEM
Uttarakhand,Tehri Garhwal,2,Northwest Himalayas,Quartzite & Slate,1607.0,28.7,263.5,9.75,5.51,2.1,34.1,0.66,5.4,29.1,106.0,0.7804,1,ISRO NRSC Landslide Atlas 2023 & NASA SRTM 30m DEM
Uttarakhand,Tehri Garhwal,2,Northwest Himalayas,Quartzite & Slate,1608.0,38.4,153.4,16.25,5.23,3.1,47.5,0.31,12.6,56.6,143.4,0.996,1,ISRO NRSC Landslide Atlas 2023 & NASA SRTM 30m DEM
Uttarakhand,Tehri Garhwal,2,Northwest Himalayas,Quartzite & Slate,1720.0,44.3,126.7,16.01,4.08,3.1,36.6,0.35,8.6,25.1,64.2,0.9836,1,ISRO NRSC Landslide Atlas 2023 & NASA SRTM 30m DEM
Uttarakhand,Tehri Garhwal,2,Northwest Himalayas,Quartzite & Slate,1607.0,36.9,228.1,12.42,5.41,0.8,27.5,0.42,11.1,34.0,115.6,0.9621,1,ISRO NRSC Landslide Atlas 2023 & NASA SRTM 30m DEM
Uttarakhand,Tehri Garhwal,2,Northwest Himalayas,Quartzite & Slate,1410.0,30.3,91.9,11.75,4.75,2.1,27.8,0.64,14.6,54.2,111.9,0.9431,1,ISRO NRSC Landslide Atlas 2023 & NASA SRTM 30m DEM
Uttarakhand,Tehri Garhwal,2,Northwest Himalayas,Quartzite & Slate,1596.0,38.8,75.2,13.72,5.28,2.5,99.0,0.61,37.9,170.5,715.2,1.0,1,ISRO NRSC Landslide Atlas 2023 & NASA SRTM 30m DEM
Uttarakhand,Tehri Garhwal,2,Northwest Himalayas,Quartzite & Slate,1751.0,32.5,13.7,12.57,5.45,2.2,99.0,0.39,103.4,403.2,1609.0,1.0,1,ISRO NRSC Landslide Atlas 2023 & NASA SRTM 30m DEM
Uttarakhand,Tehri Garhwal,2,Northwest Himalayas,Quartzite & Slate,1679.0,42.2,84.7,14.43,4.66,2.3,30.5,0.78,2.8,14.9,53.8,0.9072,1,ISRO NRSC Landslide Atlas 2023 & NASA SRTM 30m DEM
Uttarakhand,Tehri Garhwal,2,Northwest Himalayas,Quartzite & Slate,1724.0,36.8,257.5,13.0,4.99,3.1,38.7,0.27,8.0,28.7,59.6,0.9574,1,ISRO NRSC Landslide Atlas 2023 & NASA SRTM 30m DEM
Uttarakhand,Tehri Garhwal,2,Northwest Himalayas,Quartzite & Slate,1502.0,39.2,26.3,12.82,5.25,1.7,32.7,0.54,4.2,18.4,63.0,0.9144,1,ISRO NRSC Landslide Atlas 2023 & NASA SRTM 30m DEM
Uttarakhand,Tehri Garhwal,2,Northwest Himalayas,Quartzite & Slate,1543.0,43.9,198.3,14.73,3.82,1.6,15.3,0.34,4.3,12.4,27.0,0.9287,1,ISRO NRSC Landslide Atlas 2023 & NASA SRTM 30m DEM
Uttarakhand,Tehri Garhwal,2,Northwest Himalayas,Quartzite & Slate,1381.0,44.2,157.2,15.98,4.38,0.9,63.1,0.54,19.4,76.5,279.9,0.9995,1,ISRO NRSC Landslide Atlas 2023 & NASA SRTM 30m DEM
Uttarakhand,Tehri Garhwal,2,Northwest Himalayas,Quartzite & Slate,1655.0,39.3,73.4,14.6,4.01,2.3,27.6,0.79,6.3,38.6,96.5,0.9512,1,ISRO NRSC Landslide Atlas 2023 & NASA SRTM 30m DEM
Uttarakhand,Tehri Garhwal,2,Northwest Himalayas,Quartzite & Slate,1695.0,39.0,306.4,14.52,4.86,1.9,69.0,0.35,33.8,96.7,337.1,0.9999,1,ISRO NRSC Landslide Atlas 2023 & NASA SRTM 30m DEM
Uttarakhand,Tehri Garhwal,2,Northwest Himalayas,Quartzite & Slate,1560.0,33.0,161.7,12.17,4.23,3.5,23.6,0.34,4.5,16.9,47.7,0.8173,1,ISRO NRSC Landslide Atlas 2023 & NASA SRTM 30m DEM
Uttarakhand,Tehri Garhwal,2,Northwest Himalayas,Quartzite & Slate,1821.0,36.3,67.9,12.28,4.94,1.8,74.3,0.35,47.0,152.3,357.6,1.0,1,ISRO NRSC Landslide Atlas 2023 & NASA SRTM 30m DEM
Uttarakhand,Tehri Garhwal,2,Northwest Himalayas,Quartzite & Slate,1627.0,32.0,264.2,10.9,5.09,2.7,35.9,0.47,7.0,21.7,56.7,0.8396,1,ISRO NRSC Landslide Atlas 2023 & NASA SRTM 30m DEM
Uttarakhand,Tehri Garhwal,2,Northwest Himalayas,Quartzite & Slate,1364.0,37.1,10.3,13.5,5.35,2.4,38.1,0.21,10.7,44.5,126.7,0.9868,1,ISRO NRSC Landslide Atlas 2023 & NASA SRTM 30m DEM
Uttarakhand,Tehri Garhwal,2,Northwest Himalayas,Quartzite & Slate,1765.0,42.0,69.2,12.26,4.75,1.2,36.6,0.38,9.3,28.1,117.8,0.9747,1,ISRO NRSC Landslide Atlas 2023 & NASA SRTM 30m DEM
Uttarakhand,Tehri Garhwal,2,Northwest Himalayas,Quartzite & Slate,1607.0,44.0,316.4,14.89,6.13,1.8,35.7,0.58,8.4,41.3,105.9,0.9882,1,ISRO NRSC Landslide Atlas 2023 & NASA SRTM 30m DEM
Uttarakhand,Tehri Garhwal,2,Northwest Himalayas,Quartzite & Slate,1585.0,33.1,265.0,11.61,5.65,2.5,51.7,0.43,15.8,58.0,260.0,0.9932,1,ISRO NRSC Landslide Atlas 2023 & NASA SRTM 30m DEM
Uttarakhand,Tehri Garhwal,2,Northwest Himalayas,Quartzite & Slate,1621.0,37.4,142.7,12.46,4.38,3.2,38.9,0.32,6.7,31.4,124.5,0.9653,1,ISRO NRSC Landslide Atlas 2023 & NASA SRTM 30m DEM
Uttarakhand,Tehri Garhwal,2,Northwest Himalayas,Quartzite & Slate,1377.0,30.6,93.0,10.21,4.24,0.7,42.8,0.4,23.8,82.1,185.2,0.9922,1,ISRO NRSC Landslide Atlas 2023 & NASA SRTM 30m DEM
Uttarakhand,Tehri Garhwal,2,Northwest Himalayas,Quartzite & Slate,1786.0,40.0,78.4,15.28,4.94,0.7,88.2,0.68,33.0,116.7,465.1,1.0,1,ISRO NRSC Landslide Atlas 2023 & NASA SRTM 30m DEM
Uttarakhand,Tehri Garhwal,2,Northwest Himalayas,Quartzite & Slate,1723.0,37.5,178.9,12.94,5.45,1.5,62.3,0.64,28.7,103.1,270.1,0.9995,1,ISRO NRSC Landslide Atlas 2023 & NASA SRTM 30m DEM
Uttarakhand,Tehri Garhwal,2,Northwest Himalayas,Quartzite & Slate,1672.0,38.7,75.2,13.37,5.43,4.5,86.2,0.28,24.8,93.0,359.1,0.9999,1,ISRO NRSC Landslide Atlas 2023 & NASA SRTM 30m DEM
Uttarakhand,Tehri Garhwal,2,Northwest Himalayas,Quartzite & Slate,1415.0,43.0,212.4,15.26,3.94,1.8,76.4,0.66,30.6,113.0,315.8,0.9999,1,ISRO NRSC Landslide Atlas 2023 & NASA SRTM 30m DEM
Uttarakhand,Tehri Garhwal,2,Northwest Himalayas,Quartzite & Slate,1551.0,36.2,198.8,12.84,5.75,1.5,99.0,0.39,48.5,180.9,764.2,1.0,1,ISRO NRSC Landslide Atlas 2023 & NASA SRTM 30m DEM
Uttarakhand,Tehri Garhwal,2,Northwest Himalayas,Quartzite & Slate,1493.0,41.1,355.1,13.46,4.64,2.9,95.7,0.63,32.6,190.4,542.3,1.0,1,ISRO NRSC Landslide Atlas 2023 & NASA SRTM 30m DEM
Uttarakhand,Tehri Garhwal,2,Northwest Himalayas,Quartzite & Slate,1444.0,36.3,313.6,12.41,5.64,2.7,54.8,0.78,16.5,72.9,259.4,0.9958,1,ISRO NRSC Landslide Atlas 2023 & NASA SRTM 30m DEM
Uttarakhand,Tehri Garhwal,2,Northwest Himalayas,Quartzite & Slate,1578.0,39.2,209.8,12.13,5.14,2.6,48.7,0.51,13.6,40.1,157.9,0.986,1,ISRO NRSC Landslide Atlas 2023 & NASA SRTM 30m DEM
Uttarakhand,Tehri Garhwal,2,Northwest Himalayas,Quartzite & Slate,1898.0,37.2,295.7,13.26,4.27,1.7,29.0,0.54,4.8,16.0,60.5,0.8818,1,ISRO NRSC Landslide Atlas 2023 & NASA SRTM 30m DEM
Uttarakhand,Tehri Garhwal,2,Northwest Himalayas,Quartzite & Slate,1651.0,40.7,181.0,16.7,3.77,2.0,44.2,0.29,11.4,38.5,158.1,0.9941,1,ISRO NRSC Landslide Atlas 2023 & NASA SRTM 30m DEM
Uttarakhand,Tehri Garhwal,2,Northwest Himalayas,Quartzite & Slate,1626.0,30.9,148.1,9.9,5.15,1.4,32.6,0.69,4.6,17.8,73.2,0.7007,1,ISRO NRSC Landslide Atlas 2023 & NASA SRTM 30m DEM
Uttarakhand,Tehri Garhwal,2,Northwest Himalayas,Quartzite & Slate,1404.0,37.9,5.8,14.58,5.5,3.4,79.5,0.65,43.4,125.4,355.8,1.0,1,ISRO NRSC Landslide Atlas 2023 & NASA SRTM 30m DEM
Uttarakhand,Tehri Garhwal,2,Northwest Himalayas,Quartzite & Slate,1517.0,42.9,316.2,15.14,4.17,2.1,99.0,0.25,67.3,241.4,670.1,1.0,1,ISRO NRSC Landslide Atlas 2023 & NASA SRTM 30m DEM
Uttarakhand,Tehri Garhwal,2,Northwest Himalayas,Quartzite & Slate,1233.0,31.1,300.2,9.82,5.51,2.0,48.7,0.39,20.1,75.2,205.2,0.9921,1,ISRO NRSC Landslide Atlas 2023 & NASA SRTM 30m DEM
Uttarakhand,Tehri Garhwal,2,Northwest Himalayas,Quartzite & Slate,1646.0,36.9,48.2,13.07,5.57,3.3,49.5,0.57,13.2,47.1,208.3,0.9904,1,ISRO NRSC Landslide Atlas 2023 & NASA SRTM 30m DEM
Uttarakhand,Tehri Garhwal,2,Northwest Himalayas,Quartzite & Slate,1562.0,34.2,265.0,11.79,4.85,2.5,26.8,0.21,4.1,12.5,33.4,0.838,1,ISRO NRSC Landslide Atlas 2023 & NASA SRTM 30m DEM
Uttarakhand,Tehri Garhwal,2,Northwest Himalayas,Quartzite & Slate,1439.0,41.2,241.7,14.91,4.14,2.5,44.0,0.61,5.5,36.5,149.5,0.9827,1,ISRO NRSC Landslide Atlas 2023 & NASA SRTM 30m DEM
Uttarakhand,Tehri Garhwal,2,Northwest Himalayas,Quartzite & Slate,1583.0,44.2,267.9,15.42,4.6,2.8,91.3,0.63,35.7,111.1,429.3,1.0,1,ISRO NRSC Landslide Atlas 2023 & NASA SRTM 30m DEM
Uttarakhand,Tehri Garhwal,2,Northwest Himalayas,Quartzite & Slate,1570.0,34.3,261.9,10.44,5.44,1.6,53.0,0.56,19.0,79.1,199.9,0.9942,1,ISRO NRSC Landslide Atlas 2023 & NASA SRTM 30m DEM
Uttarakhand,Tehri Garhwal,2,Northwest Himalayas,Quartzite & Slate,1796.0,36.4,181.9,12.46,4.67,2.0,52.6,0.66,20.5,62.5,227.4,0.9947,1,ISRO NRSC Landslide Atlas 2023 & NASA SRTM 30m DEM
Uttarakhand,Tehri Garhwal,2,Northwest Himalayas,Quartzite & Slate,1772.0,40.9,291.8,14.72,5.2,2.2,39.3,0.31,6.4,21.4,85.5,0.9751,1,ISRO NRSC Landslide Atlas 2023 & NASA SRTM 30m DEM
Uttarakhand,Tehri Garhwal,2,Northwest Himalayas,Quartzite & Slate,1616.0,50.1,30.8,17.62,4.44,1.3,15.4,0.3,0.7,3.3,11.9,0.9645,1,ISRO NRSC Landslide Atlas 2023 & NASA SRTM 30m DEM
Uttarakhand,Tehri Garhwal,2,Northwest Himalayas,Quartzite & Slate,1586.0,43.9,193.7,13.94,5.54,3.7,99.0,0.85,58.7,214.9,695.4,1.0,1,ISRO NRSC Landslide Atlas 2023 & NASA SRTM 30m DEM
Uttarakhand,Tehri Garhwal,2,Northwest Himalayas,Quartzite & Slate,1687.0,39.3,105.7,13.91,3.87,2.1,48.1,0.45,12.2,41.2,109.6,0.9852,1,ISRO NRSC Landslide Atlas 2023 & NASA SRTM 30m DEM
Uttarakhand,Tehri Garhwal,2,Northwest Himalayas,Quartzite & Slate,1636.0,34.0,190.2,11.24,4.78,2.6,34.2,0.24,6.0,19.7,63.1,0.8913,1,ISRO NRSC Landslide Atlas 2023 & NASA SRTM 30m DEM
Uttarakhand,Tehri Garhwal,2,Northwest Himalayas,Quartzite & Slate,1453.0,36.8,248.6,10.43,4.5,2.9,54.4,0.72,13.0,60.0,199.9,0.9858,1,ISRO NRSC Landslide Atlas 2023 & NASA SRTM 30m DEM
Uttarakhand,Tehri Garhwal,2,Northwest Himalayas,Quartzite & Slate,1826.0,43.9,8.9,14.5,4.93,1.7,55.4,0.48,11.7,62.8,243.7,0.9983,1,ISRO NRSC Landslide Atlas 2023 & NASA SRTM 30m DEM
Uttarakhand,Tehri Garhwal,2,Northwest Himalayas,Quartzite & Slate,1538.0,36.0,132.0,12.18,4.75,3.5,39.5,0.84,7.2,29.8,85.9,0.9006,1,ISRO NRSC Landslide Atlas 2023 & NASA SRTM 30m DEM
Uttarakhand,Tehri Garhwal,2,Northwest Himalayas,Quartzite & Slate,1823.0,33.3,147.4,12.88,4.99,1.7,36.9,0.65,11.8,37.7,144.8,0.9566,1,ISRO NRSC Landslide Atlas 2023 & NASA SRTM 30m DEM
Uttarakhand,Tehri Garhwal,2,Northwest Himalayas,Quartzite & Slate,1521.0,43.0,350.8,14.15,4.94,1.5,20.6,0.7,2.0,7.4,19.2,0.8569,1,ISRO NRSC Landslide Atlas 2023 & NASA SRTM 30m DEM
Uttarakhand,Tehri Garhwal,2,Northwest Himalayas,Quartzite & Slate,1829.0,43.5,335.4,16.09,4.46,1.9,23.9,0.67,2.3,7.2,27.9,0.9095,1,ISRO NRSC Landslide Atlas 2023 & NASA SRTM 30m DEM
Uttarakhand,Tehri Garhwal,2,Northwest Himalayas,Quartzite & Slate,1447.0,40.0,348.0,14.02,4.62,3.6,48.1,0.31,7.9,49.5,139.0,0.9915,1,ISRO NRSC Landslide Atlas 2023 & NASA SRTM 30m DEM
Uttarakhand,Tehri Garhwal,2,Northwest Himalayas,Quartzite & Slate,1564.0,40.0,266.2,11.98,5.02,3.1,29.0,0.32,10.1,61.5,141.0,0.9888,1,ISRO NRSC Landslide Atlas 2023 & NASA SRTM 30m DEM
Uttarakhand,Tehri Garhwal,2,Northwest Himalayas,Quartzite & Slate,1404.0,38.8,326.8,16.08,4.69,2.7,99.0,0.37,45.4,268.6,755.1,1.0,1,ISRO NRSC Landslide Atlas 2023 & NASA SRTM 30m DEM
Uttarakhand,Tehri Garhwal,2,Northwest Himalayas,Quartzite & Slate,1539.0,31.0,136.1,11.91,4.96,2.4,43.9,0.48,12.0,44.3,197.9,0.9729,1,ISRO NRSC Landslide Atlas 2023 & NASA SRTM 30m DEM
Uttarakhand,Tehri Garhwal,2,Northwest Himalayas,Quartzite & Slate,1448.0,37.9,134.2,14.11,5.08,2.5,21.6,0.6,1.6,8.8,23.8,0.8174,1,ISRO NRSC Landslide Atlas 2023 & NASA SRTM 30m DEM
Uttarakhand,Tehri Garhwal,2,Northwest Himalayas,Quartzite & Slate,1773.0,40.9,93.5,14.27,4.43,1.5,25.5,0.51,2.2,9.1,22.3,0.8808,1,ISRO NRSC Landslide Atlas 2023 & NASA SRTM 30m DEM
Uttarakhand,Tehri Garhwal,2,Northwest Himalayas,Quartzite & Slate,1509.0,33.2,352.5,13.7,5.68,3.2,51.3,0.2,16.3,74.1,251.6,0.9978,1,ISRO NRSC Landslide Atlas 2023 & NASA SRTM 30m DEM
Uttarakhand,Tehri Garhwal,2,Northwest Himalayas,Quartzite & Slate,1495.0,40.8,218.9,15.21,4.64,2.5,32.2,0.73,7.7,36.0,72.2,0.9657,1,ISRO NRSC Landslide Atlas 2023 & NASA SRTM 30m DEM
Uttarakhand,Tehri Garhwal,2,Northwest Himalayas,Quartzite & Slate,1581.0,44.5,292.8,14.61,4.53,2.3,99.0,0.69,36.3,222.5,560.0,1.0,1,ISRO NRSC Landslide Atlas 2023 & NASA SRTM 30m DEM
Uttarakhand,Tehri Garhwal,2,Northwest Himalayas,Quartzite & Slate,1838.0,43.0,135.7,14.66,4.5,1.9,16.5,0.47,2.5,8.1,24.4,0.8956,1,ISRO NRSC Landslide Atlas 2023 & NASA SRTM 30m DEM
Uttarakhand,Tehri Garhwal,2,Northwest Himalayas,Quartzite & Slate,1606.0,39.1,42.5,13.66,4.7,2.6,26.4,0.7,2.8,9.0,18.2,0.8162,1,ISRO NRSC Landslide Atlas 2023 & NASA SRTM 30m DEM
Uttarakhand,Tehri Garhwal,2,Northwest Himalayas,Quartzite & Slate,1642.0,38.8,61.5,14.36,4.23,2.8,99.0,0.37,54.2,197.0,808.4,1.0,1,ISRO NRSC Landslide Atlas 2023 & NASA SRTM 30m DEM
Uttarakhand,Tehri Garhwal,2,Northwest Himalayas,Quartzite & Slate,1719.0,36.5,74.4,13.4,5.54,2.3,29.2,0.22,8.0,31.3,69.1,0.9612,1,ISRO NRSC Landslide Atlas 2023 & NASA SRTM 30m DEM
Uttarakhand,Tehri Garhwal,2,Northwest Himalayas,Quartzite & Slate,1630.0,37.9,55.0,14.94,4.28,3.5,52.1,0.52,27.8,81.3,184.5,0.9987,1,ISRO NRSC Landslide Atlas 2023 & NASA SRTM 30m DEM
Uttarakhand,Tehri Garhwal,2,Northwest Himalayas,Quartzite & Slate,1729.0,31.3,356.6,11.46,4.77,1.9,50.8,0.68,12.5,59.9,248.3,0.9842,1,ISRO NRSC Landslide Atlas 2023 & NASA SRTM 30m DEM
Uttarakhand,Tehri Garhwal,2,Northwest Himalayas,Quartzite & Slate,1541.0,33.0,257.2,10.83,4.93,2.1,87.4,0.29,60.2,188.0,419.8,1.0,1,ISRO NRSC Landslide Atlas 2023 & NASA SRTM 30m DEM
Uttarakhand,Tehri Garhwal,2,Northwest Himalayas,Quartzite & Slate,1418.0,45.4,88.5,15.08,6.1,3.5,61.5,0.39,26.3,90.5,254.2,0.9998,1,ISRO NRSC Landslide Atlas 2023 & NASA SRTM 30m DEM
Uttarakhand,Tehri Garhwal,2,Northwest Himalayas,Quartzite & Slate,1623.0,33.6,354.9,11.68,4.66,2.3,70.1,0.71,41.6,153.3,314.5,0.9999,1,ISRO NRSC Landslide Atlas 2023 & NASA SRTM 30m DEM
Uttarakhand,Tehri Garhwal,2,Northwest Himalayas,Quartzite & Slate,1806.0,39.3,177.5,13.01,4.93,2.5,32.7,0.31,1.1,3.5,13.5,0.8633,1,ISRO NRSC Landslide Atlas 2023 & NASA SRTM 30m DEM
Uttarakhand,Tehri Garhwal,2,Northwest Himalayas,Quartzite & Slate,1529.0,36.6,304.0,11.92,5.88,2.3,17.5,0.58,0.7,2.2,8.6,0.6645,1,ISRO NRSC Landslide Atlas 2023 & NASA SRTM 30m DEM
Uttarakhand,Tehri Garhwal,2,Northwest Himalayas,Quartzite & Slate,1562.0,32.5,181.6,11.61,5.09,2.6,15.0,0.46,1.9,9.9,22.4,0.648,1,ISRO NRSC Landslide Atlas 2023 & NASA SRTM 30m DEM
Uttarakhand,Tehri Garhwal,2,Northwest Himalayas,Quartzite & Slate,1856.0,37.2,174.8,12.79,5.12,1.2,97.6,0.48,29.0,125.0,538.8,1.0,1,ISRO NRSC Landslide Atlas 2023 & NASA SRTM 30m DEM
Uttarakhand,Tehri Garhwal,2,Northwest Himalayas,Quartzite & Slate,1399.0,29.1,312.6,9.96,4.23,4.2,97.7,0.63,22.5,124.1,557.8,0.9998,1,ISRO NRSC Landslide Atlas 2023 & NASA SRTM 30m DEM
Uttarakhand,Tehri Garhwal,2,Northwest Himalayas,Quartzite & Slate,1781.0,41.2,151.0,13.3,4.25,2.9,24.9,0.45,2.3,8.5,37.1,0.8789,1,ISRO NRSC Landslide Atlas 2023 & NASA SRTM 30m DEM
Uttarakhand,Tehri Garhwal,2,Northwest Himalayas,Quartzite & Slate,1517.0,39.4,272.5,12.93,4.95,1.1,69.0,0.47,56.3,169.5,343.2,1.0,1,ISRO NRSC Landslide Atlas 2023 & NASA SRTM 30m DEM
Uttarakhand,Tehri Garhwal,2,Northwest Himalayas,Quartzite & Slate,1563.0,32.3,102.5,10.52,5.41,3.2,99.0,0.54,46.9,138.0,518.4,1.0,1,ISRO NRSC Landslide Atlas 2023 & NASA SRTM 30m DEM
Uttarakhand,Tehri Garhwal,2,Northwest Himalayas,Quartzite & Slate,1546.0,24.8,269.4,8.6,5.73,2.1,76.1,0.47,20.1,120.8,361.3,0.9987,1,ISRO NRSC Landslide Atlas 2023 & NASA SRTM 30m DEM
Uttarakhand,Tehri Garhwal,2,Northwest Himalayas,Quartzite & Slate,1440.0,32.4,90.0,13.39,4.55,1.6,99.0,0.32,58.3,228.2,785.8,1.0,1,ISRO NRSC Landslide Atlas 2023 & NASA SRTM 30m DEM
Uttarakhand,Tehri Garhwal,2,Northwest Himalayas,Quartzite & Slate,1506.0,34.1,217.1,9.88,3.89,2.2,30.0,0.69,4.7,14.2,36.6,0.6614,1,ISRO NRSC Landslide Atlas 2023 & NASA SRTM 30m DEM
Uttarakhand,Tehri Garhwal,2,Northwest Himalayas,Quartzite & Slate,1549.0,36.5,140.2,15.13,5.53,2.9,32.5,0.84,3.1,9.7,33.8,0.8372,1,ISRO NRSC Landslide Atlas 2023 & NASA SRTM 30m DEM
Uttarakhand,Tehri Garhwal,2,Northwest Himalayas,Quartzite & Slate,1790.0,39.5,128.2,12.36,4.45,2.8,84.0,0.35,36.7,118.7,428.6,1.0,1,ISRO NRSC Landslide Atlas 2023 & NASA SRTM 30m DEM
Uttarakhand,Tehri Garhwal,2,Northwest Himalayas,Quartzite & Slate,1671.0,40.4,354.8,15.08,4.97,3.0,25.6,0.26,1.1,3.7,13.2,0.9047,1,ISRO NRSC Landslide Atlas 2023 & NASA SRTM 30m DEM
Uttarakhand,Tehri Garhwal,2,Northwest Himalayas,Quartzite & Slate,1771.0,38.8,236.5,12.95,5.24,1.8,52.8,0.59,17.8,65.2,252.9,0.997,1,ISRO NRSC Landslide Atlas 2023 & NASA SRTM 30m DEM
Uttarakhand,Tehri Garhwal,2,Northwest Himalayas,Quartzite & Slate,1654.0,29.2,256.0,8.11,4.85,2.4,38.9,0.27,6.7,43.1,94.1,0.882,1,ISRO NRSC Landslide Atlas 2023 & NASA SRTM 30m DEM
Uttarakhand,Tehri Garhwal,2,Northwest Himalayas,Quartzite & Slate,1435.0,40.2,287.4,12.82,5.0,3.5,99.0,0.44,64.1,210.4,760.4,1.0,1,ISRO NRSC Landslide Atlas 2023 & NASA SRTM 30m DEM
Uttarakhand,Tehri Garhwal,2,Northwest Himalayas,Quartzite & Slate,1638.0,32.8,220.4,9.44,4.76,3.3,21.4,0.53,0.5,1.3,2.8,0.4568,0,ISRO NRSC Landslide Atlas 2023 & NASA SRTM 30m DEM
Uttarakhand,Tehri Garhwal,2,Northwest Himalayas,Quartzite & Slate,1491.0,40.4,307.3,14.87,4.83,2.1,99.0,0.59,44.1,143.0,577.8,1.0,1,ISRO NRSC Landslide Atlas 2023 & NASA SRTM 30m DEM
Uttarakhand,Tehri Garhwal,2,Northwest Himalayas,Quartzite & Slate,1484.0,26.0,152.3,8.14,4.61,3.0,94.3,0.36,23.4,119.5,517.0,0.9997,1,ISRO NRSC Landslide Atlas 2023 & NASA SRTM 30m DEM
Uttarakhand,Tehri Garhwal,2,Northwest Himalayas,Quartzite & Slate,1417.0,33.2,85.7,10.82,4.8,1.8,67.5,0.46,14.9,89.8,349.9,0.9984,1,ISRO NRSC Landslide Atlas 2023 & NASA SRTM 30m DEM
Uttarakhand,Tehri Garhwal,2,Northwest Himalayas,Quartzite & Slate,1914.0,45.7,81.6,16.4,4.17,1.6,51.2,0.68,18.3,78.3,191.5,0.999,1,ISRO NRSC Landslide Atlas 2023 & NASA SRTM 30m DEM
Uttarakhand,Tehri Garhwal,2,Northwest Himalayas,Quartzite & Slate,1594.0,33.5,79.4,12.34,5.44,3.1,50.4,0.53,9.0,58.6,204.7,0.9869,1,ISRO NRSC Landslide Atlas 2023 & NASA SRTM 30m DEM
Uttarakhand,Tehri Garhwal,2,Northwest Himalayas,Quartzite & Slate,1964.0,37.1,46.8,12.9,4.96,2.0,26.3,0.57,3.6,21.5,47.2,0.8732,1,ISRO NRSC Landslide Atlas 2023 & NASA SRTM 30m DEM
Uttarakhand,Tehri Garhwal,2,Northwest Himalayas,Quartzite & Slate,1655.0,33.6,32.6,11.15,4.95,2.0,42.3,0.73,10.9,38.6,117.1,0.933,1,ISRO NRSC Landslide Atlas 2023 & NASA SRTM 30m DEM
Uttarakhand,Tehri Garhwal,2,Northwest Himalayas,Quartzite & Slate,1511.0,38.5,282.8,15.12,4.0,1.7,67.8,0.63,11.1,64.4,283.9,0.9978,1,ISRO NRSC Landslide Atlas 2023 & NASA SRTM 30m DEM
Uttarakhand,Tehri Garhwal,2,Northwest Himalayas,Quartzite & Slate,1465.0,30.9,288.4,10.94,5.48,3.7,28.4,0.31,1.1,3.2,7.4,0.6357,1,ISRO NRSC Landslide Atlas 2023 & NASA SRTM 30m DEM
Uttarakhand,Tehri Garhwal,2,Northwest Himalayas,Quartzite & Slate,1654.0,36.0,339.2,13.97,3.54,2.9,27.1,0.55,1.7,7.5,22.8,0.7807,1,ISRO NRSC Landslide Atlas 2023 & NASA SRTM 30m DEM
Uttarakhand,Tehri Garhwal,2,Northwest Himalayas,Quartzite & Slate,1543.0,42.9,181.8,15.98,4.45,3.3,35.0,0.54,4.9,18.4,43.2,0.9604,1,ISRO NRSC Landslide Atlas 2023 & NASA SRTM 30m DEM
Uttarakhand,Tehri Garhwal,2,Northwest Himalayas,Quartzite & Slate,1609.0,38.4,317.9,12.44,5.27,2.3,39.1,0.36,11.5,37.9,109.9,0.9783,1,ISRO NRSC Landslide Atlas 2023 & NASA SRTM 30m DEM
Uttarakhand,Tehri Garhwal,2,Northwest Himalayas,Quartzite & Slate,1558.0,34.0,285.2,10.69,5.03,2.6,20.8,0.43,1.5,7.1,22.6,0.6587,1,ISRO NRSC Landslide Atlas 2023 & NASA SRTM 30m DEM
Uttarakhand,Tehri Garhwal,2,Northwest Himalayas,Quartzite & Slate,1723.0,31.6,165.2,10.99,4.3,3.1,34.8,0.81,6.3,29.1,129.5,0.8361,1,ISRO NRSC Landslide Atlas 2023 & NASA SRTM 30m DEM
Uttarakhand,Tehri Garhwal,2,Northwest Himalayas,Quartzite & Slate,1469.0,45.2,285.9,16.75,4.92,2.0,24.6,0.69,4.1,20.0,75.5,0.9664,1,ISRO NRSC Landslide Atlas 2023 & NASA SRTM 30m DEM
Uttarakhand,Tehri Garhwal,2,Northwest Himalayas,Quartzite & Slate,1591.0,41.7,91.8,14.32,5.4,2.9,56.5,0.52,17.4,65.1,223.5,0.9983,1,ISRO NRSC Landslide Atlas 2023 & NASA SRTM 30m DEM
Uttarakhand,Tehri Garhwal,2,Northwest Himalayas,Quartzite & Slate,1464.0,40.7,250.0,15.03,5.12,2.5,28.0,0.69,2.9,17.3,73.8,0.9275,1,ISRO NRSC Landslide Atlas 2023 & NASA SRTM 30m DEM
Uttarakhand,Tehri Garhwal,2,Northwest Himalayas,Quartzite & Slate,1627.0,41.0,243.9,14.94,4.58,2.3,48.3,0.43,18.4,53.5,148.4,0.9961,1,ISRO NRSC Landslide Atlas 2023 & NASA SRTM 30m DEM
Uttarakhand,Tehri Garhwal,2,Northwest Himalayas,Quartzite & Slate,1693.0,50.4,181.2,17.45,4.41,3.0,29.3,0.32,3.6,21.5,76.4,0.9901,1,ISRO NRSC Landslide Atlas 2023 & NASA SRTM 30m DEM
Uttarakhand,Tehri Garhwal,2,Northwest Himalayas,Quartzite & Slate,1744.0,38.0,286.3,13.51,4.98,1.7,98.3,0.48,25.6,135.2,543.4,1.0,1,ISRO NRSC Landslide Atlas 2023 & NASA SRTM 30m DEM
Uttarakhand,Tehri Garhwal,2,Northwest Himalayas,Quartzite & Slate,1535.0,39.1,159.1,14.26,4.45,2.0,93.7,0.79,55.6,182.1,463.3,1.0,1,ISRO NRSC Landslide Atlas 2023 & NASA SRTM 30m DEM
Uttarakhand,Tehri Garhwal,2,Northwest Himalayas,Quartzite & Slate,1493.0,35.2,83.2,10.29,4.64,3.9,77.3,0.45,53.2,162.6,340.5,1.0,1,ISRO NRSC Landslide Atlas 2023 & NASA SRTM 30m DEM
Uttarakhand,Tehri Garhwal,2,Northwest Himalayas,Quartzite & Slate,1674.0,40.9,91.4,13.4,4.77,2.2,80.1,0.46,21.5,81.0,352.0,0.9997,1,ISRO NRSC Landslide Atlas 2023 & NASA SRTM 30m DEM
Uttarakhand,Tehri Garhwal,2,Northwest Himalayas,Quartzite & Slate,1733.0,30.1,99.7,10.94,4.38,3.3,53.5,0.67,23.4,70.3,276.2,0.993,1,ISRO NRSC Landslide Atlas 2023 & NASA SRTM 30m DEM
Uttarakhand,Tehri Garhwal,2,Northwest Himalayas,Quartzite & Slate,1480.0,37.1,197.0,12.38,4.65,2.6,36.3,0.64,10.1,33.1,89.6,0.9436,1,ISRO NRSC Landslide Atlas 2023 & NASA SRTM 30m DEM
Uttarakhand,Tehri Garhwal,2,Northwest Himalayas,Quartzite & Slate,1530.0,34.1,224.5,11.67,4.37,2.4,55.1,0.23,17.3,75.4,239.0,0.9969,1,ISRO NRSC Landslide Atlas 2023 & NASA SRTM 30m DEM
Uttarakhand,Tehri Garhwal,2,Northwest Himalayas,Quartzite & Slate,1460.0,26.5,201.3,8.56,5.01,3.0,29.7,0.22,4.0,13.6,39.3,0.604,1,ISRO NRSC Landslide Atlas 2023 & NASA SRTM 30m DEM
Uttarakhand,Tehri Garhwal,2,Northwest Himalayas,Quartzite & Slate,1240.0,42.2,169.8,15.92,4.93,3.5,29.7,0.79,5.6,17.5,69.5,0.9452,1,ISRO NRSC Landslide Atlas 2023 & NASA SRTM 30m DEM
Uttarakhand,Tehri Garhwal,2,Northwest Himalayas,Quartzite & Slate,1475.0,39.3,77.1,12.62,5.67,1.2,73.9,0.45,20.3,134.4,340.2,0.9999,1,ISRO NRSC Landslide Atlas 2023 & NASA SRTM 30m DEM
Uttarakhand,Tehri Garhwal,2,Northwest Himalayas,Quartzite & Slate,1478.0,45.0,324.9,16.43,4.15,2.2,26.0,0.79,7.9,23.9,48.1,0.962,1,ISRO NRSC Landslide Atlas 2023 & NASA SRTM 30m DEM
Uttarakhand,Tehri Garhwal,2,Northwest Himalayas,Quartzite & Slate,1482.0,35.3,352.1,14.14,4.97,2.4,21.2,0.35,0.5,2.3,10.0,0.7792,1,ISRO NRSC Landslide Atlas 2023 & NASA SRTM 30m DEM
Uttarakhand,Tehri Garhwal,2,Northwest Himalayas,Quartzite & Slate,1488.0,33.2,60.7,12.37,5.1,3.9,44.6,0.61,10.6,37.9,145.3,0.9599,1,ISRO NRSC Landslide Atlas 2023 & NASA SRTM 30m DEM
Uttarakhand,Tehri Garhwal,2,Northwest Himalayas,Quartzite & Slate,1616.0,31.8,322.2,12.29,5.01,3.4,40.9,0.67,12.0,45.2,118.8,0.9513,1,ISRO NRSC Landslide Atlas 2023 & NASA SRTM 30m DEM
Uttarakhand,Tehri Garhwal,2,Northwest Himalayas,Quartzite & Slate,1559.0,37.9,296.8,13.51,4.74,3.1,30.9,0.46,5.1,28.5,95.9,0.948,1,ISRO NRSC Landslide Atlas 2023 & NASA SRTM 30m DEM
Uttarakhand,Tehri Garhwal,2,Northwest Himalayas,Quartzite & Slate,1587.0,44.4,140.8,15.96,4.78,1.2,95.8,0.64,48.0,190.2,512.6,1.0,1,ISRO NRSC Landslide Atlas 2023 & NASA SRTM 30m DEM
Uttarakhand,Tehri Garhwal,2,Northwest Himalayas,Quartzite & Slate,1592.0,39.2,286.8,14.14,4.49,1.8,18.9,0.67,0.3,1.0,2.4,0.7316,1,ISRO NRSC Landslide Atlas 2023 & NASA SRTM 30m DEM
Uttarakhand,Tehri Garhwal,2,Northwest Himalayas,Quartzite & Slate,1867.0,43.0,219.8,14.72,4.35,3.4,53.6,0.3,12.0,78.7,245.4,0.999,1,ISRO NRSC Landslide Atlas 2023 & NASA SRTM 30m DEM
Uttarakhand,Tehri Garhwal,2,Northwest Himalayas,Quartzite & Slate,1507.0,36.5,47.4,12.52,4.12,1.7,99.0,0.46,36.9,150.2,628.5,1.0,1,ISRO NRSC Landslide Atlas 2023 & NASA SRTM 30m DEM
Uttarakhand,Tehri Garhwal,2,Northwest Himalayas,Quartzite & Slate,1708.0,33.8,65.3,13.99,4.73,2.6,36.1,0.35,3.2,12.8,42.8,0.8808,1,ISRO NRSC Landslide Atlas 2023 & NASA SRTM 30m DEM
Uttarakhand,Tehri Garhwal,2,Northwest Himalayas,Quartzite & Slate,1664.0,38.1,152.3,14.61,4.98,3.4,37.9,0.65,6.7,43.8,122.0,0.9757,1,ISRO NRSC Landslide Atlas 2023 & NASA SRTM 30m DEM
Uttarakhand,Tehri Garhwal,2,Northwest Himalayas,Quartzite & Slate,1588.0,36.7,126.1,10.5,4.79,2.8,25.9,0.35,3.5,13.5,45.8,0.8186,1,ISRO NRSC Landslide Atlas 2023 & NASA SRTM 30m DEM
Uttarakhand,Tehri Garhwal,2,Northwest Himalayas,Quartzite & Slate,1557.0,44.5,43.5,15.48,5.27,1.0,44.5,0.72,14.3,44.7,110.8,0.9926,1,ISRO NRSC Landslide Atlas 2023 & NASA SRTM 30m DEM
Uttarakhand,Tehri Garhwal,2,Northwest Himalayas,Quartzite & Slate,1666.0,36.2,214.6,12.0,5.39,2.1,29.3,0.23,0.5,2.8,11.7,0.7995,1,ISRO NRSC Landslide Atlas 2023 & NASA SRTM 30m DEM
Uttarakhand,Tehri Garhwal,2,Northwest Himalayas,Quartzite & Slate,1612.0,31.0,166.3,10.83,5.08,1.3,40.4,0.72,6.7,40.7,100.7,0.887,1,ISRO NRSC Landslide Atlas 2023 & NASA SRTM 30m DEM
Uttarakhand,Tehri Garhwal,2,Northwest Himalayas,Quartzite & Slate,1370.0,25.9,92.7,9.72,5.21,3.4,42.8,0.24,10.2,65.6,201.8,0.9725,1,ISRO NRSC Landslide Atlas 2023 & NASA SRTM 30m DEM
Uttarakhand,Tehri Garhwal,2,Northwest Himalayas,Quartzite & Slate,1235.0,41.8,94.8,15.12,5.27,1.7,30.9,0.77,0.7,3.0,8.2,0.8514,1,ISRO NRSC Landslide Atlas 2023 & NASA SRTM 30m DEM
Uttarakhand,Tehri Garhwal,2,Northwest Himalayas,Quartzite & Slate,1521.0,39.9,169.5,14.07,3.79,3.4,28.0,0.49,2.2,8.3,31.9,0.871,1,ISRO NRSC Landslide Atlas 2023 & NASA SRTM 30m DEM
Uttarakhand,Tehri Garhwal,2,Northwest Himalayas,Quartzite & Slate,1605.0,36.8,77.6,12.77,5.2,3.2,41.6,0.38,6.6,42.9,135.2,0.9774,1,ISRO NRSC Landslide Atlas 2023 & NASA SRTM 30m DEM
Uttarakhand,Tehri Garhwal,2,Northwest Himalayas,Quartzite & Slate,1536.0,38.2,332.1,12.75,4.49,0.6,25.3,0.67,6.9,22.6,51.8,0.883,1,ISRO NRSC Landslide Atlas 2023 & NASA SRTM 30m DEM
Uttarakhand,Tehri Garhwal,2,Northwest Himalayas,Quartzite & Slate,1636.0,40.2,268.2,13.73,5.85,2.7,66.7,0.32,24.2,102.8,357.7,0.9999,1,ISRO NRSC Landslide Atlas 2023 & NASA SRTM 30m DEM
Uttarakhand,Tehri Garhwal,2,Northwest Himalayas,Quartzite & Slate,1771.0,41.4,207.2,14.77,4.13,3.8,64.6,0.35,29.2,90.3,349.6,0.9998,1,ISRO NRSC Landslide Atlas 2023 & NASA SRTM 30m DEM
Uttarakhand,Tehri Garhwal,2,Northwest Himalayas,Quartzite & Slate,1615.0,33.6,221.5,12.91,5.36,1.9,54.3,0.41,29.2,99.8,226.2,0.9991,1,ISRO NRSC Landslide Atlas 2023 & NASA SRTM 30m DEM
Uttarakhand,Tehri Garhwal,2,Northwest Himalayas,Quartzite & Slate,1294.0,42.6,319.2,14.97,4.96,2.2,15.2,0.44,1.0,4.2,17.3,0.881,1,ISRO NRSC Landslide Atlas 2023 & NASA SRTM 30m DEM
Uttarakhand,Tehri Garhwal,2,Northwest Himalayas,Quartzite & Slate,1601.0,41.2,213.7,14.46,5.24,3.0,56.6,0.46,19.2,61.2,238.5,0.9984,1,ISRO NRSC Landslide Atlas 2023 & NASA SRTM 30m DEM
Uttarakhand,Tehri Garhwal,2,Northwest Himalayas,Quartzite & Slate,1685.0,36.7,176.2,13.58,5.0,3.2,30.0,0.55,6.5,35.8,74.0,0.9443,1,ISRO NRSC Landslide Atlas 2023 & NASA SRTM 30m DEM
Uttarakhand,Tehri Garhwal,2,Northwest Himalayas,Quartzite & Slate,1590.0,38.0,227.7,13.73,5.23,2.8,99.0,0.24,28.8,116.7,523.4,1.0,1,ISRO NRSC Landslide Atlas 2023 & NASA SRTM 30m DEM
Uttarakhand,Tehri Garhwal,2,Northwest Himalayas,Quartzite & Slate,1530.0,39.3,61.3,13.4,4.97,1.4,28.5,0.53,2.7,8.5,34.7,0.8649,1,ISRO NRSC Landslide Atlas 2023 & NASA SRTM 30m DEM
Uttarakhand,Tehri Garhwal,2,Northwest Himalayas,Quartzite & Slate,1604.0,39.0,36.5,12.83,4.83,1.0,33.5,0.71,10.6,41.8,85.2,0.9606,1,ISRO NRSC Landslide Atlas 2023 & NASA SRTM 30m DEM
Uttarakhand,Tehri Garhwal,2,Northwest Himalayas,Quartzite & Slate,1418.0,42.1,277.7,14.22,5.01,1.9,31.0,0.28,0.8,5.0,22.4,0.9193,1,ISRO NRSC Landslide Atlas 2023 & NASA SRTM 30m DEM
Uttarakhand,Tehri Garhwal,2,Northwest Himalayas,Quartzite & Slate,1550.0,41.7,88.4,13.13,4.98,2.0,68.8,0.58,34.9,155.8,358.7,1.0,1,ISRO NRSC Landslide Atlas 2023 & NASA SRTM 30m DEM
Uttarakhand,Tehri Garhwal,2,Northwest Himalayas,Quartzite & Slate,1808.0,50.1,268.7,18.36,4.36,2.7,55.3,0.76,10.1,43.0,189.6,0.9981,1,ISRO NRSC Landslide Atlas 2023 & NASA SRTM 30m DEM
Uttarakhand,Tehri Garhwal,2,Northwest Himalayas,Quartzite & Slate,1760.0,43.0,9.6,14.63,4.22,2.5,31.1,0.62,7.8,25.5,99.9,0.9679,1,ISRO NRSC Landslide Atlas 2023 & NASA SRTM 30m DEM
Uttarakhand,Tehri Garhwal,2,Northwest Himalayas,Quartzite & Slate,1457.0,24.4,342.0,8.66,5.05,4.1,52.9,0.47,20.2,82.6,244.8,0.987,1,ISRO NRSC Landslide Atlas 2023 & NASA SRTM 30m DEM
Uttarakhand,Tehri Garhwal,2,Northwest Himalayas,Quartzite & Slate,1559.0,40.1,184.6,13.78,4.56,1.6,15.4,0.75,2.3,7.0,23.6,0.7754,1,ISRO NRSC Landslide Atlas 2023 & NASA SRTM 30m DEM
Uttarakhand,Tehri Garhwal,2,Northwest Himalayas,Quartzite & Slate,1415.0,35.4,164.7,11.71,4.34,2.4,35.5,0.76,9.8,31.0,78.2,0.8971,1,ISRO NRSC Landslide Atlas 2023 & NASA SRTM 30m DEM
Uttarakhand,Tehri Garhwal,2,Northwest Himalayas,Quartzite & Slate,1671.0,34.8,33.9,12.29,4.84,1.8,61.4,0.72,10.7,70.5,254.2,0.9937,1,ISRO NRSC Landslide Atlas 2023 & NASA SRTM 30m DEM
Uttarakhand,Tehri Garhwal,2,Northwest Himalayas,Quartzite & Slate,1591.0,39.5,340.5,14.51,4.47,2.3,49.7,0.25,17.4,52.0,164.8,0.9963,1,ISRO NRSC Landslide Atlas 2023 & NASA SRTM 30m DEM
Uttarakhand,Tehri Garhwal,2,Northwest Himalayas,Quartzite & Slate,1909.0,38.9,63.8,13.88,3.85,1.6,89.8,0.49,27.2,98.8,402.3,0.9999,1,ISRO NRSC Landslide Atlas 2023 & NASA SRTM 30m DEM
Uttarakhand,Tehri Garhwal,2,Northwest Himalayas,Quartzite & Slate,1682.0,29.4,239.7,10.23,5.71,2.7,99.0,0.79,79.3,283.8,639.2,1.0,1,ISRO NRSC Landslide Atlas 2023 & NASA SRTM 30m DEM
Uttarakhand,Tehri Garhwal,2,Northwest Himalayas,Quartzite & Slate,1567.0,40.1,103.9,14.09,5.58,2.3,68.8,0.73,27.7,90.7,343.3,0.9997,1,ISRO NRSC Landslide Atlas 2023 & NASA SRTM 30m DEM
Uttarakhand,Tehri Garhwal,2,Northwest Himalayas,Quartzite & Slate,1576.0,41.4,290.1,16.17,5.15,2.5,99.0,0.82,21.6,137.3,535.0,1.0,1,ISRO NRSC Landslide Atlas 2023 & NASA SRTM 30m DEM
Kerala,Thrissur,3,Western Ghats,Laterite & Charnockite,592.0,37.7,130.2,12.38,4.63,2.1,62.5,0.51,20.1,96.5,289.4,0.9991,1,ISRO NRSC Landslide Atlas 2023 & NASA SRTM 30m DEM
Kerala,Thrissur,3,Western Ghats,Laterite & Charnockite,745.0,32.9,154.6,11.43,6.02,3.6,48.9,0.39,16.0,81.9,237.1,0.9958,1,ISRO NRSC Landslide Atlas 2023 & NASA SRTM 30m DEM
Kerala,Thrissur,3,Western Ghats,Laterite & Charnockite,941.0,32.6,224.4,11.2,4.86,2.1,16.3,0.64,1.7,5.1,19.0,0.5182,1,ISRO NRSC Landslide Atlas 2023 & NASA SRTM 30m DEM
Kerala,Thrissur,3,Western Ghats,Laterite & Charnockite,724.0,37.7,346.9,14.03,5.1,3.5,33.7,0.71,8.6,26.6,111.0,0.9464,1,ISRO NRSC Landslide Atlas 2023 & NASA SRTM 30m DEM
Kerala,Thrissur,3,Western Ghats,Laterite & Charnockite,510.0,34.6,20.2,12.3,5.47,1.6,41.4,0.39,5.1,28.5,128.2,0.9475,1,ISRO NRSC Landslide Atlas 2023 & NASA SRTM 30m DEM
Kerala,Thrissur,3,Western Ghats,Laterite & Charnockite,573.0,30.9,209.9,10.71,5.18,3.7,29.8,0.7,11.3,37.5,111.7,0.8796,1,ISRO NRSC Landslide Atlas 2023 & NASA SRTM 30m DEM
Kerala,Thrissur,3,Western Ghats,Laterite & Charnockite,968.0,21.6,74.4,7.7,5.43,2.2,31.3,0.26,3.3,14.4,36.0,0.4295,0,ISRO NRSC Landslide Atlas 2023 & NASA SRTM 30m DEM
Kerala,Thrissur,3,Western Ghats,Laterite & Charnockite,932.0,29.5,100.8,11.21,5.04,2.6,30.4,0.72,2.6,8.0,35.7,0.5486,1,ISRO NRSC Landslide Atlas 2023 & NASA SRTM 30m DEM
Kerala,Thrissur,3,Western Ghats,Laterite & Charnockite,914.0,29.4,295.7,10.84,5.96,3.4,73.5,0.37,40.2,115.1,385.6,0.9998,1,ISRO NRSC Landslide Atlas 2023 & NASA SRTM 30m DEM
Kerala,Thrissur,3,Western Ghats,Laterite & Charnockite,898.0,29.9,268.3,9.15,4.32,3.8,35.9,0.82,5.9,20.1,79.0,0.6279,1,ISRO NRSC Landslide Atlas 2023 & NASA SRTM 30m DEM
Kerala,Thrissur,3,Western Ghats,Laterite & Charnockite,474.0,36.3,272.1,13.42,5.03,2.9,84.3,0.22,20.5,106.8,474.3,0.9999,1,ISRO NRSC Landslide Atlas 2023 & NASA SRTM 30m DEM
Kerala,Thrissur,3,Western Ghats,Laterite & Charnockite,555.0,29.2,204.4,11.35,5.05,3.4,25.2,0.28,3.6,23.1,71.2,0.801,1,ISRO NRSC Landslide Atlas 2023 & NASA SRTM 30m DEM
Kerala,Thrissur,3,Western Ghats,Laterite & Charnockite,688.0,32.7,359.7,10.7,5.04,1.3,67.0,0.48,40.9,157.6,378.0,0.9999,1,ISRO NRSC Landslide Atlas 2023 & NASA SRTM 30m DEM
Kerala,Thrissur,3,Western Ghats,Laterite & Charnockite,420.0,35.6,94.9,12.4,4.94,3.5,19.4,0.28,2.9,9.5,33.8,0.8095,1,ISRO NRSC Landslide Atlas 2023 & NASA SRTM 30m DEM
Kerala,Thrissur,3,Western Ghats,Laterite & Charnockite,771.0,32.5,21.2,11.38,5.44,2.1,39.9,0.34,10.9,56.5,125.4,0.9741,1,ISRO NRSC Landslide Atlas 2023 & NASA SRTM 30m DEM
Kerala,Thrissur,3,Western Ghats,Laterite & Charnockite,864.0,33.6,306.6,11.33,5.1,2.7,22.2,0.7,0.3,1.0,3.7,0.497,0,ISRO NRSC Landslide Atlas 2023 & NASA SRTM 30m DEM
Kerala,Thrissur,3,Western Ghats,Laterite & Charnockite,809.0,24.3,311.0,7.18,4.89,2.4,41.9,0.45,11.0,39.7,117.8,0.7968,1,ISRO NRSC Landslide Atlas 2023 & NASA SRTM 30m DEM
Kerala,Thrissur,3,Western Ghats,Laterite & Charnockite,792.0,31.2,355.1,10.18,5.25,2.4,33.1,0.29,11.8,40.3,104.7,0.9342,1,ISRO NRSC Landslide Atlas 2023 & NASA SRTM 30m DEM
Kerala,Thrissur,3,Western Ghats,Laterite & Charnockite,799.0,31.2,57.4,10.68,5.11,2.1,52.6,0.34,26.7,84.1,205.3,0.9965,1,ISRO NRSC Landslide Atlas 2023 & NASA SRTM 30m DEM
Kerala,Thrissur,3,Western Ghats,Laterite & Charnockite,826.0,31.2,208.0,11.03,5.07,1.9,41.1,0.45,10.1,56.9,195.3,0.9743,1,ISRO NRSC Landslide Atlas 2023 & NASA SRTM 30m DEM
Kerala,Thrissur,3,Western Ghats,Laterite & Charnockite,818.0,26.0,14.2,11.34,5.21,3.5,84.8,0.83,44.8,151.5,463.9,0.9999,1,ISRO NRSC Landslide Atlas 2023 & NASA SRTM 30m DEM
Kerala,Thrissur,3,Western Ghats,Laterite & Charnockite,953.0,40.0,157.1,12.93,3.86,2.4,22.1,0.46,13.4,41.9,89.7,0.9688,1,ISRO NRSC Landslide Atlas 2023 & NASA SRTM 30m DEM
Kerala,Thrissur,3,Western Ghats,Laterite & Charnockite,680.0,24.7,235.7,8.67,4.85,3.1,37.2,0.42,14.9,60.8,125.7,0.9208,1,ISRO NRSC Landslide Atlas 2023 & NASA SRTM 30m DEM
Kerala,Thrissur,3,Western Ghats,Laterite & Charnockite,780.0,34.9,246.6,10.41,5.15,1.6,99.0,0.35,66.4,193.5,582.0,1.0,1,ISRO NRSC Landslide Atlas 2023 & NASA SRTM 30m DEM
Kerala,Thrissur,3,Western Ghats,Laterite & Charnockite,748.0,27.0,121.7,11.81,5.39,4.2,82.1,0.51,32.9,139.4,397.4,0.9999,1,ISRO NRSC Landslide Atlas 2023 & NASA SRTM 30m DEM
Kerala,Thrissur,3,Western Ghats,Laterite & Charnockite,721.0,28.9,204.8,8.46,5.41,2.2,33.1,0.64,3.5,11.7,37.4,0.5041,1,ISRO NRSC Landslide Atlas 2023 & NASA SRTM 30m DEM
Kerala,Thrissur,3,Western Ghats,Laterite & Charnockite,822.0,36.5,212.9,12.71,5.28,1.8,88.6,0.43,43.2,154.7,505.7,1.0,1,ISRO NRSC Landslide Atlas 2023 & NASA SRTM 30m DEM
Kerala,Thrissur,3,Western Ghats,Laterite & Charnockite,842.0,35.2,35.1,13.3,4.98,2.0,54.9,0.71,14.3,65.0,231.3,0.9933,1,ISRO NRSC Landslide Atlas 2023 & NASA SRTM 30m DEM
Kerala,Thrissur,3,Western Ghats,Laterite & Charnockite,799.0,32.8,209.7,11.49,4.83,1.9,66.3,0.63,20.3,68.8,280.5,0.9958,1,ISRO NRSC Landslide Atlas 2023 & NASA SRTM 30m DEM
Kerala,Thrissur,3,Western Ghats,Laterite & Charnockite,1051.0,26.0,269.8,9.63,5.81,1.7,24.2,0.76,4.0,12.1,40.3,0.418,0,ISRO NRSC Landslide Atlas 2023 & NASA SRTM 30m DEM
Kerala,Thrissur,3,Western Ghats,Laterite & Charnockite,863.0,36.6,196.0,13.58,5.3,2.0,31.2,0.78,4.9,20.0,58.8,0.8673,1,ISRO NRSC Landslide Atlas 2023 & NASA SRTM 30m DEM
Kerala,Thrissur,3,Western Ghats,Laterite & Charnockite,693.0,26.3,300.5,9.33,5.32,3.4,51.9,0.21,30.5,97.1,224.9,0.9969,1,ISRO NRSC Landslide Atlas 2023 & NASA SRTM 30m DEM
Kerala,Thrissur,3,Western Ghats,Laterite & Charnockite,843.0,29.1,329.5,11.13,5.69,3.4,35.4,0.51,9.4,32.4,124.1,0.8966,1,ISRO NRSC Landslide Atlas 2023 & NASA SRTM 30m DEM
Kerala,Thrissur,3,Western Ghats,Laterite & Charnockite,902.0,30.4,179.6,12.07,4.85,2.5,34.3,0.2,5.4,20.0,81.8,0.8798,1,ISRO NRSC Landslide Atlas 2023 & NASA SRTM 30m DEM
Kerala,Thrissur,3,Western Ghats,Laterite & Charnockite,825.0,24.5,101.4,7.03,5.23,3.8,38.8,0.25,18.1,62.3,142.7,0.9404,1,ISRO NRSC Landslide Atlas 2023 & NASA SRTM 30m DEM
Kerala,Thrissur,3,Western Ghats,Laterite & Charnockite,951.0,42.0,299.7,13.81,4.56,2.1,72.2,0.49,24.0,112.0,346.0,0.9999,1,ISRO NRSC Landslide Atlas 2023 & NASA SRTM 30m DEM
Kerala,Thrissur,3,Western Ghats,Laterite & Charnockite,718.0,35.9,10.2,12.23,4.68,2.0,29.1,0.54,4.8,13.9,60.3,0.8358,1,ISRO NRSC Landslide Atlas 2023 & NASA SRTM 30m DEM
Kerala,Thrissur,3,Western Ghats,Laterite & Charnockite,1016.0,25.5,167.2,8.07,5.76,2.5,23.0,0.29,2.3,6.9,14.8,0.4016,0,ISRO NRSC Landslide Atlas 2023 & NASA SRTM 30m DEM
Kerala,Thrissur,3,Western Ghats,Laterite & Charnockite,536.0,29.4,214.6,8.91,5.9,1.3,28.5,0.49,4.2,13.1,49.7,0.613,1,ISRO NRSC Landslide Atlas 2023 & NASA SRTM 30m DEM
Kerala,Thrissur,3,Western Ghats,Laterite & Charnockite,755.0,35.4,200.9,12.9,4.57,2.2,28.0,0.48,4.2,15.0,63.2,0.8538,1,ISRO NRSC Landslide Atlas 2023 & NASA SRTM 30m DEM
Kerala,Thrissur,3,Western Ghats,Laterite & Charnockite,690.0,24.1,97.5,8.16,5.46,3.4,45.1,0.34,8.3,51.9,187.1,0.9182,1,ISRO NRSC Landslide Atlas 2023 & NASA SRTM 30m DEM
Kerala,Thrissur,3,Western Ghats,Laterite & Charnockite,661.0,33.0,199.4,11.54,4.75,1.6,31.8,0.22,7.3,35.8,104.1,0.9392,1,ISRO NRSC Landslide Atlas 2023 & NASA SRTM 30m DEM
Kerala,Thrissur,3,Western Ghats,Laterite & Charnockite,777.0,39.1,183.3,12.8,5.01,1.7,37.1,0.31,10.8,39.7,175.8,0.9864,1,ISRO NRSC Landslide Atlas 2023 & NASA SRTM 30m DEM
Kerala,Thrissur,3,Western Ghats,Laterite & Charnockite,912.0,36.5,75.3,11.17,5.53,1.6,32.9,0.52,3.0,19.6,73.9,0.8641,1,ISRO NRSC Landslide Atlas 2023 & NASA SRTM 30m DEM
Kerala,Thrissur,3,Western Ghats,Laterite & Charnockite,632.0,33.1,124.3,13.13,3.85,1.8,21.3,0.35,2.8,8.0,20.9,0.7368,1,ISRO NRSC Landslide Atlas 2023 & NASA SRTM 30m DEM
Kerala,Thrissur,3,Western Ghats,Laterite & Charnockite,700.0,30.1,183.5,11.37,5.48,3.0,32.5,0.61,22.1,70.5,154.8,0.9816,1,ISRO NRSC Landslide Atlas 2023 & NASA SRTM 30m DEM
Kerala,Thrissur,3,Western Ghats,Laterite & Charnockite,546.0,32.6,354.7,11.97,5.2,3.2,26.5,0.25,2.6,10.4,46.1,0.798,1,ISRO NRSC Landslide Atlas 2023 & NASA SRTM 30m DEM
Kerala,Thrissur,3,Western Ghats,Laterite & Charnockite,700.0,25.1,141.5,9.09,4.02,2.3,65.5,0.54,25.6,80.4,276.5,0.9924,1,ISRO NRSC Landslide Atlas 2023 & NASA SRTM 30m DEM
Kerala,Thrissur,3,Western Ghats,Laterite & Charnockite,737.0,27.9,252.5,8.9,4.85,1.7,34.2,0.44,12.0,46.0,127.8,0.8971,1,ISRO NRSC Landslide Atlas 2023 & NASA SRTM 30m DEM
Kerala,Thrissur,3,Western Ghats,Laterite & Charnockite,919.0,37.0,73.6,14.63,5.02,1.9,40.3,0.65,10.1,30.9,107.2,0.9646,1,ISRO NRSC Landslide Atlas 2023 & NASA SRTM 30m DEM
Kerala,Thrissur,3,Western Ghats,Laterite & Charnockite,760.0,19.4,6.2,6.77,5.94,2.3,42.5,0.58,17.5,64.1,227.2,0.9161,1,ISRO NRSC Landslide Atlas 2023 & NASA SRTM 30m DEM
Kerala,Thrissur,3,Western Ghats,Laterite & Charnockite,739.0,33.0,289.8,11.9,4.99,4.1,75.1,0.34,25.4,151.3,315.1,0.9999,1,ISRO NRSC Landslide Atlas 2023 & NASA SRTM 30m DEM
Kerala,Thrissur,3,Western Ghats,Laterite & Charnockite,422.0,25.8,314.2,7.85,5.68,2.6,17.0,0.21,1.2,7.9,35.0,0.4154,0,ISRO NRSC Landslide Atlas 2023 & NASA SRTM 30m DEM
Kerala,Thrissur,3,Western Ghats,Laterite & Charnockite,598.0,34.7,123.4,14.2,4.85,2.5,44.2,0.75,27.5,79.6,169.2,0.9961,1,ISRO NRSC Landslide Atlas 2023 & NASA SRTM 30m DEM
Kerala,Thrissur,3,Western Ghats,Laterite & Charnockite,658.0,35.8,259.8,12.87,4.96,3.8,49.3,0.82,12.9,52.9,208.8,0.9847,1,ISRO NRSC Landslide Atlas 2023 & NASA SRTM 30m DEM
Kerala,Thrissur,3,Western Ghats,Laterite & Charnockite,723.0,25.8,218.3,8.05,5.82,4.0,97.1,0.67,33.8,129.4,546.4,0.9998,1,ISRO NRSC Landslide Atlas 2023 & NASA SRTM 30m DEM
Kerala,Thrissur,3,Western Ghats,Laterite & Charnockite,766.0,33.7,66.1,10.34,5.27,2.9,31.3,0.37,5.0,17.9,45.9,0.8123,1,ISRO NRSC Landslide Atlas 2023 & NASA SRTM 30m DEM
Kerala,Thrissur,3,Western Ghats,Laterite & Charnockite,858.0,35.3,29.3,13.13,4.27,1.8,36.4,0.3,8.8,32.3,80.7,0.9537,1,ISRO NRSC Landslide Atlas 2023 & NASA SRTM 30m DEM
Kerala,Thrissur,3,Western Ghats,Laterite & Charnockite,821.0,32.4,265.9,12.64,5.32,3.7,25.6,0.36,1.9,6.2,20.1,0.7323,1,ISRO NRSC Landslide Atlas 2023 & NASA SRTM 30m DEM
Kerala,Thrissur,3,Western Ghats,Laterite & Charnockite,636.0,32.0,34.1,10.11,4.93,3.4,99.0,0.58,43.8,233.1,676.2,1.0,1,ISRO NRSC Landslide Atlas 2023 & NASA SRTM 30m DEM
Kerala,Thrissur,3,Western Ghats,Laterite & Charnockite,783.0,39.2,268.4,14.16,5.76,2.8,37.5,0.8,4.5,26.9,116.0,0.9479,1,ISRO NRSC Landslide Atlas 2023 & NASA SRTM 30m DEM
Kerala,Thrissur,3,Western Ghats,Laterite & Charnockite,407.0,28.8,294.9,10.31,5.46,2.2,34.9,0.5,13.6,40.1,144.7,0.9248,1,ISRO NRSC Landslide Atlas 2023 & NASA SRTM 30m DEM
Kerala,Thrissur,3,Western Ghats,Laterite & Charnockite,886.0,35.2,206.9,10.92,4.74,2.8,41.8,0.58,6.8,31.3,135.0,0.9288,1,ISRO NRSC Landslide Atlas 2023 & NASA SRTM 30m DEM
Kerala,Thrissur,3,Western Ghats,Laterite & Charnockite,845.0,38.3,345.8,14.61,5.04,2.3,56.1,0.4,17.2,53.7,203.8,0.9966,1,ISRO NRSC Landslide Atlas 2023 & NASA SRTM 30m DEM
Kerala,Thrissur,3,Western Ghats,Laterite & Charnockite,473.0,28.5,177.6,9.01,5.62,2.7,35.7,0.41,19.9,64.1,136.5,0.9666,1,ISRO NRSC Landslide Atlas 2023 & NASA SRTM 30m DEM
Kerala,Thrissur,3,Western Ghats,Laterite & Charnockite,552.0,36.9,64.6,12.92,4.37,2.0,36.2,0.27,8.3,33.6,104.9,0.966,1,ISRO NRSC Landslide Atlas 2023 & NASA SRTM 30m DEM
Kerala,Thrissur,3,Western Ghats,Laterite & Charnockite,783.0,39.2,21.2,14.01,5.02,3.5,45.4,0.33,13.3,78.8,194.5,0.9975,1,ISRO NRSC Landslide Atlas 2023 & NASA SRTM 30m DEM
Kerala,Thrissur,3,Western Ghats,Laterite & Charnockite,840.0,31.0,183.8,11.07,5.22,3.1,50.5,0.56,16.3,85.9,261.0,0.9945,1,ISRO NRSC Landslide Atlas 2023 & NASA SRTM 30m DEM
Kerala,Thrissur,3,Western Ghats,Laterite & Charnockite,859.0,32.7,175.6,10.09,5.03,2.1,16.2,0.45,0.3,1.0,3.0,0.4734,0,ISRO NRSC Landslide Atlas 2023 & NASA SRTM 30m DEM
Kerala,Thrissur,3,Western Ghats,Laterite & Charnockite,887.0,28.2,120.0,8.88,4.0,1.7,99.0,0.69,42.9,156.8,694.1,1.0,1,ISRO NRSC Landslide Atlas 2023 & NASA SRTM 30m DEM
Kerala,Thrissur,3,Western Ghats,Laterite & Charnockite,872.0,40.1,178.1,14.92,5.29,2.2,60.6,0.69,17.4,71.6,293.4,0.9987,1,ISRO NRSC Landslide Atlas 2023 & NASA SRTM 30m DEM
Kerala,Thrissur,3,Western Ghats,Laterite & Charnockite,596.0,33.5,280.3,12.21,5.44,3.5,68.0,0.43,16.8,69.7,257.7,0.9969,1,ISRO NRSC Landslide Atlas 2023 & NASA SRTM 30m DEM
Kerala,Thrissur,3,Western Ghats,Laterite & Charnockite,728.0,34.0,262.2,11.35,4.91,2.7,46.0,0.34,11.9,46.0,191.5,0.9816,1,ISRO NRSC Landslide Atlas 2023 & NASA SRTM 30m DEM
Kerala,Thrissur,3,Western Ghats,Laterite & Charnockite,812.0,40.1,57.6,13.92,5.07,1.8,99.0,0.33,44.7,149.7,474.8,1.0,1,ISRO NRSC Landslide Atlas 2023 & NASA SRTM 30m DEM
Kerala,Thrissur,3,Western Ghats,Laterite & Charnockite,531.0,32.8,327.5,9.87,4.83,2.3,55.5,0.57,24.6,75.0,270.0,0.9954,1,ISRO NRSC Landslide Atlas 2023 & NASA SRTM 30m DEM
Kerala,Thrissur,3,Western Ghats,Laterite & Charnockite,457.0,34.5,113.1,11.86,4.22,3.4,53.2,0.77,13.4,65.5,225.3,0.988,1,ISRO NRSC Landslide Atlas 2023 & NASA SRTM 30m DEM
Kerala,Thrissur,3,Western Ghats,Laterite & Charnockite,678.0,35.3,313.7,13.38,3.78,3.0,20.5,0.81,6.6,19.4,40.7,0.7758,1,ISRO NRSC Landslide Atlas 2023 & NASA SRTM 30m DEM
Kerala,Thrissur,3,Western Ghats,Laterite & Charnockite,642.0,38.1,235.3,12.94,4.91,3.2,45.2,0.75,17.3,66.1,153.7,0.9909,1,ISRO NRSC Landslide Atlas 2023 & NASA SRTM 30m DEM
Kerala,Thrissur,3,Western Ghats,Laterite & Charnockite,527.0,24.9,209.4,8.84,4.86,2.5,41.2,0.76,9.0,50.6,207.3,0.8792,1,ISRO NRSC Landslide Atlas 2023 & NASA SRTM 30m DEM
Kerala,Thrissur,3,Western Ghats,Laterite & Charnockite,920.0,32.7,224.5,10.71,4.68,4.6,75.9,0.62,36.2,114.5,379.5,0.9997,1,ISRO NRSC Landslide Atlas 2023 & NASA SRTM 30m DEM
Kerala,Thrissur,3,Western Ghats,Laterite & Charnockite,853.0,30.8,290.6,10.37,5.32,2.1,94.5,0.63,32.6,215.1,519.5,1.0,1,ISRO NRSC Landslide Atlas 2023 & NASA SRTM 30m DEM
Kerala,Thrissur,3,Western Ghats,Laterite & Charnockite,853.0,30.2,299.3,10.22,5.31,2.9,15.0,0.26,2.6,7.6,25.0,0.5919,1,ISRO NRSC Landslide Atlas 2023 & NASA SRTM 30m DEM
Kerala,Thrissur,3,Western Ghats,Laterite & Charnockite,802.0,24.1,208.3,6.29,5.56,3.5,75.4,0.22,26.0,159.7,408.5,0.9997,1,ISRO NRSC Landslide Atlas 2023 & NASA SRTM 30m DEM
Kerala,Thrissur,3,Western Ghats,Laterite & Charnockite,701.0,31.2,282.2,10.64,5.4,1.2,47.9,0.41,12.8,45.0,144.6,0.9647,1,ISRO NRSC Landslide Atlas 2023 & NASA SRTM 30m DEM
Kerala,Thrissur,3,Western Ghats,Laterite & Charnockite,687.0,30.3,99.8,9.47,5.42,2.1,45.5,0.63,13.8,43.3,134.8,0.9303,1,ISRO NRSC Landslide Atlas 2023 & NASA SRTM 30m DEM
Kerala,Thrissur,3,Western Ghats,Laterite & Charnockite,1008.0,36.5,181.7,12.48,4.37,1.8,15.0,0.35,4.0,11.8,43.0,0.8129,1,ISRO NRSC Landslide Atlas 2023 & NASA SRTM 30m DEM
Kerala,Thrissur,3,Western Ghats,Laterite & Charnockite,844.0,32.6,177.1,10.04,5.43,3.4,91.0,0.62,20.0,117.0,455.0,0.9997,1,ISRO NRSC Landslide Atlas 2023 & NASA SRTM 30m DEM
Kerala,Thrissur,3,Western Ghats,Laterite & Charnockite,815.0,26.6,341.3,7.99,5.19,2.7,43.9,0.51,20.5,67.6,218.1,0.9728,1,ISRO NRSC Landslide Atlas 2023 & NASA SRTM 30m DEM
Kerala,Thrissur,3,Western Ghats,Laterite & Charnockite,880.0,25.8,30.7,9.9,4.98,3.1,33.5,0.4,1.8,5.9,25.5,0.4875,0,ISRO NRSC Landslide Atlas 2023 & NASA SRTM 30m DEM
Kerala,Thrissur,3,Western Ghats,Laterite & Charnockite,650.0,41.5,301.7,15.8,4.99,3.2,61.3,0.29,14.7,72.3,274.7,0.9993,1,ISRO NRSC Landslide Atlas 2023 & NASA SRTM 30m DEM
Kerala,Thrissur,3,Western Ghats,Laterite & Charnockite,743.0,33.7,86.5,11.64,4.91,1.8,23.3,0.52,3.8,12.3,35.2,0.7294,1,ISRO NRSC Landslide Atlas 2023 & NASA SRTM 30m DEM
Kerala,Thrissur,3,Western Ghats,Laterite & Charnockite,981.0,26.9,313.6,7.74,4.9,1.8,27.1,0.5,5.2,18.0,37.1,0.4919,0,ISRO NRSC Landslide Atlas 2023 & NASA SRTM 30m DEM
Kerala,Thrissur,3,Western Ghats,Laterite & Charnockite,331.0,34.8,263.6,13.38,5.11,1.5,15.0,0.37,1.6,4.8,9.7,0.7311,1,ISRO NRSC Landslide Atlas 2023 & NASA SRTM 30m DEM
Kerala,Thrissur,3,Western Ghats,Laterite & Charnockite,883.0,32.9,187.7,12.76,5.01,3.2,30.5,0.53,11.1,44.5,108.2,0.9509,1,ISRO NRSC Landslide Atlas 2023 & NASA SRTM 30m DEM
Kerala,Thrissur,3,Western Ghats,Laterite & Charnockite,683.0,19.1,125.0,6.79,6.37,4.0,99.0,0.84,42.1,144.8,627.6,0.9999,1,ISRO NRSC Landslide Atlas 2023 & NASA SRTM 30m DEM
Kerala,Thrissur,3,Western Ghats,Laterite & Charnockite,750.0,38.9,202.8,14.51,5.54,1.8,63.7,0.4,13.9,72.0,260.2,0.9987,1,ISRO NRSC Landslide Atlas 2023 & NASA SRTM 30m DEM
Kerala,Thrissur,3,Western Ghats,Laterite & Charnockite,671.0,37.5,169.7,12.86,5.38,3.6,99.0,0.43,33.3,144.7,563.2,1.0,1,ISRO NRSC Landslide Atlas 2023 & NASA SRTM 30m DEM
Kerala,Thrissur,3,Western Ghats,Laterite & Charnockite,864.0,23.8,359.1,6.23,6.41,3.0,67.0,0.52,40.2,143.3,312.7,0.9993,1,ISRO NRSC Landslide Atlas 2023 & NASA SRTM 30m DEM
Kerala,Thrissur,3,Western Ghats,Laterite & Charnockite,794.0,33.1,74.3,13.65,4.78,2.5,21.7,0.69,2.1,11.3,40.5,0.7142,1,ISRO NRSC Landslide Atlas 2023 & NASA SRTM 30m DEM
Kerala,Thrissur,3,Western Ghats,Laterite & Charnockite,660.0,31.3,236.0,10.99,5.2,2.2,22.9,0.81,2.2,6.6,13.2,0.4688,0,ISRO NRSC Landslide Atlas 2023 & NASA SRTM 30m DEM
Kerala,Thrissur,3,Western Ghats,Laterite & Charnockite,773.0,35.3,228.3,10.58,5.3,3.0,36.0,0.51,9.1,50.7,142.8,0.9633,1,ISRO NRSC Landslide Atlas 2023 & NASA SRTM 30m DEM
Kerala,Thrissur,3,Western Ghats,Laterite & Charnockite,744.0,37.8,61.4,13.45,4.81,2.3,99.0,0.66,24.3,157.4,562.1,1.0,1,ISRO NRSC Landslide Atlas 2023 & NASA SRTM 30m DEM
Kerala,Thrissur,3,Western Ghats,Laterite & Charnockite,850.0,27.5,7.5,10.58,5.22,3.7,64.1,0.29,21.6,86.9,294.5,0.9973,1,ISRO NRSC Landslide Atlas 2023 & NASA SRTM 30m DEM
Kerala,Thrissur,3,Western Ghats,Laterite & Charnockite,987.0,24.9,110.7,9.52,4.93,3.0,42.0,0.79,15.0,49.0,127.5,0.8683,1,ISRO NRSC Landslide Atlas 2023 & NASA SRTM 30m DEM
Kerala,Thrissur,3,Western Ghats,Laterite & Charnockite,523.0,21.1,150.9,7.06,5.12,1.5,32.3,0.76,2.4,8.5,24.6,0.1895,0,ISRO NRSC Landslide Atlas 2023 & NASA SRTM 30m DEM
Kerala,Thrissur,3,Western Ghats,Laterite & Charnockite,1016.0,26.6,62.9,6.38,5.59,3.1,90.8,0.52,51.9,152.2,443.2,0.9999,1,ISRO NRSC Landslide Atlas 2023 & NASA SRTM 30m DEM
Kerala,Thrissur,3,Western Ghats,Laterite & Charnockite,781.0,27.0,169.8,8.61,5.17,4.8,99.0,0.75,86.2,262.7,1117.8,1.0,1,ISRO NRSC Landslide Atlas 2023 & NASA SRTM 30m DEM
Kerala,Thrissur,3,Western Ghats,Laterite & Charnockite,506.0,31.2,144.8,10.78,5.87,2.2,32.9,0.75,2.1,10.0,23.5,0.5867,1,ISRO NRSC Landslide Atlas 2023 & NASA SRTM 30m DEM
Kerala,Thrissur,3,Western Ghats,Laterite & Charnockite,830.0,29.5,123.7,8.95,5.48,1.8,19.7,0.4,1.4,4.9,13.7,0.4482,0,ISRO NRSC Landslide Atlas 2023 & NASA SRTM 30m DEM
Kerala,Thrissur,3,Western Ghats,Laterite & Charnockite,843.0,27.2,144.2,8.09,4.75,1.9,53.9,0.65,8.7,42.8,175.1,0.8886,1,ISRO NRSC Landslide Atlas 2023 & NASA SRTM 30m DEM
Kerala,Thrissur,3,Western Ghats,Laterite & Charnockite,832.0,35.4,117.6,13.87,5.05,3.4,43.5,0.49,10.4,44.3,164.3,0.9826,1,ISRO NRSC Landslide Atlas 2023 & NASA SRTM 30m DEM
Kerala,Thrissur,3,Western Ghats,Laterite & Charnockite,890.0,23.9,272.2,8.49,5.25,2.7,38.7,0.34,9.0,34.9,153.8,0.8397,1,ISRO NRSC Landslide Atlas 2023 & NASA SRTM 30m DEM
Kerala,Thrissur,3,Western Ghats,Laterite & Charnockite,977.0,34.9,291.0,10.12,4.92,3.2,29.2,0.49,9.4,32.9,85.5,0.8972,1,ISRO NRSC Landslide Atlas 2023 & NASA SRTM 30m DEM
Kerala,Thrissur,3,Western Ghats,Laterite & Charnockite,1063.0,26.6,96.8,9.89,4.76,0.4,72.5,0.45,22.9,92.8,359.1,0.998,1,ISRO NRSC Landslide Atlas 2023 & NASA SRTM 30m DEM
Kerala,Thrissur,3,Western Ghats,Laterite & Charnockite,541.0,28.3,231.8,9.2,5.2,0.5,32.1,0.56,9.5,38.8,90.5,0.8229,1,ISRO NRSC Landslide Atlas 2023 & NASA SRTM 30m DEM
Kerala,Thrissur,3,Western Ghats,Laterite & Charnockite,827.0,28.5,241.4,11.52,5.58,2.0,18.8,0.84,2.1,9.9,26.2,0.4411,0,ISRO NRSC Landslide Atlas 2023 & NASA SRTM 30m DEM
Kerala,Thrissur,3,Western Ghats,Laterite & Charnockite,580.0,22.5,246.0,6.87,6.26,3.2,30.2,0.39,10.3,36.7,89.8,0.6968,1,ISRO NRSC Landslide Atlas 2023 & NASA SRTM 30m DEM
Kerala,Thrissur,3,Western Ghats,Laterite & Charnockite,785.0,38.2,181.2,12.0,4.66,2.7,56.9,0.61,16.8,57.2,230.7,0.9941,1,ISRO NRSC Landslide Atlas 2023 & NASA SRTM 30m DEM
Kerala,Thrissur,3,Western Ghats,Laterite & Charnockite,708.0,36.4,233.9,13.18,5.67,3.1,57.2,0.23,27.3,98.4,285.3,0.9996,1,ISRO NRSC Landslide Atlas 2023 & NASA SRTM 30m DEM
Kerala,Thrissur,3,Western Ghats,Laterite & Charnockite,898.0,33.1,78.3,10.82,5.07,2.7,99.0,0.76,47.2,271.0,999.0,1.0,1,ISRO NRSC Landslide Atlas 2023 & NASA SRTM 30m DEM
Kerala,Thrissur,3,Western Ghats,Laterite & Charnockite,741.0,24.5,348.5,8.37,4.62,0.9,19.3,0.42,1.6,5.7,19.9,0.2948,0,ISRO NRSC Landslide Atlas 2023 & NASA SRTM 30m DEM
Kerala,Thrissur,3,Western Ghats,Laterite & Charnockite,931.0,26.9,207.4,9.4,5.13,3.0,52.2,0.53,10.7,52.7,165.0,0.9416,1,ISRO NRSC Landslide Atlas 2023 & NASA SRTM 30m DEM
Kerala,Thrissur,3,Western Ghats,Laterite & Charnockite,757.0,25.8,90.9,8.73,4.08,2.5,28.6,0.78,4.9,25.7,110.3,0.5503,1,ISRO NRSC Landslide Atlas 2023 & NASA SRTM 30m DEM
Kerala,Thrissur,3,Western Ghats,Laterite & Charnockite,659.0,27.8,115.1,8.96,5.52,3.1,31.2,0.29,5.5,25.6,89.0,0.7788,1,ISRO NRSC Landslide Atlas 2023 & NASA SRTM 30m DEM
Kerala,Thrissur,3,Western Ghats,Laterite & Charnockite,737.0,35.6,15.9,11.56,4.81,1.5,26.8,0.57,6.1,21.7,45.0,0.832,1,ISRO NRSC Landslide Atlas 2023 & NASA SRTM 30m DEM
Kerala,Thrissur,3,Western Ghats,Laterite & Charnockite,802.0,30.4,330.0,10.03,5.15,3.0,17.3,0.68,2.0,12.9,54.1,0.5194,1,ISRO NRSC Landslide Atlas 2023 & NASA SRTM 30m DEM
Kerala,Thrissur,3,Western Ghats,Laterite & Charnockite,1072.0,31.7,114.3,10.94,5.0,3.1,99.0,0.3,34.0,128.5,545.2,1.0,1,ISRO NRSC Landslide Atlas 2023 & NASA SRTM 30m DEM
Kerala,Thrissur,3,Western Ghats,Laterite & Charnockite,995.0,30.1,149.9,11.14,5.21,3.0,26.1,0.23,2.1,7.1,27.6,0.6839,1,ISRO NRSC Landslide Atlas 2023 & NASA SRTM 30m DEM
Kerala,Thrissur,3,Western Ghats,Laterite & Charnockite,779.0,38.1,6.8,12.42,5.36,2.2,85.2,0.79,41.7,150.5,381.4,1.0,1,ISRO NRSC Landslide Atlas 2023 & NASA SRTM 30m DEM
Kerala,Thrissur,3,Western Ghats,Laterite & Charnockite,781.0,29.1,163.8,11.38,5.3,3.3,43.7,0.26,13.6,77.8,165.4,0.9884,1,ISRO NRSC Landslide Atlas 2023 & NASA SRTM 30m DEM
Kerala,Thrissur,3,Western Ghats,Laterite & Charnockite,869.0,38.4,10.5,13.49,4.68,2.1,99.0,0.33,76.4,242.3,707.1,1.0,1,ISRO NRSC Landslide Atlas 2023 & NASA SRTM 30m DEM
Kerala,Thrissur,3,Western Ghats,Laterite & Charnockite,776.0,26.3,123.7,9.76,5.04,1.9,38.2,0.4,15.8,55.1,136.6,0.9439,1,ISRO NRSC Landslide Atlas 2023 & NASA SRTM 30m DEM
Kerala,Thrissur,3,Western Ghats,Laterite & Charnockite,794.0,32.7,335.8,11.01,5.1,2.5,56.2,0.3,30.4,92.4,200.9,0.9983,1,ISRO NRSC Landslide Atlas 2023 & NASA SRTM 30m DEM
Kerala,Thrissur,3,Western Ghats,Laterite & Charnockite,718.0,29.8,328.4,10.19,5.93,2.5,24.6,0.79,0.2,0.5,2.0,0.3514,0,ISRO NRSC Landslide Atlas 2023 & NASA SRTM 30m DEM
Kerala,Thrissur,3,Western Ghats,Laterite & Charnockite,383.0,28.4,333.3,9.54,5.04,2.1,46.1,0.38,14.0,51.4,173.8,0.9611,1,ISRO NRSC Landslide Atlas 2023 & NASA SRTM 30m DEM
Kerala,Thrissur,3,Western Ghats,Laterite & Charnockite,780.0,28.0,176.7,9.39,5.34,3.2,56.7,0.4,25.8,93.2,258.0,0.9965,1,ISRO NRSC Landslide Atlas 2023 & NASA SRTM 30m DEM
Kerala,Thrissur,3,Western Ghats,Laterite & Charnockite,743.0,33.6,117.1,12.08,5.99,3.3,25.3,0.42,1.8,6.7,14.2,0.7274,1,ISRO NRSC Landslide Atlas 2023 & NASA SRTM 30m DEM
Kerala,Thrissur,3,Western Ghats,Laterite & Charnockite,1096.0,31.1,13.3,8.95,5.21,3.2,37.7,0.74,3.6,20.3,84.5,0.6852,1,ISRO NRSC Landslide Atlas 2023 & NASA SRTM 30m DEM
Kerala,Thrissur,3,Western Ghats,Laterite & Charnockite,798.0,27.9,323.5,9.47,4.56,4.0,58.1,0.78,16.4,62.1,231.9,0.9717,1,ISRO NRSC Landslide Atlas 2023 & NASA SRTM 30m DEM
Kerala,Thrissur,3,Western Ghats,Laterite & Charnockite,677.0,35.7,184.8,12.82,5.08,3.6,43.2,0.26,15.4,44.7,105.8,0.9841,1,ISRO NRSC Landslide Atlas 2023 & NASA SRTM 30m DEM
Kerala,Thrissur,3,Western Ghats,Laterite & Charnockite,721.0,28.7,40.5,9.9,4.61,2.8,99.0,0.52,68.5,209.4,902.5,1.0,1,ISRO NRSC Landslide Atlas 2023 & NASA SRTM 30m DEM
Kerala,Thrissur,3,Western Ghats,Laterite & Charnockite,782.0,28.2,224.0,10.28,5.85,1.5,62.2,0.6,16.9,72.6,294.9,0.9925,1,ISRO NRSC Landslide Atlas 2023 & NASA SRTM 30m DEM
Kerala,Thrissur,3,Western Ghats,Laterite & Charnockite,595.0,35.5,193.2,12.97,4.82,1.7,43.6,0.41,8.3,40.4,168.4,0.9777,1,ISRO NRSC Landslide Atlas 2023 & NASA SRTM 30m DEM
Kerala,Thrissur,3,Western Ghats,Laterite & Charnockite,815.0,36.3,342.3,13.63,4.25,3.0,46.1,0.34,9.0,58.3,192.4,0.9915,1,ISRO NRSC Landslide Atlas 2023 & NASA SRTM 30m DEM
Kerala,Thrissur,3,Western Ghats,Laterite & Charnockite,1162.0,36.0,346.2,12.95,4.38,3.4,38.1,0.4,10.1,34.8,115.9,0.9646,1,ISRO NRSC Landslide Atlas 2023 & NASA SRTM 30m DEM
Kerala,Thrissur,3,Western Ghats,Laterite & Charnockite,330.0,29.8,246.2,8.6,5.63,0.4,23.4,0.52,4.1,14.2,44.1,0.5642,1,ISRO NRSC Landslide Atlas 2023 & NASA SRTM 30m DEM
Kerala,Thrissur,3,Western Ghats,Laterite & Charnockite,648.0,25.0,200.4,8.31,5.51,2.4,15.0,0.85,1.0,3.2,7.9,0.166,0,ISRO NRSC Landslide Atlas 2023 & NASA SRTM 30m DEM
Kerala,Thrissur,3,Western Ghats,Laterite & Charnockite,434.0,26.2,262.6,8.85,5.88,3.6,47.3,0.58,11.7,39.7,158.3,0.8963,1,ISRO NRSC Landslide Atlas 2023 & NASA SRTM 30m DEM
Kerala,Thrissur,3,Western Ghats,Laterite & Charnockite,752.0,39.2,150.2,13.71,4.09,1.2,31.0,0.47,0.6,2.3,7.0,0.8104,1,ISRO NRSC Landslide Atlas 2023 & NASA SRTM 30m DEM
Kerala,Thrissur,3,Western Ghats,Laterite & Charnockite,660.0,24.6,343.7,8.65,5.62,0.7,19.5,0.6,1.0,3.3,7.7,0.2448,0,ISRO NRSC Landslide Atlas 2023 & NASA SRTM 30m DEM
Kerala,Thrissur,3,Western Ghats,Laterite & Charnockite,727.0,28.6,344.1,8.19,5.5,1.8,32.3,0.55,6.8,21.1,90.6,0.6893,1,ISRO NRSC Landslide Atlas 2023 & NASA SRTM 30m DEM
Kerala,Thrissur,3,Western Ghats,Laterite & Charnockite,640.0,35.9,287.8,14.04,5.32,1.5,17.7,0.68,0.0,0.1,0.4,0.6452,1,ISRO NRSC Landslide Atlas 2023 & NASA SRTM 30m DEM
Kerala,Thrissur,3,Western Ghats,Laterite & Charnockite,819.0,26.9,315.5,8.63,4.63,3.4,58.7,0.75,23.1,85.5,217.2,0.9862,1,ISRO NRSC Landslide Atlas 2023 & NASA SRTM 30m DEM
Kerala,Thrissur,3,Western Ghats,Laterite & Charnockite,650.0,37.2,41.5,12.88,5.13,3.7,38.6,0.34,8.9,31.6,96.9,0.9655,1,ISRO NRSC Landslide Atlas 2023 & NASA SRTM 30m DEM
Kerala,Thrissur,3,Western Ghats,Laterite & Charnockite,706.0,31.1,128.6,10.32,4.79,1.7,26.8,0.66,4.8,24.6,64.1,0.716,1,ISRO NRSC Landslide Atlas 2023 & NASA SRTM 30m DEM
Kerala,Thrissur,3,Western Ghats,Laterite & Charnockite,833.0,22.8,60.7,7.78,5.45,2.2,46.3,0.69,12.2,42.4,131.7,0.7944,1,ISRO NRSC Landslide Atlas 2023 & NASA SRTM 30m DEM
Kerala,Thrissur,3,Western Ghats,Laterite & Charnockite,848.0,36.0,319.9,11.45,5.54,0.8,99.0,0.48,46.9,145.0,598.6,1.0,1,ISRO NRSC Landslide Atlas 2023 & NASA SRTM 30m DEM
Kerala,Thrissur,3,Western Ghats,Laterite & Charnockite,831.0,32.8,249.7,13.84,5.41,1.6,53.6,0.4,24.0,87.8,240.3,0.9985,1,ISRO NRSC Landslide Atlas 2023 & NASA SRTM 30m DEM
Kerala,Thrissur,3,Western Ghats,Laterite & Charnockite,931.0,40.3,233.7,14.1,3.88,2.1,37.8,0.64,11.2,44.0,91.1,0.9762,1,ISRO NRSC Landslide Atlas 2023 & NASA SRTM 30m DEM
Kerala,Thrissur,3,Western Ghats,Laterite & Charnockite,815.0,35.9,65.0,12.09,5.4,1.3,61.5,0.49,21.2,78.7,278.1,0.9983,1,ISRO NRSC Landslide Atlas 2023 & NASA SRTM 30m DEM
Kerala,Thrissur,3,Western Ghats,Laterite & Charnockite,1000.0,30.6,322.5,11.27,5.3,2.3,49.9,0.41,10.2,61.5,215.2,0.9843,1,ISRO NRSC Landslide Atlas 2023 & NASA SRTM 30m DEM
Kerala,Thrissur,3,Western Ghats,Laterite & Charnockite,735.0,30.1,3.6,10.67,5.02,2.6,40.0,0.5,6.3,40.8,167.7,0.9278,1,ISRO NRSC Landslide Atlas 2023 & NASA SRTM 30m DEM
Kerala,Thrissur,3,Western Ghats,Laterite & Charnockite,694.0,25.0,31.6,10.26,4.88,2.5,52.0,0.62,26.2,85.4,238.8,0.9911,1,ISRO NRSC Landslide Atlas 2023 & NASA SRTM 30m DEM
Kerala,Thrissur,3,Western Ghats,Laterite & Charnockite,680.0,35.4,99.4,13.34,5.37,3.2,24.7,0.51,5.1,24.2,59.5,0.8911,1,ISRO NRSC Landslide Atlas 2023 & NASA SRTM 30m DEM
Kerala,Thrissur,3,Western Ghats,Laterite & Charnockite,616.0,32.5,103.3,10.65,4.98,2.9,35.6,0.76,5.2,25.2,102.8,0.8097,1,ISRO NRSC Landslide Atlas 2023 & NASA SRTM 30m DEM
Kerala,Thrissur,3,Western Ghats,Laterite & Charnockite,807.0,37.7,217.0,13.32,5.64,2.0,29.9,0.43,6.9,32.7,142.1,0.9673,1,ISRO NRSC Landslide Atlas 2023 & NASA SRTM 30m DEM
Kerala,Thrissur,3,Western Ghats,Laterite & Charnockite,663.0,36.5,95.2,11.74,4.81,0.6,28.0,0.22,4.8,29.2,82.3,0.9315,1,ISRO NRSC Landslide Atlas 2023 & NASA SRTM 30m DEM
Kerala,Thrissur,3,Western Ghats,Laterite & Charnockite,851.0,35.0,62.0,12.26,4.65,2.4,26.2,0.5,1.5,9.0,20.3,0.7312,1,ISRO NRSC Landslide Atlas 2023 & NASA SRTM 30m DEM
Kerala,Thrissur,3,Western Ghats,Laterite & Charnockite,837.0,34.4,209.5,10.67,5.23,2.7,73.2,0.25,17.8,72.6,297.1,0.9982,1,ISRO NRSC Landslide Atlas 2023 & NASA SRTM 30m DEM
Kerala,Thrissur,3,Western Ghats,Laterite & Charnockite,678.0,37.8,98.7,12.47,5.16,2.4,48.2,0.76,18.3,69.1,237.0,0.9949,1,ISRO NRSC Landslide Atlas 2023 & NASA SRTM 30m DEM
Kerala,Thrissur,3,Western Ghats,Laterite & Charnockite,954.0,33.0,344.1,12.02,5.23,2.6,76.1,0.24,40.8,130.4,418.3,1.0,1,ISRO NRSC Landslide Atlas 2023 & NASA SRTM 30m DEM
Kerala,Thrissur,3,Western Ghats,Laterite & Charnockite,783.0,33.6,271.4,12.56,5.0,2.7,34.4,0.23,5.8,24.0,100.0,0.9316,1,ISRO NRSC Landslide Atlas 2023 & NASA SRTM 30m DEM
Kerala,Thrissur,3,Western Ghats,Laterite & Charnockite,1078.0,27.7,11.7,9.01,5.09,2.4,61.6,0.23,21.1,97.9,270.4,0.9971,1,ISRO NRSC Landslide Atlas 2023 & NASA SRTM 30m DEM
Kerala,Thrissur,3,Western Ghats,Laterite & Charnockite,710.0,33.9,62.6,13.26,4.95,2.2,32.2,0.21,6.8,26.9,62.8,0.9348,1,ISRO NRSC Landslide Atlas 2023 & NASA SRTM 30m DEM
Kerala,Thrissur,3,Western Ghats,Laterite & Charnockite,588.0,34.7,51.3,10.4,5.44,2.1,69.8,0.78,23.0,87.7,364.1,0.9986,1,ISRO NRSC Landslide Atlas 2023 & NASA SRTM 30m DEM
Kerala,Thrissur,3,Western Ghats,Laterite & Charnockite,533.0,39.7,314.4,14.52,5.06,2.9,99.0,0.42,44.7,172.3,560.8,1.0,1,ISRO NRSC Landslide Atlas 2023 & NASA SRTM 30m DEM
Kerala,Thrissur,3,Western Ghats,Laterite & Charnockite,870.0,27.6,247.2,10.57,6.38,4.1,99.0,0.27,41.6,230.6,678.8,1.0,1,ISRO NRSC Landslide Atlas 2023 & NASA SRTM 30m DEM
Kerala,Thrissur,3,Western Ghats,Laterite & Charnockite,737.0,35.0,153.6,12.42,4.57,2.7,60.5,0.66,14.9,73.9,283.1,0.9961,1,ISRO NRSC Landslide Atlas 2023 & NASA SRTM 30m DEM
Kerala,Thrissur,3,Western Ghats,Laterite & Charnockite,843.0,30.9,105.6,12.02,5.36,3.2,68.5,0.2,56.5,204.7,423.4,1.0,1,ISRO NRSC Landslide Atlas 2023 & NASA SRTM 30m DEM
Kerala,Thrissur,3,Western Ghats,Laterite & Charnockite,710.0,35.7,20.5,12.68,5.09,2.2,55.2,0.21,16.9,71.0,234.4,0.9975,1,ISRO NRSC Landslide Atlas 2023 & NASA SRTM 30m DEM
Kerala,Thrissur,3,Western Ghats,Laterite & Charnockite,661.0,42.0,358.7,16.03,4.9,3.0,44.8,0.43,13.6,59.5,153.2,0.9967,1,ISRO NRSC Landslide Atlas 2023 & NASA SRTM 30m DEM
Kerala,Thrissur,3,Western Ghats,Laterite & Charnockite,909.0,31.9,49.7,11.21,4.9,1.9,45.2,0.42,18.7,56.5,128.3,0.9799,1,ISRO NRSC Landslide Atlas 2023 & NASA SRTM 30m DEM
Kerala,Thrissur,3,Western Ghats,Laterite & Charnockite,748.0,31.7,64.0,11.99,4.38,2.9,30.6,0.65,2.8,9.9,33.5,0.6547,1,ISRO NRSC Landslide Atlas 2023 & NASA SRTM 30m DEM
Kerala,Thrissur,3,Western Ghats,Laterite & Charnockite,626.0,26.9,334.5,8.55,6.06,2.2,56.5,0.29,9.2,59.1,251.8,0.9774,1,ISRO NRSC Landslide Atlas 2023 & NASA SRTM 30m DEM
Kerala,Thrissur,3,Western Ghats,Laterite & Charnockite,588.0,33.8,24.7,11.38,4.29,1.8,62.5,0.4,20.5,80.4,311.1,0.9981,1,ISRO NRSC Landslide Atlas 2023 & NASA SRTM 30m DEM
Kerala,Thrissur,3,Western Ghats,Laterite & Charnockite,718.0,34.8,73.2,13.31,5.5,1.8,90.7,0.57,26.3,172.0,488.8,1.0,1,ISRO NRSC Landslide Atlas 2023 & NASA SRTM 30m DEM
Kerala,Thrissur,3,Western Ghats,Laterite & Charnockite,768.0,33.6,270.7,14.22,5.32,3.2,80.5,0.82,39.2,117.2,359.1,0.9999,1,ISRO NRSC Landslide Atlas 2023 & NASA SRTM 30m DEM
Kerala,Thrissur,3,Western Ghats,Laterite & Charnockite,678.0,34.4,53.2,12.12,4.76,3.1,15.0,0.27,1.2,3.8,10.1,0.6887,1,ISRO NRSC Landslide Atlas 2023 & NASA SRTM 30m DEM
Kerala,Thrissur,3,Western Ghats,Laterite & Charnockite,823.0,21.0,304.8,6.87,4.98,1.9,25.5,0.6,2.4,8.7,34.3,0.203,0,ISRO NRSC Landslide Atlas 2023 & NASA SRTM 30m DEM
Kerala,Thrissur,3,Western Ghats,Laterite & Charnockite,722.0,35.9,306.6,12.5,4.83,2.6,55.7,0.32,18.7,80.6,233.1,0.9979,1,ISRO NRSC Landslide Atlas 2023 & NASA SRTM 30m DEM
Kerala,Thrissur,3,Western Ghats,Laterite & Charnockite,991.0,37.4,202.2,13.88,5.16,2.9,43.1,0.81,10.7,48.0,157.2,0.9794,1,ISRO NRSC Landslide Atlas 2023 & NASA SRTM 30m DEM
Kerala,Thrissur,3,Western Ghats,Laterite & Charnockite,645.0,34.2,85.7,13.53,5.81,3.3,34.1,0.52,6.5,31.2,68.1,0.9289,1,ISRO NRSC Landslide Atlas 2023 & NASA SRTM 30m DEM
Kerala,Thrissur,3,Western Ghats,Laterite & Charnockite,619.0,25.7,132.9,9.15,4.76,1.4,26.3,0.74,3.7,12.2,48.0,0.3884,0,ISRO NRSC Landslide Atlas 2023 & NASA SRTM 30m DEM
Kerala,Thrissur,3,Western Ghats,Laterite & Charnockite,833.0,34.7,286.6,12.5,6.54,2.9,54.7,0.23,22.4,87.4,220.0,0.9987,1,ISRO NRSC Landslide Atlas 2023 & NASA SRTM 30m DEM
Kerala,Thrissur,3,Western Ghats,Laterite & Charnockite,646.0,34.2,112.6,11.7,5.34,1.8,23.0,0.69,0.5,3.0,10.0,0.5681,1,ISRO NRSC Landslide Atlas 2023 & NASA SRTM 30m DEM
Kerala,Thrissur,3,Western Ghats,Laterite & Charnockite,542.0,31.0,250.7,9.02,4.78,2.6,37.8,0.44,17.8,55.1,142.8,0.9609,1,ISRO NRSC Landslide Atlas 2023 & NASA SRTM 30m DEM
Kerala,Thrissur,3,Western Ghats,Laterite & Charnockite,749.0,38.6,95.6,13.19,4.51,2.1,42.5,0.6,11.9,61.2,186.1,0.9908,1,ISRO NRSC Landslide Atlas 2023 & NASA SRTM 30m DEM
Kerala,Thrissur,3,Western Ghats,Laterite & Charnockite,880.0,21.0,295.7,8.54,5.0,2.8,15.5,0.71,0.4,1.5,3.4,0.1277,0,ISRO NRSC Landslide Atlas 2023 & NASA SRTM 30m DEM
Kerala,Thrissur,3,Western Ghats,Laterite & Charnockite,722.0,36.0,257.4,13.19,4.93,2.6,65.8,0.64,19.5,93.5,290.5,0.9989,1,ISRO NRSC Landslide Atlas 2023 & NASA SRTM 30m DEM
Kerala,Thrissur,3,Western Ghats,Laterite & Charnockite,541.0,30.0,283.0,9.78,4.83,1.9,18.9,0.25,2.8,8.9,28.4,0.5954,1,ISRO NRSC Landslide Atlas 2023 & NASA SRTM 30m DEM
Kerala,Thrissur,3,Western Ghats,Laterite & Charnockite,795.0,27.0,14.4,10.04,5.31,3.6,33.9,0.3,10.4,44.2,105.0,0.9055,1,ISRO NRSC Landslide Atlas 2023 & NASA SRTM 30m DEM
Kerala,Thrissur,3,Western Ghats,Laterite & Charnockite,575.0,35.1,53.7,11.89,4.29,2.5,99.0,0.3,58.3,188.0,578.8,1.0,1,ISRO NRSC Landslide Atlas 2023 & NASA SRTM 30m DEM
Kerala,Thrissur,3,Western Ghats,Laterite & Charnockite,743.0,43.8,203.7,16.0,5.1,2.7,25.3,0.28,5.7,30.2,71.3,0.982,1,ISRO NRSC Landslide Atlas 2023 & NASA SRTM 30m DEM
Kerala,Thrissur,3,Western Ghats,Laterite & Charnockite,943.0,36.5,345.8,12.14,5.1,2.3,53.9,0.26,15.7,45.8,154.7,0.9905,1,ISRO NRSC Landslide Atlas 2023 & NASA SRTM 30m DEM
Kerala,Thrissur,3,Western Ghats,Laterite & Charnockite,716.0,25.6,257.9,8.79,5.69,2.8,39.1,0.46,10.7,39.2,156.1,0.8792,1,ISRO NRSC Landslide Atlas 2023 & NASA SRTM 30m DEM
Kerala,Thrissur,3,Western Ghats,Laterite & Charnockite,540.0,32.4,37.1,10.84,4.35,1.3,99.0,0.38,53.6,169.4,701.0,1.0,1,ISRO NRSC Landslide Atlas 2023 & NASA SRTM 30m DEM
Kerala,Thrissur,3,Western Ghats,Laterite & Charnockite,406.0,29.4,26.2,10.69,5.63,1.6,43.7,0.5,6.8,37.0,140.4,0.9162,1,ISRO NRSC Landslide Atlas 2023 & NASA SRTM 30m DEM
Kerala,Thrissur,3,Western Ghats,Laterite & Charnockite,827.0,38.7,144.5,14.22,5.15,3.2,34.2,0.73,24.4,73.8,174.0,0.9959,1,ISRO NRSC Landslide Atlas 2023 & NASA SRTM 30m DEM
Kerala,Thrissur,3,Western Ghats,Laterite & Charnockite,833.0,33.4,293.6,11.23,5.53,2.3,59.0,0.76,26.3,75.5,246.4,0.996,1,ISRO NRSC Landslide Atlas 2023 & NASA SRTM 30m DEM
Kerala,Thrissur,3,Western Ghats,Laterite & Charnockite,742.0,27.7,130.1,11.09,3.93,2.2,15.0,0.67,0.2,0.8,2.0,0.2886,0,ISRO NRSC Landslide Atlas 2023 & NASA SRTM 30m DEM
Kerala,Thrissur,3,Western Ghats,Laterite & Charnockite,590.0,29.0,279.0,9.69,5.17,2.9,56.3,0.45,16.3,72.1,269.2,0.9908,1,ISRO NRSC Landslide Atlas 2023 & NASA SRTM 30m DEM
Kerala,Thrissur,3,Western Ghats,Laterite & Charnockite,631.0,39.8,115.5,13.13,5.03,2.5,31.7,0.79,3.6,11.1,28.0,0.8305,1,ISRO NRSC Landslide Atlas 2023 & NASA SRTM 30m DEM
Kerala,Thrissur,3,Western Ghats,Laterite & Charnockite,795.0,39.1,253.5,13.75,5.54,3.5,77.7,0.76,32.5,117.0,376.5,0.9999,1,ISRO NRSC Landslide Atlas 2023 & NASA SRTM 30m DEM
Kerala,Thrissur,3,Western Ghats,Laterite & Charnockite,867.0,21.1,146.0,7.25,4.93,3.8,34.9,0.34,11.5,38.3,103.5,0.7258,1,ISRO NRSC Landslide Atlas 2023 & NASA SRTM 30m DEM
Kerala,Thrissur,3,Western Ghats,Laterite & Charnockite,917.0,31.0,343.5,9.63,6.23,2.1,74.5,0.34,38.4,154.9,333.2,0.9999,1,ISRO NRSC Landslide Atlas 2023 & NASA SRTM 30m DEM
Kerala,Thrissur,3,Western Ghats,Laterite & Charnockite,787.0,29.3,220.3,10.32,5.46,2.0,71.1,0.55,30.4,129.3,280.0,0.9994,1,ISRO NRSC Landslide Atlas 2023 & NASA SRTM 30m DEM
Kerala,Thrissur,3,Western Ghats,Laterite & Charnockite,573.0,31.3,357.2,10.82,5.01,1.7,18.6,0.46,1.5,5.7,18.2,0.5499,1,ISRO NRSC Landslide Atlas 2023 & NASA SRTM 30m DEM
Kerala,Thrissur,3,Western Ghats,Laterite & Charnockite,857.0,34.9,250.2,11.99,4.86,3.0,17.2,0.3,6.3,19.6,41.5,0.8484,1,ISRO NRSC Landslide Atlas 2023 & NASA SRTM 30m DEM
Kerala,Thrissur,3,Western Ghats,Laterite & Charnockite,704.0,32.4,181.2,9.92,5.37,2.8,59.3,0.54,18.6,64.9,259.2,0.9924,1,ISRO NRSC Landslide Atlas 2023 & NASA SRTM 30m DEM
Kerala,Thrissur,3,Western Ghats,Laterite & Charnockite,830.0,27.7,351.6,9.79,4.24,2.3,36.8,0.54,14.2,52.3,130.2,0.921,1,ISRO NRSC Landslide Atlas 2023 & NASA SRTM 30m DEM
Kerala,Palakkad,4,Western Ghats,Granitic Gneiss,1025.0,38.1,236.2,12.39,4.09,2.2,34.8,0.58,9.3,41.5,90.4,0.9538,1,ISRO NRSC Landslide Atlas 2023 & NASA SRTM 30m DEM
Kerala,Palakkad,4,Western Ghats,Granitic Gneiss,544.0,31.5,157.7,11.56,5.91,0.9,34.9,0.5,11.2,34.6,112.1,0.9277,1,ISRO NRSC Landslide Atlas 2023 & NASA SRTM 30m DEM
Kerala,Palakkad,4,Western Ghats,Granitic Gneiss,772.0,33.6,163.4,12.89,4.92,1.5,23.0,0.8,6.0,19.9,73.1,0.7871,1,ISRO NRSC Landslide Atlas 2023 & NASA SRTM 30m DEM
Kerala,Palakkad,4,Western Ghats,Granitic Gneiss,1052.0,35.6,134.2,12.56,4.56,2.9,25.1,0.59,3.6,11.3,33.1,0.7614,1,ISRO NRSC Landslide Atlas 2023 & NASA SRTM 30m DEM
Kerala,Palakkad,4,Western Ghats,Granitic Gneiss,916.0,34.3,217.8,13.62,5.16,2.0,72.5,0.67,14.2,76.3,327.3,0.9981,1,ISRO NRSC Landslide Atlas 2023 & NASA SRTM 30m DEM
Kerala,Palakkad,4,Western Ghats,Granitic Gneiss,1066.0,31.9,198.7,10.88,5.01,3.0,78.8,0.32,31.7,108.3,332.9,0.9997,1,ISRO NRSC Landslide Atlas 2023 & NASA SRTM 30m DEM
Kerala,Palakkad,4,Western Ghats,Granitic Gneiss,800.0,42.3,44.6,13.96,4.76,2.6,44.6,0.25,11.7,45.2,174.9,0.9945,1,ISRO NRSC Landslide Atlas 2023 & NASA SRTM 30m DEM
Kerala,Palakkad,4,Western Ghats,Granitic Gneiss,685.0,39.3,271.4,12.77,4.59,2.7,25.9,0.85,7.2,26.1,53.2,0.8738,1,ISRO NRSC Landslide Atlas 2023 & NASA SRTM 30m DEM
Kerala,Palakkad,4,Western Ghats,Granitic Gneiss,802.0,28.3,325.2,7.66,5.37,2.3,50.1,0.77,16.3,76.7,193.1,0.9657,1,ISRO NRSC Landslide Atlas 2023 & NASA SRTM 30m DEM
Kerala,Palakkad,4,Western Ghats,Granitic Gneiss,864.0,27.6,240.9,11.62,5.2,1.6,99.0,0.8,44.4,240.6,536.3,1.0,1,ISRO NRSC Landslide Atlas 2023 & NASA SRTM 30m DEM
Kerala,Palakkad,4,Western Ghats,Granitic Gneiss,931.0,32.9,185.8,11.95,4.31,2.3,29.9,0.8,8.2,32.3,83.2,0.8421,1,ISRO NRSC Landslide Atlas 2023 & NASA SRTM 30m DEM
Kerala,Palakkad,4,Western Ghats,Granitic Gneiss,900.0,28.8,275.0,9.78,5.56,3.3,47.7,0.7,19.4,87.8,220.8,0.9886,1,ISRO NRSC Landslide Atlas 2023 & NASA SRTM 30m DEM
Kerala,Palakkad,4,Western Ghats,Granitic Gneiss,687.0,37.7,212.2,12.98,4.75,2.5,27.5,0.66,5.3,16.1,42.5,0.8446,1,ISRO NRSC Landslide Atlas 2023 & NASA SRTM 30m DEM
Kerala,Palakkad,4,Western Ghats,Granitic Gneiss,902.0,29.4,203.7,11.98,4.99,2.6,63.2,0.32,27.4,84.5,283.8,0.9983,1,ISRO NRSC Landslide Atlas 2023 & NASA SRTM 30m DEM
Kerala,Palakkad,4,Western Ghats,Granitic Gneiss,638.0,31.5,48.7,11.58,5.0,2.2,99.0,0.74,65.9,229.5,566.7,1.0,1,ISRO NRSC Landslide Atlas 2023 & NASA SRTM 30m DEM
Kerala,Palakkad,4,Western Ghats,Granitic Gneiss,1019.0,36.5,275.8,14.98,4.51,2.7,22.0,0.38,2.1,14.0,35.1,0.8726,1,ISRO NRSC Landslide Atlas 2023 & NASA SRTM 30m DEM
Kerala,Palakkad,4,Western Ghats,Granitic Gneiss,792.0,34.7,37.3,12.39,4.51,2.7,67.7,0.22,19.4,126.3,302.5,0.9997,1,ISRO NRSC Landslide Atlas 2023 & NASA SRTM 30m DEM
Kerala,Palakkad,4,Western Ghats,Granitic Gneiss,773.0,37.0,228.3,13.84,4.75,3.2,15.0,0.77,0.6,2.2,4.9,0.6236,1,ISRO NRSC Landslide Atlas 2023 & NASA SRTM 30m DEM
Kerala,Palakkad,4,Western Ghats,Granitic Gneiss,1043.0,41.3,193.4,16.41,5.4,3.0,32.6,0.53,7.4,22.8,81.0,0.972,1,ISRO NRSC Landslide Atlas 2023 & NASA SRTM 30m DEM
Kerala,Palakkad,4,Western Ghats,Granitic Gneiss,544.0,31.6,85.0,10.93,4.92,1.8,22.0,0.64,2.9,9.3,41.8,0.5812,1,ISRO NRSC Landslide Atlas 2023 & NASA SRTM 30m DEM
Kerala,Palakkad,4,Western Ghats,Granitic Gneiss,798.0,33.1,5.7,11.68,6.05,2.8,27.4,0.3,2.8,14.0,42.6,0.8128,1,ISRO NRSC Landslide Atlas 2023 & NASA SRTM 30m DEM
Kerala,Palakkad,4,Western Ghats,Granitic Gneiss,824.0,30.6,268.4,11.21,5.25,1.3,22.7,0.78,1.6,5.1,20.0,0.4548,0,ISRO NRSC Landslide Atlas 2023 & NASA SRTM 30m DEM
Kerala,Palakkad,4,Western Ghats,Granitic Gneiss,928.0,33.2,198.6,12.22,4.53,1.7,33.5,0.51,5.5,35.2,73.9,0.8968,1,ISRO NRSC Landslide Atlas 2023 & NASA SRTM 30m DEM
Kerala,Palakkad,4,Western Ghats,Granitic Gneiss,1011.0,31.0,60.6,11.37,6.07,2.7,23.1,0.27,0.2,0.5,2.2,0.6008,1,ISRO NRSC Landslide Atlas 2023 & NASA SRTM 30m DEM
Kerala,Palakkad,4,Western Ghats,Granitic Gneiss,712.0,35.1,316.7,14.4,4.77,1.9,46.4,0.51,20.2,62.3,201.3,0.9949,1,ISRO NRSC Landslide Atlas 2023 & NASA SRTM 30m DEM
Kerala,Palakkad,4,Western Ghats,Granitic Gneiss,645.0,35.2,314.5,13.29,5.53,2.7,34.4,0.62,8.5,26.3,108.1,0.9317,1,ISRO NRSC Landslide Atlas 2023 & NASA SRTM 30m DEM
Kerala,Palakkad,4,Western Ghats,Granitic Gneiss,712.0,35.8,15.4,12.46,4.19,1.4,34.1,0.25,9.3,38.5,137.3,0.9695,1,ISRO NRSC Landslide Atlas 2023 & NASA SRTM 30m DEM
Kerala,Palakkad,4,Western Ghats,Granitic Gneiss,827.0,30.2,230.2,10.99,5.9,2.6,23.4,0.7,1.1,3.4,8.1,0.4493,0,ISRO NRSC Landslide Atlas 2023 & NASA SRTM 30m DEM
Kerala,Palakkad,4,Western Ghats,Granitic Gneiss,979.0,28.4,255.2,10.55,4.36,2.0,58.8,0.49,23.0,73.4,281.6,0.9939,1,ISRO NRSC Landslide Atlas 2023 & NASA SRTM 30m DEM
Kerala,Palakkad,4,Western Ghats,Granitic Gneiss,721.0,32.4,103.3,12.32,4.09,2.6,82.3,0.76,19.0,112.2,445.4,0.9996,1,ISRO NRSC Landslide Atlas 2023 & NASA SRTM 30m DEM
Kerala,Palakkad,4,Western Ghats,Granitic Gneiss,752.0,37.1,52.3,13.29,5.17,1.1,32.4,0.39,6.2,27.5,62.2,0.9375,1,ISRO NRSC Landslide Atlas 2023 & NASA SRTM 30m DEM
Kerala,Palakkad,4,Western Ghats,Granitic Gneiss,956.0,42.2,57.0,11.78,5.42,2.0,19.6,0.49,3.4,10.4,33.9,0.8541,1,ISRO NRSC Landslide Atlas 2023 & NASA SRTM 30m DEM
Kerala,Palakkad,4,Western Ghats,Granitic Gneiss,752.0,26.6,193.2,10.18,6.53,3.3,58.5,0.46,12.1,63.7,223.7,0.9813,1,ISRO NRSC Landslide Atlas 2023 & NASA SRTM 30m DEM
Kerala,Palakkad,4,Western Ghats,Granitic Gneiss,711.0,36.9,43.9,12.52,4.05,2.6,99.0,0.68,35.0,130.2,484.7,1.0,1,ISRO NRSC Landslide Atlas 2023 & NASA SRTM 30m DEM
Kerala,Palakkad,4,Western Ghats,Granitic Gneiss,1097.0,39.8,80.5,15.07,4.74,2.4,26.8,0.29,6.2,26.4,62.7,0.9624,1,ISRO NRSC Landslide Atlas 2023 & NASA SRTM 30m DEM
Kerala,Palakkad,4,Western Ghats,Granitic Gneiss,776.0,26.5,314.8,9.48,5.06,2.1,44.8,0.51,7.5,44.2,125.8,0.876,1,ISRO NRSC Landslide Atlas 2023 & NASA SRTM 30m DEM
Kerala,Palakkad,4,Western Ghats,Granitic Gneiss,910.0,39.4,21.7,14.33,4.46,1.6,57.6,0.21,9.2,59.5,254.0,0.9975,1,ISRO NRSC Landslide Atlas 2023 & NASA SRTM 30m DEM
Kerala,Palakkad,4,Western Ghats,Granitic Gneiss,782.0,44.0,254.4,14.48,4.83,3.3,39.5,0.52,12.1,38.4,151.8,0.9906,1,ISRO NRSC Landslide Atlas 2023 & NASA SRTM 30m DEM
Kerala,Palakkad,4,Western Ghats,Granitic Gneiss,860.0,34.0,124.1,11.79,4.97,2.2,99.0,0.48,32.1,193.4,575.4,1.0,1,ISRO NRSC Landslide Atlas 2023 & NASA SRTM 30m DEM
Kerala,Palakkad,4,Western Ghats,Granitic Gneiss,868.0,37.2,134.5,15.01,5.26,3.1,28.3,0.55,4.4,19.6,46.2,0.9098,1,ISRO NRSC Landslide Atlas 2023 & NASA SRTM 30m DEM
Kerala,Palakkad,4,Western Ghats,Granitic Gneiss,779.0,38.3,259.8,14.4,4.59,2.2,35.7,0.58,10.1,31.8,116.8,0.9675,1,ISRO NRSC Landslide Atlas 2023 & NASA SRTM 30m DEM
Kerala,Palakkad,4,Western Ghats,Granitic Gneiss,758.0,28.6,19.0,9.05,5.1,2.4,47.0,0.21,15.6,58.8,167.4,0.9741,1,ISRO NRSC Landslide Atlas 2023 & NASA SRTM 30m DEM
Kerala,Palakkad,4,Western Ghats,Granitic Gneiss,948.0,35.9,324.5,11.72,5.22,1.8,99.0,0.5,39.0,194.7,727.5,1.0,1,ISRO NRSC Landslide Atlas 2023 & NASA SRTM 30m DEM
Kerala,Palakkad,4,Western Ghats,Granitic Gneiss,781.0,37.5,208.8,13.02,5.05,2.8,99.0,0.32,33.3,181.9,738.5,1.0,1,ISRO NRSC Landslide Atlas 2023 & NASA SRTM 30m DEM
Kerala,Palakkad,4,Western Ghats,Granitic Gneiss,772.0,29.0,259.4,9.13,6.02,1.4,31.3,0.49,16.0,66.5,151.3,0.9606,1,ISRO NRSC Landslide Atlas 2023 & NASA SRTM 30m DEM
Kerala,Palakkad,4,Western Ghats,Granitic Gneiss,931.0,32.5,331.3,9.44,5.62,3.3,99.0,0.37,50.8,253.4,835.2,1.0,1,ISRO NRSC Landslide Atlas 2023 & NASA SRTM 30m DEM
Kerala,Palakkad,4,Western Ghats,Granitic Gneiss,637.0,40.9,270.6,14.9,5.05,1.3,47.2,0.67,11.0,46.3,197.0,0.9921,1,ISRO NRSC Landslide Atlas 2023 & NASA SRTM 30m DEM
Kerala,Palakkad,4,Western Ghats,Granitic Gneiss,799.0,37.5,167.6,13.02,4.85,3.7,80.5,0.67,30.2,184.3,382.4,1.0,1,ISRO NRSC Landslide Atlas 2023 & NASA SRTM 30m DEM
Kerala,Palakkad,4,Western Ghats,Granitic Gneiss,849.0,34.9,58.6,12.85,5.3,3.6,55.9,0.84,23.2,72.0,247.3,0.9958,1,ISRO NRSC Landslide Atlas 2023 & NASA SRTM 30m DEM
Kerala,Palakkad,4,Western Ghats,Granitic Gneiss,632.0,36.3,353.1,11.83,5.59,1.9,26.0,0.73,1.6,9.1,29.3,0.6996,1,ISRO NRSC Landslide Atlas 2023 & NASA SRTM 30m DEM
Kerala,Palakkad,4,Western Ghats,Granitic Gneiss,808.0,37.6,28.2,13.4,4.83,2.4,83.5,0.6,21.5,138.5,346.2,0.9999,1,ISRO NRSC Landslide Atlas 2023 & NASA SRTM 30m DEM
Kerala,Palakkad,4,Western Ghats,Granitic Gneiss,1168.0,41.7,279.7,14.08,5.05,1.4,26.2,0.46,1.9,10.3,28.5,0.897,1,ISRO NRSC Landslide Atlas 2023 & NASA SRTM 30m DEM
Kerala,Palakkad,4,Western Ghats,Granitic Gneiss,726.0,34.8,54.3,12.75,4.48,1.5,70.6,0.65,29.2,101.7,283.2,0.9993,1,ISRO NRSC Landslide Atlas 2023 & NASA SRTM 30m DEM
Kerala,Palakkad,4,Western Ghats,Granitic Gneiss,732.0,39.3,341.3,12.31,4.5,1.7,40.9,0.71,14.6,49.9,145.0,0.9809,1,ISRO NRSC Landslide Atlas 2023 & NASA SRTM 30m DEM
Kerala,Palakkad,4,Western Ghats,Granitic Gneiss,713.0,34.0,118.7,11.66,3.82,2.2,30.0,0.75,5.7,17.3,43.6,0.7258,1,ISRO NRSC Landslide Atlas 2023 & NASA SRTM 30m DEM
Kerala,Palakkad,4,Western Ghats,Granitic Gneiss,898.0,33.4,5.4,11.78,5.63,0.7,56.1,0.75,16.3,95.0,221.7,0.9957,1,ISRO NRSC Landslide Atlas 2023 & NASA SRTM 30m DEM
Kerala,Palakkad,4,Western Ghats,Granitic Gneiss,978.0,30.7,247.5,8.22,4.72,2.0,22.2,0.67,0.6,2.3,8.4,0.3075,0,ISRO NRSC Landslide Atlas 2023 & NASA SRTM 30m DEM
Kerala,Palakkad,4,Western Ghats,Granitic Gneiss,846.0,35.2,359.5,12.32,5.48,0.3,87.2,0.61,28.6,107.2,468.4,0.9999,1,ISRO NRSC Landslide Atlas 2023 & NASA SRTM 30m DEM
Kerala,Palakkad,4,Western Ghats,Granitic Gneiss,784.0,25.4,113.6,10.65,5.8,2.5,37.6,0.43,6.6,24.7,94.5,0.7879,1,ISRO NRSC Landslide Atlas 2023 & NASA SRTM 30m DEM
Kerala,Palakkad,4,Western Ghats,Granitic Gneiss,571.0,34.3,338.9,12.22,4.53,1.7,21.5,0.59,1.6,8.7,27.6,0.6646,1,ISRO NRSC Landslide Atlas 2023 & NASA SRTM 30m DEM
Kerala,Palakkad,4,Western Ghats,Granitic Gneiss,815.0,32.7,10.6,11.54,4.81,1.8,20.5,0.7,5.4,21.2,66.7,0.7358,1,ISRO NRSC Landslide Atlas 2023 & NASA SRTM 30m DEM
Kerala,Palakkad,4,Western Ghats,Granitic Gneiss,534.0,33.6,359.5,12.51,4.87,2.5,25.4,0.53,3.9,17.5,38.1,0.7855,1,ISRO NRSC Landslide Atlas 2023 & NASA SRTM 30m DEM
Kerala,Palakkad,4,Western Ghats,Granitic Gneiss,857.0,41.1,53.4,14.36,4.77,2.5,26.8,0.46,3.0,15.6,67.6,0.9287,1,ISRO NRSC Landslide Atlas 2023 & NASA SRTM 30m DEM
Kerala,Palakkad,4,Western Ghats,Granitic Gneiss,1068.0,37.1,5.9,13.31,4.95,3.7,53.1,0.33,25.3,90.2,189.2,0.9988,1,ISRO NRSC Landslide Atlas 2023 & NASA SRTM 30m DEM
Kerala,Palakkad,4,Western Ghats,Granitic Gneiss,769.0,34.5,225.5,12.96,4.78,3.2,46.0,0.77,17.0,58.0,146.6,0.9818,1,ISRO NRSC Landslide Atlas 2023 & NASA SRTM 30m DEM
Kerala,Palakkad,4,Western Ghats,Granitic Gneiss,831.0,35.7,47.2,13.43,5.31,1.6,46.6,0.4,16.0,51.9,157.1,0.9903,1,ISRO NRSC Landslide Atlas 2023 & NASA SRTM 30m DEM
Kerala,Palakkad,4,Western Ghats,Granitic Gneiss,780.0,37.2,283.5,13.27,4.41,3.3,53.5,0.23,24.4,78.6,244.4,0.9988,1,ISRO NRSC Landslide Atlas 2023 & NASA SRTM 30m DEM
Kerala,Palakkad,4,Western Ghats,Granitic Gneiss,959.0,32.1,47.9,12.44,5.75,0.4,39.9,0.64,25.6,79.4,159.7,0.9928,1,ISRO NRSC Landslide Atlas 2023 & NASA SRTM 30m DEM
Kerala,Palakkad,4,Western Ghats,Granitic Gneiss,792.0,29.3,108.1,11.55,4.78,5.4,46.0,0.4,22.8,67.5,170.6,0.9884,1,ISRO NRSC Landslide Atlas 2023 & NASA SRTM 30m DEM
Kerala,Palakkad,4,Western Ghats,Granitic Gneiss,1056.0,34.3,301.1,8.72,4.41,2.8,31.2,0.58,3.1,16.0,56.0,0.6713,1,ISRO NRSC Landslide Atlas 2023 & NASA SRTM 30m DEM
Kerala,Palakkad,4,Western Ghats,Granitic Gneiss,1045.0,31.1,214.5,10.05,5.85,2.7,99.0,0.65,43.2,183.7,553.1,1.0,1,ISRO NRSC Landslide Atlas 2023 & NASA SRTM 30m DEM
Kerala,Palakkad,4,Western Ghats,Granitic Gneiss,845.0,42.2,199.7,16.49,4.4,1.9,99.0,0.56,58.0,220.8,697.6,1.0,1,ISRO NRSC Landslide Atlas 2023 & NASA SRTM 30m DEM
Kerala,Palakkad,4,Western Ghats,Granitic Gneiss,1023.0,29.3,163.4,10.94,5.8,3.2,25.2,0.67,0.0,0.2,0.5,0.3962,0,ISRO NRSC Landslide Atlas 2023 & NASA SRTM 30m DEM
Kerala,Palakkad,4,Western Ghats,Granitic Gneiss,844.0,39.0,53.4,14.47,4.19,2.2,36.2,0.64,13.2,41.9,89.3,0.9745,1,ISRO NRSC Landslide Atlas 2023 & NASA SRTM 30m DEM
Kerala,Palakkad,4,Western Ghats,Granitic Gneiss,749.0,44.3,11.4,15.31,4.44,4.6,24.6,0.37,6.6,22.5,49.6,0.967,1,ISRO NRSC Landslide Atlas 2023 & NASA SRTM 30m DEM
Kerala,Palakkad,4,Western Ghats,Granitic Gneiss,897.0,36.5,51.0,11.58,5.8,2.9,26.7,0.64,2.3,10.0,32.4,0.7437,1,ISRO NRSC Landslide Atlas 2023 & NASA SRTM 30m DEM
Kerala,Palakkad,4,Western Ghats,Granitic Gneiss,960.0,38.2,12.9,13.37,5.25,3.0,54.2,0.77,11.3,60.9,249.3,0.9936,1,ISRO NRSC Landslide Atlas 2023 & NASA SRTM 30m DEM
Kerala,Palakkad,4,Western Ghats,Granitic Gneiss,919.0,26.1,313.8,10.6,4.68,2.0,52.3,0.21,22.7,77.8,249.4,0.9939,1,ISRO NRSC Landslide Atlas 2023 & NASA SRTM 30m DEM
Kerala,Palakkad,4,Western Ghats,Granitic Gneiss,801.0,32.2,142.7,8.43,5.39,3.4,20.8,0.76,2.8,12.4,34.3,0.4589,0,ISRO NRSC Landslide Atlas 2023 & NASA SRTM 30m DEM
Kerala,Palakkad,4,Western Ghats,Granitic Gneiss,729.0,32.3,114.2,11.14,5.2,3.1,28.2,0.38,3.2,14.5,36.9,0.7512,1,ISRO NRSC Landslide Atlas 2023 & NASA SRTM 30m DEM
Kerala,Palakkad,4,Western Ghats,Granitic Gneiss,897.0,34.2,302.5,11.56,5.09,3.1,25.2,0.81,0.0,0.0,0.0,0.4737,0,ISRO NRSC Landslide Atlas 2023 & NASA SRTM 30m DEM
Kerala,Palakkad,4,Western Ghats,Granitic Gneiss,870.0,29.7,4.5,10.57,5.34,1.6,90.1,0.6,15.0,95.2,417.3,0.9989,1,ISRO NRSC Landslide Atlas 2023 & NASA SRTM 30m DEM
Kerala,Palakkad,4,Western Ghats,Granitic Gneiss,785.0,36.6,331.0,13.19,4.98,2.5,27.2,0.75,4.7,25.6,56.6,0.862,1,ISRO NRSC Landslide Atlas 2023 & NASA SRTM 30m DEM
Kerala,Palakkad,4,Western Ghats,Granitic Gneiss,629.0,31.3,256.4,8.63,5.55,2.5,26.7,0.35,3.0,13.0,47.7,0.6489,1,ISRO NRSC Landslide Atlas 2023 & NASA SRTM 30m DEM
Kerala,Palakkad,4,Western Ghats,Granitic Gneiss,965.0,34.5,155.8,10.4,5.05,3.0,24.1,0.77,13.6,41.9,96.4,0.898,1,ISRO NRSC Landslide Atlas 2023 & NASA SRTM 30m DEM
Kerala,Palakkad,4,Western Ghats,Granitic Gneiss,803.0,28.0,323.7,9.75,3.6,1.8,65.4,0.45,26.8,119.0,299.9,0.9987,1,ISRO NRSC Landslide Atlas 2023 & NASA SRTM 30m DEM
Kerala,Palakkad,4,Western Ghats,Granitic Gneiss,1115.0,35.6,51.9,13.39,5.08,1.7,83.3,0.3,34.1,119.9,358.4,0.9999,1,ISRO NRSC Landslide Atlas 2023 & NASA SRTM 30m DEM
Kerala,Palakkad,4,Western Ghats,Granitic Gneiss,792.0,32.4,238.3,11.3,4.92,2.2,87.3,0.52,21.1,102.9,416.6,0.9996,1,ISRO NRSC Landslide Atlas 2023 & NASA SRTM 30m DEM
Kerala,Palakkad,4,Western Ghats,Granitic Gneiss,853.0,22.6,210.0,9.28,5.3,3.6,30.0,0.34,4.5,16.4,61.7,0.5425,1,ISRO NRSC Landslide Atlas 2023 & NASA SRTM 30m DEM
Kerala,Palakkad,4,Western Ghats,Granitic Gneiss,1022.0,36.9,5.5,13.87,5.32,0.7,32.1,0.23,10.9,36.9,122.9,0.9798,1,ISRO NRSC Landslide Atlas 2023 & NASA SRTM 30m DEM
Kerala,Palakkad,4,Western Ghats,Granitic Gneiss,544.0,44.7,276.2,15.75,4.47,1.7,52.6,0.41,30.6,111.8,231.9,0.9999,1,ISRO NRSC Landslide Atlas 2023 & NASA SRTM 30m DEM
Kerala,Palakkad,4,Western Ghats,Granitic Gneiss,875.0,32.3,293.2,12.01,4.1,2.8,54.9,0.57,30.2,99.4,241.2,0.9983,1,ISRO NRSC Landslide Atlas 2023 & NASA SRTM 30m DEM
Kerala,Palakkad,4,Western Ghats,Granitic Gneiss,756.0,35.6,174.7,11.78,5.44,1.9,89.5,0.59,34.7,163.9,447.7,1.0,1,ISRO NRSC Landslide Atlas 2023 & NASA SRTM 30m DEM
Kerala,Palakkad,4,Western Ghats,Granitic Gneiss,557.0,35.1,235.1,12.17,4.65,2.8,26.2,0.85,4.5,24.9,56.4,0.7806,1,ISRO NRSC Landslide Atlas 2023 & NASA SRTM 30m DEM
Kerala,Palakkad,4,Western Ghats,Granitic Gneiss,716.0,34.1,55.2,10.35,5.14,3.7,98.9,0.26,32.7,129.9,500.2,1.0,1,ISRO NRSC Landslide Atlas 2023 & NASA SRTM 30m DEM
Kerala,Palakkad,4,Western Ghats,Granitic Gneiss,849.0,33.8,142.4,9.03,4.73,3.3,57.6,0.7,9.8,58.0,259.5,0.9791,1,ISRO NRSC Landslide Atlas 2023 & NASA SRTM 30m DEM
Kerala,Palakkad,4,Western Ghats,Granitic Gneiss,741.0,35.1,171.4,11.96,5.23,3.3,45.2,0.65,6.9,21.5,86.9,0.8988,1,ISRO NRSC Landslide Atlas 2023 & NASA SRTM 30m DEM
Kerala,Palakkad,4,Western Ghats,Granitic Gneiss,572.0,31.7,20.2,10.75,4.6,4.2,92.3,0.22,49.2,165.8,502.4,1.0,1,ISRO NRSC Landslide Atlas 2023 & NASA SRTM 30m DEM
Kerala,Palakkad,4,Western Ghats,Granitic Gneiss,997.0,45.2,352.9,14.93,4.14,2.4,55.1,0.66,19.4,60.9,212.8,0.9981,1,ISRO NRSC Landslide Atlas 2023 & NASA SRTM 30m DEM
Kerala,Palakkad,4,Western Ghats,Granitic Gneiss,895.0,31.0,188.8,9.86,4.87,2.0,89.4,0.62,21.2,115.2,498.4,0.9997,1,ISRO NRSC Landslide Atlas 2023 & NASA SRTM 30m DEM
Kerala,Palakkad,4,Western Ghats,Granitic Gneiss,932.0,30.4,238.9,10.5,5.14,1.5,15.0,0.55,0.1,0.6,1.6,0.381,0,ISRO NRSC Landslide Atlas 2023 & NASA SRTM 30m DEM
Kerala,Palakkad,4,Western Ghats,Granitic Gneiss,712.0,26.6,234.7,7.2,4.89,4.1,73.8,0.63,18.3,118.2,377.0,0.9977,1,ISRO NRSC Landslide Atlas 2023 & NASA SRTM 30m DEM
Kerala,Palakkad,4,Western Ghats,Granitic Gneiss,1127.0,28.2,342.4,8.54,5.22,1.8,25.7,0.52,5.6,28.3,78.0,0.6745,1,ISRO NRSC Landslide Atlas 2023 & NASA SRTM 30m DEM
Kerala,Palakkad,4,Western Ghats,Granitic Gneiss,902.0,41.4,270.3,15.54,3.99,2.2,85.1,0.51,37.5,126.9,423.3,1.0,1,ISRO NRSC Landslide Atlas 2023 & NASA SRTM 30m DEM
Kerala,Palakkad,4,Western Ghats,Granitic Gneiss,729.0,29.2,328.1,9.99,5.03,3.1,81.8,0.39,51.7,188.1,396.7,1.0,1,ISRO NRSC Landslide Atlas 2023 & NASA SRTM 30m DEM
Kerala,Palakkad,4,Western Ghats,Granitic Gneiss,817.0,24.6,206.1,7.36,6.29,2.5,15.6,0.35,0.4,2.6,8.8,0.2515,0,ISRO NRSC Landslide Atlas 2023 & NASA SRTM 30m DEM
Kerala,Palakkad,4,Western Ghats,Granitic Gneiss,890.0,20.8,192.5,6.85,5.97,3.7,25.0,0.36,3.1,9.0,31.3,0.2764,0,ISRO NRSC Landslide Atlas 2023 & NASA SRTM 30m DEM
Kerala,Palakkad,4,Western Ghats,Granitic Gneiss,454.0,32.9,19.5,9.59,4.48,1.7,67.4,0.41,25.4,100.0,318.4,0.9989,1,ISRO NRSC Landslide Atlas 2023 & NASA SRTM 30m DEM
Kerala,Palakkad,4,Western Ghats,Granitic Gneiss,709.0,37.4,8.1,12.01,3.97,2.2,35.1,0.59,6.5,36.2,105.5,0.9348,1,ISRO NRSC Landslide Atlas 2023 & NASA SRTM 30m DEM
Kerala,Palakkad,4,Western Ghats,Granitic Gneiss,1130.0,30.6,39.6,10.69,5.43,2.2,27.5,0.75,5.8,20.5,84.3,0.7126,1,ISRO NRSC Landslide Atlas 2023 & NASA SRTM 30m DEM
Kerala,Palakkad,4,Western Ghats,Granitic Gneiss,633.0,39.3,6.1,15.59,5.25,3.2,54.3,0.83,7.0,45.5,199.4,0.9893,1,ISRO NRSC Landslide Atlas 2023 & NASA SRTM 30m DEM
Kerala,Palakkad,4,Western Ghats,Granitic Gneiss,1101.0,29.9,3.7,10.09,5.72,1.9,19.6,0.38,1.8,8.7,25.3,0.5615,1,ISRO NRSC Landslide Atlas 2023 & NASA SRTM 30m DEM
Kerala,Palakkad,4,Western Ghats,Granitic Gneiss,801.0,26.3,44.6,10.16,5.46,2.1,23.1,0.66,6.6,20.8,62.5,0.5854,1,ISRO NRSC Landslide Atlas 2023 & NASA SRTM 30m DEM
Kerala,Palakkad,4,Western Ghats,Granitic Gneiss,828.0,31.7,158.4,10.79,4.82,2.8,36.9,0.54,9.2,45.4,94.8,0.9179,1,ISRO NRSC Landslide Atlas 2023 & NASA SRTM 30m DEM
Kerala,Palakkad,4,Western Ghats,Granitic Gneiss,1151.0,38.6,153.4,13.75,5.07,2.7,26.6,0.37,4.6,15.1,35.8,0.9045,1,ISRO NRSC Landslide Atlas 2023 & NASA SRTM 30m DEM
Kerala,Palakkad,4,Western Ghats,Granitic Gneiss,997.0,38.3,56.1,13.39,4.97,2.3,71.8,0.75,20.6,104.9,349.9,0.9996,1,ISRO NRSC Landslide Atlas 2023 & NASA SRTM 30m DEM
Kerala,Palakkad,4,Western Ghats,Granitic Gneiss,745.0,29.0,122.9,10.63,5.67,2.3,79.9,0.26,20.3,133.9,370.6,0.9997,1,ISRO NRSC Landslide Atlas 2023 & NASA SRTM 30m DEM
Kerala,Palakkad,4,Western Ghats,Granitic Gneiss,910.0,29.1,290.0,9.86,5.31,3.1,99.0,0.4,39.5,167.8,668.1,1.0,1,ISRO NRSC Landslide Atlas 2023 & NASA SRTM 30m DEM
Kerala,Palakkad,4,Western Ghats,Granitic Gneiss,1094.0,37.3,66.4,14.36,3.73,4.2,99.0,0.32,48.9,254.3,587.9,1.0,1,ISRO NRSC Landslide Atlas 2023 & NASA SRTM 30m DEM
Kerala,Palakkad,4,Western Ghats,Granitic Gneiss,669.0,40.3,261.3,12.8,5.09,3.3,76.8,0.52,38.3,173.2,413.5,1.0,1,ISRO NRSC Landslide Atlas 2023 & NASA SRTM 30m DEM
Kerala,Palakkad,4,Western Ghats,Granitic Gneiss,712.0,36.9,185.4,13.55,4.29,1.7,48.8,0.83,13.9,42.9,164.9,0.9776,1,ISRO NRSC Landslide Atlas 2023 & NASA SRTM 30m DEM
Kerala,Palakkad,4,Western Ghats,Granitic Gneiss,591.0,30.6,236.6,10.83,5.21,2.3,49.5,0.58,11.7,68.0,225.9,0.9835,1,ISRO NRSC Landslide Atlas 2023 & NASA SRTM 30m DEM
Kerala,Palakkad,4,Western Ghats,Granitic Gneiss,905.0,26.7,212.3,8.48,5.05,3.1,40.4,0.82,3.7,16.2,68.7,0.4856,0,ISRO NRSC Landslide Atlas 2023 & NASA SRTM 30m DEM
Kerala,Palakkad,4,Western Ghats,Granitic Gneiss,419.0,32.6,202.0,11.4,4.57,3.6,99.0,0.32,46.6,272.5,641.6,1.0,1,ISRO NRSC Landslide Atlas 2023 & NASA SRTM 30m DEM
Kerala,Palakkad,4,Western Ghats,Granitic Gneiss,663.0,34.2,70.5,11.92,4.58,4.1,99.0,0.37,49.1,188.6,720.8,1.0,1,ISRO NRSC Landslide Atlas 2023 & NASA SRTM 30m DEM
Kerala,Palakkad,4,Western Ghats,Granitic Gneiss,1056.0,37.5,302.3,11.87,4.87,1.8,53.0,0.52,21.1,65.3,196.1,0.9951,1,ISRO NRSC Landslide Atlas 2023 & NASA SRTM 30m DEM
Kerala,Palakkad,4,Western Ghats,Granitic Gneiss,645.0,34.9,36.5,11.83,5.1,2.5,55.4,0.32,15.6,81.9,210.7,0.9966,1,ISRO NRSC Landslide Atlas 2023 & NASA SRTM 30m DEM
Kerala,Palakkad,4,Western Ghats,Granitic Gneiss,957.0,40.0,60.9,13.04,4.87,3.3,30.4,0.59,2.9,10.7,39.6,0.8603,1,ISRO NRSC Landslide Atlas 2023 & NASA SRTM 30m DEM
Kerala,Palakkad,4,Western Ghats,Granitic Gneiss,891.0,40.7,217.5,13.79,4.22,2.3,52.7,0.72,19.0,55.5,222.5,0.9954,1,ISRO NRSC Landslide Atlas 2023 & NASA SRTM 30m DEM
Kerala,Palakkad,4,Western Ghats,Granitic Gneiss,771.0,36.8,294.5,12.37,4.48,3.0,30.7,0.35,1.0,2.9,10.0,0.7683,1,ISRO NRSC Landslide Atlas 2023 & NASA SRTM 30m DEM
Kerala,Palakkad,4,Western Ghats,Granitic Gneiss,604.0,31.6,204.1,12.01,5.36,3.0,99.0,0.56,41.6,199.0,621.1,1.0,1,ISRO NRSC Landslide Atlas 2023 & NASA SRTM 30m DEM
Kerala,Palakkad,4,Western Ghats,Granitic Gneiss,938.0,37.9,145.4,13.66,4.87,1.5,99.0,0.42,73.5,226.5,784.9,1.0,1,ISRO NRSC Landslide Atlas 2023 & NASA SRTM 30m DEM
Kerala,Palakkad,4,Western Ghats,Granitic Gneiss,809.0,35.4,166.5,13.46,5.15,3.7,29.2,0.46,3.2,19.4,65.0,0.8841,1,ISRO NRSC Landslide Atlas 2023 & NASA SRTM 30m DEM
Kerala,Palakkad,4,Western Ghats,Granitic Gneiss,901.0,39.3,48.8,14.12,5.22,1.8,37.8,0.44,3.6,19.4,82.4,0.9468,1,ISRO NRSC Landslide Atlas 2023 & NASA SRTM 30m DEM
Kerala,Palakkad,4,Western Ghats,Granitic Gneiss,785.0,25.6,267.4,9.47,5.65,2.8,96.8,0.59,16.7,106.9,463.1,0.9992,1,ISRO NRSC Landslide Atlas 2023 & NASA SRTM 30m DEM
Kerala,Palakkad,4,Western Ghats,Granitic Gneiss,773.0,36.7,228.5,11.8,5.04,1.6,70.8,0.83,28.4,105.3,330.5,0.9994,1,ISRO NRSC Landslide Atlas 2023 & NASA SRTM 30m DEM
Kerala,Palakkad,4,Western Ghats,Granitic Gneiss,884.0,24.2,18.9,9.92,5.3,1.2,22.2,0.66,0.0,0.2,0.7,0.2286,0,ISRO NRSC Landslide Atlas 2023 & NASA SRTM 30m DEM
Kerala,Palakkad,4,Western Ghats,Granitic Gneiss,690.0,34.7,27.0,11.69,4.4,3.1,27.7,0.58,2.4,9.4,19.3,0.6846,1,ISRO NRSC Landslide Atlas 2023 & NASA SRTM 30m DEM
Kerala,Palakkad,4,Western Ghats,Granitic Gneiss,1002.0,26.5,124.1,9.22,5.59,2.6,99.0,0.39,64.0,341.6,1354.1,1.0,1,ISRO NRSC Landslide Atlas 2023 & NASA SRTM 30m DEM
Kerala,Palakkad,4,Western Ghats,Granitic Gneiss,316.0,34.9,64.9,12.44,4.38,1.8,51.1,0.81,20.3,83.6,232.0,0.9952,1,ISRO NRSC Landslide Atlas 2023 & NASA SRTM 30m DEM
Kerala,Palakkad,4,Western Ghats,Granitic Gneiss,854.0,42.6,200.2,16.56,4.49,2.0,21.5,0.2,1.7,11.2,36.5,0.9512,1,ISRO NRSC Landslide Atlas 2023 & NASA SRTM 30m DEM
Kerala,Palakkad,4,Western Ghats,Granitic Gneiss,733.0,35.7,187.4,11.63,4.89,1.2,32.6,0.36,2.4,7.4,31.8,0.7942,1,ISRO NRSC Landslide Atlas 2023 & NASA SRTM 30m DEM
Kerala,Palakkad,4,Western Ghats,Granitic Gneiss,899.0,38.9,128.7,14.19,4.95,3.2,41.1,0.37,5.0,21.1,85.7,0.9582,1,ISRO NRSC Landslide Atlas 2023 & NASA SRTM 30m DEM
Kerala,Palakkad,4,Western Ghats,Granitic Gneiss,771.0,37.3,333.6,13.03,4.69,2.4,34.1,0.62,4.4,27.6,70.6,0.9087,1,ISRO NRSC Landslide Atlas 2023 & NASA SRTM 30m DEM
Kerala,Palakkad,4,Western Ghats,Granitic Gneiss,864.0,37.9,122.0,14.05,4.74,2.2,58.3,0.83,12.0,53.1,210.6,0.9907,1,ISRO NRSC Landslide Atlas 2023 & NASA SRTM 30m DEM
Kerala,Palakkad,4,Western Ghats,Granitic Gneiss,708.0,25.5,166.0,9.44,5.4,3.7,54.6,0.76,27.5,83.5,297.9,0.9922,1,ISRO NRSC Landslide Atlas 2023 & NASA SRTM 30m DEM
Kerala,Palakkad,4,Western Ghats,Granitic Gneiss,863.0,35.5,218.1,12.29,3.92,3.1,47.1,0.67,14.3,53.1,196.7,0.983,1,ISRO NRSC Landslide Atlas 2023 & NASA SRTM 30m DEM
Kerala,Palakkad,4,Western Ghats,Granitic Gneiss,772.0,32.2,292.2,11.56,4.9,2.5,26.6,0.35,3.4,16.3,50.0,0.7829,1,ISRO NRSC Landslide Atlas 2023 & NASA SRTM 30m DEM
Kerala,Palakkad,4,Western Ghats,Granitic Gneiss,803.0,35.4,254.3,13.6,5.1,1.1,15.1,0.71,0.8,5.5,18.4,0.6476,1,ISRO NRSC Landslide Atlas 2023 & NASA SRTM 30m DEM
Kerala,Palakkad,4,Western Ghats,Granitic Gneiss,828.0,32.2,273.7,11.29,4.96,2.1,22.8,0.84,0.6,2.2,8.5,0.4206,0,ISRO NRSC Landslide Atlas 2023 & NASA SRTM 30m DEM
Kerala,Palakkad,4,Western Ghats,Granitic Gneiss,544.0,38.5,22.8,11.9,4.72,3.1,42.7,0.57,22.1,70.8,198.2,0.9952,1,ISRO NRSC Landslide Atlas 2023 & NASA SRTM 30m DEM
Kerala,Palakkad,4,Western Ghats,Granitic Gneiss,460.0,35.0,278.8,12.86,5.04,2.8,48.1,0.59,31.3,94.8,235.9,0.9987,1,ISRO NRSC Landslide Atlas 2023 & NASA SRTM 30m DEM
Kerala,Palakkad,4,Western Ghats,Granitic Gneiss,868.0,29.3,223.1,9.26,5.93,3.2,74.4,0.7,43.7,167.5,404.0,0.9999,1,ISRO NRSC Landslide Atlas 2023 & NASA SRTM 30m DEM
Kerala,Palakkad,4,Western Ghats,Granitic Gneiss,509.0,37.5,298.7,13.41,5.71,2.0,93.1,0.58,27.9,129.7,456.0,1.0,1,ISRO NRSC Landslide Atlas 2023 & NASA SRTM 30m DEM
Kerala,Palakkad,4,Western Ghats,Granitic Gneiss,926.0,38.0,189.5,12.36,4.16,2.2,20.7,0.6,1.6,5.9,24.5,0.713,1,ISRO NRSC Landslide Atlas 2023 & NASA SRTM 30m DEM
Kerala,Palakkad,4,Western Ghats,Granitic Gneiss,741.0,39.4,310.5,14.48,4.51,2.5,95.9,0.8,28.8,156.1,488.5,1.0,1,ISRO NRSC Landslide Atlas 2023 & NASA SRTM 30m DEM
Kerala,Palakkad,4,Western Ghats,Granitic Gneiss,880.0,42.0,53.8,15.25,4.69,3.4,99.0,0.57,55.8,211.6,807.9,1.0,1,ISRO NRSC Landslide Atlas 2023 & NASA SRTM 30m DEM
Kerala,Palakkad,4,Western Ghats,Granitic Gneiss,927.0,36.3,172.8,12.87,5.38,3.7,37.1,0.57,12.1,44.9,130.4,0.9734,1,ISRO NRSC Landslide Atlas 2023 & NASA SRTM 30m DEM
Kerala,Palakkad,4,Western Ghats,Granitic Gneiss,1066.0,31.2,251.4,10.44,4.73,2.7,21.3,0.8,3.9,13.9,35.1,0.5199,1,ISRO NRSC Landslide Atlas 2023 & NASA SRTM 30m DEM
Kerala,Palakkad,4,Western Ghats,Granitic Gneiss,869.0,41.8,298.7,14.48,4.39,4.1,42.1,0.61,18.8,58.6,149.8,0.9946,1,ISRO NRSC Landslide Atlas 2023 & NASA SRTM 30m DEM
Kerala,Palakkad,4,Western Ghats,Granitic Gneiss,896.0,37.6,123.6,12.66,4.05,2.8,37.3,0.6,0.2,1.5,5.7,0.724,1,ISRO NRSC Landslide Atlas 2023 & NASA SRTM 30m DEM
Kerala,Palakkad,4,Western Ghats,Granitic Gneiss,635.0,29.1,117.8,9.69,5.22,2.5,27.9,0.35,0.1,0.2,0.5,0.4485,0,ISRO NRSC Landslide Atlas 2023 & NASA SRTM 30m DEM
Kerala,Palakkad,4,Western Ghats,Granitic Gneiss,742.0,32.4,281.4,10.03,5.26,3.0,33.4,0.75,4.0,12.9,39.2,0.6257,1,ISRO NRSC Landslide Atlas 2023 & NASA SRTM 30m DEM
Kerala,Palakkad,4,Western Ghats,Granitic Gneiss,786.0,32.7,298.5,9.26,5.45,2.5,79.9,0.41,35.1,114.3,394.7,0.9998,1,ISRO NRSC Landslide Atlas 2023 & NASA SRTM 30m DEM
Kerala,Palakkad,4,Western Ghats,Granitic Gneiss,970.0,29.9,51.9,10.66,5.48,1.7,34.7,0.82,4.6,21.0,84.6,0.7002,1,ISRO NRSC Landslide Atlas 2023 & NASA SRTM 30m DEM
Kerala,Palakkad,4,Western Ghats,Granitic Gneiss,885.0,30.9,33.7,11.03,4.62,1.4,48.9,0.27,15.2,46.1,172.4,0.9773,1,ISRO NRSC Landslide Atlas 2023 & NASA SRTM 30m DEM
Kerala,Palakkad,4,Western Ghats,Granitic Gneiss,732.0,39.1,246.3,15.16,5.82,2.1,40.3,0.41,11.2,34.9,135.1,0.987,1,ISRO NRSC Landslide Atlas 2023 & NASA SRTM 30m DEM
Kerala,Palakkad,4,Western Ghats,Granitic Gneiss,1055.0,39.9,185.5,13.85,5.48,2.5,65.2,0.65,40.0,144.4,296.8,0.9999,1,ISRO NRSC Landslide Atlas 2023 & NASA SRTM 30m DEM
Kerala,Palakkad,4,Western Ghats,Granitic Gneiss,1031.0,36.3,255.1,13.93,4.7,2.6,79.8,0.48,28.5,118.7,360.2,0.9999,1,ISRO NRSC Landslide Atlas 2023 & NASA SRTM 30m DEM
Kerala,Palakkad,4,Western Ghats,Granitic Gneiss,833.0,27.3,311.0,10.04,5.48,2.7,55.6,0.79,15.8,66.6,248.2,0.9774,1,ISRO NRSC Landslide Atlas 2023 & NASA SRTM 30m DEM
Kerala,Palakkad,4,Western Ghats,Granitic Gneiss,932.0,38.0,273.9,12.21,5.3,2.4,39.4,0.37,8.3,47.3,131.7,0.9795,1,ISRO NRSC Landslide Atlas 2023 & NASA SRTM 30m DEM
Kerala,Palakkad,4,Western Ghats,Granitic Gneiss,627.0,42.8,215.4,15.01,5.02,2.9,65.7,0.43,19.2,66.5,277.5,0.9993,1,ISRO NRSC Landslide Atlas 2023 & NASA SRTM 30m DEM
Kerala,Palakkad,4,Western Ghats,Granitic Gneiss,1005.0,36.0,349.4,11.79,5.35,3.3,41.7,0.52,8.4,41.0,122.3,0.9609,1,ISRO NRSC Landslide Atlas 2023 & NASA SRTM 30m DEM
Kerala,Palakkad,4,Western Ghats,Granitic Gneiss,722.0,32.8,254.7,11.13,5.31,3.6,74.9,0.23,29.2,115.0,335.9,0.9997,1,ISRO NRSC Landslide Atlas 2023 & NASA SRTM 30m DEM
Kerala,Palakkad,4,Western Ghats,Granitic Gneiss,733.0,32.8,55.7,11.46,4.83,3.8,71.8,0.58,23.4,117.5,393.4,0.9996,1,ISRO NRSC Landslide Atlas 2023 & NASA SRTM 30m DEM
Kerala,Palakkad,4,Western Ghats,Granitic Gneiss,899.0,39.1,31.8,11.11,4.98,2.4,51.3,0.42,13.1,44.2,143.1,0.9844,1,ISRO NRSC Landslide Atlas 2023 & NASA SRTM 30m DEM
Kerala,Palakkad,4,Western Ghats,Granitic Gneiss,851.0,34.4,153.8,12.23,5.46,2.1,82.7,0.61,33.6,102.5,330.1,0.9997,1,ISRO NRSC Landslide Atlas 2023 & NASA SRTM 30m DEM
Kerala,Palakkad,4,Western Ghats,Granitic Gneiss,889.0,31.0,94.4,10.35,5.31,2.6,57.6,0.69,20.7,77.6,276.1,0.9938,1,ISRO NRSC Landslide Atlas 2023 & NASA SRTM 30m DEM
Kerala,Palakkad,4,Western Ghats,Granitic Gneiss,972.0,22.4,179.2,8.42,5.52,1.3,44.4,0.2,6.6,21.8,95.8,0.7277,1,ISRO NRSC Landslide Atlas 2023 & NASA SRTM 30m DEM
Kerala,Palakkad,4,Western Ghats,Granitic Gneiss,954.0,36.7,113.5,13.4,4.31,2.0,24.0,0.37,1.0,4.7,14.3,0.7788,1,ISRO NRSC Landslide Atlas 2023 & NASA SRTM 30m DEM
Kerala,Palakkad,4,Western Ghats,Granitic Gneiss,716.0,34.4,1.5,12.31,4.09,2.0,93.6,0.49,43.3,177.6,440.9,1.0,1,ISRO NRSC Landslide Atlas 2023 & NASA SRTM 30m DEM
Kerala,Palakkad,4,Western Ghats,Granitic Gneiss,891.0,44.9,216.9,15.9,5.75,2.1,32.8,0.57,7.7,28.7,105.7,0.9841,1,ISRO NRSC Landslide Atlas 2023 & NASA SRTM 30m DEM
Kerala,Palakkad,4,Western Ghats,Granitic Gneiss,615.0,38.7,155.4,14.64,4.98,1.7,99.0,0.51,45.3,234.1,914.9,1.0,1,ISRO NRSC Landslide Atlas 2023 & NASA SRTM 30m DEM
Kerala,Palakkad,4,Western Ghats,Granitic Gneiss,707.0,31.5,148.4,11.1,4.93,3.8,71.3,0.65,29.1,103.9,348.1,0.9992,1,ISRO NRSC Landslide Atlas 2023 & NASA SRTM 30m DEM
Kerala,Palakkad,4,Western Ghats,Granitic Gneiss,764.0,22.6,160.7,8.82,5.75,2.1,28.4,0.38,2.6,9.0,33.9,0.3965,0,ISRO NRSC Landslide Atlas 2023 & NASA SRTM 30m DEM
Kerala,Palakkad,4,Western Ghats,Granitic Gneiss,1014.0,27.0,337.6,8.95,6.18,3.0,62.8,0.52,14.7,87.8,360.5,0.9953,1,ISRO NRSC Landslide Atlas 2023 & NASA SRTM 30m DEM
Kerala,Palakkad,4,Western Ghats,Granitic Gneiss,756.0,35.0,87.8,11.36,4.45,0.7,33.4,0.57,5.0,14.4,36.6,0.7789,1,ISRO NRSC Landslide Atlas 2023 & NASA SRTM 30m DEM
Kerala,Palakkad,4,Western Ghats,Granitic Gneiss,882.0,27.7,198.8,8.36,6.1,2.2,26.1,0.71,1.1,7.0,27.8,0.3447,0,ISRO NRSC Landslide Atlas 2023 & NASA SRTM 30m DEM
Kerala,Palakkad,4,Western Ghats,Granitic Gneiss,647.0,35.6,253.3,12.44,5.62,2.3,93.4,0.82,16.2,103.1,394.3,0.9995,1,ISRO NRSC Landslide Atlas 2023 & NASA SRTM 30m DEM
Kerala,Palakkad,4,Western Ghats,Granitic Gneiss,1141.0,29.7,172.8,11.28,4.99,2.5,19.3,0.35,1.1,3.6,7.5,0.5288,1,ISRO NRSC Landslide Atlas 2023 & NASA SRTM 30m DEM
Kerala,Palakkad,4,Western Ghats,Granitic Gneiss,908.0,34.3,258.5,12.06,4.85,2.2,58.5,0.41,32.6,104.8,224.1,0.9992,1,ISRO NRSC Landslide Atlas 2023 & NASA SRTM 30m DEM
Kerala,Palakkad,4,Western Ghats,Granitic Gneiss,1038.0,31.9,22.7,12.56,5.13,2.0,44.5,0.79,16.4,54.6,205.0,0.979,1,ISRO NRSC Landslide Atlas 2023 & NASA SRTM 30m DEM
Kerala,Palakkad,4,Western Ghats,Granitic Gneiss,507.0,35.6,171.2,12.05,5.2,2.1,57.0,0.32,24.2,74.2,318.9,0.9987,1,ISRO NRSC Landslide Atlas 2023 & NASA SRTM 30m DEM
Kerala,Palakkad,4,Western Ghats,Granitic Gneiss,529.0,38.8,145.3,12.06,4.36,2.8,35.9,0.32,7.1,29.9,105.4,0.9572,1,ISRO NRSC Landslide Atlas 2023 & NASA SRTM 30m DEM
Kerala,Palakkad,4,Western Ghats,Granitic Gneiss,712.0,35.5,95.8,12.32,5.07,2.1,60.6,0.61,21.9,76.8,227.3,0.997,1,ISRO NRSC Landslide Atlas 2023 & NASA SRTM 30m DEM
Kerala,Palakkad,4,Western Ghats,Granitic Gneiss,828.0,39.5,17.2,14.56,5.22,3.3,38.7,0.27,7.7,38.7,123.7,0.9857,1,ISRO NRSC Landslide Atlas 2023 & NASA SRTM 30m DEM
Kerala,Palakkad,4,Western Ghats,Granitic Gneiss,727.0,33.9,160.8,12.14,4.72,2.3,94.8,0.31,37.4,129.2,452.4,1.0,1,ISRO NRSC Landslide Atlas 2023 & NASA SRTM 30m DEM
Kerala,Palakkad,4,Western Ghats,Granitic Gneiss,483.0,35.1,221.4,12.3,4.8,1.0,44.9,0.76,11.9,45.4,200.5,0.9738,1,ISRO NRSC Landslide Atlas 2023 & NASA SRTM 30m DEM
Kerala,Palakkad,4,Western Ghats,Granitic Gneiss,826.0,30.6,318.6,10.39,4.84,2.9,29.0,0.51,12.7,41.1,107.9,0.9033,1,ISRO NRSC Landslide Atlas 2023 & NASA SRTM 30m DEM
Kerala,Palakkad,4,Western Ghats,Granitic Gneiss,760.0,33.9,297.7,13.45,5.97,1.2,48.8,0.66,12.4,61.5,202.4,0.9895,1,ISRO NRSC Landslide Atlas 2023 & NASA SRTM 30m DEM
Kerala,Palakkad,4,Western Ghats,Granitic Gneiss,667.0,36.6,315.1,14.8,5.09,2.9,40.4,0.52,13.5,49.5,147.1,0.9877,1,ISRO NRSC Landslide Atlas 2023 & NASA SRTM 30m DEM
Kerala,Palakkad,4,Western Ghats,Granitic Gneiss,913.0,38.5,255.8,13.67,5.0,2.2,41.0,0.56,8.4,35.7,81.7,0.9642,1,ISRO NRSC Landslide Atlas 2023 & NASA SRTM 30m DEM
Kerala,Palakkad,4,Western Ghats,Granitic Gneiss,701.0,32.5,352.0,11.4,5.4,1.3,25.0,0.27,12.5,38.6,84.4,0.9374,1,ISRO NRSC Landslide Atlas 2023 & NASA SRTM 30m DEM
Kerala,Palakkad,4,Western Ghats,Granitic Gneiss,872.0,31.2,128.7,11.6,4.83,1.6,16.5,0.72,0.9,5.9,24.2,0.467,0,ISRO NRSC Landslide Atlas 2023 & NASA SRTM 30m DEM
Kerala,Palakkad,4,Western Ghats,Granitic Gneiss,590.0,40.8,139.9,15.47,4.56,2.7,23.5,0.75,1.0,3.1,6.6,0.8056,1,ISRO NRSC Landslide Atlas 2023 & NASA SRTM 30m DEM
Kerala,Palakkad,4,Western Ghats,Granitic Gneiss,612.0,35.9,310.3,12.41,5.29,2.7,99.0,0.58,37.5,145.9,593.7,1.0,1,ISRO NRSC Landslide Atlas 2023 & NASA SRTM 30m DEM
Kerala,Palakkad,4,Western Ghats,Granitic Gneiss,933.0,36.1,19.1,12.96,4.67,4.0,50.2,0.73,8.9,50.9,172.9,0.9787,1,ISRO NRSC Landslide Atlas 2023 & NASA SRTM 30m DEM
Kerala,Palakkad,4,Western Ghats,Granitic Gneiss,796.0,29.2,139.1,11.82,6.02,3.2,48.1,0.36,12.1,69.1,234.3,0.99,1,ISRO NRSC Landslide Atlas 2023 & NASA SRTM 30m DEM
Kerala,Palakkad,4,Western Ghats,Granitic Gneiss,791.0,33.5,84.1,10.29,5.55,2.8,79.0,0.31,21.7,141.3,460.6,0.9999,1,ISRO NRSC Landslide Atlas 2023 & NASA SRTM 30m DEM
Kerala,Palakkad,4,Western Ghats,Granitic Gneiss,740.0,31.5,166.8,10.45,5.16,2.3,31.5,0.22,9.9,29.1,75.4,0.8974,1,ISRO NRSC Landslide Atlas 2023 & NASA SRTM 30m DEM
Kerala,Palakkad,4,Western Ghats,Granitic Gneiss,873.0,38.1,355.7,13.72,4.87,3.4,85.2,0.61,23.8,116.2,507.0,0.9999,1,ISRO NRSC Landslide Atlas 2023 & NASA SRTM 30m DEM
Kerala,Palakkad,4,Western Ghats,Granitic Gneiss,871.0,40.5,170.6,13.83,4.74,2.4,33.8,0.71,8.7,26.9,67.5,0.9432,1,ISRO NRSC Landslide Atlas 2023 & NASA SRTM 30m DEM
Kerala,Palakkad,4,Western Ghats,Granitic Gneiss,633.0,31.7,322.3,10.68,5.07,2.8,23.8,0.49,2.0,12.4,28.1,0.6289,1,ISRO NRSC Landslide Atlas 2023 & NASA SRTM 30m DEM
Kerala,Palakkad,4,Western Ghats,Granitic Gneiss,558.0,30.3,114.8,8.62,5.87,2.8,23.2,0.42,2.0,6.2,27.2,0.5025,1,ISRO NRSC Landslide Atlas 2023 & NASA SRTM 30m DEM
Kerala,Palakkad,4,Western Ghats,Granitic Gneiss,911.0,41.2,291.6,13.33,5.06,2.3,52.8,0.68,16.6,91.7,212.4,0.9983,1,ISRO NRSC Landslide Atlas 2023 & NASA SRTM 30m DEM
Kerala,Palakkad,4,Western Ghats,Granitic Gneiss,742.0,33.6,164.2,13.24,4.43,3.4,24.3,0.54,4.5,13.9,38.2,0.7809,1,ISRO NRSC Landslide Atlas 2023 & NASA SRTM 30m DEM
Kerala,Palakkad,4,Western Ghats,Granitic Gneiss,809.0,31.5,95.6,9.09,4.86,2.2,58.4,0.82,21.0,64.6,278.8,0.9872,1,ISRO NRSC Landslide Atlas 2023 & NASA SRTM 30m DEM
Kerala,Palakkad,4,Western Ghats,Granitic Gneiss,607.0,29.7,249.4,9.41,5.8,2.7,32.8,0.22,7.3,22.4,90.4,0.8408,1,ISRO NRSC Landslide Atlas 2023 & NASA SRTM 30m DEM
Kerala,Palakkad,4,Western Ghats,Granitic Gneiss,690.0,33.3,57.2,12.93,5.45,2.4,72.7,0.28,40.5,146.2,352.5,1.0,1,ISRO NRSC Landslide Atlas 2023 & NASA SRTM 30m DEM
Kerala,Palakkad,4,Western Ghats,Granitic Gneiss,721.0,34.9,185.6,13.72,4.92,2.4,39.2,0.66,13.4,47.8,173.9,0.9797,1,ISRO NRSC Landslide Atlas 2023 & NASA SRTM 30m DEM
Kerala,Malappuram,5,Western Ghats,Laterite,823.0,31.7,355.5,9.62,4.59,2.6,23.7,0.37,3.7,12.2,37.3,0.6346,1,ISRO NRSC Landslide Atlas 2023 & NASA SRTM 30m DEM
Kerala,Malappuram,5,Western Ghats,Laterite,855.0,33.0,70.5,13.1,4.11,2.7,22.6,0.45,1.2,6.0,15.5,0.6654,1,ISRO NRSC Landslide Atlas 2023 & NASA SRTM 30m DEM
Kerala,Malappuram,5,Western Ghats,Laterite,904.0,34.4,225.0,12.26,5.09,2.4,99.0,0.62,36.2,224.1,914.2,1.0,1,ISRO NRSC Landslide Atlas 2023 & NASA SRTM 30m DEM
Kerala,Malappuram,5,Western Ghats,Laterite,692.0,27.2,74.9,9.43,5.46,3.5,39.7,0.55,8.7,33.3,119.6,0.8278,1,ISRO NRSC Landslide Atlas 2023 & NASA SRTM 30m DEM
Kerala,Malappuram,5,Western Ghats,Laterite,590.0,22.3,253.3,8.32,5.48,3.0,99.0,0.24,28.2,146.4,619.7,0.9999,1,ISRO NRSC Landslide Atlas 2023 & NASA SRTM 30m DEM
Kerala,Malappuram,5,Western Ghats,Laterite,508.0,33.4,278.9,11.89,4.35,1.0,15.0,0.78,0.3,0.9,2.5,0.4104,0,ISRO NRSC Landslide Atlas 2023 & NASA SRTM 30m DEM
Kerala,Malappuram,5,Western Ghats,Laterite,688.0,32.2,113.4,13.06,6.93,1.1,34.0,0.26,6.4,29.8,98.1,0.9443,1,ISRO NRSC Landslide Atlas 2023 & NASA SRTM 30m DEM
Kerala,Malappuram,5,Western Ghats,Laterite,590.0,24.9,116.9,8.74,6.22,1.8,89.5,0.2,37.1,124.5,413.8,0.9998,1,ISRO NRSC Landslide Atlas 2023 & NASA SRTM 30m DEM
Kerala,Malappuram,5,Western Ghats,Laterite,655.0,32.5,61.1,11.5,5.23,3.6,86.7,0.77,21.0,103.2,440.6,0.9995,1,ISRO NRSC Landslide Atlas 2023 & NASA SRTM 30m DEM
Kerala,Malappuram,5,Western Ghats,Laterite,843.0,23.5,21.8,9.05,5.31,3.4,50.1,0.48,12.8,57.7,162.8,0.9301,1,ISRO NRSC Landslide Atlas 2023 & NASA SRTM 30m DEM
Kerala,Malappuram,5,Western Ghats,Laterite,870.0,23.5,84.3,7.65,6.03,2.2,45.6,0.54,9.4,40.1,163.1,0.8266,1,ISRO NRSC Landslide Atlas 2023 & NASA SRTM 30m DEM
Kerala,Malappuram,5,Western Ghats,Laterite,561.0,29.6,83.4,9.23,6.03,3.0,99.0,0.48,66.4,205.6,862.7,1.0,1,ISRO NRSC Landslide Atlas 2023 & NASA SRTM 30m DEM
Kerala,Malappuram,5,Western Ghats,Laterite,792.0,31.3,215.0,9.88,4.89,1.5,28.1,0.41,9.9,41.9,85.0,0.8868,1,ISRO NRSC Landslide Atlas 2023 & NASA SRTM 30m DEM
Kerala,Malappuram,5,Western Ghats,Laterite,704.0,31.6,151.7,10.68,5.8,3.5,28.5,0.54,3.6,11.6,47.5,0.6807,1,ISRO NRSC Landslide Atlas 2023 & NASA SRTM 30m DEM
Kerala,Malappuram,5,Western Ghats,Laterite,732.0,37.0,123.4,12.25,4.95,2.9,39.0,0.73,11.7,37.7,103.1,0.9483,1,ISRO NRSC Landslide Atlas 2023 & NASA SRTM 30m DEM
Kerala,Malappuram,5,Western Ghats,Laterite,637.0,23.6,225.3,8.09,5.97,3.3,58.7,0.38,15.5,76.1,253.2,0.982,1,ISRO NRSC Landslide Atlas 2023 & NASA SRTM 30m DEM
Kerala,Malappuram,5,Western Ghats,Laterite,687.0,24.4,16.4,8.21,4.48,2.6,99.0,0.72,160.6,513.3,2137.9,1.0,1,ISRO NRSC Landslide Atlas 2023 & NASA SRTM 30m DEM
Kerala,Malappuram,5,Western Ghats,Laterite,726.0,35.6,241.4,11.87,4.9,3.4,44.3,0.49,9.4,45.8,126.9,0.9678,1,ISRO NRSC Landslide Atlas 2023 & NASA SRTM 30m DEM
Kerala,Malappuram,5,Western Ghats,Laterite,596.0,31.4,311.2,9.89,5.67,1.8,40.5,0.82,3.7,14.8,59.8,0.647,1,ISRO NRSC Landslide Atlas 2023 & NASA SRTM 30m DEM
Kerala,Malappuram,5,Western Ghats,Laterite,744.0,26.3,21.9,10.81,5.72,2.6,18.3,0.74,4.3,17.0,34.0,0.4625,0,ISRO NRSC Landslide Atlas 2023 & NASA SRTM 30m DEM
Kerala,Malappuram,5,Western Ghats,Laterite,786.0,32.3,142.7,10.9,4.21,3.7,59.5,0.46,29.6,126.3,323.5,0.9995,1,ISRO NRSC Landslide Atlas 2023 & NASA SRTM 30m DEM
Kerala,Malappuram,5,Western Ghats,Laterite,710.0,33.5,10.2,10.77,4.6,3.3,43.4,0.6,16.0,46.7,172.7,0.9679,1,ISRO NRSC Landslide Atlas 2023 & NASA SRTM 30m DEM
Kerala,Malappuram,5,Western Ghats,Laterite,816.0,28.4,169.2,10.19,4.55,3.5,28.7,0.31,2.5,14.6,48.8,0.6426,1,ISRO NRSC Landslide Atlas 2023 & NASA SRTM 30m DEM
Kerala,Malappuram,5,Western Ghats,Laterite,740.0,36.0,100.6,13.9,4.35,1.7,30.4,0.37,9.0,30.3,64.3,0.9427,1,ISRO NRSC Landslide Atlas 2023 & NASA SRTM 30m DEM
Kerala,Malappuram,5,Western Ghats,Laterite,666.0,17.0,332.5,7.46,5.46,3.3,35.8,0.31,5.1,25.5,92.9,0.4756,0,ISRO NRSC Landslide Atlas 2023 & NASA SRTM 30m DEM
Kerala,Malappuram,5,Western Ghats,Laterite,720.0,24.2,256.6,7.92,5.57,2.3,38.2,0.81,7.9,35.2,128.5,0.6624,1,ISRO NRSC Landslide Atlas 2023 & NASA SRTM 30m DEM
Kerala,Malappuram,5,Western Ghats,Laterite,650.0,30.1,188.2,11.05,5.76,3.3,82.5,0.68,32.7,95.0,425.2,0.9995,1,ISRO NRSC Landslide Atlas 2023 & NASA SRTM 30m DEM
Kerala,Malappuram,5,Western Ghats,Laterite,721.0,30.2,154.8,10.31,5.06,2.2,40.3,0.3,11.1,49.8,119.4,0.95,1,ISRO NRSC Landslide Atlas 2023 & NASA SRTM 30m DEM
Kerala,Malappuram,5,Western Ghats,Laterite,1063.0,37.1,186.5,12.87,5.48,1.3,28.3,0.7,6.4,19.5,78.4,0.878,1,ISRO NRSC Landslide Atlas 2023 & NASA SRTM 30m DEM
Kerala,Malappuram,5,Western Ghats,Laterite,588.0,17.2,212.4,6.45,5.76,2.1,22.6,0.24,0.8,3.2,11.3,0.1509,0,ISRO NRSC Landslide Atlas 2023 & NASA SRTM 30m DEM
Kerala,Malappuram,5,Western Ghats,Laterite,636.0,32.1,333.5,12.78,4.89,2.6,24.4,0.57,1.6,7.7,24.7,0.6484,1,ISRO NRSC Landslide Atlas 2023 & NASA SRTM 30m DEM
Kerala,Malappuram,5,Western Ghats,Laterite,425.0,25.4,34.5,7.73,4.54,2.0,44.2,0.39,17.0,50.0,110.8,0.8961,1,ISRO NRSC Landslide Atlas 2023 & NASA SRTM 30m DEM
Kerala,Malappuram,5,Western Ghats,Laterite,717.0,37.7,98.2,13.46,5.42,5.2,22.9,0.47,1.3,4.4,10.9,0.7813,1,ISRO NRSC Landslide Atlas 2023 & NASA SRTM 30m DEM
Kerala,Malappuram,5,Western Ghats,Laterite,608.0,29.3,328.6,9.68,4.78,0.9,24.4,0.61,1.8,10.7,45.4,0.4809,0,ISRO NRSC Landslide Atlas 2023 & NASA SRTM 30m DEM
Kerala,Malappuram,5,Western Ghats,Laterite,696.0,34.6,136.0,12.48,5.07,4.1,33.1,0.68,4.9,22.7,74.1,0.8498,1,ISRO NRSC Landslide Atlas 2023 & NASA SRTM 30m DEM
Kerala,Malappuram,5,Western Ghats,Laterite,529.0,26.4,357.9,10.13,5.04,3.1,53.3,0.56,17.6,66.1,265.4,0.9831,1,ISRO NRSC Landslide Atlas 2023 & NASA SRTM 30m DEM
Kerala,Malappuram,5,Western Ghats,Laterite,741.0,31.1,114.6,10.13,5.69,1.9,26.5,0.57,3.7,17.9,54.2,0.6758,1,ISRO NRSC Landslide Atlas 2023 & NASA SRTM 30m DEM
Kerala,Malappuram,5,Western Ghats,Laterite,773.0,17.1,39.0,5.23,5.6,1.4,43.0,0.67,8.2,49.8,147.0,0.5812,1,ISRO NRSC Landslide Atlas 2023 & NASA SRTM 30m DEM
Kerala,Malappuram,5,Western Ghats,Laterite,646.0,39.1,252.4,17.02,4.13,2.3,99.0,0.51,63.3,215.0,643.8,1.0,1,ISRO NRSC Landslide Atlas 2023 & NASA SRTM 30m DEM
Kerala,Malappuram,5,Western Ghats,Laterite,527.0,34.2,89.6,12.11,4.26,2.2,20.6,0.63,1.9,8.7,38.3,0.6432,1,ISRO NRSC Landslide Atlas 2023 & NASA SRTM 30m DEM
Kerala,Malappuram,5,Western Ghats,Laterite,552.0,20.6,268.6,7.67,4.7,1.8,49.2,0.7,13.6,62.1,133.7,0.8392,1,ISRO NRSC Landslide Atlas 2023 & NASA SRTM 30m DEM
Kerala,Malappuram,5,Western Ghats,Laterite,596.0,30.5,121.7,12.54,6.26,1.3,21.0,0.49,2.9,8.2,24.5,0.6628,1,ISRO NRSC Landslide Atlas 2023 & NASA SRTM 30m DEM
Kerala,Malappuram,5,Western Ghats,Laterite,819.0,26.9,186.3,10.36,5.29,1.7,70.8,0.29,18.0,97.5,332.6,0.9981,1,ISRO NRSC Landslide Atlas 2023 & NASA SRTM 30m DEM
Kerala,Malappuram,5,Western Ghats,Laterite,742.0,34.2,274.0,12.85,4.83,2.7,80.3,0.64,33.2,130.7,440.2,0.9999,1,ISRO NRSC Landslide Atlas 2023 & NASA SRTM 30m DEM
Kerala,Malappuram,5,Western Ghats,Laterite,687.0,23.2,121.7,10.37,4.68,3.8,23.1,0.32,2.7,8.7,20.6,0.4155,0,ISRO NRSC Landslide Atlas 2023 & NASA SRTM 30m DEM
Kerala,Malappuram,5,Western Ghats,Laterite,723.0,25.0,90.8,9.16,5.27,3.0,99.0,0.3,88.8,377.5,1387.5,1.0,1,ISRO NRSC Landslide Atlas 2023 & NASA SRTM 30m DEM
Kerala,Malappuram,5,Western Ghats,Laterite,733.0,29.8,193.7,11.24,4.09,1.5,29.5,0.59,6.2,24.3,51.2,0.7227,1,ISRO NRSC Landslide Atlas 2023 & NASA SRTM 30m DEM
Kerala,Malappuram,5,Western Ghats,Laterite,544.0,31.4,351.9,8.49,4.77,2.3,30.6,0.8,8.6,46.1,129.0,0.8335,1,ISRO NRSC Landslide Atlas 2023 & NASA SRTM 30m DEM
Kerala,Malappuram,5,Western Ghats,Laterite,630.0,29.8,145.5,9.34,5.58,3.3,24.6,0.72,4.9,25.5,66.1,0.6323,1,ISRO NRSC Landslide Atlas 2023 & NASA SRTM 30m DEM
Kerala,Malappuram,5,Western Ghats,Laterite,479.0,31.7,188.4,11.33,4.6,3.9,99.0,0.51,66.9,214.5,707.2,1.0,1,ISRO NRSC Landslide Atlas 2023 & NASA SRTM 30m DEM
Kerala,Malappuram,5,Western Ghats,Laterite,707.0,24.1,153.5,9.88,5.71,2.8,50.2,0.49,14.5,61.9,165.6,0.9547,1,ISRO NRSC Landslide Atlas 2023 & NASA SRTM 30m DEM
Kerala,Malappuram,5,Western Ghats,Laterite,658.0,32.6,24.0,10.64,4.12,2.2,38.6,0.8,9.7,28.1,80.4,0.8145,1,ISRO NRSC Landslide Atlas 2023 & NASA SRTM 30m DEM
Kerala,Malappuram,5,Western Ghats,Laterite,500.0,30.8,43.2,10.75,5.12,2.2,41.0,0.78,14.7,49.4,144.3,0.9388,1,ISRO NRSC Landslide Atlas 2023 & NASA SRTM 30m DEM
Kerala,Malappuram,5,Western Ghats,Laterite,966.0,26.4,359.9,8.49,5.45,3.2,31.0,0.37,7.0,33.5,73.5,0.7406,1,ISRO NRSC Landslide Atlas 2023 & NASA SRTM 30m DEM
Kerala,Malappuram,5,Western Ghats,Laterite,397.0,36.2,94.0,13.44,5.39,3.3,45.3,0.3,12.1,38.0,133.3,0.9827,1,ISRO NRSC Landslide Atlas 2023 & NASA SRTM 30m DEM
Kerala,Malappuram,5,Western Ghats,Laterite,719.0,19.1,332.4,5.95,5.92,2.6,25.5,0.83,4.4,24.9,59.0,0.2112,0,ISRO NRSC Landslide Atlas 2023 & NASA SRTM 30m DEM
Kerala,Malappuram,5,Western Ghats,Laterite,765.0,35.4,33.4,11.98,4.95,2.2,57.5,0.29,15.5,53.1,235.4,0.994,1,ISRO NRSC Landslide Atlas 2023 & NASA SRTM 30m DEM
Kerala,Malappuram,5,Western Ghats,Laterite,686.0,31.9,118.2,11.46,5.28,2.8,38.9,0.55,6.2,35.2,108.9,0.9033,1,ISRO NRSC Landslide Atlas 2023 & NASA SRTM 30m DEM
Kerala,Malappuram,5,Western Ghats,Laterite,571.0,32.0,90.2,9.77,6.01,2.7,22.2,0.52,3.8,15.3,43.7,0.6558,1,ISRO NRSC Landslide Atlas 2023 & NASA SRTM 30m DEM
Kerala,Malappuram,5,Western Ghats,Laterite,854.0,27.4,88.6,9.32,4.74,2.8,33.6,0.39,4.5,23.1,95.1,0.7211,1,ISRO NRSC Landslide Atlas 2023 & NASA SRTM 30m DEM
Kerala,Malappuram,5,Western Ghats,Laterite,703.0,34.8,37.1,10.84,4.49,3.1,65.4,0.42,31.4,115.3,322.4,0.9996,1,ISRO NRSC Landslide Atlas 2023 & NASA SRTM 30m DEM
Kerala,Malappuram,5,Western Ghats,Laterite,641.0,29.4,35.2,8.38,4.62,1.8,48.4,0.28,22.1,77.8,228.7,0.9905,1,ISRO NRSC Landslide Atlas 2023 & NASA SRTM 30m DEM
Kerala,Malappuram,5,Western Ghats,Laterite,742.0,25.8,350.9,8.93,5.0,2.0,60.0,0.3,12.4,69.4,225.2,0.9802,1,ISRO NRSC Landslide Atlas 2023 & NASA SRTM 30m DEM
Kerala,Malappuram,5,Western Ghats,Laterite,775.0,29.6,205.7,10.25,5.23,1.8,20.7,0.64,1.8,6.0,16.7,0.4215,0,ISRO NRSC Landslide Atlas 2023 & NASA SRTM 30m DEM
Kerala,Malappuram,5,Western Ghats,Laterite,576.0,35.3,286.5,12.47,4.45,2.6,32.1,0.47,8.0,26.0,101.8,0.9184,1,ISRO NRSC Landslide Atlas 2023 & NASA SRTM 30m DEM
Kerala,Malappuram,5,Western Ghats,Laterite,874.0,29.3,309.3,10.28,5.6,5.5,28.0,0.5,6.8,27.1,82.6,0.7832,1,ISRO NRSC Landslide Atlas 2023 & NASA SRTM 30m DEM
Kerala,Malappuram,5,Western Ghats,Laterite,866.0,30.8,141.0,11.16,5.5,4.0,40.9,0.51,23.2,81.2,164.0,0.9907,1,ISRO NRSC Landslide Atlas 2023 & NASA SRTM 30m DEM
Kerala,Malappuram,5,Western Ghats,Laterite,788.0,25.8,297.8,11.64,5.32,3.5,27.3,0.61,1.8,5.2,20.3,0.4361,0,ISRO NRSC Landslide Atlas 2023 & NASA SRTM 30m DEM
Kerala,Malappuram,5,Western Ghats,Laterite,887.0,37.9,191.3,12.02,3.58,3.1,29.3,0.65,10.3,34.0,105.3,0.9278,1,ISRO NRSC Landslide Atlas 2023 & NASA SRTM 30m DEM
Kerala,Malappuram,5,Western Ghats,Laterite,717.0,37.6,276.4,11.77,5.54,2.1,15.0,0.36,1.7,5.0,12.8,0.733,1,ISRO NRSC Landslide Atlas 2023 & NASA SRTM 30m DEM
Kerala,Malappuram,5,Western Ghats,Laterite,853.0,30.2,87.8,10.6,5.26,3.6,36.0,0.69,5.6,22.7,102.0,0.7721,1,ISRO NRSC Landslide Atlas 2023 & NASA SRTM 30m DEM
Kerala,Malappuram,5,Western Ghats,Laterite,599.0,29.9,102.3,10.0,4.9,2.3,24.0,0.35,2.4,12.5,55.3,0.6352,1,ISRO NRSC Landslide Atlas 2023 & NASA SRTM 30m DEM
Kerala,Malappuram,5,Western Ghats,Laterite,698.0,20.3,267.0,7.77,5.71,2.6,20.9,0.31,0.7,2.3,6.3,0.2006,0,ISRO NRSC Landslide Atlas 2023 & NASA SRTM 30m DEM
Kerala,Malappuram,5,Western Ghats,Laterite,726.0,32.2,168.2,10.75,5.12,2.4,77.2,0.29,51.4,149.6,393.6,1.0,1,ISRO NRSC Landslide Atlas 2023 & NASA SRTM 30m DEM
Kerala,Malappuram,5,Western Ghats,Laterite,664.0,41.7,319.8,15.14,4.48,1.9,21.1,0.63,3.2,19.2,56.2,0.9154,1,ISRO NRSC Landslide Atlas 2023 & NASA SRTM 30m DEM
Kerala,Malappuram,5,Western Ghats,Laterite,685.0,31.5,26.5,9.71,4.83,1.2,99.0,0.29,37.8,152.0,606.4,1.0,1,ISRO NRSC Landslide Atlas 2023 & NASA SRTM 30m DEM
Kerala,Malappuram,5,Western Ghats,Laterite,598.0,27.8,301.8,8.83,5.47,2.6,64.1,0.39,28.1,86.2,324.8,0.9973,1,ISRO NRSC Landslide Atlas 2023 & NASA SRTM 30m DEM
Kerala,Malappuram,5,Western Ghats,Laterite,746.0,27.5,51.1,10.54,5.22,2.9,27.7,0.27,9.7,27.9,105.7,0.8496,1,ISRO NRSC Landslide Atlas 2023 & NASA SRTM 30m DEM
Kerala,Malappuram,5,Western Ghats,Laterite,771.0,32.9,290.8,12.21,4.5,2.1,57.7,0.55,20.6,59.7,251.6,0.9935,1,ISRO NRSC Landslide Atlas 2023 & NASA SRTM 30m DEM
Kerala,Malappuram,5,Western Ghats,Laterite,833.0,35.0,263.6,13.31,4.7,0.9,74.1,0.36,36.2,121.6,376.2,0.9999,1,ISRO NRSC Landslide Atlas 2023 & NASA SRTM 30m DEM
Kerala,Malappuram,5,Western Ghats,Laterite,723.0,31.9,159.2,9.42,4.77,2.1,29.9,0.77,8.6,27.2,91.6,0.7504,1,ISRO NRSC Landslide Atlas 2023 & NASA SRTM 30m DEM
Kerala,Malappuram,5,Western Ghats,Laterite,611.0,32.1,18.0,11.12,4.73,3.0,48.2,0.8,17.1,61.4,213.3,0.9795,1,ISRO NRSC Landslide Atlas 2023 & NASA SRTM 30m DEM
Kerala,Malappuram,5,Western Ghats,Laterite,693.0,28.9,351.4,10.93,5.57,4.2,28.5,0.65,3.8,13.1,31.9,0.5778,1,ISRO NRSC Landslide Atlas 2023 & NASA SRTM 30m DEM
Kerala,Malappuram,5,Western Ghats,Laterite,763.0,32.1,117.8,11.76,3.75,1.5,99.0,0.26,76.9,257.2,977.5,1.0,1,ISRO NRSC Landslide Atlas 2023 & NASA SRTM 30m DEM
Kerala,Malappuram,5,Western Ghats,Laterite,646.0,36.3,84.4,13.55,5.22,4.2,37.0,0.39,14.4,42.4,124.5,0.9808,1,ISRO NRSC Landslide Atlas 2023 & NASA SRTM 30m DEM
Kerala,Malappuram,5,Western Ghats,Laterite,894.0,28.2,157.8,11.68,5.77,2.1,30.6,0.29,3.5,10.8,33.4,0.7081,1,ISRO NRSC Landslide Atlas 2023 & NASA SRTM 30m DEM
Kerala,Malappuram,5,Western Ghats,Laterite,261.0,32.2,70.6,12.23,5.4,3.2,27.1,0.33,12.4,46.3,110.5,0.9574,1,ISRO NRSC Landslide Atlas 2023 & NASA SRTM 30m DEM
Kerala,Malappuram,5,Western Ghats,Laterite,797.0,35.7,47.1,13.2,4.35,2.3,29.9,0.58,3.1,11.3,31.1,0.7871,1,ISRO NRSC Landslide Atlas 2023 & NASA SRTM 30m DEM
Kerala,Malappuram,5,Western Ghats,Laterite,874.0,32.3,174.9,12.69,5.65,3.0,58.4,0.54,21.2,69.9,258.5,0.9962,1,ISRO NRSC Landslide Atlas 2023 & NASA SRTM 30m DEM
Kerala,Malappuram,5,Western Ghats,Laterite,835.0,35.1,177.7,12.6,4.56,2.5,41.9,0.24,9.6,37.0,118.1,0.9696,1,ISRO NRSC Landslide Atlas 2023 & NASA SRTM 30m DEM
Kerala,Malappuram,5,Western Ghats,Laterite,579.0,26.6,209.9,10.62,5.58,3.3,54.6,0.39,21.4,62.0,193.2,0.9846,1,ISRO NRSC Landslide Atlas 2023 & NASA SRTM 30m DEM
Kerala,Malappuram,5,Western Ghats,Laterite,581.0,34.3,172.6,12.6,5.26,2.8,99.0,0.21,55.1,160.8,611.3,1.0,1,ISRO NRSC Landslide Atlas 2023 & NASA SRTM 30m DEM
Kerala,Malappuram,5,Western Ghats,Laterite,1035.0,34.4,11.0,12.6,5.36,1.9,54.4,0.37,16.7,53.4,162.3,0.9904,1,ISRO NRSC Landslide Atlas 2023 & NASA SRTM 30m DEM
Kerala,Malappuram,5,Western Ghats,Laterite,462.0,25.9,297.9,8.91,5.61,1.9,40.8,0.61,8.1,26.7,105.6,0.7316,1,ISRO NRSC Landslide Atlas 2023 & NASA SRTM 30m DEM
Kerala,Malappuram,5,Western Ghats,Laterite,985.0,29.7,57.2,9.98,5.57,2.7,48.9,0.49,13.1,43.8,170.4,0.9536,1,ISRO NRSC Landslide Atlas 2023 & NASA SRTM 30m DEM
Kerala,Malappuram,5,Western Ghats,Laterite,846.0,28.1,290.6,8.9,5.62,2.4,56.2,0.21,22.5,104.0,231.4,0.9969,1,ISRO NRSC Landslide Atlas 2023 & NASA SRTM 30m DEM
Kerala,Malappuram,5,Western Ghats,Laterite,716.0,24.4,155.4,8.3,6.21,3.5,30.8,0.85,5.1,19.4,67.8,0.4198,0,ISRO NRSC Landslide Atlas 2023 & NASA SRTM 30m DEM
Kerala,Malappuram,5,Western Ghats,Laterite,598.0,31.0,97.5,10.09,5.02,1.8,57.8,0.27,10.6,58.5,241.4,0.9869,1,ISRO NRSC Landslide Atlas 2023 & NASA SRTM 30m DEM
Kerala,Malappuram,5,Western Ghats,Laterite,568.0,29.4,67.4,9.43,5.31,3.2,26.6,0.39,1.7,9.1,21.5,0.53,1,ISRO NRSC Landslide Atlas 2023 & NASA SRTM 30m DEM
Kerala,Malappuram,5,Western Ghats,Laterite,492.0,23.7,72.9,7.91,5.68,1.6,31.8,0.48,6.8,24.4,92.3,0.5982,1,ISRO NRSC Landslide Atlas 2023 & NASA SRTM 30m DEM
Kerala,Malappuram,5,Western Ghats,Laterite,709.0,37.6,318.7,13.54,5.12,2.5,46.5,0.48,12.1,59.7,120.5,0.9888,1,ISRO NRSC Landslide Atlas 2023 & NASA SRTM 30m DEM
Kerala,Malappuram,5,Western Ghats,Laterite,706.0,25.3,258.8,8.49,4.35,2.2,46.1,0.33,19.2,59.6,169.8,0.9572,1,ISRO NRSC Landslide Atlas 2023 & NASA SRTM 30m DEM
Kerala,Malappuram,5,Western Ghats,Laterite,487.0,30.5,351.1,11.8,4.74,2.4,27.4,0.28,1.1,3.6,8.1,0.6231,1,ISRO NRSC Landslide Atlas 2023 & NASA SRTM 30m DEM
Kerala,Malappuram,5,Western Ghats,Laterite,516.0,30.4,119.2,11.04,5.77,2.9,22.5,0.45,4.3,18.5,47.2,0.7168,1,ISRO NRSC Landslide Atlas 2023 & NASA SRTM 30m DEM
Kerala,Malappuram,5,Western Ghats,Laterite,823.0,26.8,239.1,7.73,4.31,1.4,15.8,0.65,3.0,13.3,52.9,0.3124,0,ISRO NRSC Landslide Atlas 2023 & NASA SRTM 30m DEM
Kerala,Malappuram,5,Western Ghats,Laterite,968.0,38.2,200.6,15.09,4.79,3.4,63.2,0.8,13.5,71.1,261.9,0.9972,1,ISRO NRSC Landslide Atlas 2023 & NASA SRTM 30m DEM
Kerala,Malappuram,5,Western Ghats,Laterite,823.0,29.1,87.9,10.81,4.97,3.0,99.0,0.71,74.5,274.3,841.4,1.0,1,ISRO NRSC Landslide Atlas 2023 & NASA SRTM 30m DEM
Kerala,Malappuram,5,Western Ghats,Laterite,752.0,34.5,90.6,11.89,4.91,2.8,99.0,0.7,38.0,189.8,697.3,1.0,1,ISRO NRSC Landslide Atlas 2023 & NASA SRTM 30m DEM
Kerala,Malappuram,5,Western Ghats,Laterite,766.0,34.6,246.9,13.33,4.12,2.7,33.4,0.81,4.4,28.8,80.0,0.8565,1,ISRO NRSC Landslide Atlas 2023 & NASA SRTM 30m DEM
Kerala,Malappuram,5,Western Ghats,Laterite,871.0,28.0,34.2,8.18,3.64,3.7,33.9,0.4,6.7,26.8,61.8,0.6695,1,ISRO NRSC Landslide Atlas 2023 & NASA SRTM 30m DEM
Kerala,Malappuram,5,Western Ghats,Laterite,791.0,29.1,332.0,12.7,4.77,1.3,42.9,0.35,5.9,34.4,145.5,0.9349,1,ISRO NRSC Landslide Atlas 2023 & NASA SRTM 30m DEM
Kerala,Malappuram,5,Western Ghats,Laterite,817.0,32.7,225.0,11.52,5.86,2.3,62.7,0.45,30.5,97.6,278.8,0.9991,1,ISRO NRSC Landslide Atlas 2023 & NASA SRTM 30m DEM
Kerala,Malappuram,5,Western Ghats,Laterite,553.0,27.8,138.2,10.02,5.49,2.1,65.4,0.42,28.8,105.9,296.0,0.9986,1,ISRO NRSC Landslide Atlas 2023 & NASA SRTM 30m DEM
Kerala,Malappuram,5,Western Ghats,Laterite,758.0,26.5,276.4,8.54,5.1,1.7,22.8,0.36,0.3,1.9,7.2,0.3214,0,ISRO NRSC Landslide Atlas 2023 & NASA SRTM 30m DEM
Kerala,Malappuram,5,Western Ghats,Laterite,836.0,43.2,126.6,16.44,4.93,1.5,55.0,0.52,18.6,89.2,268.2,0.9995,1,ISRO NRSC Landslide Atlas 2023 & NASA SRTM 30m DEM
Kerala,Malappuram,5,Western Ghats,Laterite,750.0,30.5,187.4,11.43,5.43,1.8,57.4,0.39,26.4,104.6,238.4,0.9984,1,ISRO NRSC Landslide Atlas 2023 & NASA SRTM 30m DEM
Kerala,Malappuram,5,Western Ghats,Laterite,693.0,32.7,39.7,12.62,4.52,2.9,82.1,0.52,22.1,111.3,418.4,0.9997,1,ISRO NRSC Landslide Atlas 2023 & NASA SRTM 30m DEM
Kerala,Malappuram,5,Western Ghats,Laterite,804.0,41.3,349.0,14.11,4.84,2.2,69.1,0.22,19.7,76.6,286.3,0.9995,1,ISRO NRSC Landslide Atlas 2023 & NASA SRTM 30m DEM
Kerala,Malappuram,5,Western Ghats,Laterite,547.0,32.5,33.3,11.23,4.84,2.3,41.3,0.25,5.4,27.9,67.1,0.9001,1,ISRO NRSC Landslide Atlas 2023 & NASA SRTM 30m DEM
Kerala,Malappuram,5,Western Ghats,Laterite,795.0,21.7,17.4,6.94,4.61,3.3,89.0,0.83,17.1,110.1,436.5,0.9962,1,ISRO NRSC Landslide Atlas 2023 & NASA SRTM 30m DEM
Kerala,Malappuram,5,Western Ghats,Laterite,654.0,33.1,92.4,10.51,4.95,1.8,30.9,0.25,2.8,11.0,36.4,0.756,1,ISRO NRSC Landslide Atlas 2023 & NASA SRTM 30m DEM
Kerala,Malappuram,5,Western Ghats,Laterite,700.0,22.8,169.0,9.34,5.41,3.1,62.5,0.27,19.2,80.3,313.3,0.9931,1,ISRO NRSC Landslide Atlas 2023 & NASA SRTM 30m DEM
Kerala,Malappuram,5,Western Ghats,Laterite,522.0,35.3,217.7,13.4,4.82,3.0,74.1,0.36,28.5,97.3,401.2,0.9998,1,ISRO NRSC Landslide Atlas 2023 & NASA SRTM 30m DEM
Kerala,Malappuram,5,Western Ghats,Laterite,783.0,27.4,261.5,11.62,4.49,2.0,34.6,0.84,7.7,40.2,112.7,0.8118,1,ISRO NRSC Landslide Atlas 2023 & NASA SRTM 30m DEM
Kerala,Malappuram,5,Western Ghats,Laterite,649.0,34.0,237.2,12.05,5.52,2.1,30.3,0.66,5.7,22.5,45.1,0.8148,1,ISRO NRSC Landslide Atlas 2023 & NASA SRTM 30m DEM
Kerala,Malappuram,5,Western Ghats,Laterite,503.0,33.8,164.8,13.39,5.05,1.4,99.0,0.46,66.9,431.4,1817.2,1.0,1,ISRO NRSC Landslide Atlas 2023 & NASA SRTM 30m DEM
Kerala,Malappuram,5,Western Ghats,Laterite,622.0,26.8,339.6,9.96,5.65,3.1,63.3,0.7,12.4,73.2,281.9,0.9851,1,ISRO NRSC Landslide Atlas 2023 & NASA SRTM 30m DEM
Kerala,Malappuram,5,Western Ghats,Laterite,581.0,24.8,9.5,9.35,4.92,2.3,30.6,0.27,8.3,29.8,108.7,0.7826,1,ISRO NRSC Landslide Atlas 2023 & NASA SRTM 30m DEM
Kerala,Malappuram,5,Western Ghats,Laterite,828.0,30.9,18.9,10.1,5.43,5.2,85.7,0.71,71.4,215.7,482.0,1.0,1,ISRO NRSC Landslide Atlas 2023 & NASA SRTM 30m DEM
Kerala,Malappuram,5,Western Ghats,Laterite,815.0,22.9,58.5,7.66,5.45,2.3,40.3,0.23,8.3,29.9,93.4,0.7362,1,ISRO NRSC Landslide Atlas 2023 & NASA SRTM 30m DEM
Kerala,Malappuram,5,Western Ghats,Laterite,475.0,29.9,306.3,9.59,5.37,2.0,52.0,0.46,9.8,55.9,199.2,0.9679,1,ISRO NRSC Landslide Atlas 2023 & NASA SRTM 30m DEM
Kerala,Malappuram,5,Western Ghats,Laterite,505.0,31.8,258.4,11.32,5.16,2.8,99.0,0.62,75.3,219.8,915.4,1.0,1,ISRO NRSC Landslide Atlas 2023 & NASA SRTM 30m DEM
Kerala,Malappuram,5,Western Ghats,Laterite,580.0,30.5,180.7,9.21,4.76,3.2,35.2,0.79,12.2,42.4,104.5,0.8449,1,ISRO NRSC Landslide Atlas 2023 & NASA SRTM 30m DEM
Kerala,Malappuram,5,Western Ghats,Laterite,797.0,34.2,105.7,13.14,5.44,0.9,45.2,0.5,10.8,33.3,127.6,0.9634,1,ISRO NRSC Landslide Atlas 2023 & NASA SRTM 30m DEM
Kerala,Malappuram,5,Western Ghats,Laterite,814.0,38.3,63.4,13.63,4.49,2.1,17.0,0.5,4.0,12.9,29.8,0.8292,1,ISRO NRSC Landslide Atlas 2023 & NASA SRTM 30m DEM
Kerala,Malappuram,5,Western Ghats,Laterite,625.0,37.1,259.1,12.06,5.04,2.0,52.0,0.55,13.6,43.1,166.1,0.9827,1,ISRO NRSC Landslide Atlas 2023 & NASA SRTM 30m DEM
Kerala,Malappuram,5,Western Ghats,Laterite,608.0,33.8,78.0,10.9,4.72,2.1,25.0,0.52,4.5,26.4,59.9,0.8011,1,ISRO NRSC Landslide Atlas 2023 & NASA SRTM 30m DEM
Kerala,Malappuram,5,Western Ghats,Laterite,765.0,27.6,318.4,9.45,5.45,2.6,99.0,0.75,41.2,193.2,643.7,1.0,1,ISRO NRSC Landslide Atlas 2023 & NASA SRTM 30m DEM
Kerala,Malappuram,5,Western Ghats,Laterite,625.0,27.7,90.0,9.33,4.59,1.3,37.4,0.24,7.1,36.6,120.9,0.8726,1,ISRO NRSC Landslide Atlas 2023 & NASA SRTM 30m DEM
Kerala,Malappuram,5,Western Ghats,Laterite,444.0,27.9,116.5,8.91,4.0,2.0,41.3,0.21,9.9,46.8,194.9,0.942,1,ISRO NRSC Landslide Atlas 2023 & NASA SRTM 30m DEM
Kerala,Malappuram,5,Western Ghats,Laterite,565.0,27.2,347.5,9.59,5.35,2.4,93.1,0.52,32.8,136.3,459.6,0.9999,1,ISRO NRSC Landslide Atlas 2023 & NASA SRTM 30m DEM
Kerala,Malappuram,5,Western Ghats,Laterite,401.0,29.7,193.6,9.39,5.32,3.4,26.4,0.66,3.5,15.8,32.4,0.5244,1,ISRO NRSC Landslide Atlas 2023 & NASA SRTM 30m DEM
Kerala,Malappuram,5,Western Ghats,Laterite,605.0,34.4,207.3,13.25,4.59,2.0,30.5,0.57,3.6,18.8,44.7,0.8258,1,ISRO NRSC Landslide Atlas 2023 & NASA SRTM 30m DEM
Kerala,Malappuram,5,Western Ghats,Laterite,630.0,34.6,227.4,12.46,4.01,2.7,28.4,0.42,4.6,17.5,36.1,0.8185,1,ISRO NRSC Landslide Atlas 2023 & NASA SRTM 30m DEM
Kerala,Malappuram,5,Western Ghats,Laterite,551.0,26.6,232.0,7.21,5.26,2.9,23.3,0.6,0.1,0.2,0.4,0.1998,0,ISRO NRSC Landslide Atlas 2023 & NASA SRTM 30m DEM
Kerala,Malappuram,5,Western Ghats,Laterite,366.0,36.8,18.9,13.7,5.06,1.8,49.6,0.32,24.7,71.4,203.5,0.9979,1,ISRO NRSC Landslide Atlas 2023 & NASA SRTM 30m DEM
Kerala,Malappuram,5,Western Ghats,Laterite,948.0,33.0,299.1,10.64,5.07,1.7,40.8,0.23,8.2,32.5,100.8,0.934,1,ISRO NRSC Landslide Atlas 2023 & NASA SRTM 30m DEM
Kerala,Malappuram,5,Western Ghats,Laterite,712.0,31.4,153.0,12.53,4.67,3.5,61.9,0.48,27.8,129.8,334.1,0.9997,1,ISRO NRSC Landslide Atlas 2023 & NASA SRTM 30m DEM
Kerala,Malappuram,5,Western Ghats,Laterite,532.0,26.5,313.6,9.87,5.14,3.4,86.4,0.81,27.0,141.3,434.0,0.9997,1,ISRO NRSC Landslide Atlas 2023 & NASA SRTM 30m DEM
Kerala,Malappuram,5,Western Ghats,Laterite,755.0,27.9,299.0,9.35,4.97,3.8,28.2,0.3,6.6,24.3,70.6,0.7392,1,ISRO NRSC Landslide Atlas 2023 & NASA SRTM 30m DEM
Kerala,Malappuram,5,Western Ghats,Laterite,682.0,28.5,191.4,11.63,6.07,3.7,42.7,0.85,12.4,65.7,163.3,0.9591,1,ISRO NRSC Landslide Atlas 2023 & NASA SRTM 30m DEM
Kerala,Malappuram,5,Western Ghats,Laterite,467.0,28.1,112.0,10.25,5.01,2.2,63.0,0.84,39.8,149.6,309.5,0.9996,1,ISRO NRSC Landslide Atlas 2023 & NASA SRTM 30m DEM
Kerala,Malappuram,5,Western Ghats,Laterite,691.0,33.8,245.7,11.41,5.03,3.6,48.1,0.52,14.6,63.9,186.9,0.9868,1,ISRO NRSC Landslide Atlas 2023 & NASA SRTM 30m DEM
Kerala,Malappuram,5,Western Ghats,Laterite,684.0,31.5,289.2,9.72,5.42,2.9,35.9,0.47,7.8,27.3,92.7,0.8469,1,ISRO NRSC Landslide Atlas 2023 & NASA SRTM 30m DEM
Kerala,Malappuram,5,Western Ghats,Laterite,600.0,31.7,306.5,11.0,4.68,3.2,31.2,0.56,5.8,28.6,116.1,0.8483,1,ISRO NRSC Landslide Atlas 2023 & NASA SRTM 30m DEM
Kerala,Malappuram,5,Western Ghats,Laterite,527.0,27.6,290.9,12.04,5.92,2.8,23.3,0.66,2.2,7.7,25.5,0.5057,1,ISRO NRSC Landslide Atlas 2023 & NASA SRTM 30m DEM
Kerala,Malappuram,5,Western Ghats,Laterite,738.0,38.6,272.6,13.25,4.75,4.1,36.6,0.69,16.5,62.0,149.4,0.9882,1,ISRO NRSC Landslide Atlas 2023 & NASA SRTM 30m DEM
Kerala,Malappuram,5,Western Ghats,Laterite,882.0,29.6,164.0,10.44,5.77,1.9,46.2,0.41,11.5,40.1,113.3,0.9347,1,ISRO NRSC Landslide Atlas 2023 & NASA SRTM 30m DEM
Kerala,Malappuram,5,Western Ghats,Laterite,616.0,22.4,151.1,5.11,5.21,1.4,53.1,0.56,39.4,121.2,259.9,0.9956,1,ISRO NRSC Landslide Atlas 2023 & NASA SRTM 30m DEM
Kerala,Malappuram,5,Western Ghats,Laterite,643.0,33.8,150.6,12.28,4.54,2.5,50.7,0.75,9.1,58.6,194.4,0.9773,1,ISRO NRSC Landslide Atlas 2023 & NASA SRTM 30m DEM
Kerala,Malappuram,5,Western Ghats,Laterite,465.0,34.2,195.6,12.02,5.03,3.6,51.3,0.61,18.1,52.2,193.6,0.9864,1,ISRO NRSC Landslide Atlas 2023 & NASA SRTM 30m DEM
Kerala,Malappuram,5,Western Ghats,Laterite,628.0,32.3,218.4,10.85,4.69,3.5,99.0,0.33,54.9,173.5,570.5,1.0,1,ISRO NRSC Landslide Atlas 2023 & NASA SRTM 30m DEM
Kerala,Malappuram,5,Western Ghats,Laterite,972.0,34.2,171.9,12.3,5.55,2.8,44.9,0.25,16.7,77.6,189.3,0.9955,1,ISRO NRSC Landslide Atlas 2023 & NASA SRTM 30m DEM
Kerala,Malappuram,5,Western Ghats,Laterite,531.0,38.7,334.5,13.19,5.04,2.1,64.1,0.34,15.6,70.2,269.2,0.9984,1,ISRO NRSC Landslide Atlas 2023 & NASA SRTM 30m DEM
Kerala,Malappuram,5,Western Ghats,Laterite,677.0,35.4,78.9,14.04,5.04,1.9,99.0,0.84,27.2,149.2,669.0,1.0,1,ISRO NRSC Landslide Atlas 2023 & NASA SRTM 30m DEM
Kerala,Malappuram,5,Western Ghats,Laterite,554.0,21.6,62.7,8.32,5.81,2.6,39.4,0.79,12.3,35.2,107.8,0.6608,1,ISRO NRSC Landslide Atlas 2023 & NASA SRTM 30m DEM
Kerala,Malappuram,5,Western Ghats,Laterite,676.0,35.6,144.8,10.75,4.97,1.9,24.8,0.63,6.0,18.2,61.8,0.7796,1,ISRO NRSC Landslide Atlas 2023 & NASA SRTM 30m DEM
Kerala,Malappuram,5,Western Ghats,Laterite,878.0,30.8,62.8,10.83,5.13,2.9,50.7,0.3,20.1,68.5,160.0,0.9895,1,ISRO NRSC Landslide Atlas 2023 & NASA SRTM 30m DEM
Kerala,Malappuram,5,Western Ghats,Laterite,652.0,28.1,347.1,9.05,4.62,3.9,25.6,0.53,6.6,19.2,54.3,0.5861,1,ISRO NRSC Landslide Atlas 2023 & NASA SRTM 30m DEM
Kerala,Malappuram,5,Western Ghats,Laterite,531.0,29.5,200.6,10.21,5.46,2.9,79.0,0.78,31.6,127.5,469.8,0.9997,1,ISRO NRSC Landslide Atlas 2023 & NASA SRTM 30m DEM
Kerala,Malappuram,5,Western Ghats,Laterite,847.0,29.8,99.6,14.04,5.41,2.7,71.8,0.48,31.5,127.4,400.6,0.9999,1,ISRO NRSC Landslide Atlas 2023 & NASA SRTM 30m DEM
Kerala,Malappuram,5,Western Ghats,Laterite,451.0,31.1,34.4,10.6,5.04,1.5,34.3,0.54,6.4,24.9,85.1,0.8131,1,ISRO NRSC Landslide Atlas 2023 & NASA SRTM 30m DEM
Kerala,Malappuram,5,Western Ghats,Laterite,472.0,28.3,32.5,10.74,5.88,2.0,50.3,0.5,19.5,56.8,214.0,0.9822,1,ISRO NRSC Landslide Atlas 2023 & NASA SRTM 30m DEM
Kerala,Malappuram,5,Western Ghats,Laterite,579.0,29.6,59.2,10.01,5.27,2.2,42.3,0.27,8.6,42.6,131.3,0.9356,1,ISRO NRSC Landslide Atlas 2023 & NASA SRTM 30m DEM
Kerala,Malappuram,5,Western Ghats,Laterite,730.0,21.4,26.1,7.11,5.93,3.0,30.3,0.76,8.2,35.7,104.4,0.5204,1,ISRO NRSC Landslide Atlas 2023 & NASA SRTM 30m DEM
Kerala,Malappuram,5,Western Ghats,Laterite,538.0,35.2,72.4,11.93,4.99,2.4,25.9,0.24,5.5,15.9,31.8,0.8525,1,ISRO NRSC Landslide Atlas 2023 & NASA SRTM 30m DEM
Kerala,Malappuram,5,Western Ghats,Laterite,359.0,33.0,145.1,12.02,4.82,4.0,34.0,0.38,6.6,22.2,84.6,0.8852,1,ISRO NRSC Landslide Atlas 2023 & NASA SRTM 30m DEM
Kerala,Malappuram,5,Western Ghats,Laterite,531.0,25.9,84.5,8.68,5.73,2.1,59.7,0.25,17.4,82.1,263.8,0.9922,1,ISRO NRSC Landslide Atlas 2023 & NASA SRTM 30m DEM
Kerala,Malappuram,5,Western Ghats,Laterite,861.0,26.0,39.1,9.27,5.84,2.6,31.0,0.47,2.7,17.1,44.4,0.5493,1,ISRO NRSC Landslide Atlas 2023 & NASA SRTM 30m DEM
Kerala,Malappuram,5,Western Ghats,Laterite,881.0,25.9,347.6,10.88,5.28,2.6,22.2,0.73,1.5,9.7,27.7,0.3748,0,ISRO NRSC Landslide Atlas 2023 & NASA SRTM 30m DEM
Kerala,Malappuram,5,Western Ghats,Laterite,583.0,32.5,240.6,11.75,4.33,3.7,99.0,0.2,26.2,135.9,515.5,1.0,1,ISRO NRSC Landslide Atlas 2023 & NASA SRTM 30m DEM
Kerala,Malappuram,5,Western Ghats,Laterite,641.0,30.7,248.8,12.02,5.16,2.9,40.7,0.59,10.1,51.7,126.7,0.9503,1,ISRO NRSC Landslide Atlas 2023 & NASA SRTM 30m DEM
Kerala,Malappuram,5,Western Ghats,Laterite,665.0,30.2,162.4,10.71,5.54,3.0,99.0,0.6,68.5,202.2,900.2,1.0,1,ISRO NRSC Landslide Atlas 2023 & NASA SRTM 30m DEM
Kerala,Malappuram,5,Western Ghats,Laterite,778.0,16.6,121.5,5.21,5.35,1.1,36.1,0.76,13.7,40.0,138.7,0.4796,0,ISRO NRSC Landslide Atlas 2023 & NASA SRTM 30m DEM
Kerala,Malappuram,5,Western Ghats,Laterite,860.0,43.4,56.2,15.36,5.37,2.6,94.2,0.48,38.5,168.6,539.3,1.0,1,ISRO NRSC Landslide Atlas 2023 & NASA SRTM 30m DEM
Kerala,Malappuram,5,Western Ghats,Laterite,709.0,38.1,58.2,12.2,5.16,3.3,75.5,0.38,24.6,135.7,388.6,0.9999,1,ISRO NRSC Landslide Atlas 2023 & NASA SRTM 30m DEM
Kerala,Malappuram,5,Western Ghats,Laterite,422.0,30.1,14.5,9.83,5.13,2.7,21.8,0.5,6.0,19.0,47.7,0.6524,1,ISRO NRSC Landslide Atlas 2023 & NASA SRTM 30m DEM
Kerala,Malappuram,5,Western Ghats,Laterite,484.0,19.3,133.2,5.85,5.91,2.2,71.6,0.62,37.7,117.1,373.5,0.9977,1,ISRO NRSC Landslide Atlas 2023 & NASA SRTM 30m DEM
Kerala,Malappuram,5,Western Ghats,Laterite,687.0,25.2,102.9,7.11,6.4,2.9,29.2,0.54,5.9,24.3,81.0,0.5568,1,ISRO NRSC Landslide Atlas 2023 & NASA SRTM 30m DEM
Kerala,Malappuram,5,Western Ghats,Laterite,755.0,37.9,11.0,13.08,5.28,1.6,28.0,0.43,7.8,25.2,66.7,0.9318,1,ISRO NRSC Landslide Atlas 2023 & NASA SRTM 30m DEM
Kerala,Malappuram,5,Western Ghats,Laterite,877.0,35.0,173.5,12.55,4.09,4.4,55.5,0.6,18.6,81.9,182.1,0.9949,1,ISRO NRSC Landslide Atlas 2023 & NASA SRTM 30m DEM
Kerala,Malappuram,5,Western Ghats,Laterite,782.0,20.7,14.6,7.63,5.45,1.3,33.0,0.7,13.8,44.2,144.4,0.7207,1,ISRO NRSC Landslide Atlas 2023 & NASA SRTM 30m DEM
Kerala,Malappuram,5,Western Ghats,Laterite,465.0,18.7,166.3,6.1,5.5,3.0,44.4,0.83,9.1,57.9,159.3,0.6857,1,ISRO NRSC Landslide Atlas 2023 & NASA SRTM 30m DEM
Kerala,Malappuram,5,Western Ghats,Laterite,872.0,38.3,269.3,14.34,5.48,1.8,47.7,0.41,6.4,32.5,90.6,0.9741,1,ISRO NRSC Landslide Atlas 2023 & NASA SRTM 30m DEM
Kerala,Malappuram,5,Western Ghats,Laterite,829.0,38.1,182.1,13.86,4.19,1.2,28.3,0.57,6.4,26.0,63.2,0.9166,1,ISRO NRSC Landslide Atlas 2023 & NASA SRTM 30m DEM
Kerala,Malappuram,5,Western Ghats,Laterite,544.0,38.9,100.6,13.32,5.06,2.2,22.8,0.6,4.6,15.2,47.3,0.8609,1,ISRO NRSC Landslide Atlas 2023 & NASA SRTM 30m DEM
Kerala,Malappuram,5,Western Ghats,Laterite,888.0,33.1,359.2,11.3,4.58,1.9,43.3,0.73,5.4,25.5,108.1,0.854,1,ISRO NRSC Landslide Atlas 2023 & NASA SRTM 30m DEM
Kerala,Malappuram,5,Western Ghats,Laterite,774.0,38.1,299.7,13.01,4.75,3.2,39.5,0.85,10.7,34.0,113.3,0.9466,1,ISRO NRSC Landslide Atlas 2023 & NASA SRTM 30m DEM
Kerala,Malappuram,5,Western Ghats,Laterite,682.0,38.3,35.3,12.41,4.66,2.0,52.6,0.22,9.9,49.8,148.5,0.9898,1,ISRO NRSC Landslide Atlas 2023 & NASA SRTM 30m DEM
Kerala,Malappuram,5,Western Ghats,Laterite,543.0,19.7,66.0,6.97,6.18,2.4,47.3,0.45,13.0,55.1,200.3,0.8872,1,ISRO NRSC Landslide Atlas 2023 & NASA SRTM 30m DEM
Kerala,Malappuram,5,Western Ghats,Laterite,621.0,25.7,171.6,9.25,5.44,2.9,54.1,0.23,22.1,106.2,216.3,0.9958,1,ISRO NRSC Landslide Atlas 2023 & NASA SRTM 30m DEM
Kerala,Malappuram,5,Western Ghats,Laterite,1001.0,29.3,80.9,11.16,4.61,1.5,18.0,0.37,1.5,6.7,24.1,0.5311,1,ISRO NRSC Landslide Atlas 2023 & NASA SRTM 30m DEM
Kerala,Malappuram,5,Western Ghats,Laterite,804.0,24.2,266.6,10.64,5.83,1.9,39.7,0.24,16.7,50.1,176.3,0.9598,1,ISRO NRSC Landslide Atlas 2023 & NASA SRTM 30m DEM
Kerala,Malappuram,5,Western Ghats,Laterite,765.0,33.5,347.8,13.29,4.99,1.3,38.0,0.72,7.6,47.4,113.4,0.9465,1,ISRO NRSC Landslide Atlas 2023 & NASA SRTM 30m DEM
Kerala,Malappuram,5,Western Ghats,Laterite,484.0,28.0,105.5,9.32,5.64,3.8,34.3,0.24,3.6,17.4,73.6,0.732,1,ISRO NRSC Landslide Atlas 2023 & NASA SRTM 30m DEM
Kerala,Malappuram,5,Western Ghats,Laterite,763.0,29.9,347.6,10.78,5.09,1.2,99.0,0.61,85.2,359.6,808.8,1.0,1,ISRO NRSC Landslide Atlas 2023 & NASA SRTM 30m DEM
Kerala,Malappuram,5,Western Ghats,Laterite,397.0,34.6,335.7,11.03,4.87,2.7,56.1,0.28,11.1,62.9,223.4,0.9921,1,ISRO NRSC Landslide Atlas 2023 & NASA SRTM 30m DEM
Kerala,Malappuram,5,Western Ghats,Laterite,964.0,32.2,295.0,11.18,4.57,2.4,96.7,0.79,26.4,126.2,537.6,0.9999,1,ISRO NRSC Landslide Atlas 2023 & NASA SRTM 30m DEM
Kerala,Malappuram,5,Western Ghats,Laterite,786.0,25.9,35.2,8.9,5.08,1.6,24.8,0.79,2.7,10.9,28.3,0.306,0,ISRO NRSC Landslide Atlas 2023 & NASA SRTM 30m DEM
Kerala,Malappuram,5,Western Ghats,Laterite,949.0,39.4,229.9,14.85,4.87,2.6,22.6,0.63,3.6,18.6,44.2,0.8917,1,ISRO NRSC Landslide Atlas 2023 & NASA SRTM 30m DEM
Kerala,Malappuram,5,Western Ghats,Laterite,689.0,35.0,9.0,12.56,5.15,2.4,52.5,0.54,15.7,55.9,211.7,0.9909,1,ISRO NRSC Landslide Atlas 2023 & NASA SRTM 30m DEM
Kerala,Malappuram,5,Western Ghats,Laterite,731.0,29.8,177.3,8.82,5.67,1.6,30.3,0.76,7.1,35.1,107.7,0.7587,1,ISRO NRSC Landslide Atlas 2023 & NASA SRTM 30m DEM
Kerala,Malappuram,5,Western Ghats,Laterite,866.0,23.7,23.7,8.86,5.45,0.9,39.0,0.79,7.5,29.7,111.8,0.6346,1,ISRO NRSC Landslide Atlas 2023 & NASA SRTM 30m DEM
Kerala,Malappuram,5,Western Ghats,Laterite,683.0,33.0,331.2,12.07,5.11,2.3,72.9,0.31,19.0,85.1,299.1,0.9987,1,ISRO NRSC Landslide Atlas 2023 & NASA SRTM 30m DEM
Kerala,Malappuram,5,Western Ghats,Laterite,734.0,34.0,112.1,11.98,5.33,2.9,17.8,0.84,1.0,6.3,12.8,0.5103,1,ISRO NRSC Landslide Atlas 2023 & NASA SRTM 30m DEM
Kerala,Malappuram,5,Western Ghats,Laterite,390.0,30.9,322.9,10.2,4.4,0.9,38.8,0.79,9.7,39.1,141.0,0.8744,1,ISRO NRSC Landslide Atlas 2023 & NASA SRTM 30m DEM
Kerala,Malappuram,5,Western Ghats,Laterite,686.0,29.5,160.1,10.71,5.51,4.1,99.0,0.76,82.6,291.0,1092.3,1.0,1,ISRO NRSC Landslide Atlas 2023 & NASA SRTM 30m DEM
Kerala,Malappuram,5,Western Ghats,Laterite,419.0,33.5,116.0,10.97,5.29,2.5,24.1,0.82,0.6,3.5,8.0,0.4608,0,ISRO NRSC Landslide Atlas 2023 & NASA SRTM 30m DEM
Kerala,Malappuram,5,Western Ghats,Laterite,729.0,33.4,10.5,11.6,4.58,0.8,41.2,0.66,18.5,55.7,128.3,0.9718,1,ISRO NRSC Landslide Atlas 2023 & NASA SRTM 30m DEM
Kerala,Malappuram,5,Western Ghats,Laterite,690.0,29.3,277.4,10.52,4.44,3.0,32.2,0.27,5.9,18.3,58.0,0.7657,1,ISRO NRSC Landslide Atlas 2023 & NASA SRTM 30m DEM
Uttarakhand,Chamoli,6,Northwest Himalayas,Metamorphic Schist,1988.0,51.5,225.9,16.72,4.45,1.4,30.6,0.82,7.7,33.6,101.1,0.9892,1,ISRO NRSC Landslide Atlas 2023 & NASA SRTM 30m DEM
Uttarakhand,Chamoli,6,Northwest Himalayas,Metamorphic Schist,2262.0,45.5,337.4,15.61,4.54,2.0,73.2,0.42,38.9,113.6,377.2,1.0,1,ISRO NRSC Landslide Atlas 2023 & NASA SRTM 30m DEM
Uttarakhand,Chamoli,6,Northwest Himalayas,Metamorphic Schist,1796.0,40.4,294.6,12.71,4.64,2.4,24.0,0.59,3.0,11.7,41.3,0.8453,1,ISRO NRSC Landslide Atlas 2023 & NASA SRTM 30m DEM
Uttarakhand,Chamoli,6,Northwest Himalayas,Metamorphic Schist,1836.0,50.1,115.7,17.64,4.25,3.7,51.5,0.36,15.3,88.6,185.0,0.9997,1,ISRO NRSC Landslide Atlas 2023 & NASA SRTM 30m DEM
Uttarakhand,Chamoli,6,Northwest Himalayas,Metamorphic Schist,2079.0,40.6,297.8,13.88,4.21,2.7,48.7,0.62,12.9,49.3,159.2,0.9902,1,ISRO NRSC Landslide Atlas 2023 & NASA SRTM 30m DEM
Uttarakhand,Chamoli,6,Northwest Himalayas,Metamorphic Schist,2205.0,41.6,13.3,14.58,4.56,3.0,26.0,0.61,2.1,6.2,24.8,0.8655,1,ISRO NRSC Landslide Atlas 2023 & NASA SRTM 30m DEM
Uttarakhand,Chamoli,6,Northwest Himalayas,Metamorphic Schist,1917.0,31.5,99.5,9.35,4.31,2.3,15.0,0.32,0.0,0.1,0.3,0.4135,0,ISRO NRSC Landslide Atlas 2023 & NASA SRTM 30m DEM
Uttarakhand,Chamoli,6,Northwest Himalayas,Metamorphic Schist,1919.0,42.1,237.6,15.31,5.13,2.7,24.8,0.84,1.9,7.1,30.9,0.8581,1,ISRO NRSC Landslide Atlas 2023 & NASA SRTM 30m DEM
Uttarakhand,Chamoli,6,Northwest Himalayas,Metamorphic Schist,2076.0,46.9,188.6,17.38,4.36,2.5,53.0,0.6,18.4,91.9,209.1,0.9996,1,ISRO NRSC Landslide Atlas 2023 & NASA SRTM 30m DEM
Uttarakhand,Chamoli,6,Northwest Himalayas,Metamorphic Schist,2220.0,50.6,92.3,18.67,5.01,2.1,50.3,0.44,21.4,71.6,232.6,0.9998,1,ISRO NRSC Landslide Atlas 2023 & NASA SRTM 30m DEM
Uttarakhand,Chamoli,6,Northwest Himalayas,Metamorphic Schist,2172.0,44.5,339.8,15.28,3.89,1.9,66.3,0.48,29.0,124.7,351.1,0.9999,1,ISRO NRSC Landslide Atlas 2023 & NASA SRTM 30m DEM
Uttarakhand,Chamoli,6,Northwest Himalayas,Metamorphic Schist,2177.0,38.9,278.5,13.66,4.86,2.4,62.8,0.27,29.8,111.5,302.9,0.9998,1,ISRO NRSC Landslide Atlas 2023 & NASA SRTM 30m DEM
Uttarakhand,Chamoli,6,Northwest Himalayas,Metamorphic Schist,2115.0,50.5,84.8,16.15,4.62,2.3,31.3,0.64,3.3,9.8,41.2,0.9666,1,ISRO NRSC Landslide Atlas 2023 & NASA SRTM 30m DEM
Uttarakhand,Chamoli,6,Northwest Himalayas,Metamorphic Schist,2023.0,44.8,179.1,14.96,5.22,1.9,18.6,0.51,0.6,2.0,5.7,0.8808,1,ISRO NRSC Landslide Atlas 2023 & NASA SRTM 30m DEM
Uttarakhand,Chamoli,6,Northwest Himalayas,Metamorphic Schist,2217.0,43.9,65.4,15.48,5.65,2.9,50.8,0.57,18.6,53.2,214.9,0.998,1,ISRO NRSC Landslide Atlas 2023 & NASA SRTM 30m DEM
Uttarakhand,Chamoli,6,Northwest Himalayas,Metamorphic Schist,1899.0,43.3,205.0,15.27,4.05,2.0,99.0,0.48,62.7,242.1,638.1,1.0,1,ISRO NRSC Landslide Atlas 2023 & NASA SRTM 30m DEM
Uttarakhand,Chamoli,6,Northwest Himalayas,Metamorphic Schist,2281.0,38.3,1.0,15.96,4.94,2.1,39.0,0.2,20.0,73.2,155.0,0.998,1,ISRO NRSC Landslide Atlas 2023 & NASA SRTM 30m DEM
Uttarakhand,Chamoli,6,Northwest Himalayas,Metamorphic Schist,2328.0,38.6,172.1,13.73,4.75,1.3,45.2,0.58,11.4,45.3,127.8,0.983,1,ISRO NRSC Landslide Atlas 2023 & NASA SRTM 30m DEM
Uttarakhand,Chamoli,6,Northwest Himalayas,Metamorphic Schist,2273.0,46.8,56.0,18.52,4.71,3.2,28.5,0.46,9.4,31.6,85.6,0.9919,1,ISRO NRSC Landslide Atlas 2023 & NASA SRTM 30m DEM
Uttarakhand,Chamoli,6,Northwest Himalayas,Metamorphic Schist,2245.0,52.0,320.2,18.52,4.94,2.0,32.4,0.75,6.7,34.9,121.5,0.9944,1,ISRO NRSC Landslide Atlas 2023 & NASA SRTM 30m DEM
Uttarakhand,Chamoli,6,Northwest Himalayas,Metamorphic Schist,2095.0,35.6,313.5,11.9,4.6,2.1,29.0,0.84,5.3,21.3,51.7,0.7804,1,ISRO NRSC Landslide Atlas 2023 & NASA SRTM 30m DEM
Uttarakhand,Chamoli,6,Northwest Himalayas,Metamorphic Schist,2125.0,51.1,169.2,17.86,4.43,3.5,35.0,0.21,4.2,22.4,98.4,0.9942,1,ISRO NRSC Landslide Atlas 2023 & NASA SRTM 30m DEM
Uttarakhand,Chamoli,6,Northwest Himalayas,Metamorphic Schist,1931.0,40.2,213.5,13.97,5.35,2.0,50.1,0.35,11.9,41.2,164.3,0.9924,1,ISRO NRSC Landslide Atlas 2023 & NASA SRTM 30m DEM
Uttarakhand,Chamoli,6,Northwest Himalayas,Metamorphic Schist,1989.0,37.9,138.5,14.17,5.21,2.0,24.4,0.37,4.2,23.1,70.9,0.9339,1,ISRO NRSC Landslide Atlas 2023 & NASA SRTM 30m DEM
Uttarakhand,Chamoli,6,Northwest Himalayas,Metamorphic Schist,2055.0,42.4,246.9,15.33,4.15,3.3,54.0,0.78,16.8,49.4,196.6,0.9952,1,ISRO NRSC Landslide Atlas 2023 & NASA SRTM 30m DEM
Uttarakhand,Chamoli,6,Northwest Himalayas,Metamorphic Schist,2158.0,42.9,181.5,15.95,4.64,1.7,47.1,0.67,14.8,61.3,150.6,0.9961,1,ISRO NRSC Landslide Atlas 2023 & NASA SRTM 30m DEM
Uttarakhand,Chamoli,6,Northwest Himalayas,Metamorphic Schist,2011.0,47.8,182.2,17.09,5.07,1.7,35.8,0.37,21.1,61.2,124.8,0.9987,1,ISRO NRSC Landslide Atlas 2023 & NASA SRTM 30m DEM
Uttarakhand,Chamoli,6,Northwest Himalayas,Metamorphic Schist,2025.0,39.1,292.3,12.8,4.11,2.0,27.8,0.31,4.8,20.5,43.1,0.9138,1,ISRO NRSC Landslide Atlas 2023 & NASA SRTM 30m DEM
Uttarakhand,Chamoli,6,Northwest Himalayas,Metamorphic Schist,2196.0,48.7,132.1,17.31,5.31,1.8,50.6,0.84,23.3,85.8,193.7,0.9995,1,ISRO NRSC Landslide Atlas 2023 & NASA SRTM 30m DEM
Uttarakhand,Chamoli,6,Northwest Himalayas,Metamorphic Schist,2266.0,44.4,342.8,13.08,5.7,1.8,38.4,0.66,3.1,17.4,65.5,0.9423,1,ISRO NRSC Landslide Atlas 2023 & NASA SRTM 30m DEM
Uttarakhand,Chamoli,6,Northwest Himalayas,Metamorphic Schist,2060.0,46.6,12.9,17.73,4.64,2.5,23.2,0.23,1.1,3.6,7.8,0.9606,1,ISRO NRSC Landslide Atlas 2023 & NASA SRTM 30m DEM
Uttarakhand,Chamoli,6,Northwest Himalayas,Metamorphic Schist,2082.0,49.7,160.1,17.87,4.75,1.7,49.7,0.82,13.1,80.8,247.5,0.9994,1,ISRO NRSC Landslide Atlas 2023 & NASA SRTM 30m DEM
Uttarakhand,Chamoli,6,Northwest Himalayas,Metamorphic Schist,2130.0,47.7,183.0,17.59,3.98,3.4,39.5,0.45,10.2,39.0,143.5,0.9959,1,ISRO NRSC Landslide Atlas 2023 & NASA SRTM 30m DEM
Uttarakhand,Chamoli,6,Northwest Himalayas,Metamorphic Schist,1945.0,37.3,7.1,12.21,5.54,4.0,33.3,0.52,16.8,50.5,104.2,0.9792,1,ISRO NRSC Landslide Atlas 2023 & NASA SRTM 30m DEM
Uttarakhand,Chamoli,6,Northwest Himalayas,Metamorphic Schist,2174.0,44.6,228.9,16.41,5.26,3.3,79.6,0.52,23.7,85.4,381.0,0.9999,1,ISRO NRSC Landslide Atlas 2023 & NASA SRTM 30m DEM
Uttarakhand,Chamoli,6,Northwest Himalayas,Metamorphic Schist,2206.0,34.8,41.4,10.84,4.71,1.6,54.7,0.28,18.8,90.1,185.8,0.9969,1,ISRO NRSC Landslide Atlas 2023 & NASA SRTM 30m DEM
Uttarakhand,Chamoli,6,Northwest Himalayas,Metamorphic Schist,2145.0,39.6,196.2,14.26,5.71,3.4,99.0,0.2,47.1,268.0,845.3,1.0,1,ISRO NRSC Landslide Atlas 2023 & NASA SRTM 30m DEM
Uttarakhand,Chamoli,6,Northwest Himalayas,Metamorphic Schist,2117.0,42.0,99.1,14.35,4.95,1.7,40.3,0.5,16.4,58.5,155.4,0.9951,1,ISRO NRSC Landslide Atlas 2023 & NASA SRTM 30m DEM
Uttarakhand,Chamoli,6,Northwest Himalayas,Metamorphic Schist,2212.0,47.1,29.1,17.16,4.69,1.7,37.4,0.52,4.1,20.3,89.6,0.9842,1,ISRO NRSC Landslide Atlas 2023 & NASA SRTM 30m DEM
Uttarakhand,Chamoli,6,Northwest Himalayas,Metamorphic Schist,1971.0,43.4,190.7,13.91,3.51,3.9,46.3,0.8,13.3,74.4,199.7,0.9959,1,ISRO NRSC Landslide Atlas 2023 & NASA SRTM 30m DEM
Uttarakhand,Chamoli,6,Northwest Himalayas,Metamorphic Schist,2003.0,49.7,337.4,15.73,3.5,3.2,30.3,0.28,11.8,35.8,107.4,0.9941,1,ISRO NRSC Landslide Atlas 2023 & NASA SRTM 30m DEM
Uttarakhand,Chamoli,6,Northwest Himalayas,Metamorphic Schist,2009.0,42.6,8.5,14.42,4.58,2.5,36.6,0.46,12.0,59.6,122.8,0.993,1,ISRO NRSC Landslide Atlas 2023 & NASA SRTM 30m DEM
Uttarakhand,Chamoli,6,Northwest Himalayas,Metamorphic Schist,1721.0,40.8,74.4,13.34,5.37,2.9,26.7,0.76,2.5,15.8,68.6,0.88,1,ISRO NRSC Landslide Atlas 2023 & NASA SRTM 30m DEM
Uttarakhand,Chamoli,6,Northwest Himalayas,Metamorphic Schist,1920.0,39.6,241.7,14.87,5.1,2.9,68.3,0.32,27.9,112.3,316.9,0.9999,1,ISRO NRSC Landslide Atlas 2023 & NASA SRTM 30m DEM
Uttarakhand,Chamoli,6,Northwest Himalayas,Metamorphic Schist,2153.0,45.2,237.3,14.77,4.28,3.1,32.7,0.7,15.5,47.3,167.3,0.9926,1,ISRO NRSC Landslide Atlas 2023 & NASA SRTM 30m DEM
Uttarakhand,Chamoli,6,Northwest Himalayas,Metamorphic Schist,2070.0,42.1,339.0,15.88,5.04,1.3,99.0,0.74,50.1,292.4,1141.3,1.0,1,ISRO NRSC Landslide Atlas 2023 & NASA SRTM 30m DEM
Uttarakhand,Chamoli,6,Northwest Himalayas,Metamorphic Schist,2021.0,41.0,67.7,15.62,4.83,2.4,17.3,0.43,1.3,7.4,17.7,0.885,1,ISRO NRSC Landslide Atlas 2023 & NASA SRTM 30m DEM
Uttarakhand,Chamoli,6,Northwest Himalayas,Metamorphic Schist,2116.0,36.6,351.9,12.58,5.38,2.3,44.9,0.29,20.8,76.7,186.0,0.9971,1,ISRO NRSC Landslide Atlas 2023 & NASA SRTM 30m DEM
Uttarakhand,Chamoli,6,Northwest Himalayas,Metamorphic Schist,2243.0,42.1,335.7,14.22,4.4,2.5,56.4,0.73,14.2,70.9,263.2,0.9978,1,ISRO NRSC Landslide Atlas 2023 & NASA SRTM 30m DEM
Uttarakhand,Chamoli,6,Northwest Himalayas,Metamorphic Schist,2144.0,47.7,95.1,17.45,5.13,3.2,53.6,0.72,30.4,103.7,218.8,0.9998,1,ISRO NRSC Landslide Atlas 2023 & NASA SRTM 30m DEM
Uttarakhand,Chamoli,6,Northwest Himalayas,Metamorphic Schist,2057.0,48.6,16.8,15.16,3.95,2.3,59.5,0.33,19.2,78.5,319.5,0.9998,1,ISRO NRSC Landslide Atlas 2023 & NASA SRTM 30m DEM
Uttarakhand,Chamoli,6,Northwest Himalayas,Metamorphic Schist,2089.0,46.0,190.6,17.38,4.19,2.6,43.5,0.75,7.2,36.1,146.4,0.9913,1,ISRO NRSC Landslide Atlas 2023 & NASA SRTM 30m DEM
Uttarakhand,Chamoli,6,Northwest Himalayas,Metamorphic Schist,2023.0,44.4,206.0,15.97,4.22,3.3,99.0,0.21,61.2,238.8,871.0,1.0,1,ISRO NRSC Landslide Atlas 2023 & NASA SRTM 30m DEM
Uttarakhand,Chamoli,6,Northwest Himalayas,Metamorphic Schist,2114.0,46.7,68.2,16.13,4.05,2.6,58.1,0.58,26.5,114.6,244.4,0.9999,1,ISRO NRSC Landslide Atlas 2023 & NASA SRTM 30m DEM
Uttarakhand,Chamoli,6,Northwest Himalayas,Metamorphic Schist,2371.0,40.8,10.6,15.32,4.45,0.9,29.0,0.71,2.5,15.1,47.2,0.9025,1,ISRO NRSC Landslide Atlas 2023 & NASA SRTM 30m DEM
Uttarakhand,Chamoli,6,Northwest Himalayas,Metamorphic Schist,2198.0,46.2,55.6,16.59,4.24,2.1,19.1,0.28,3.2,9.7,38.2,0.9609,1,ISRO NRSC Landslide Atlas 2023 & NASA SRTM 30m DEM
Uttarakhand,Chamoli,6,Northwest Himalayas,Metamorphic Schist,2299.0,41.8,341.5,13.86,4.75,2.2,79.8,0.69,29.8,118.2,411.7,0.9999,1,ISRO NRSC Landslide Atlas 2023 & NASA SRTM 30m DEM
Uttarakhand,Chamoli,6,Northwest Himalayas,Metamorphic Schist,1919.0,45.6,87.3,16.28,4.49,3.0,62.9,0.35,23.9,116.7,321.2,0.9999,1,ISRO NRSC Landslide Atlas 2023 & NASA SRTM 30m DEM
Uttarakhand,Chamoli,6,Northwest Himalayas,Metamorphic Schist,2148.0,38.7,27.8,16.42,5.04,2.4,34.2,0.3,2.3,12.2,37.0,0.9438,1,ISRO NRSC Landslide Atlas 2023 & NASA SRTM 30m DEM
Uttarakhand,Chamoli,6,Northwest Himalayas,Metamorphic Schist,2130.0,45.3,20.2,16.08,4.48,2.4,47.8,0.49,14.7,65.5,190.9,0.9983,1,ISRO NRSC Landslide Atlas 2023 & NASA SRTM 30m DEM
Uttarakhand,Chamoli,6,Northwest Himalayas,Metamorphic Schist,2137.0,41.9,327.0,16.63,5.85,3.9,48.1,0.85,12.1,66.5,253.5,0.9977,1,ISRO NRSC Landslide Atlas 2023 & NASA SRTM 30m DEM
Uttarakhand,Chamoli,6,Northwest Himalayas,Metamorphic Schist,2047.0,43.7,201.8,15.11,4.21,2.4,56.2,0.73,19.6,62.5,214.9,0.9979,1,ISRO NRSC Landslide Atlas 2023 & NASA SRTM 30m DEM
Uttarakhand,Chamoli,6,Northwest Himalayas,Metamorphic Schist,1816.0,50.7,42.0,17.52,3.5,2.6,28.3,0.47,4.9,21.7,81.4,0.9871,1,ISRO NRSC Landslide Atlas 2023 & NASA SRTM 30m DEM
Uttarakhand,Chamoli,6,Northwest Himalayas,Metamorphic Schist,2190.0,47.4,284.2,16.21,4.42,2.7,99.0,0.4,103.6,371.5,1475.6,1.0,1,ISRO NRSC Landslide Atlas 2023 & NASA SRTM 30m DEM
Uttarakhand,Chamoli,6,Northwest Himalayas,Metamorphic Schist,2126.0,46.0,100.4,17.6,4.65,3.2,15.0,0.31,0.6,2.2,6.0,0.9397,1,ISRO NRSC Landslide Atlas 2023 & NASA SRTM 30m DEM
Uttarakhand,Chamoli,6,Northwest Himalayas,Metamorphic Schist,2020.0,48.0,248.2,16.6,4.43,2.0,59.3,0.21,12.7,47.7,211.7,0.999,1,ISRO NRSC Landslide Atlas 2023 & NASA SRTM 30m DEM
Uttarakhand,Chamoli,6,Northwest Himalayas,Metamorphic Schist,2055.0,34.6,335.9,12.04,4.33,2.1,64.1,0.79,25.7,73.9,263.7,0.9967,1,ISRO NRSC Landslide Atlas 2023 & NASA SRTM 30m DEM
Uttarakhand,Chamoli,6,Northwest Himalayas,Metamorphic Schist,2022.0,46.5,347.3,16.98,4.51,2.7,25.1,0.83,5.4,15.5,64.0,0.9567,1,ISRO NRSC Landslide Atlas 2023 & NASA SRTM 30m DEM
Uttarakhand,Chamoli,6,Northwest Himalayas,Metamorphic Schist,1981.0,39.2,21.7,12.83,4.46,1.8,19.9,0.56,5.8,21.7,56.7,0.8859,1,ISRO NRSC Landslide Atlas 2023 & NASA SRTM 30m DEM
Uttarakhand,Chamoli,6,Northwest Himalayas,Metamorphic Schist,2384.0,44.3,185.6,15.31,4.07,3.0,99.0,0.2,52.0,155.7,600.2,1.0,1,ISRO NRSC Landslide Atlas 2023 & NASA SRTM 30m DEM
Uttarakhand,Chamoli,6,Northwest Himalayas,Metamorphic Schist,2242.0,40.5,110.8,14.04,5.08,2.7,31.5,0.49,6.2,20.0,68.6,0.9453,1,ISRO NRSC Landslide Atlas 2023 & NASA SRTM 30m DEM
Uttarakhand,Chamoli,6,Northwest Himalayas,Metamorphic Schist,2204.0,40.3,338.3,15.5,4.94,2.9,99.0,0.59,97.4,324.6,883.7,1.0,1,ISRO NRSC Landslide Atlas 2023 & NASA SRTM 30m DEM
Uttarakhand,Chamoli,6,Northwest Himalayas,Metamorphic Schist,2226.0,39.8,15.1,13.03,4.77,2.6,65.3,0.28,16.0,74.8,271.3,0.9989,1,ISRO NRSC Landslide Atlas 2023 & NASA SRTM 30m DEM
Uttarakhand,Chamoli,6,Northwest Himalayas,Metamorphic Schist,1985.0,44.3,349.2,15.37,4.59,2.5,59.5,0.55,22.8,86.0,251.7,0.9995,1,ISRO NRSC Landslide Atlas 2023 & NASA SRTM 30m DEM
Uttarakhand,Chamoli,6,Northwest Himalayas,Metamorphic Schist,2109.0,49.3,55.4,15.31,3.61,3.1,99.0,0.34,64.5,260.7,1167.2,1.0,1,ISRO NRSC Landslide Atlas 2023 & NASA SRTM 30m DEM
Uttarakhand,Chamoli,6,Northwest Himalayas,Metamorphic Schist,2291.0,42.2,183.7,14.21,4.34,2.4,30.3,0.62,14.0,41.6,106.5,0.9817,1,ISRO NRSC Landslide Atlas 2023 & NASA SRTM 30m DEM
Uttarakhand,Chamoli,6,Northwest Himalayas,Metamorphic Schist,1992.0,41.0,275.2,15.7,3.97,2.5,45.7,0.21,6.0,35.7,143.2,0.9905,1,ISRO NRSC Landslide Atlas 2023 & NASA SRTM 30m DEM
Uttarakhand,Chamoli,6,Northwest Himalayas,Metamorphic Schist,2195.0,53.1,253.0,18.49,4.41,2.1,37.2,0.84,13.7,44.3,120.1,0.997,1,ISRO NRSC Landslide Atlas 2023 & NASA SRTM 30m DEM
Uttarakhand,Chamoli,6,Northwest Himalayas,Metamorphic Schist,2055.0,46.6,359.2,15.77,5.29,2.6,68.9,0.55,18.3,83.1,335.0,0.9998,1,ISRO NRSC Landslide Atlas 2023 & NASA SRTM 30m DEM
Uttarakhand,Chamoli,6,Northwest Himalayas,Metamorphic Schist,2022.0,51.0,143.3,17.78,3.88,2.3,27.8,0.29,4.7,15.2,41.1,0.9863,1,ISRO NRSC Landslide Atlas 2023 & NASA SRTM 30m DEM
Uttarakhand,Chamoli,6,Northwest Himalayas,Metamorphic Schist,2160.0,46.2,342.8,15.9,4.53,1.5,52.2,0.47,19.2,59.9,221.5,0.9989,1,ISRO NRSC Landslide Atlas 2023 & NASA SRTM 30m DEM
Uttarakhand,Chamoli,6,Northwest Himalayas,Metamorphic Schist,1984.0,38.6,157.1,13.55,4.79,3.2,32.8,0.8,12.7,38.3,109.4,0.9611,1,ISRO NRSC Landslide Atlas 2023 & NASA SRTM 30m DEM
Uttarakhand,Chamoli,6,Northwest Himalayas,Metamorphic Schist,2173.0,38.5,323.2,14.56,4.55,1.5,28.0,0.72,8.3,29.3,63.6,0.9324,1,ISRO NRSC Landslide Atlas 2023 & NASA SRTM 30m DEM
Uttarakhand,Chamoli,6,Northwest Himalayas,Metamorphic Schist,1648.0,38.7,254.3,13.13,4.57,1.2,85.8,0.51,28.6,90.1,385.2,0.9998,1,ISRO NRSC Landslide Atlas 2023 & NASA SRTM 30m DEM
Uttarakhand,Chamoli,6,Northwest Himalayas,Metamorphic Schist,2119.0,40.5,113.5,16.43,4.26,3.5,23.0,0.67,0.2,1.1,2.4,0.8222,1,ISRO NRSC Landslide Atlas 2023 & NASA SRTM 30m DEM
Uttarakhand,Chamoli,6,Northwest Himalayas,Metamorphic Schist,2308.0,47.8,317.6,17.47,4.49,2.1,66.5,0.21,16.5,89.7,340.3,0.9999,1,ISRO NRSC Landslide Atlas 2023 & NASA SRTM 30m DEM
Uttarakhand,Chamoli,6,Northwest Himalayas,Metamorphic Schist,2051.0,43.7,85.3,17.03,5.84,2.6,37.2,0.73,3.7,23.6,93.9,0.9756,1,ISRO NRSC Landslide Atlas 2023 & NASA SRTM 30m DEM
Uttarakhand,Chamoli,6,Northwest Himalayas,Metamorphic Schist,1953.0,42.6,305.7,14.27,5.01,1.8,53.9,0.72,19.9,65.2,289.4,0.9985,1,ISRO NRSC Landslide Atlas 2023 & NASA SRTM 30m DEM
Uttarakhand,Chamoli,6,Northwest Himalayas,Metamorphic Schist,2253.0,49.1,227.8,17.25,4.59,2.1,59.2,0.69,21.0,90.6,267.5,0.9998,1,ISRO NRSC Landslide Atlas 2023 & NASA SRTM 30m DEM
Uttarakhand,Chamoli,6,Northwest Himalayas,Metamorphic Schist,1947.0,33.9,316.3,12.01,4.73,0.8,34.0,0.38,4.3,22.9,87.8,0.8907,1,ISRO NRSC Landslide Atlas 2023 & NASA SRTM 30m DEM
Uttarakhand,Chamoli,6,Northwest Himalayas,Metamorphic Schist,2063.0,43.9,353.3,14.44,4.61,2.0,37.5,0.31,11.4,34.3,80.5,0.987,1,ISRO NRSC Landslide Atlas 2023 & NASA SRTM 30m DEM
Uttarakhand,Chamoli,6,Northwest Himalayas,Metamorphic Schist,2215.0,48.9,173.5,16.97,4.28,2.8,21.5,0.58,3.0,16.3,46.7,0.9675,1,ISRO NRSC Landslide Atlas 2023 & NASA SRTM 30m DEM
Uttarakhand,Chamoli,6,Northwest Himalayas,Metamorphic Schist,2112.0,48.3,138.2,16.69,4.4,3.2,29.1,0.76,4.9,15.2,39.0,0.9616,1,ISRO NRSC Landslide Atlas 2023 & NASA SRTM 30m DEM
Uttarakhand,Chamoli,6,Northwest Himalayas,Metamorphic Schist,1900.0,45.3,56.5,15.85,4.93,2.4,99.0,0.34,28.0,141.4,601.8,1.0,1,ISRO NRSC Landslide Atlas 2023 & NASA SRTM 30m DEM
Uttarakhand,Chamoli,6,Northwest Himalayas,Metamorphic Schist,2266.0,42.5,281.7,14.04,4.5,0.7,27.9,0.61,1.0,4.5,20.1,0.8531,1,ISRO NRSC Landslide Atlas 2023 & NASA SRTM 30m DEM
Uttarakhand,Chamoli,6,Northwest Himalayas,Metamorphic Schist,2012.0,35.9,95.5,12.51,3.67,2.7,28.5,0.25,3.8,13.2,59.0,0.867,1,ISRO NRSC Landslide Atlas 2023 & NASA SRTM 30m DEM
Uttarakhand,Chamoli,6,Northwest Himalayas,Metamorphic Schist,2039.0,48.3,157.1,15.8,4.03,1.9,31.3,0.43,7.2,46.9,118.0,0.9934,1,ISRO NRSC Landslide Atlas 2023 & NASA SRTM 30m DEM
Uttarakhand,Chamoli,6,Northwest Himalayas,Metamorphic Schist,1582.0,46.1,310.1,14.86,5.05,3.5,30.8,0.22,10.2,44.1,89.2,0.9928,1,ISRO NRSC Landslide Atlas 2023 & NASA SRTM 30m DEM
Uttarakhand,Chamoli,6,Northwest Himalayas,Metamorphic Schist,2189.0,38.5,34.5,12.24,5.68,1.9,76.1,0.77,23.8,124.8,405.2,0.9998,1,ISRO NRSC Landslide Atlas 2023 & NASA SRTM 30m DEM
Uttarakhand,Chamoli,6,Northwest Himalayas,Metamorphic Schist,1939.0,40.4,213.3,14.51,4.34,1.9,72.8,0.61,36.8,109.7,351.3,0.9999,1,ISRO NRSC Landslide Atlas 2023 & NASA SRTM 30m DEM
Uttarakhand,Chamoli,6,Northwest Himalayas,Metamorphic Schist,2047.0,48.2,51.8,16.46,5.47,1.3,47.5,0.3,6.8,43.1,119.2,0.9966,1,ISRO NRSC Landslide Atlas 2023 & NASA SRTM 30m DEM
Uttarakhand,Chamoli,6,Northwest Himalayas,Metamorphic Schist,2240.0,33.5,277.4,12.07,4.45,2.1,97.6,0.42,28.1,185.8,526.9,1.0,1,ISRO NRSC Landslide Atlas 2023 & NASA SRTM 30m DEM
Uttarakhand,Chamoli,6,Northwest Himalayas,Metamorphic Schist,2122.0,38.9,213.4,13.01,4.33,2.4,40.7,0.37,10.5,37.1,116.1,0.9774,1,ISRO NRSC Landslide Atlas 2023 & NASA SRTM 30m DEM
Uttarakhand,Chamoli,6,Northwest Himalayas,Metamorphic Schist,1874.0,36.9,62.8,10.76,4.32,3.1,40.1,0.45,4.3,27.5,89.9,0.9093,1,ISRO NRSC Landslide Atlas 2023 & NASA SRTM 30m DEM
Uttarakhand,Chamoli,6,Northwest Himalayas,Metamorphic Schist,2399.0,46.8,170.5,15.77,4.34,1.9,79.4,0.49,33.3,100.2,416.4,1.0,1,ISRO NRSC Landslide Atlas 2023 & NASA SRTM 30m DEM
Uttarakhand,Chamoli,6,Northwest Himalayas,Metamorphic Schist,2043.0,41.2,305.1,12.94,5.13,2.9,25.6,0.66,2.3,8.6,32.3,0.8364,1,ISRO NRSC Landslide Atlas 2023 & NASA SRTM 30m DEM
Uttarakhand,Chamoli,6,Northwest Himalayas,Metamorphic Schist,1823.0,46.7,36.0,14.51,3.92,1.4,99.0,0.65,33.0,127.6,554.6,1.0,1,ISRO NRSC Landslide Atlas 2023 & NASA SRTM 30m DEM
Uttarakhand,Chamoli,6,Northwest Himalayas,Metamorphic Schist,2182.0,41.0,223.6,14.59,4.18,2.7,33.4,0.28,0.5,1.9,5.1,0.8887,1,ISRO NRSC Landslide Atlas 2023 & NASA SRTM 30m DEM
Uttarakhand,Chamoli,6,Northwest Himalayas,Metamorphic Schist,2097.0,35.3,224.8,11.58,4.35,2.2,25.1,0.37,1.8,8.1,17.9,0.7305,1,ISRO NRSC Landslide Atlas 2023 & NASA SRTM 30m DEM
Uttarakhand,Chamoli,6,Northwest Himalayas,Metamorphic Schist,2068.0,42.6,81.5,16.41,3.83,2.7,45.5,0.21,13.1,57.0,164.3,0.9975,1,ISRO NRSC Landslide Atlas 2023 & NASA SRTM 30m DEM
Uttarakhand,Chamoli,6,Northwest Himalayas,Metamorphic Schist,2072.0,42.4,357.9,14.7,3.58,3.0,47.9,0.22,13.5,64.8,260.3,0.9985,1,ISRO NRSC Landslide Atlas 2023 & NASA SRTM 30m DEM
Uttarakhand,Chamoli,6,Northwest Himalayas,Metamorphic Schist,2149.0,44.9,69.4,15.57,4.54,2.4,23.4,0.28,5.1,18.1,42.0,0.9668,1,ISRO NRSC Landslide Atlas 2023 & NASA SRTM 30m DEM
Uttarakhand,Chamoli,6,Northwest Himalayas,Metamorphic Schist,1937.0,48.6,2.0,15.93,4.55,2.8,27.2,0.5,8.0,23.1,50.8,0.9804,1,ISRO NRSC Landslide Atlas 2023 & NASA SRTM 30m DEM
Uttarakhand,Chamoli,6,Northwest Himalayas,Metamorphic Schist,2075.0,41.6,238.5,11.93,4.56,3.1,44.9,0.65,10.1,40.1,150.8,0.9786,1,ISRO NRSC Landslide Atlas 2023 & NASA SRTM 30m DEM
Uttarakhand,Chamoli,6,Northwest Himalayas,Metamorphic Schist,1937.0,40.3,118.4,14.2,4.76,2.3,15.0,0.4,0.7,4.9,12.0,0.8277,1,ISRO NRSC Landslide Atlas 2023 & NASA SRTM 30m DEM
Uttarakhand,Chamoli,6,Northwest Himalayas,Metamorphic Schist,2220.0,43.1,350.4,18.53,5.2,1.7,61.9,0.51,35.0,102.5,299.9,0.9999,1,ISRO NRSC Landslide Atlas 2023 & NASA SRTM 30m DEM
Uttarakhand,Chamoli,6,Northwest Himalayas,Metamorphic Schist,2004.0,36.9,61.9,12.56,4.13,2.2,46.1,0.29,22.3,77.0,195.9,0.9972,1,ISRO NRSC Landslide Atlas 2023 & NASA SRTM 30m DEM
Uttarakhand,Chamoli,6,Northwest Himalayas,Metamorphic Schist,2005.0,35.1,120.5,12.66,5.69,3.0,54.1,0.79,18.7,55.0,226.9,0.9911,1,ISRO NRSC Landslide Atlas 2023 & NASA SRTM 30m DEM
Uttarakhand,Chamoli,6,Northwest Himalayas,Metamorphic Schist,1919.0,53.3,297.0,19.46,4.48,2.9,22.6,0.43,3.6,11.4,36.7,0.9875,1,ISRO NRSC Landslide Atlas 2023 & NASA SRTM 30m DEM
Uttarakhand,Chamoli,6,Northwest Himalayas,Metamorphic Schist,2192.0,46.0,114.6,17.72,4.36,1.3,22.8,0.83,2.4,10.1,26.9,0.9306,1,ISRO NRSC Landslide Atlas 2023 & NASA SRTM 30m DEM
Uttarakhand,Chamoli,6,Northwest Himalayas,Metamorphic Schist,1785.0,52.6,28.2,19.17,3.92,2.1,99.0,0.6,60.6,311.5,1125.0,1.0,1,ISRO NRSC Landslide Atlas 2023 & NASA SRTM 30m DEM
Uttarakhand,Chamoli,6,Northwest Himalayas,Metamorphic Schist,2117.0,43.4,357.3,14.67,5.01,3.4,50.5,0.5,19.7,57.6,241.7,0.9983,1,ISRO NRSC Landslide Atlas 2023 & NASA SRTM 30m DEM
Uttarakhand,Chamoli,6,Northwest Himalayas,Metamorphic Schist,2269.0,36.8,295.4,12.53,4.24,4.0,99.0,0.51,56.1,306.7,1159.5,1.0,1,ISRO NRSC Landslide Atlas 2023 & NASA SRTM 30m DEM
Uttarakhand,Chamoli,6,Northwest Himalayas,Metamorphic Schist,2273.0,48.1,70.0,16.93,4.89,3.1,46.8,0.66,12.6,82.3,177.5,0.999,1,ISRO NRSC Landslide Atlas 2023 & NASA SRTM 30m DEM
Uttarakhand,Chamoli,6,Northwest Himalayas,Metamorphic Schist,2129.0,51.0,340.3,19.87,4.3,2.6,26.9,0.5,6.3,24.0,71.5,0.9925,1,ISRO NRSC Landslide Atlas 2023 & NASA SRTM 30m DEM
Uttarakhand,Chamoli,6,Northwest Himalayas,Metamorphic Schist,2016.0,36.9,134.3,13.3,5.22,2.0,38.9,0.46,7.9,37.3,134.8,0.9716,1,ISRO NRSC Landslide Atlas 2023 & NASA SRTM 30m DEM
Uttarakhand,Chamoli,6,Northwest Himalayas,Metamorphic Schist,1711.0,41.1,242.2,15.01,4.31,3.6,37.0,0.43,10.8,41.9,114.1,0.9869,1,ISRO NRSC Landslide Atlas 2023 & NASA SRTM 30m DEM
Uttarakhand,Chamoli,6,Northwest Himalayas,Metamorphic Schist,2292.0,37.2,203.5,12.17,4.75,3.6,99.0,0.84,66.0,193.9,588.7,1.0,1,ISRO NRSC Landslide Atlas 2023 & NASA SRTM 30m DEM
Uttarakhand,Chamoli,6,Northwest Himalayas,Metamorphic Schist,1971.0,33.7,231.7,11.05,4.19,1.4,29.3,0.84,6.7,19.5,40.8,0.6996,1,ISRO NRSC Landslide Atlas 2023 & NASA SRTM 30m DEM
Uttarakhand,Chamoli,6,Northwest Himalayas,Metamorphic Schist,2045.0,49.0,105.3,19.1,4.63,1.9,19.6,0.24,2.9,14.7,43.3,0.9852,1,ISRO NRSC Landslide Atlas 2023 & NASA SRTM 30m DEM
Uttarakhand,Chamoli,6,Northwest Himalayas,Metamorphic Schist,1924.0,43.4,138.8,16.72,4.47,2.0,28.7,0.5,10.3,34.3,94.6,0.9858,1,ISRO NRSC Landslide Atlas 2023 & NASA SRTM 30m DEM
Uttarakhand,Chamoli,6,Northwest Himalayas,Metamorphic Schist,1989.0,46.5,98.3,16.28,3.7,2.4,27.9,0.53,2.1,12.3,48.2,0.9537,1,ISRO NRSC Landslide Atlas 2023 & NASA SRTM 30m DEM
Uttarakhand,Chamoli,6,Northwest Himalayas,Metamorphic Schist,2247.0,47.1,222.4,17.88,4.22,1.7,23.4,0.7,2.5,12.2,25.3,0.9514,1,ISRO NRSC Landslide Atlas 2023 & NASA SRTM 30m DEM
Uttarakhand,Chamoli,6,Northwest Himalayas,Metamorphic Schist,1829.0,44.2,282.7,15.62,4.98,2.3,30.0,0.58,1.3,4.0,15.8,0.9111,1,ISRO NRSC Landslide Atlas 2023 & NASA SRTM 30m DEM
Uttarakhand,Chamoli,6,Northwest Himalayas,Metamorphic Schist,2101.0,52.2,290.3,17.71,4.84,2.1,17.1,0.78,1.4,5.4,22.8,0.9529,1,ISRO NRSC Landslide Atlas 2023 & NASA SRTM 30m DEM
Uttarakhand,Chamoli,6,Northwest Himalayas,Metamorphic Schist,2009.0,40.4,21.1,14.87,3.78,1.1,61.3,0.35,15.8,95.4,277.2,0.9995,1,ISRO NRSC Landslide Atlas 2023 & NASA SRTM 30m DEM
Uttarakhand,Chamoli,6,Northwest Himalayas,Metamorphic Schist,2133.0,41.5,126.0,12.62,4.34,2.7,81.3,0.57,18.5,82.3,366.2,0.9995,1,ISRO NRSC Landslide Atlas 2023 & NASA SRTM 30m DEM
Uttarakhand,Chamoli,6,Northwest Himalayas,Metamorphic Schist,2041.0,47.1,275.5,15.6,3.87,3.1,21.1,0.3,8.7,35.9,74.5,0.9869,1,ISRO NRSC Landslide Atlas 2023 & NASA SRTM 30m DEM
Uttarakhand,Chamoli,6,Northwest Himalayas,Metamorphic Schist,2152.0,33.8,16.1,12.09,5.42,2.5,27.6,0.83,2.7,7.9,25.0,0.6292,1,ISRO NRSC Landslide Atlas 2023 & NASA SRTM 30m DEM
Uttarakhand,Chamoli,6,Northwest Himalayas,Metamorphic Schist,2252.0,51.8,62.3,17.64,4.77,1.7,31.5,0.43,0.6,2.1,5.8,0.9714,1,ISRO NRSC Landslide Atlas 2023 & NASA SRTM 30m DEM
Uttarakhand,Chamoli,6,Northwest Himalayas,Metamorphic Schist,2269.0,50.1,26.7,18.15,3.79,1.7,74.4,0.84,55.6,162.4,342.2,1.0,1,ISRO NRSC Landslide Atlas 2023 & NASA SRTM 30m DEM
Uttarakhand,Chamoli,6,Northwest Himalayas,Metamorphic Schist,1920.0,42.9,91.9,15.29,3.8,2.6,17.4,0.6,0.0,0.2,0.5,0.8103,1,ISRO NRSC Landslide Atlas 2023 & NASA SRTM 30m DEM
Uttarakhand,Chamoli,6,Northwest Himalayas,Metamorphic Schist,2052.0,41.2,261.3,15.83,4.82,2.9,42.8,0.72,9.8,61.7,187.2,0.9944,1,ISRO NRSC Landslide Atlas 2023 & NASA SRTM 30m DEM
Uttarakhand,Chamoli,6,Northwest Himalayas,Metamorphic Schist,2279.0,47.7,90.8,17.22,3.53,3.5,26.6,0.51,3.3,18.7,40.4,0.9705,1,ISRO NRSC Landslide Atlas 2023 & NASA SRTM 30m DEM
Uttarakhand,Chamoli,6,Northwest Himalayas,Metamorphic Schist,1913.0,43.8,232.1,16.78,5.6,0.4,32.7,0.24,3.8,15.8,60.8,0.9786,1,ISRO NRSC Landslide Atlas 2023 & NASA SRTM 30m DEM
Uttarakhand,Chamoli,6,Northwest Himalayas,Metamorphic Schist,2271.0,49.4,189.2,16.49,5.22,1.4,86.6,0.31,56.2,163.1,442.5,1.0,1,ISRO NRSC Landslide Atlas 2023 & NASA SRTM 30m DEM
Uttarakhand,Chamoli,6,Northwest Himalayas,Metamorphic Schist,2069.0,47.9,29.6,16.34,4.02,2.4,57.1,0.74,12.4,73.7,237.8,0.999,1,ISRO NRSC Landslide Atlas 2023 & NASA SRTM 30m DEM
Uttarakhand,Chamoli,6,Northwest Himalayas,Metamorphic Schist,2130.0,53.8,159.1,18.31,4.7,2.5,80.1,0.73,24.2,134.3,363.1,1.0,1,ISRO NRSC Landslide Atlas 2023 & NASA SRTM 30m DEM
Uttarakhand,Chamoli,6,Northwest Himalayas,Metamorphic Schist,1961.0,38.9,284.5,12.4,4.06,2.5,20.6,0.68,0.8,2.2,5.1,0.655,1,ISRO NRSC Landslide Atlas 2023 & NASA SRTM 30m DEM
Uttarakhand,Chamoli,6,Northwest Himalayas,Metamorphic Schist,1995.0,43.4,358.1,17.4,4.32,2.0,55.7,0.76,21.1,105.2,286.3,0.9997,1,ISRO NRSC Landslide Atlas 2023 & NASA SRTM 30m DEM
Uttarakhand,Chamoli,6,Northwest Himalayas,Metamorphic Schist,1962.0,45.0,46.4,14.73,4.69,3.2,53.1,0.7,18.9,75.6,221.7,0.9987,1,ISRO NRSC Landslide Atlas 2023 & NASA SRTM 30m DEM
Uttarakhand,Chamoli,6,Northwest Himalayas,Metamorphic Schist,2172.0,36.3,152.1,11.31,5.39,4.1,31.9,0.24,9.0,36.0,114.3,0.9608,1,ISRO NRSC Landslide Atlas 2023 & NASA SRTM 30m DEM
Uttarakhand,Chamoli,6,Northwest Himalayas,Metamorphic Schist,2154.0,47.6,45.1,14.59,4.17,2.5,74.0,0.7,15.7,100.1,343.7,0.9998,1,ISRO NRSC Landslide Atlas 2023 & NASA SRTM 30m DEM
Uttarakhand,Chamoli,6,Northwest Himalayas,Metamorphic Schist,2017.0,39.5,61.6,13.7,5.26,1.8,30.8,0.51,6.2,21.5,64.3,0.936,1,ISRO NRSC Landslide Atlas 2023 & NASA SRTM 30m DEM
Uttarakhand,Chamoli,6,Northwest Himalayas,Metamorphic Schist,2130.0,39.4,329.1,14.96,4.82,3.2,26.1,0.8,3.6,17.2,69.9,0.8924,1,ISRO NRSC Landslide Atlas 2023 & NASA SRTM 30m DEM
Uttarakhand,Chamoli,6,Northwest Himalayas,Metamorphic Schist,2127.0,37.9,110.0,11.45,5.03,2.7,40.2,0.75,14.7,58.7,149.0,0.9807,1,ISRO NRSC Landslide Atlas 2023 & NASA SRTM 30m DEM
Uttarakhand,Chamoli,6,Northwest Himalayas,Metamorphic Schist,2331.0,42.3,182.6,14.67,4.41,2.0,28.8,0.78,1.8,5.7,11.5,0.838,1,ISRO NRSC Landslide Atlas 2023 & NASA SRTM 30m DEM
Uttarakhand,Chamoli,6,Northwest Himalayas,Metamorphic Schist,2028.0,34.3,182.7,11.82,4.37,2.9,33.1,0.31,4.5,21.7,95.3,0.8971,1,ISRO NRSC Landslide Atlas 2023 & NASA SRTM 30m DEM
Uttarakhand,Chamoli,6,Northwest Himalayas,Metamorphic Schist,2037.0,55.7,262.1,20.04,3.78,2.0,27.5,0.53,0.9,5.7,17.6,0.9851,1,ISRO NRSC Landslide Atlas 2023 & NASA SRTM 30m DEM
Uttarakhand,Chamoli,6,Northwest Himalayas,Metamorphic Schist,1971.0,39.9,130.8,14.51,4.86,1.1,45.2,0.37,18.2,75.1,200.1,0.9981,1,ISRO NRSC Landslide Atlas 2023 & NASA SRTM 30m DEM
Uttarakhand,Chamoli,6,Northwest Himalayas,Metamorphic Schist,2061.0,51.0,169.4,16.83,4.49,3.0,39.6,0.71,8.1,35.3,85.9,0.992,1,ISRO NRSC Landslide Atlas 2023 & NASA SRTM 30m DEM
Uttarakhand,Chamoli,6,Northwest Himalayas,Metamorphic Schist,1975.0,44.5,36.6,15.13,4.06,1.6,70.8,0.34,26.8,131.8,380.1,1.0,1,ISRO NRSC Landslide Atlas 2023 & NASA SRTM 30m DEM
Uttarakhand,Chamoli,6,Northwest Himalayas,Metamorphic Schist,2101.0,38.0,314.7,12.66,4.57,2.3,27.5,0.82,5.6,19.2,78.6,0.8514,1,ISRO NRSC Landslide Atlas 2023 & NASA SRTM 30m DEM
Uttarakhand,Chamoli,6,Northwest Himalayas,Metamorphic Schist,2107.0,42.5,144.1,14.36,4.28,0.3,31.5,0.35,5.7,26.1,67.9,0.9666,1,ISRO NRSC Landslide Atlas 2023 & NASA SRTM 30m DEM
Uttarakhand,Chamoli,6,Northwest Himalayas,Metamorphic Schist,2033.0,48.0,283.3,17.49,4.57,3.2,56.3,0.63,31.1,90.4,272.2,0.9999,1,ISRO NRSC Landslide Atlas 2023 & NASA SRTM 30m DEM
Uttarakhand,Chamoli,6,Northwest Himalayas,Metamorphic Schist,2044.0,31.0,312.1,11.56,5.73,3.6,55.1,0.61,23.4,70.7,255.4,0.9947,1,ISRO NRSC Landslide Atlas 2023 & NASA SRTM 30m DEM
Uttarakhand,Chamoli,6,Northwest Himalayas,Metamorphic Schist,1960.0,40.0,294.1,14.67,4.35,2.5,41.1,0.74,14.4,47.8,114.2,0.9844,1,ISRO NRSC Landslide Atlas 2023 & NASA SRTM 30m DEM
Uttarakhand,Chamoli,6,Northwest Himalayas,Metamorphic Schist,2392.0,49.4,53.4,17.94,5.17,1.3,48.9,0.6,16.5,70.5,223.0,0.9994,1,ISRO NRSC Landslide Atlas 2023 & NASA SRTM 30m DEM
Uttarakhand,Chamoli,6,Northwest Himalayas,Metamorphic Schist,1928.0,50.1,254.4,18.31,4.51,1.0,32.9,0.41,14.3,49.7,123.5,0.998,1,ISRO NRSC Landslide Atlas 2023 & NASA SRTM 30m DEM
Uttarakhand,Chamoli,6,Northwest Himalayas,Metamorphic Schist,2258.0,46.8,263.4,16.69,4.94,2.7,50.9,0.27,18.0,58.5,202.1,0.9992,1,ISRO NRSC Landslide Atlas 2023 & NASA SRTM 30m DEM
Uttarakhand,Chamoli,6,Northwest Himalayas,Metamorphic Schist,2055.0,34.0,99.9,9.23,5.65,2.9,80.2,0.62,28.1,89.3,380.4,0.9992,1,ISRO NRSC Landslide Atlas 2023 & NASA SRTM 30m DEM
Uttarakhand,Chamoli,6,Northwest Himalayas,Metamorphic Schist,2177.0,43.8,160.2,13.7,5.32,2.6,32.6,0.48,1.7,6.4,20.6,0.9085,1,ISRO NRSC Landslide Atlas 2023 & NASA SRTM 30m DEM
Uttarakhand,Chamoli,6,Northwest Himalayas,Metamorphic Schist,2207.0,42.5,341.0,12.81,4.4,3.5,99.0,0.49,25.3,153.7,663.2,1.0,1,ISRO NRSC Landslide Atlas 2023 & NASA SRTM 30m DEM
Uttarakhand,Chamoli,6,Northwest Himalayas,Metamorphic Schist,2114.0,40.7,36.8,14.37,4.59,4.2,74.4,0.74,53.0,172.1,397.0,1.0,1,ISRO NRSC Landslide Atlas 2023 & NASA SRTM 30m DEM
Uttarakhand,Chamoli,6,Northwest Himalayas,Metamorphic Schist,2222.0,40.4,199.5,13.51,5.49,0.7,99.0,0.76,71.5,253.6,1081.5,1.0,1,ISRO NRSC Landslide Atlas 2023 & NASA SRTM 30m DEM
Uttarakhand,Chamoli,6,Northwest Himalayas,Metamorphic Schist,2273.0,39.6,238.6,13.59,5.69,1.2,99.0,0.59,70.3,278.6,558.0,1.0,1,ISRO NRSC Landslide Atlas 2023 & NASA SRTM 30m DEM
Uttarakhand,Chamoli,6,Northwest Himalayas,Metamorphic Schist,2176.0,48.3,176.0,17.0,4.82,2.5,26.3,0.8,1.5,7.7,21.9,0.9384,1,ISRO NRSC Landslide Atlas 2023 & NASA SRTM 30m DEM
Uttarakhand,Chamoli,6,Northwest Himalayas,Metamorphic Schist,2027.0,49.4,216.8,15.23,3.51,2.8,36.2,0.67,7.5,32.8,117.1,0.9871,1,ISRO NRSC Landslide Atlas 2023 & NASA SRTM 30m DEM
Uttarakhand,Chamoli,6,Northwest Himalayas,Metamorphic Schist,2295.0,36.2,201.9,13.43,5.35,2.6,44.7,0.8,11.9,51.2,136.9,0.9769,1,ISRO NRSC Landslide Atlas 2023 & NASA SRTM 30m DEM
Uttarakhand,Chamoli,6,Northwest Himalayas,Metamorphic Schist,2081.0,51.3,331.3,18.03,4.14,1.6,42.8,0.21,18.8,59.5,125.1,0.9993,1,ISRO NRSC Landslide Atlas 2023 & NASA SRTM 30m DEM
Uttarakhand,Chamoli,6,Northwest Himalayas,Metamorphic Schist,2144.0,46.4,148.8,16.5,5.04,1.8,41.2,0.77,19.0,55.6,148.6,0.997,1,ISRO NRSC Landslide Atlas 2023 & NASA SRTM 30m DEM
Uttarakhand,Chamoli,6,Northwest Himalayas,Metamorphic Schist,1976.0,49.0,115.1,17.43,4.46,3.3,33.8,0.42,4.5,13.1,37.9,0.9807,1,ISRO NRSC Landslide Atlas 2023 & NASA SRTM 30m DEM
Uttarakhand,Chamoli,6,Northwest Himalayas,Metamorphic Schist,2084.0,43.7,160.4,15.18,5.06,1.1,37.0,0.32,9.6,53.1,208.1,0.9965,1,ISRO NRSC Landslide Atlas 2023 & NASA SRTM 30m DEM
Uttarakhand,Chamoli,6,Northwest Himalayas,Metamorphic Schist,2312.0,43.3,219.0,14.12,4.52,3.4,31.3,0.74,3.3,13.2,36.3,0.9001,1,ISRO NRSC Landslide Atlas 2023 & NASA SRTM 30m DEM
Uttarakhand,Chamoli,6,Northwest Himalayas,Metamorphic Schist,2133.0,52.3,252.8,18.15,4.18,3.5,32.5,0.33,3.2,17.7,45.0,0.9897,1,ISRO NRSC Landslide Atlas 2023 & NASA SRTM 30m DEM
Uttarakhand,Chamoli,6,Northwest Himalayas,Metamorphic Schist,1999.0,43.0,165.0,14.64,5.2,4.2,17.0,0.65,1.4,5.0,12.6,0.8445,1,ISRO NRSC Landslide Atlas 2023 & NASA SRTM 30m DEM
Uttarakhand,Chamoli,6,Northwest Himalayas,Metamorphic Schist,2086.0,43.5,124.3,16.84,4.22,1.8,30.8,0.39,1.3,7.4,32.4,0.9465,1,ISRO NRSC Landslide Atlas 2023 & NASA SRTM 30m DEM
Uttarakhand,Chamoli,6,Northwest Himalayas,Metamorphic Schist,2129.0,47.1,289.5,17.51,4.3,1.7,25.5,0.68,4.9,15.6,53.6,0.9667,1,ISRO NRSC Landslide Atlas 2023 & NASA SRTM 30m DEM
Uttarakhand,Chamoli,6,Northwest Himalayas,Metamorphic Schist,1849.0,42.9,60.4,16.12,4.71,1.2,17.1,0.28,3.0,18.4,79.5,0.9634,1,ISRO NRSC Landslide Atlas 2023 & NASA SRTM 30m DEM
Uttarakhand,Chamoli,6,Northwest Himalayas,Metamorphic Schist,2132.0,34.7,227.8,12.4,6.26,2.6,99.0,0.33,43.6,139.7,578.3,1.0,1,ISRO NRSC Landslide Atlas 2023 & NASA SRTM 30m DEM
Uttarakhand,Chamoli,6,Northwest Himalayas,Metamorphic Schist,1837.0,44.0,214.2,15.6,4.62,1.9,56.9,0.46,12.5,75.1,237.9,0.999,1,ISRO NRSC Landslide Atlas 2023 & NASA SRTM 30m DEM
Uttarakhand,Chamoli,6,Northwest Himalayas,Metamorphic Schist,1885.0,47.1,214.5,16.21,4.81,2.6,53.4,0.36,16.8,80.1,251.0,0.9996,1,ISRO NRSC Landslide Atlas 2023 & NASA SRTM 30m DEM
Uttarakhand,Chamoli,6,Northwest Himalayas,Metamorphic Schist,2229.0,49.1,253.0,16.49,4.22,1.9,22.1,0.33,7.2,24.6,57.5,0.9852,1,ISRO NRSC Landslide Atlas 2023 & NASA SRTM 30m DEM
Uttarakhand,Chamoli,6,Northwest Himalayas,Metamorphic Schist,2037.0,42.3,275.6,14.5,4.64,1.8,27.4,0.55,3.8,24.9,57.4,0.9452,1,ISRO NRSC Landslide Atlas 2023 & NASA SRTM 30m DEM
Uttarakhand,Chamoli,6,Northwest Himalayas,Metamorphic Schist,1929.0,49.2,80.7,18.58,4.02,2.7,24.2,0.6,1.7,5.6,23.0,0.9611,1,ISRO NRSC Landslide Atlas 2023 & NASA SRTM 30m DEM
Uttarakhand,Chamoli,6,Northwest Himalayas,Metamorphic Schist,2304.0,41.5,61.3,14.06,4.47,1.9,99.0,0.84,25.3,143.7,531.1,1.0,1,ISRO NRSC Landslide Atlas 2023 & NASA SRTM 30m DEM
Uttarakhand,Chamoli,6,Northwest Himalayas,Metamorphic Schist,2424.0,46.4,74.2,15.87,4.61,2.6,56.8,0.81,12.9,71.7,279.4,0.9989,1,ISRO NRSC Landslide Atlas 2023 & NASA SRTM 30m DEM
Uttarakhand,Chamoli,6,Northwest Himalayas,Metamorphic Schist,2111.0,48.2,144.1,15.86,4.32,2.1,25.6,0.6,0.3,1.8,6.4,0.9175,1,ISRO NRSC Landslide Atlas 2023 & NASA SRTM 30m DEM
Uttarakhand,Chamoli,6,Northwest Himalayas,Metamorphic Schist,1930.0,48.2,343.5,17.24,5.17,3.3,27.5,0.36,4.2,24.9,62.7,0.9867,1,ISRO NRSC Landslide Atlas 2023 & NASA SRTM 30m DEM
Uttarakhand,Chamoli,6,Northwest Himalayas,Metamorphic Schist,2195.0,49.8,332.6,15.95,4.61,3.9,83.0,0.31,23.0,123.5,437.4,1.0,1,ISRO NRSC Landslide Atlas 2023 & NASA SRTM 30m DEM
Uttarakhand,Chamoli,6,Northwest Himalayas,Metamorphic Schist,1949.0,38.5,142.4,13.08,5.33,2.7,52.9,0.45,23.0,68.6,238.7,0.998,1,ISRO NRSC Landslide Atlas 2023 & NASA SRTM 30m DEM
Uttarakhand,Chamoli,6,Northwest Himalayas,Metamorphic Schist,2060.0,47.9,253.5,17.41,3.91,2.5,18.0,0.51,4.3,14.8,35.7,0.965,1,ISRO NRSC Landslide Atlas 2023 & NASA SRTM 30m DEM
Uttarakhand,Chamoli,6,Northwest Himalayas,Metamorphic Schist,2363.0,45.5,105.8,13.41,5.02,2.1,60.7,0.32,13.2,72.8,218.7,0.9989,1,ISRO NRSC Landslide Atlas 2023 & NASA SRTM 30m DEM
Uttarakhand,Chamoli,6,Northwest Himalayas,Metamorphic Schist,2098.0,42.8,119.1,15.15,4.71,1.8,61.2,0.81,17.3,64.3,274.6,0.9984,1,ISRO NRSC Landslide Atlas 2023 & NASA SRTM 30m DEM
Uttarakhand,Chamoli,6,Northwest Himalayas,Metamorphic Schist,2017.0,33.4,94.4,12.11,5.29,1.4,27.5,0.75,1.5,4.9,16.0,0.5971,1,ISRO NRSC Landslide Atlas 2023 & NASA SRTM 30m DEM
Uttarakhand,Chamoli,6,Northwest Himalayas,Metamorphic Schist,1793.0,41.4,327.7,13.58,4.98,3.3,21.5,0.38,1.1,5.5,16.5,0.8609,1,ISRO NRSC Landslide Atlas 2023 & NASA SRTM 30m DEM
Uttarakhand,Chamoli,6,Northwest Himalayas,Metamorphic Schist,2370.0,47.2,218.0,16.86,4.25,4.0,55.2,0.79,31.1,93.6,256.4,0.9998,1,ISRO NRSC Landslide Atlas 2023 & NASA SRTM 30m DEM
Uttarakhand,Chamoli,6,Northwest Himalayas,Metamorphic Schist,2161.0,46.9,139.4,16.06,4.96,2.5,99.0,0.76,33.6,178.0,532.7,1.0,1,ISRO NRSC Landslide Atlas 2023 & NASA SRTM 30m DEM
Uttarakhand,Chamoli,6,Northwest Himalayas,Metamorphic Schist,2286.0,38.4,186.9,12.49,5.27,1.9,56.0,0.72,34.8,103.0,213.1,0.9993,1,ISRO NRSC Landslide Atlas 2023 & NASA SRTM 30m DEM
Uttarakhand,Chamoli,6,Northwest Himalayas,Metamorphic Schist,1914.0,47.3,59.0,16.15,4.68,2.1,53.2,0.27,11.9,48.8,181.9,0.9983,1,ISRO NRSC Landslide Atlas 2023 & NASA SRTM 30m DEM
Uttarakhand,Chamoli,6,Northwest Himalayas,Metamorphic Schist,2118.0,48.2,258.4,17.01,5.56,3.6,48.5,0.51,26.7,76.5,223.7,0.9997,1,ISRO NRSC Landslide Atlas 2023 & NASA SRTM 30m DEM
Uttarakhand,Chamoli,6,Northwest Himalayas,Metamorphic Schist,2114.0,45.4,196.8,17.52,4.09,2.9,33.4,0.64,8.1,25.7,107.7,0.9847,1,ISRO NRSC Landslide Atlas 2023 & NASA SRTM 30m DEM
Uttarakhand,Chamoli,6,Northwest Himalayas,Metamorphic Schist,2093.0,53.9,242.0,17.45,4.3,2.4,59.9,0.85,16.9,74.4,283.5,0.9997,1,ISRO NRSC Landslide Atlas 2023 & NASA SRTM 30m DEM
Uttarakhand,Chamoli,6,Northwest Himalayas,Metamorphic Schist,2254.0,51.9,62.4,16.88,5.35,2.6,65.6,0.23,27.0,126.8,350.0,1.0,1,ISRO NRSC Landslide Atlas 2023 & NASA SRTM 30m DEM
Uttarakhand,Chamoli,6,Northwest Himalayas,Metamorphic Schist,2248.0,46.4,255.9,16.87,4.12,2.3,61.3,0.35,12.9,54.3,236.4,0.999,1,ISRO NRSC Landslide Atlas 2023 & NASA SRTM 30m DEM
Uttarakhand,Chamoli,6,Northwest Himalayas,Metamorphic Schist,2003.0,46.5,173.4,16.46,4.42,1.7,72.8,0.68,31.8,113.8,319.3,0.9999,1,ISRO NRSC Landslide Atlas 2023 & NASA SRTM 30m DEM
Uttarakhand,Chamoli,6,Northwest Himalayas,Metamorphic Schist,1910.0,44.7,157.3,15.49,4.12,2.3,35.9,0.6,12.2,39.6,155.6,0.9912,1,ISRO NRSC Landslide Atlas 2023 & NASA SRTM 30m DEM
Uttarakhand,Chamoli,6,Northwest Himalayas,Metamorphic Schist,2374.0,33.3,70.6,11.37,5.65,3.5,63.0,0.26,22.2,95.4,263.8,0.9989,1,ISRO NRSC Landslide Atlas 2023 & NASA SRTM 30m DEM
Uttarakhand,Chamoli,6,Northwest Himalayas,Metamorphic Schist,2018.0,53.6,271.8,17.76,4.62,4.6,50.7,0.32,15.2,63.1,232.9,0.9997,1,ISRO NRSC Landslide Atlas 2023 & NASA SRTM 30m DEM
Uttarakhand,Chamoli,6,Northwest Himalayas,Metamorphic Schist,2120.0,49.2,183.6,17.2,3.69,2.4,33.9,0.83,8.6,29.7,79.8,0.9847,1,ISRO NRSC Landslide Atlas 2023 & NASA SRTM 30m DEM
Kerala,Kozhikode,7,Western Ghats,Laterite,618.0,24.7,188.9,8.94,5.32,2.5,36.4,0.55,5.9,32.4,108.0,0.7067,1,ISRO NRSC Landslide Atlas 2023 & NASA SRTM 30m DEM
Kerala,Kozhikode,7,Western Ghats,Laterite,535.0,38.8,84.1,14.44,5.07,1.2,78.4,0.46,27.1,134.7,362.5,0.9999,1,ISRO NRSC Landslide Atlas 2023 & NASA SRTM 30m DEM
Kerala,Kozhikode,7,Western Ghats,Laterite,761.0,26.3,304.7,9.97,5.77,2.8,34.5,0.66,9.5,33.2,146.6,0.8171,1,ISRO NRSC Landslide Atlas 2023 & NASA SRTM 30m DEM
Kerala,Kozhikode,7,Western Ghats,Laterite,396.0,32.6,69.6,11.56,4.49,2.5,15.0,0.39,0.0,0.1,0.3,0.4962,0,ISRO NRSC Landslide Atlas 2023 & NASA SRTM 30m DEM
Kerala,Kozhikode,7,Western Ghats,Laterite,761.0,33.1,7.6,12.01,4.69,1.1,28.8,0.29,12.7,37.7,130.2,0.9538,1,ISRO NRSC Landslide Atlas 2023 & NASA SRTM 30m DEM
Kerala,Kozhikode,7,Western Ghats,Laterite,880.0,32.6,337.6,13.12,3.91,1.8,78.6,0.26,16.4,101.4,365.0,0.9995,1,ISRO NRSC Landslide Atlas 2023 & NASA SRTM 30m DEM
Kerala,Kozhikode,7,Western Ghats,Laterite,270.0,32.1,4.5,11.24,4.71,2.7,35.3,0.56,13.4,72.7,163.4,0.9775,1,ISRO NRSC Landslide Atlas 2023 & NASA SRTM 30m DEM
Kerala,Kozhikode,7,Western Ghats,Laterite,767.0,26.6,298.9,8.57,4.5,2.5,75.5,0.4,14.8,93.6,356.7,0.9962,1,ISRO NRSC Landslide Atlas 2023 & NASA SRTM 30m DEM
Kerala,Kozhikode,7,Western Ghats,Laterite,504.0,32.8,19.5,11.89,5.19,3.5,16.9,0.64,1.3,4.2,10.8,0.5161,1,ISRO NRSC Landslide Atlas 2023 & NASA SRTM 30m DEM
Kerala,Kozhikode,7,Western Ghats,Laterite,581.0,26.8,285.6,8.81,5.53,2.1,22.5,0.32,0.7,2.1,6.2,0.3571,0,ISRO NRSC Landslide Atlas 2023 & NASA SRTM 30m DEM
Kerala,Kozhikode,7,Western Ghats,Laterite,858.0,22.1,311.4,7.35,5.27,2.6,60.2,0.27,18.0,72.2,262.2,0.9794,1,ISRO NRSC Landslide Atlas 2023 & NASA SRTM 30m DEM
Kerala,Kozhikode,7,Western Ghats,Laterite,489.0,31.7,263.2,13.82,4.43,2.1,20.9,0.6,4.2,18.5,40.4,0.7471,1,ISRO NRSC Landslide Atlas 2023 & NASA SRTM 30m DEM
Kerala,Kozhikode,7,Western Ghats,Laterite,770.0,29.9,64.7,11.34,4.37,3.2,47.3,0.43,19.2,61.7,159.1,0.9806,1,ISRO NRSC Landslide Atlas 2023 & NASA SRTM 30m DEM
Kerala,Kozhikode,7,Western Ghats,Laterite,287.0,26.6,287.9,10.06,5.63,1.6,99.0,0.63,79.0,330.7,1172.2,1.0,1,ISRO NRSC Landslide Atlas 2023 & NASA SRTM 30m DEM
Kerala,Kozhikode,7,Western Ghats,Laterite,439.0,38.3,33.0,13.82,4.81,2.2,43.4,0.65,5.9,37.3,147.4,0.9686,1,ISRO NRSC Landslide Atlas 2023 & NASA SRTM 30m DEM
Kerala,Kozhikode,7,Western Ghats,Laterite,799.0,34.5,309.0,11.58,4.31,2.5,55.3,0.81,12.1,37.6,158.1,0.9526,1,ISRO NRSC Landslide Atlas 2023 & NASA SRTM 30m DEM
Kerala,Kozhikode,7,Western Ghats,Laterite,387.0,22.9,83.5,10.1,5.52,2.8,38.6,0.59,11.2,37.2,76.3,0.7575,1,ISRO NRSC Landslide Atlas 2023 & NASA SRTM 30m DEM
Kerala,Kozhikode,7,Western Ghats,Laterite,528.0,30.6,40.2,9.27,5.5,2.1,36.6,0.61,4.8,14.2,47.5,0.6331,1,ISRO NRSC Landslide Atlas 2023 & NASA SRTM 30m DEM
Kerala,Kozhikode,7,Western Ghats,Laterite,604.0,25.5,331.7,9.19,5.93,2.5,20.9,0.45,0.4,1.6,3.5,0.2948,0,ISRO NRSC Landslide Atlas 2023 & NASA SRTM 30m DEM
Kerala,Kozhikode,7,Western Ghats,Laterite,556.0,37.7,7.2,13.07,4.81,2.4,50.3,0.33,28.0,107.1,303.5,0.9996,1,ISRO NRSC Landslide Atlas 2023 & NASA SRTM 30m DEM
Kerala,Kozhikode,7,Western Ghats,Laterite,526.0,29.9,177.9,10.79,5.42,2.5,99.0,0.59,74.1,241.6,531.7,1.0,1,ISRO NRSC Landslide Atlas 2023 & NASA SRTM 30m DEM
Kerala,Kozhikode,7,Western Ghats,Laterite,304.0,37.2,201.9,11.56,5.5,3.2,31.4,0.28,4.1,16.7,58.0,0.888,1,ISRO NRSC Landslide Atlas 2023 & NASA SRTM 30m DEM
Kerala,Kozhikode,7,Western Ghats,Laterite,787.0,32.2,85.4,11.25,5.26,2.8,28.0,0.33,2.3,8.5,29.1,0.7018,1,ISRO NRSC Landslide Atlas 2023 & NASA SRTM 30m DEM
Kerala,Kozhikode,7,Western Ghats,Laterite,525.0,27.7,174.6,9.94,5.48,3.6,34.7,0.59,11.0,52.4,133.3,0.9049,1,ISRO NRSC Landslide Atlas 2023 & NASA SRTM 30m DEM
Kerala,Kozhikode,7,Western Ghats,Laterite,426.0,34.6,116.1,10.49,4.42,2.8,87.2,0.73,26.5,97.7,434.4,0.9995,1,ISRO NRSC Landslide Atlas 2023 & NASA SRTM 30m DEM
Kerala,Kozhikode,7,Western Ghats,Laterite,557.0,32.9,196.3,11.87,4.96,2.9,29.1,0.81,15.9,47.4,118.9,0.9338,1,ISRO NRSC Landslide Atlas 2023 & NASA SRTM 30m DEM
Kerala,Kozhikode,7,Western Ghats,Laterite,598.0,37.4,86.4,13.26,4.61,2.7,89.4,0.46,50.7,177.7,488.6,1.0,1,ISRO NRSC Landslide Atlas 2023 & NASA SRTM 30m DEM
Kerala,Kozhikode,7,Western Ghats,Laterite,525.0,30.3,52.5,9.93,5.52,2.2,43.0,0.26,15.1,56.8,161.6,0.9748,1,ISRO NRSC Landslide Atlas 2023 & NASA SRTM 30m DEM
Kerala,Kozhikode,7,Western Ghats,Laterite,392.0,36.1,302.3,13.0,4.98,2.9,43.3,0.38,5.2,22.2,87.3,0.9342,1,ISRO NRSC Landslide Atlas 2023 & NASA SRTM 30m DEM
Kerala,Kozhikode,7,Western Ghats,Laterite,610.0,29.2,267.5,8.74,5.46,1.5,79.2,0.76,34.1,115.8,437.6,0.9995,1,ISRO NRSC Landslide Atlas 2023 & NASA SRTM 30m DEM
Kerala,Kozhikode,7,Western Ghats,Laterite,475.0,29.9,352.8,11.08,4.24,2.8,22.8,0.53,3.1,11.9,43.4,0.5764,1,ISRO NRSC Landslide Atlas 2023 & NASA SRTM 30m DEM
Kerala,Kozhikode,7,Western Ghats,Laterite,610.0,40.3,111.6,13.83,4.73,3.0,29.8,0.46,5.5,25.0,95.9,0.9496,1,ISRO NRSC Landslide Atlas 2023 & NASA SRTM 30m DEM
Kerala,Kozhikode,7,Western Ghats,Laterite,603.0,36.0,174.0,13.39,4.89,2.2,28.2,0.32,2.9,10.6,21.6,0.8381,1,ISRO NRSC Landslide Atlas 2023 & NASA SRTM 30m DEM
Kerala,Kozhikode,7,Western Ghats,Laterite,526.0,32.3,181.4,12.73,5.16,2.2,99.0,0.79,51.4,166.9,728.7,1.0,1,ISRO NRSC Landslide Atlas 2023 & NASA SRTM 30m DEM
Kerala,Kozhikode,7,Western Ghats,Laterite,596.0,31.0,117.8,12.22,5.86,2.1,44.8,0.61,8.6,41.1,84.4,0.9239,1,ISRO NRSC Landslide Atlas 2023 & NASA SRTM 30m DEM
Kerala,Kozhikode,7,Western Ghats,Laterite,439.0,29.0,165.4,9.51,6.34,2.5,89.4,0.53,26.3,127.1,458.5,0.9998,1,ISRO NRSC Landslide Atlas 2023 & NASA SRTM 30m DEM
Kerala,Kozhikode,7,Western Ghats,Laterite,700.0,18.9,130.9,6.4,5.17,2.1,45.4,0.36,4.4,26.5,119.0,0.5283,1,ISRO NRSC Landslide Atlas 2023 & NASA SRTM 30m DEM
Kerala,Kozhikode,7,Western Ghats,Laterite,459.0,23.7,9.6,5.12,5.46,2.8,29.7,0.42,7.4,40.1,124.8,0.633,1,ISRO NRSC Landslide Atlas 2023 & NASA SRTM 30m DEM
Kerala,Kozhikode,7,Western Ghats,Laterite,400.0,30.3,86.1,11.1,5.78,3.9,48.4,0.45,18.9,64.4,203.6,0.9877,1,ISRO NRSC Landslide Atlas 2023 & NASA SRTM 30m DEM
Kerala,Kozhikode,7,Western Ghats,Laterite,743.0,21.7,305.2,6.65,5.1,3.4,23.0,0.75,5.3,32.8,85.5,0.3605,0,ISRO NRSC Landslide Atlas 2023 & NASA SRTM 30m DEM
Kerala,Kozhikode,7,Western Ghats,Laterite,342.0,20.9,245.0,8.1,6.84,1.7,99.0,0.22,59.2,258.5,944.3,1.0,1,ISRO NRSC Landslide Atlas 2023 & NASA SRTM 30m DEM
Kerala,Kozhikode,7,Western Ghats,Laterite,341.0,15.6,118.1,5.14,5.01,2.8,87.7,0.34,34.0,120.8,483.0,0.9988,1,ISRO NRSC Landslide Atlas 2023 & NASA SRTM 30m DEM
Kerala,Kozhikode,7,Western Ghats,Laterite,805.0,31.7,331.0,11.78,5.29,1.8,76.0,0.63,25.7,122.2,332.4,0.9995,1,ISRO NRSC Landslide Atlas 2023 & NASA SRTM 30m DEM
Kerala,Kozhikode,7,Western Ghats,Laterite,843.0,28.0,67.6,7.28,4.86,2.4,20.0,0.66,4.2,17.5,51.1,0.382,0,ISRO NRSC Landslide Atlas 2023 & NASA SRTM 30m DEM
Kerala,Kozhikode,7,Western Ghats,Laterite,712.0,35.7,110.5,13.03,5.54,4.1,53.0,0.35,13.0,71.3,161.3,0.9942,1,ISRO NRSC Landslide Atlas 2023 & NASA SRTM 30m DEM
Kerala,Kozhikode,7,Western Ghats,Laterite,826.0,24.5,326.1,6.86,5.12,3.3,15.0,0.58,2.3,10.1,34.9,0.2193,0,ISRO NRSC Landslide Atlas 2023 & NASA SRTM 30m DEM
Kerala,Kozhikode,7,Western Ghats,Laterite,882.0,21.6,328.1,9.07,6.06,2.7,55.8,0.44,31.6,98.1,205.7,0.9931,1,ISRO NRSC Landslide Atlas 2023 & NASA SRTM 30m DEM
Kerala,Kozhikode,7,Western Ghats,Laterite,677.0,30.0,31.1,10.53,4.55,1.9,22.0,0.31,0.9,5.1,17.5,0.5244,1,ISRO NRSC Landslide Atlas 2023 & NASA SRTM 30m DEM
Kerala,Kozhikode,7,Western Ghats,Laterite,549.0,28.4,277.7,9.01,3.96,2.0,22.4,0.58,1.6,7.7,23.8,0.3478,0,ISRO NRSC Landslide Atlas 2023 & NASA SRTM 30m DEM
Kerala,Kozhikode,7,Western Ghats,Laterite,643.0,31.4,102.6,10.48,5.37,2.0,81.2,0.49,29.9,96.4,369.9,0.9994,1,ISRO NRSC Landslide Atlas 2023 & NASA SRTM 30m DEM
Kerala,Kozhikode,7,Western Ghats,Laterite,506.0,28.1,173.5,11.75,5.07,2.1,47.3,0.42,15.4,46.8,115.5,0.9545,1,ISRO NRSC Landslide Atlas 2023 & NASA SRTM 30m DEM
Kerala,Kozhikode,7,Western Ghats,Laterite,455.0,34.1,54.1,13.08,4.21,2.8,60.0,0.7,16.5,60.6,255.6,0.9927,1,ISRO NRSC Landslide Atlas 2023 & NASA SRTM 30m DEM
Kerala,Kozhikode,7,Western Ghats,Laterite,518.0,30.2,347.6,9.82,4.86,2.4,51.9,0.23,21.1,61.6,255.5,0.9915,1,ISRO NRSC Landslide Atlas 2023 & NASA SRTM 30m DEM
Kerala,Kozhikode,7,Western Ghats,Laterite,414.0,32.2,93.7,11.14,5.13,2.9,39.3,0.39,17.6,67.9,161.4,0.9852,1,ISRO NRSC Landslide Atlas 2023 & NASA SRTM 30m DEM
Kerala,Kozhikode,7,Western Ghats,Laterite,688.0,23.7,103.5,7.9,5.77,0.8,60.4,0.51,36.1,125.9,327.8,0.9987,1,ISRO NRSC Landslide Atlas 2023 & NASA SRTM 30m DEM
Kerala,Kozhikode,7,Western Ghats,Laterite,529.0,31.6,132.4,11.48,5.4,0.5,99.0,0.5,64.8,192.9,553.1,1.0,1,ISRO NRSC Landslide Atlas 2023 & NASA SRTM 30m DEM
Kerala,Kozhikode,7,Western Ghats,Laterite,707.0,26.2,226.6,8.57,6.12,3.0,48.4,0.58,30.9,101.2,216.4,0.9939,1,ISRO NRSC Landslide Atlas 2023 & NASA SRTM 30m DEM
Kerala,Kozhikode,7,Western Ghats,Laterite,600.0,33.4,312.1,10.76,5.37,2.7,25.9,0.47,1.4,4.2,8.7,0.5916,1,ISRO NRSC Landslide Atlas 2023 & NASA SRTM 30m DEM
Kerala,Kozhikode,7,Western Ghats,Laterite,641.0,25.5,68.7,7.78,5.39,3.0,56.2,0.54,14.1,50.0,190.7,0.9298,1,ISRO NRSC Landslide Atlas 2023 & NASA SRTM 30m DEM
Kerala,Kozhikode,7,Western Ghats,Laterite,542.0,27.5,244.9,7.04,5.09,2.2,26.0,0.37,4.4,13.7,27.5,0.4404,0,ISRO NRSC Landslide Atlas 2023 & NASA SRTM 30m DEM
Kerala,Kozhikode,7,Western Ghats,Laterite,750.0,36.5,262.1,13.43,5.4,2.7,23.2,0.6,6.8,20.7,47.2,0.8675,1,ISRO NRSC Landslide Atlas 2023 & NASA SRTM 30m DEM
Kerala,Kozhikode,7,Western Ghats,Laterite,526.0,25.0,64.0,10.12,5.24,2.2,44.2,0.41,6.6,28.7,82.9,0.7798,1,ISRO NRSC Landslide Atlas 2023 & NASA SRTM 30m DEM
Kerala,Kozhikode,7,Western Ghats,Laterite,542.0,29.4,41.3,9.7,4.25,3.0,99.0,0.62,36.0,140.3,608.8,1.0,1,ISRO NRSC Landslide Atlas 2023 & NASA SRTM 30m DEM
Kerala,Kozhikode,7,Western Ghats,Laterite,839.0,26.2,181.0,10.1,6.55,2.5,57.0,0.26,18.7,62.1,248.2,0.9892,1,ISRO NRSC Landslide Atlas 2023 & NASA SRTM 30m DEM
Kerala,Kozhikode,7,Western Ghats,Laterite,477.0,39.7,281.2,14.18,4.97,1.2,42.1,0.2,20.5,60.1,125.3,0.996,1,ISRO NRSC Landslide Atlas 2023 & NASA SRTM 30m DEM
Kerala,Kozhikode,7,Western Ghats,Laterite,672.0,35.8,68.9,13.72,4.95,2.3,36.6,0.65,6.4,23.1,88.5,0.9099,1,ISRO NRSC Landslide Atlas 2023 & NASA SRTM 30m DEM
Kerala,Kozhikode,7,Western Ghats,Laterite,750.0,29.2,309.9,10.22,5.77,4.2,97.6,0.45,38.1,135.2,530.0,1.0,1,ISRO NRSC Landslide Atlas 2023 & NASA SRTM 30m DEM
Kerala,Kozhikode,7,Western Ghats,Laterite,792.0,35.6,308.9,13.21,5.43,2.9,99.0,0.41,89.7,377.0,1531.8,1.0,1,ISRO NRSC Landslide Atlas 2023 & NASA SRTM 30m DEM
Kerala,Kozhikode,7,Western Ghats,Laterite,632.0,29.6,172.7,9.03,5.88,3.1,33.8,0.36,2.2,10.2,40.2,0.6117,1,ISRO NRSC Landslide Atlas 2023 & NASA SRTM 30m DEM
Kerala,Kozhikode,7,Western Ghats,Laterite,625.0,22.9,32.9,7.95,4.63,1.1,36.4,0.2,17.9,54.8,123.4,0.9069,1,ISRO NRSC Landslide Atlas 2023 & NASA SRTM 30m DEM
Kerala,Kozhikode,7,Western Ghats,Laterite,515.0,33.6,28.8,11.44,5.58,2.6,56.4,0.56,31.0,101.8,274.3,0.9989,1,ISRO NRSC Landslide Atlas 2023 & NASA SRTM 30m DEM
Kerala,Kozhikode,7,Western Ghats,Laterite,315.0,30.6,165.3,12.15,5.89,2.5,83.5,0.4,16.6,92.6,378.3,0.9992,1,ISRO NRSC Landslide Atlas 2023 & NASA SRTM 30m DEM
Kerala,Kozhikode,7,Western Ghats,Laterite,688.0,30.4,160.1,10.24,5.06,2.7,80.3,0.44,55.4,160.0,410.5,1.0,1,ISRO NRSC Landslide Atlas 2023 & NASA SRTM 30m DEM
Kerala,Kozhikode,7,Western Ghats,Laterite,422.0,30.7,153.0,11.92,4.33,3.7,20.0,0.81,0.5,2.8,10.6,0.3799,0,ISRO NRSC Landslide Atlas 2023 & NASA SRTM 30m DEM
Kerala,Kozhikode,7,Western Ghats,Laterite,600.0,18.7,199.2,6.17,6.1,2.4,44.3,0.43,17.4,62.8,146.8,0.8669,1,ISRO NRSC Landslide Atlas 2023 & NASA SRTM 30m DEM
Kerala,Kozhikode,7,Western Ghats,Laterite,848.0,29.1,197.4,9.64,4.92,2.1,77.5,0.4,37.0,107.4,364.7,0.9995,1,ISRO NRSC Landslide Atlas 2023 & NASA SRTM 30m DEM
Kerala,Kozhikode,7,Western Ghats,Laterite,760.0,37.1,342.5,15.61,5.06,2.9,27.1,0.51,3.5,17.5,60.2,0.9106,1,ISRO NRSC Landslide Atlas 2023 & NASA SRTM 30m DEM
Kerala,Kozhikode,7,Western Ghats,Laterite,163.0,25.7,337.3,8.94,6.09,2.4,99.0,0.37,44.0,133.2,575.4,1.0,1,ISRO NRSC Landslide Atlas 2023 & NASA SRTM 30m DEM
Kerala,Kozhikode,7,Western Ghats,Laterite,751.0,29.8,186.8,10.69,5.1,2.0,39.3,0.5,10.6,37.3,119.4,0.9048,1,ISRO NRSC Landslide Atlas 2023 & NASA SRTM 30m DEM
Kerala,Kozhikode,7,Western Ghats,Laterite,714.0,25.5,338.2,8.99,5.4,3.1,32.0,0.44,6.7,19.8,81.9,0.6389,1,ISRO NRSC Landslide Atlas 2023 & NASA SRTM 30m DEM
Kerala,Kozhikode,7,Western Ghats,Laterite,615.0,32.0,59.4,10.63,5.57,2.8,69.7,0.25,20.3,125.5,344.3,0.9996,1,ISRO NRSC Landslide Atlas 2023 & NASA SRTM 30m DEM
Kerala,Kozhikode,7,Western Ghats,Laterite,757.0,30.3,258.0,10.07,4.56,2.6,52.8,0.78,14.1,53.0,193.8,0.9557,1,ISRO NRSC Landslide Atlas 2023 & NASA SRTM 30m DEM
Kerala,Kozhikode,7,Western Ghats,Laterite,479.0,33.9,12.1,10.86,5.26,1.3,22.9,0.71,2.4,12.4,26.7,0.6003,1,ISRO NRSC Landslide Atlas 2023 & NASA SRTM 30m DEM
Kerala,Kozhikode,7,Western Ghats,Laterite,672.0,32.9,273.4,11.91,5.27,2.1,27.6,0.75,10.3,31.3,97.8,0.8676,1,ISRO NRSC Landslide Atlas 2023 & NASA SRTM 30m DEM
Kerala,Kozhikode,7,Western Ghats,Laterite,429.0,23.9,89.6,6.47,5.64,1.2,30.1,0.62,2.1,11.6,47.2,0.274,0,ISRO NRSC Landslide Atlas 2023 & NASA SRTM 30m DEM
Kerala,Kozhikode,7,Western Ghats,Laterite,543.0,37.2,347.9,12.22,5.61,2.0,28.1,0.35,14.6,42.1,103.7,0.9718,1,ISRO NRSC Landslide Atlas 2023 & NASA SRTM 30m DEM
Kerala,Kozhikode,7,Western Ghats,Laterite,661.0,23.0,103.3,9.63,5.09,3.7,39.9,0.38,17.5,59.1,154.2,0.9389,1,ISRO NRSC Landslide Atlas 2023 & NASA SRTM 30m DEM
Kerala,Kozhikode,7,Western Ghats,Laterite,731.0,35.3,344.4,14.17,4.57,1.8,50.0,0.22,25.5,84.7,172.3,0.9983,1,ISRO NRSC Landslide Atlas 2023 & NASA SRTM 30m DEM
Kerala,Kozhikode,7,Western Ghats,Laterite,511.0,26.4,133.6,10.75,5.1,1.5,91.8,0.44,22.1,116.3,514.8,0.9997,1,ISRO NRSC Landslide Atlas 2023 & NASA SRTM 30m DEM
Kerala,Kozhikode,7,Western Ghats,Laterite,699.0,36.2,203.2,10.74,5.17,3.5,70.4,0.4,36.0,109.0,343.1,0.9998,1,ISRO NRSC Landslide Atlas 2023 & NASA SRTM 30m DEM
Kerala,Kozhikode,7,Western Ghats,Laterite,600.0,29.3,317.3,9.46,4.2,3.1,35.6,0.52,3.4,10.8,30.3,0.5379,1,ISRO NRSC Landslide Atlas 2023 & NASA SRTM 30m DEM
Kerala,Kozhikode,7,Western Ghats,Laterite,502.0,30.3,307.5,9.56,5.36,1.6,35.1,0.46,10.4,33.3,68.2,0.8427,1,ISRO NRSC Landslide Atlas 2023 & NASA SRTM 30m DEM
Kerala,Kozhikode,7,Western Ghats,Laterite,794.0,23.4,179.7,8.95,6.13,2.5,45.3,0.53,8.4,50.1,218.3,0.9104,1,ISRO NRSC Landslide Atlas 2023 & NASA SRTM 30m DEM
Kerala,Kozhikode,7,Western Ghats,Laterite,668.0,36.8,242.3,12.11,5.53,2.5,43.0,0.7,16.0,47.6,165.9,0.9797,1,ISRO NRSC Landslide Atlas 2023 & NASA SRTM 30m DEM
Kerala,Kozhikode,7,Western Ghats,Laterite,490.0,24.4,62.2,8.67,5.96,1.1,46.4,0.78,11.3,37.9,169.2,0.8223,1,ISRO NRSC Landslide Atlas 2023 & NASA SRTM 30m DEM
Kerala,Kozhikode,7,Western Ghats,Laterite,643.0,33.5,303.7,11.79,4.32,2.7,52.0,0.64,16.2,72.1,168.2,0.9874,1,ISRO NRSC Landslide Atlas 2023 & NASA SRTM 30m DEM
Kerala,Kozhikode,7,Western Ghats,Laterite,544.0,32.8,228.6,13.12,4.26,1.9,94.0,0.27,37.8,187.8,423.5,1.0,1,ISRO NRSC Landslide Atlas 2023 & NASA SRTM 30m DEM
Kerala,Kozhikode,7,Western Ghats,Laterite,738.0,30.7,222.9,12.62,5.58,2.2,21.9,0.84,1.2,4.4,12.5,0.4647,0,ISRO NRSC Landslide Atlas 2023 & NASA SRTM 30m DEM
Kerala,Kozhikode,7,Western Ghats,Laterite,793.0,33.0,217.8,10.73,5.2,2.9,25.3,0.72,8.5,25.0,76.4,0.7813,1,ISRO NRSC Landslide Atlas 2023 & NASA SRTM 30m DEM
Kerala,Kozhikode,7,Western Ghats,Laterite,401.0,26.7,105.2,5.47,5.55,2.5,65.1,0.47,32.3,118.6,308.3,0.9979,1,ISRO NRSC Landslide Atlas 2023 & NASA SRTM 30m DEM
Kerala,Kozhikode,7,Western Ghats,Laterite,482.0,28.6,201.3,10.29,4.89,2.0,24.5,0.68,1.4,5.0,15.0,0.3739,0,ISRO NRSC Landslide Atlas 2023 & NASA SRTM 30m DEM
Kerala,Kozhikode,7,Western Ghats,Laterite,1091.0,21.5,60.4,9.96,5.67,2.3,99.0,0.82,45.2,156.3,612.3,1.0,1,ISRO NRSC Landslide Atlas 2023 & NASA SRTM 30m DEM
Kerala,Kozhikode,7,Western Ghats,Laterite,408.0,28.9,125.5,9.05,5.18,1.1,63.8,0.53,17.7,80.5,265.4,0.9917,1,ISRO NRSC Landslide Atlas 2023 & NASA SRTM 30m DEM
Kerala,Kozhikode,7,Western Ghats,Laterite,745.0,24.7,136.4,8.9,5.46,2.3,55.7,0.74,19.1,65.8,274.7,0.9733,1,ISRO NRSC Landslide Atlas 2023 & NASA SRTM 30m DEM
Kerala,Kozhikode,7,Western Ghats,Laterite,629.0,30.8,314.4,11.58,5.21,2.6,38.0,0.24,4.6,27.5,105.7,0.901,1,ISRO NRSC Landslide Atlas 2023 & NASA SRTM 30m DEM
Kerala,Kozhikode,7,Western Ghats,Laterite,550.0,25.3,58.8,9.32,5.29,2.7,35.3,0.64,8.4,45.2,130.9,0.8136,1,ISRO NRSC Landslide Atlas 2023 & NASA SRTM 30m DEM
Kerala,Kozhikode,7,Western Ghats,Laterite,663.0,25.7,100.9,9.1,5.67,2.5,51.6,0.66,26.2,88.2,197.6,0.9871,1,ISRO NRSC Landslide Atlas 2023 & NASA SRTM 30m DEM
Kerala,Kozhikode,7,Western Ghats,Laterite,755.0,37.7,61.4,13.39,5.01,1.2,86.4,0.75,30.0,163.5,439.1,1.0,1,ISRO NRSC Landslide Atlas 2023 & NASA SRTM 30m DEM
Kerala,Kozhikode,7,Western Ghats,Laterite,413.0,32.1,236.5,12.16,5.26,3.1,99.0,0.62,70.6,208.2,457.9,1.0,1,ISRO NRSC Landslide Atlas 2023 & NASA SRTM 30m DEM
Kerala,Kozhikode,7,Western Ghats,Laterite,649.0,34.6,124.1,13.63,4.41,3.6,25.1,0.45,6.0,23.3,57.0,0.8769,1,ISRO NRSC Landslide Atlas 2023 & NASA SRTM 30m DEM
Kerala,Kozhikode,7,Western Ghats,Laterite,400.0,23.1,221.8,9.69,6.2,2.3,56.7,0.69,17.9,75.1,247.9,0.9782,1,ISRO NRSC Landslide Atlas 2023 & NASA SRTM 30m DEM
Kerala,Kozhikode,7,Western Ghats,Laterite,648.0,36.3,201.8,12.86,3.87,1.9,26.3,0.67,4.1,15.5,45.0,0.7796,1,ISRO NRSC Landslide Atlas 2023 & NASA SRTM 30m DEM
Kerala,Kozhikode,7,Western Ghats,Laterite,557.0,28.7,140.0,10.2,5.19,3.0,16.0,0.47,0.0,0.2,0.7,0.3406,0,ISRO NRSC Landslide Atlas 2023 & NASA SRTM 30m DEM
Kerala,Kozhikode,7,Western Ghats,Laterite,725.0,31.1,273.4,10.52,5.53,2.2,26.4,0.84,6.6,20.4,61.6,0.6508,1,ISRO NRSC Landslide Atlas 2023 & NASA SRTM 30m DEM
Kerala,Kozhikode,7,Western Ghats,Laterite,911.0,28.9,173.9,9.32,5.02,1.4,41.0,0.38,7.6,49.4,136.3,0.9175,1,ISRO NRSC Landslide Atlas 2023 & NASA SRTM 30m DEM
Kerala,Kozhikode,7,Western Ghats,Laterite,727.0,33.2,261.1,12.92,5.75,3.9,43.8,0.72,7.3,39.3,171.2,0.9539,1,ISRO NRSC Landslide Atlas 2023 & NASA SRTM 30m DEM
Kerala,Kozhikode,7,Western Ghats,Laterite,568.0,28.8,70.9,10.32,6.06,1.6,36.7,0.54,16.5,58.7,133.1,0.9552,1,ISRO NRSC Landslide Atlas 2023 & NASA SRTM 30m DEM
Kerala,Kozhikode,7,Western Ghats,Laterite,701.0,19.9,224.2,8.22,6.08,2.3,26.4,0.57,7.7,35.3,78.6,0.5285,1,ISRO NRSC Landslide Atlas 2023 & NASA SRTM 30m DEM
Kerala,Kozhikode,7,Western Ghats,Laterite,649.0,29.9,195.3,8.97,5.38,3.5,83.7,0.65,27.9,122.0,432.5,0.9996,1,ISRO NRSC Landslide Atlas 2023 & NASA SRTM 30m DEM
Kerala,Kozhikode,7,Western Ghats,Laterite,783.0,33.4,322.2,11.8,5.08,3.0,85.1,0.2,22.2,111.5,470.2,0.9999,1,ISRO NRSC Landslide Atlas 2023 & NASA SRTM 30m DEM
Kerala,Kozhikode,7,Western Ghats,Laterite,591.0,27.3,76.7,9.22,5.43,2.2,43.5,0.56,10.9,41.1,115.8,0.8678,1,ISRO NRSC Landslide Atlas 2023 & NASA SRTM 30m DEM
Kerala,Kozhikode,7,Western Ghats,Laterite,522.0,23.1,92.5,9.15,4.62,2.7,21.8,0.22,2.4,11.1,34.0,0.4095,0,ISRO NRSC Landslide Atlas 2023 & NASA SRTM 30m DEM
Kerala,Kozhikode,7,Western Ghats,Laterite,589.0,22.9,219.7,7.2,6.46,2.8,99.0,0.21,45.1,275.5,977.4,1.0,1,ISRO NRSC Landslide Atlas 2023 & NASA SRTM 30m DEM
Kerala,Kozhikode,7,Western Ghats,Laterite,573.0,36.8,133.2,12.66,5.3,2.0,34.8,0.66,9.2,40.4,96.4,0.9472,1,ISRO NRSC Landslide Atlas 2023 & NASA SRTM 30m DEM
Kerala,Kozhikode,7,Western Ghats,Laterite,616.0,37.4,315.2,12.71,4.73,1.0,99.0,0.61,46.1,170.1,589.6,1.0,1,ISRO NRSC Landslide Atlas 2023 & NASA SRTM 30m DEM
Kerala,Kozhikode,7,Western Ghats,Laterite,659.0,30.1,209.4,11.26,5.88,4.3,33.5,0.8,6.9,21.1,80.8,0.74,1,ISRO NRSC Landslide Atlas 2023 & NASA SRTM 30m DEM
Kerala,Kozhikode,7,Western Ghats,Laterite,627.0,21.5,279.3,9.31,4.74,2.5,39.5,0.63,13.1,37.6,137.6,0.7673,1,ISRO NRSC Landslide Atlas 2023 & NASA SRTM 30m DEM
Kerala,Kozhikode,7,Western Ghats,Laterite,763.0,32.8,159.0,12.99,5.11,2.7,42.9,0.65,10.4,32.5,145.8,0.9443,1,ISRO NRSC Landslide Atlas 2023 & NASA SRTM 30m DEM
Kerala,Kozhikode,7,Western Ghats,Laterite,559.0,31.0,58.2,11.52,5.41,1.6,33.4,0.21,3.4,18.7,79.3,0.8482,1,ISRO NRSC Landslide Atlas 2023 & NASA SRTM 30m DEM
Kerala,Kozhikode,7,Western Ghats,Laterite,654.0,41.2,340.5,13.12,5.04,2.2,41.6,0.79,9.0,32.5,130.9,0.9645,1,ISRO NRSC Landslide Atlas 2023 & NASA SRTM 30m DEM
Kerala,Kozhikode,7,Western Ghats,Laterite,702.0,33.5,177.5,12.72,5.26,2.4,41.6,0.53,11.2,42.1,122.2,0.9605,1,ISRO NRSC Landslide Atlas 2023 & NASA SRTM 30m DEM
Kerala,Kozhikode,7,Western Ghats,Laterite,680.0,23.9,356.8,7.9,5.98,1.0,50.6,0.46,8.8,40.6,176.0,0.8682,1,ISRO NRSC Landslide Atlas 2023 & NASA SRTM 30m DEM
Kerala,Kozhikode,7,Western Ghats,Laterite,667.0,31.3,152.3,10.93,4.6,1.0,99.0,0.64,35.9,219.5,846.0,1.0,1,ISRO NRSC Landslide Atlas 2023 & NASA SRTM 30m DEM
Kerala,Kozhikode,7,Western Ghats,Laterite,663.0,25.3,156.2,9.95,5.83,3.1,31.2,0.4,4.1,23.3,71.7,0.6725,1,ISRO NRSC Landslide Atlas 2023 & NASA SRTM 30m DEM
Kerala,Kozhikode,7,Western Ghats,Laterite,544.0,30.9,53.0,11.36,4.58,3.2,26.8,0.47,1.4,5.0,14.1,0.5539,1,ISRO NRSC Landslide Atlas 2023 & NASA SRTM 30m DEM
Kerala,Kozhikode,7,Western Ghats,Laterite,656.0,24.7,175.4,8.81,5.46,2.5,43.8,0.62,9.5,38.6,147.3,0.8193,1,ISRO NRSC Landslide Atlas 2023 & NASA SRTM 30m DEM
Kerala,Kozhikode,7,Western Ghats,Laterite,776.0,27.7,116.2,11.2,5.15,2.2,69.3,0.59,15.9,88.6,339.7,0.9965,1,ISRO NRSC Landslide Atlas 2023 & NASA SRTM 30m DEM
Kerala,Kozhikode,7,Western Ghats,Laterite,907.0,30.4,50.6,11.02,6.0,3.2,32.5,0.33,4.2,23.5,69.4,0.827,1,ISRO NRSC Landslide Atlas 2023 & NASA SRTM 30m DEM
Kerala,Kozhikode,7,Western Ghats,Laterite,310.0,20.8,198.4,7.39,5.74,3.4,17.0,0.49,1.2,6.4,14.5,0.1701,0,ISRO NRSC Landslide Atlas 2023 & NASA SRTM 30m DEM
Kerala,Kozhikode,7,Western Ghats,Laterite,670.0,27.9,14.4,8.27,5.79,1.7,38.8,0.77,7.0,34.3,133.5,0.7544,1,ISRO NRSC Landslide Atlas 2023 & NASA SRTM 30m DEM
Kerala,Kozhikode,7,Western Ghats,Laterite,657.0,37.4,51.5,12.66,5.17,2.5,26.3,0.83,0.8,3.2,13.3,0.6343,1,ISRO NRSC Landslide Atlas 2023 & NASA SRTM 30m DEM
Kerala,Kozhikode,7,Western Ghats,Laterite,513.0,18.3,338.2,7.04,5.8,2.5,36.4,0.62,3.6,18.6,69.9,0.2941,0,ISRO NRSC Landslide Atlas 2023 & NASA SRTM 30m DEM
Kerala,Kozhikode,7,Western Ghats,Laterite,437.0,26.1,304.8,9.82,5.14,3.4,66.3,0.43,17.7,105.3,315.0,0.9971,1,ISRO NRSC Landslide Atlas 2023 & NASA SRTM 30m DEM
Kerala,Kozhikode,7,Western Ghats,Laterite,626.0,25.5,224.8,8.44,4.23,2.0,77.7,0.62,43.3,144.9,354.5,0.9997,1,ISRO NRSC Landslide Atlas 2023 & NASA SRTM 30m DEM
Kerala,Kozhikode,7,Western Ghats,Laterite,627.0,27.9,77.0,9.18,5.06,1.2,41.9,0.35,8.6,39.4,105.8,0.8744,1,ISRO NRSC Landslide Atlas 2023 & NASA SRTM 30m DEM
Kerala,Kozhikode,7,Western Ghats,Laterite,354.0,20.8,265.7,7.81,5.64,3.0,96.8,0.37,39.1,194.4,510.1,1.0,1,ISRO NRSC Landslide Atlas 2023 & NASA SRTM 30m DEM
Kerala,Kozhikode,7,Western Ghats,Laterite,779.0,28.4,31.7,9.49,5.71,1.2,43.4,0.45,14.8,56.3,153.0,0.9555,1,ISRO NRSC Landslide Atlas 2023 & NASA SRTM 30m DEM
Kerala,Kozhikode,7,Western Ghats,Laterite,702.0,19.2,122.7,6.79,6.23,2.1,33.3,0.62,8.5,28.8,90.7,0.4513,0,ISRO NRSC Landslide Atlas 2023 & NASA SRTM 30m DEM
Kerala,Kozhikode,7,Western Ghats,Laterite,653.0,29.4,292.8,11.41,5.17,2.2,24.2,0.57,12.8,41.4,90.1,0.8791,1,ISRO NRSC Landslide Atlas 2023 & NASA SRTM 30m DEM
Kerala,Kozhikode,7,Western Ghats,Laterite,730.0,29.2,55.3,12.11,4.67,3.4,70.8,0.49,23.0,143.4,354.8,0.9997,1,ISRO NRSC Landslide Atlas 2023 & NASA SRTM 30m DEM
Kerala,Kozhikode,7,Western Ghats,Laterite,703.0,31.0,349.5,10.56,5.47,3.7,33.9,0.53,12.4,36.1,94.2,0.8949,1,ISRO NRSC Landslide Atlas 2023 & NASA SRTM 30m DEM
Kerala,Kozhikode,7,Western Ghats,Laterite,416.0,32.6,269.4,11.73,4.22,1.7,76.2,0.54,32.1,96.6,397.0,0.9996,1,ISRO NRSC Landslide Atlas 2023 & NASA SRTM 30m DEM
Kerala,Kozhikode,7,Western Ghats,Laterite,533.0,30.5,57.9,11.98,5.24,2.5,47.7,0.27,41.4,120.6,255.8,0.9996,1,ISRO NRSC Landslide Atlas 2023 & NASA SRTM 30m DEM
Kerala,Kozhikode,7,Western Ghats,Laterite,666.0,19.8,275.6,8.4,6.29,3.7,35.8,0.43,13.0,40.3,107.1,0.756,1,ISRO NRSC Landslide Atlas 2023 & NASA SRTM 30m DEM
Kerala,Kozhikode,7,Western Ghats,Laterite,480.0,28.5,18.9,10.59,4.79,3.3,29.0,0.85,0.9,4.3,14.6,0.337,0,ISRO NRSC Landslide Atlas 2023 & NASA SRTM 30m DEM
Kerala,Kozhikode,7,Western Ghats,Laterite,655.0,38.9,110.3,12.48,4.05,2.4,71.3,0.85,49.8,160.7,368.5,1.0,1,ISRO NRSC Landslide Atlas 2023 & NASA SRTM 30m DEM
Kerala,Kozhikode,7,Western Ghats,Laterite,695.0,30.8,25.9,9.82,4.87,2.2,99.0,0.41,62.2,225.2,605.1,1.0,1,ISRO NRSC Landslide Atlas 2023 & NASA SRTM 30m DEM
Kerala,Kozhikode,7,Western Ghats,Laterite,687.0,29.2,278.1,11.85,4.98,2.7,24.5,0.63,1.6,6.3,26.4,0.5041,1,ISRO NRSC Landslide Atlas 2023 & NASA SRTM 30m DEM
Kerala,Kozhikode,7,Western Ghats,Laterite,496.0,27.7,119.5,9.48,4.84,2.0,39.8,0.79,7.8,33.8,138.0,0.7791,1,ISRO NRSC Landslide Atlas 2023 & NASA SRTM 30m DEM
Kerala,Kozhikode,7,Western Ghats,Laterite,219.0,29.9,129.3,11.38,4.89,4.2,61.3,0.66,36.5,123.2,333.3,0.9995,1,ISRO NRSC Landslide Atlas 2023 & NASA SRTM 30m DEM
Kerala,Kozhikode,7,Western Ghats,Laterite,376.0,19.4,74.0,5.9,5.43,1.7,25.0,0.32,6.5,32.5,75.9,0.4383,0,ISRO NRSC Landslide Atlas 2023 & NASA SRTM 30m DEM
Kerala,Kozhikode,7,Western Ghats,Laterite,661.0,25.7,334.4,8.8,5.68,2.8,43.5,0.74,13.5,50.3,146.3,0.8791,1,ISRO NRSC Landslide Atlas 2023 & NASA SRTM 30m DEM
Kerala,Kozhikode,7,Western Ghats,Laterite,724.0,25.6,9.7,9.13,5.22,1.8,44.0,0.48,28.5,111.0,225.9,0.9951,1,ISRO NRSC Landslide Atlas 2023 & NASA SRTM 30m DEM
Kerala,Kozhikode,7,Western Ghats,Laterite,696.0,27.4,292.8,8.35,5.91,3.4,99.0,0.7,42.4,216.0,568.9,1.0,1,ISRO NRSC Landslide Atlas 2023 & NASA SRTM 30m DEM
Kerala,Kozhikode,7,Western Ghats,Laterite,540.0,30.4,189.6,10.11,5.81,2.1,22.3,0.78,6.5,20.3,45.2,0.6,1,ISRO NRSC Landslide Atlas 2023 & NASA SRTM 30m DEM
Kerala,Kozhikode,7,Western Ghats,Laterite,413.0,31.5,312.8,11.97,5.2,2.2,49.4,0.83,11.2,55.5,183.6,0.9652,1,ISRO NRSC Landslide Atlas 2023 & NASA SRTM 30m DEM
Kerala,Kozhikode,7,Western Ghats,Laterite,461.0,26.2,290.0,7.88,4.6,1.4,16.6,0.8,2.3,12.2,51.9,0.2504,0,ISRO NRSC Landslide Atlas 2023 & NASA SRTM 30m DEM
Kerala,Kozhikode,7,Western Ghats,Laterite,498.0,22.5,237.9,8.84,5.32,3.4,36.7,0.75,4.1,14.2,61.1,0.3738,0,ISRO NRSC Landslide Atlas 2023 & NASA SRTM 30m DEM
Kerala,Kozhikode,7,Western Ghats,Laterite,721.0,17.6,39.2,6.9,6.12,2.7,15.1,0.68,0.8,3.7,12.8,0.0855,0,ISRO NRSC Landslide Atlas 2023 & NASA SRTM 30m DEM
Kerala,Kozhikode,7,Western Ghats,Laterite,374.0,31.3,320.0,11.47,5.21,1.0,54.8,0.64,17.7,53.7,223.6,0.9838,1,ISRO NRSC Landslide Atlas 2023 & NASA SRTM 30m DEM
Kerala,Kozhikode,7,Western Ghats,Laterite,829.0,34.3,297.0,13.32,5.64,1.4,41.8,0.79,19.8,65.9,134.1,0.9857,1,ISRO NRSC Landslide Atlas 2023 & NASA SRTM 30m DEM
Kerala,Kozhikode,7,Western Ghats,Laterite,373.0,25.2,70.3,9.96,5.37,2.6,58.3,0.24,12.7,65.1,290.5,0.9872,1,ISRO NRSC Landslide Atlas 2023 & NASA SRTM 30m DEM
Kerala,Kozhikode,7,Western Ghats,Laterite,762.0,29.9,146.7,10.77,5.44,3.1,66.0,0.23,40.5,120.8,332.8,0.9998,1,ISRO NRSC Landslide Atlas 2023 & NASA SRTM 30m DEM
Kerala,Kozhikode,7,Western Ghats,Laterite,659.0,38.2,199.0,13.92,5.32,3.0,21.2,0.64,2.7,8.2,24.1,0.7914,1,ISRO NRSC Landslide Atlas 2023 & NASA SRTM 30m DEM
Kerala,Kozhikode,7,Western Ghats,Laterite,718.0,23.4,339.2,8.45,5.03,3.4,39.2,0.38,12.5,50.7,174.6,0.8972,1,ISRO NRSC Landslide Atlas 2023 & NASA SRTM 30m DEM
Kerala,Kozhikode,7,Western Ghats,Laterite,938.0,24.4,321.6,7.43,6.2,2.1,99.0,0.8,100.8,352.6,1192.0,1.0,1,ISRO NRSC Landslide Atlas 2023 & NASA SRTM 30m DEM
Kerala,Kozhikode,7,Western Ghats,Laterite,614.0,24.6,88.7,7.61,6.08,1.9,67.7,0.3,13.2,82.2,280.1,0.9891,1,ISRO NRSC Landslide Atlas 2023 & NASA SRTM 30m DEM
Kerala,Kozhikode,7,Western Ghats,Laterite,654.0,34.1,96.5,12.89,5.76,3.1,23.3,0.64,1.5,4.5,14.2,0.6478,1,ISRO NRSC Landslide Atlas 2023 & NASA SRTM 30m DEM
Kerala,Kozhikode,7,Western Ghats,Laterite,793.0,28.8,197.0,10.32,5.1,2.9,47.7,0.34,25.7,79.6,183.1,0.992,1,ISRO NRSC Landslide Atlas 2023 & NASA SRTM 30m DEM
Kerala,Kozhikode,7,Western Ghats,Laterite,554.0,43.0,274.6,14.82,3.8,2.4,24.7,0.33,2.0,12.6,27.9,0.9199,1,ISRO NRSC Landslide Atlas 2023 & NASA SRTM 30m DEM
Kerala,Kozhikode,7,Western Ghats,Laterite,589.0,29.6,199.8,8.33,5.62,3.8,23.6,0.77,2.6,7.5,21.8,0.3396,0,ISRO NRSC Landslide Atlas 2023 & NASA SRTM 30m DEM
Kerala,Kozhikode,7,Western Ghats,Laterite,757.0,25.2,264.0,8.5,5.29,2.3,31.1,0.66,2.7,17.6,60.1,0.4305,0,ISRO NRSC Landslide Atlas 2023 & NASA SRTM 30m DEM
Kerala,Kozhikode,7,Western Ghats,Laterite,586.0,31.2,128.9,10.42,4.64,1.6,88.9,0.25,35.0,216.5,480.4,1.0,1,ISRO NRSC Landslide Atlas 2023 & NASA SRTM 30m DEM
Kerala,Kozhikode,7,Western Ghats,Laterite,552.0,21.2,246.3,8.78,5.16,3.6,19.4,0.59,1.0,3.4,11.1,0.1729,0,ISRO NRSC Landslide Atlas 2023 & NASA SRTM 30m DEM
Kerala,Kozhikode,7,Western Ghats,Laterite,698.0,30.2,10.0,9.13,4.83,4.1,17.0,0.69,1.6,7.7,20.1,0.348,0,ISRO NRSC Landslide Atlas 2023 & NASA SRTM 30m DEM
Kerala,Kozhikode,7,Western Ghats,Laterite,564.0,33.8,289.4,13.39,4.5,1.9,31.4,0.3,3.4,19.6,77.8,0.8892,1,ISRO NRSC Landslide Atlas 2023 & NASA SRTM 30m DEM
Kerala,Kozhikode,7,Western Ghats,Laterite,432.0,25.2,106.4,10.9,5.11,4.2,25.2,0.72,4.0,22.6,65.9,0.5395,1,ISRO NRSC Landslide Atlas 2023 & NASA SRTM 30m DEM
Kerala,Kozhikode,7,Western Ghats,Laterite,693.0,24.5,95.9,8.11,5.7,2.3,27.1,0.42,1.6,6.1,19.6,0.3245,0,ISRO NRSC Landslide Atlas 2023 & NASA SRTM 30m DEM
Kerala,Kozhikode,7,Western Ghats,Laterite,824.0,21.1,342.6,6.45,5.49,2.8,30.2,0.42,7.6,23.6,60.9,0.428,0,ISRO NRSC Landslide Atlas 2023 & NASA SRTM 30m DEM
Kerala,Kozhikode,7,Western Ghats,Laterite,793.0,25.8,317.8,8.21,4.73,1.3,72.0,0.79,23.5,106.2,322.8,0.9956,1,ISRO NRSC Landslide Atlas 2023 & NASA SRTM 30m DEM
Kerala,Kozhikode,7,Western Ghats,Laterite,712.0,28.0,46.0,9.55,4.79,1.8,45.9,0.21,9.0,39.5,168.9,0.9344,1,ISRO NRSC Landslide Atlas 2023 & NASA SRTM 30m DEM
Kerala,Kozhikode,7,Western Ghats,Laterite,446.0,40.3,14.9,14.5,4.61,3.1,28.5,0.48,9.5,27.4,66.2,0.9563,1,ISRO NRSC Landslide Atlas 2023 & NASA SRTM 30m DEM
Kerala,Kozhikode,7,Western Ghats,Laterite,513.0,32.2,64.7,13.08,5.41,2.6,15.0,0.75,0.0,0.3,1.1,0.4529,0,ISRO NRSC Landslide Atlas 2023 & NASA SRTM 30m DEM
Kerala,Kozhikode,7,Western Ghats,Laterite,687.0,23.8,6.6,9.49,5.73,3.1,50.0,0.7,19.8,66.3,216.1,0.9641,1,ISRO NRSC Landslide Atlas 2023 & NASA SRTM 30m DEM
Kerala,Kozhikode,7,Western Ghats,Laterite,607.0,34.1,92.3,12.38,5.24,1.5,51.4,0.25,16.8,81.0,239.6,0.9972,1,ISRO NRSC Landslide Atlas 2023 & NASA SRTM 30m DEM
Kerala,Kozhikode,7,Western Ghats,Laterite,528.0,39.5,321.5,13.07,4.17,2.5,74.8,0.21,24.2,114.3,337.0,0.9999,1,ISRO NRSC Landslide Atlas 2023 & NASA SRTM 30m DEM
Kerala,Kozhikode,7,Western Ghats,Laterite,810.0,27.7,293.5,10.24,4.37,2.0,93.1,0.55,31.6,160.9,504.6,0.9999,1,ISRO NRSC Landslide Atlas 2023 & NASA SRTM 30m DEM
Kerala,Kozhikode,7,Western Ghats,Laterite,545.0,32.7,175.2,12.21,4.24,2.7,35.3,0.3,2.8,16.3,59.0,0.8301,1,ISRO NRSC Landslide Atlas 2023 & NASA SRTM 30m DEM
Kerala,Kozhikode,7,Western Ghats,Laterite,619.0,24.5,142.9,10.01,5.18,3.5,40.2,0.76,9.9,53.5,125.4,0.848,1,ISRO NRSC Landslide Atlas 2023 & NASA SRTM 30m DEM
Kerala,Kozhikode,7,Western Ghats,Laterite,715.0,31.6,268.8,11.05,5.18,3.1,29.2,0.47,2.2,8.8,20.7,0.6302,1,ISRO NRSC Landslide Atlas 2023 & NASA SRTM 30m DEM
Kerala,Kozhikode,7,Western Ghats,Laterite,495.0,28.5,300.5,10.86,5.66,2.2,39.0,0.52,4.7,18.7,38.9,0.7091,1,ISRO NRSC Landslide Atlas 2023 & NASA SRTM 30m DEM
Kerala,Kozhikode,7,Western Ghats,Laterite,427.0,25.8,169.0,9.23,5.16,3.1,25.8,0.74,9.4,32.6,74.4,0.6258,1,ISRO NRSC Landslide Atlas 2023 & NASA SRTM 30m DEM
Kerala,Kozhikode,7,Western Ghats,Laterite,749.0,38.5,136.0,12.24,4.97,2.0,26.0,0.56,2.9,9.4,34.1,0.7932,1,ISRO NRSC Landslide Atlas 2023 & NASA SRTM 30m DEM
Kerala,Kozhikode,7,Western Ghats,Laterite,773.0,27.7,47.6,10.56,5.6,2.7,41.6,0.3,12.5,36.6,126.1,0.9256,1,ISRO NRSC Landslide Atlas 2023 & NASA SRTM 30m DEM
Kerala,Kozhikode,7,Western Ghats,Laterite,608.0,29.6,290.5,11.44,5.17,3.3,24.3,0.73,3.6,19.0,67.1,0.6345,1,ISRO NRSC Landslide Atlas 2023 & NASA SRTM 30m DEM
Kerala,Kozhikode,7,Western Ghats,Laterite,428.0,29.0,195.3,9.12,6.23,2.8,71.1,0.74,37.7,123.1,384.0,0.9995,1,ISRO NRSC Landslide Atlas 2023 & NASA SRTM 30m DEM
Kerala,Kozhikode,7,Western Ghats,Laterite,683.0,34.6,298.7,13.86,3.63,3.2,35.0,0.8,14.0,63.7,139.5,0.9749,1,ISRO NRSC Landslide Atlas 2023 & NASA SRTM 30m DEM
Kerala,Kozhikode,7,Western Ghats,Laterite,830.0,25.4,205.4,8.95,5.1,2.6,99.0,0.83,46.4,137.9,598.8,0.9999,1,ISRO NRSC Landslide Atlas 2023 & NASA SRTM 30m DEM
Kerala,Kozhikode,7,Western Ghats,Laterite,561.0,30.4,100.0,10.17,4.91,3.6,39.7,0.27,7.4,33.7,116.0,0.905,1,ISRO NRSC Landslide Atlas 2023 & NASA SRTM 30m DEM
Kerala,Kozhikode,7,Western Ghats,Laterite,219.0,28.1,352.9,10.52,4.95,3.0,21.5,0.71,0.7,2.4,6.9,0.3141,0,ISRO NRSC Landslide Atlas 2023 & NASA SRTM 30m DEM
Kerala,Kozhikode,7,Western Ghats,Laterite,581.0,28.5,324.9,10.21,5.86,2.6,42.5,0.43,9.5,32.0,110.4,0.8837,1,ISRO NRSC Landslide Atlas 2023 & NASA SRTM 30m DEM
Kerala,Kozhikode,7,Western Ghats,Laterite,483.0,24.5,120.1,7.28,4.42,3.7,87.0,0.31,18.0,111.4,407.5,0.9984,1,ISRO NRSC Landslide Atlas 2023 & NASA SRTM 30m DEM
Kerala,Kozhikode,7,Western Ghats,Laterite,712.0,28.2,151.1,9.76,4.06,3.7,61.5,0.67,21.0,98.1,275.8,0.9945,1,ISRO NRSC Landslide Atlas 2023 & NASA SRTM 30m DEM
Kerala,Kozhikode,7,Western Ghats,Laterite,731.0,25.5,227.1,9.65,4.48,4.2,69.2,0.69,42.8,123.0,319.1,0.9992,1,ISRO NRSC Landslide Atlas 2023 & NASA SRTM 30m DEM
Kerala,Kozhikode,7,Western Ghats,Laterite,416.0,34.4,162.0,12.28,4.7,2.5,99.0,0.41,106.5,336.4,1283.6,1.0,1,ISRO NRSC Landslide Atlas 2023 & NASA SRTM 30m DEM
Kerala,Kozhikode,7,Western Ghats,Laterite,614.0,30.3,251.2,10.53,4.21,2.5,47.4,0.67,15.4,53.6,174.3,0.958,1,ISRO NRSC Landslide Atlas 2023 & NASA SRTM 30m DEM
Kerala,Kozhikode,7,Western Ghats,Laterite,436.0,20.9,141.4,6.04,5.58,2.1,24.1,0.82,0.7,3.3,14.6,0.0941,0,ISRO NRSC Landslide Atlas 2023 & NASA SRTM 30m DEM
Kerala,Kozhikode,7,Western Ghats,Laterite,612.0,24.2,299.0,8.85,5.36,3.2,43.6,0.29,16.9,54.7,173.9,0.9482,1,ISRO NRSC Landslide Atlas 2023 & NASA SRTM 30m DEM
Kerala,Kozhikode,7,Western Ghats,Laterite,786.0,21.5,280.0,7.77,5.91,1.9,99.0,0.55,29.9,195.4,856.0,1.0,1,ISRO NRSC Landslide Atlas 2023 & NASA SRTM 30m DEM
Kerala,Kozhikode,7,Western Ghats,Laterite,885.0,27.7,202.3,9.22,5.16,1.7,88.3,0.53,28.4,175.4,469.8,0.9999,1,ISRO NRSC Landslide Atlas 2023 & NASA SRTM 30m DEM
Tamil Nadu,Nilgiris,8,Western Ghats,Charnockite,1988.0,46.5,83.7,15.99,4.81,1.7,27.4,0.24,2.8,16.5,46.5,0.9717,1,ISRO NRSC Landslide Atlas 2023 & NASA SRTM 30m DEM
Tamil Nadu,Nilgiris,8,Western Ghats,Charnockite,1796.0,33.5,177.0,11.31,4.18,2.9,41.0,0.41,11.7,50.5,152.9,0.9679,1,ISRO NRSC Landslide Atlas 2023 & NASA SRTM 30m DEM
Tamil Nadu,Nilgiris,8,Western Ghats,Charnockite,2035.0,39.9,70.6,13.46,4.16,1.7,47.3,0.21,15.7,55.8,213.7,0.9961,1,ISRO NRSC Landslide Atlas 2023 & NASA SRTM 30m DEM
Tamil Nadu,Nilgiris,8,Western Ghats,Charnockite,1998.0,40.0,346.2,14.17,4.55,3.2,29.8,0.33,7.8,47.1,104.0,0.9803,1,ISRO NRSC Landslide Atlas 2023 & NASA SRTM 30m DEM
Tamil Nadu,Nilgiris,8,Western Ghats,Charnockite,2143.0,31.8,82.4,10.63,5.8,2.8,37.2,0.45,8.3,40.5,107.8,0.9195,1,ISRO NRSC Landslide Atlas 2023 & NASA SRTM 30m DEM
Tamil Nadu,Nilgiris,8,Western Ghats,Charnockite,1915.0,46.0,328.5,16.83,5.29,2.9,33.9,0.78,12.7,40.1,101.4,0.9894,1,ISRO NRSC Landslide Atlas 2023 & NASA SRTM 30m DEM
Tamil Nadu,Nilgiris,8,Western Ghats,Charnockite,2005.0,33.0,292.3,10.51,4.87,2.3,31.2,0.83,2.2,14.2,43.6,0.584,1,ISRO NRSC Landslide Atlas 2023 & NASA SRTM 30m DEM
Tamil Nadu,Nilgiris,8,Western Ghats,Charnockite,1978.0,39.7,171.5,13.16,3.92,2.6,39.7,0.27,19.3,66.2,134.8,0.9946,1,ISRO NRSC Landslide Atlas 2023 & NASA SRTM 30m DEM
Tamil Nadu,Nilgiris,8,Western Ghats,Charnockite,1964.0,27.9,188.2,9.56,5.47,4.3,51.4,0.78,23.9,74.6,191.9,0.9799,1,ISRO NRSC Landslide Atlas 2023 & NASA SRTM 30m DEM
Tamil Nadu,Nilgiris,8,Western Ghats,Charnockite,1821.0,34.9,147.7,11.71,4.88,1.7,36.3,0.72,7.3,30.0,109.8,0.8905,1,ISRO NRSC Landslide Atlas 2023 & NASA SRTM 30m DEM
Tamil Nadu,Nilgiris,8,Western Ghats,Charnockite,2047.0,38.2,220.3,14.36,4.44,3.0,42.1,0.2,16.1,55.9,149.5,0.9941,1,ISRO NRSC Landslide Atlas 2023 & NASA SRTM 30m DEM
Tamil Nadu,Nilgiris,8,Western Ghats,Charnockite,2058.0,31.4,17.3,10.85,5.33,2.6,51.9,0.73,20.5,63.3,178.2,0.9813,1,ISRO NRSC Landslide Atlas 2023 & NASA SRTM 30m DEM
Tamil Nadu,Nilgiris,8,Western Ghats,Charnockite,1535.0,33.3,333.4,13.56,4.84,2.4,66.1,0.44,18.4,91.6,324.7,0.9989,1,ISRO NRSC Landslide Atlas 2023 & NASA SRTM 30m DEM
Tamil Nadu,Nilgiris,8,Western Ghats,Charnockite,1975.0,31.2,315.0,10.19,5.34,3.6,35.3,0.48,12.8,40.4,151.8,0.9332,1,ISRO NRSC Landslide Atlas 2023 & NASA SRTM 30m DEM
Tamil Nadu,Nilgiris,8,Western Ghats,Charnockite,2131.0,39.0,178.6,13.83,5.4,2.7,26.3,0.59,3.6,18.4,70.7,0.8977,1,ISRO NRSC Landslide Atlas 2023 & NASA SRTM 30m DEM
Tamil Nadu,Nilgiris,8,Western Ghats,Charnockite,2004.0,39.5,195.0,13.44,5.38,2.0,99.0,0.44,54.5,188.3,771.5,1.0,1,ISRO NRSC Landslide Atlas 2023 & NASA SRTM 30m DEM
Tamil Nadu,Nilgiris,8,Western Ghats,Charnockite,2017.0,39.1,224.3,13.0,6.22,3.4,45.9,0.63,12.8,54.1,150.5,0.9881,1,ISRO NRSC Landslide Atlas 2023 & NASA SRTM 30m DEM
Tamil Nadu,Nilgiris,8,Western Ghats,Charnockite,1877.0,34.2,316.0,13.26,4.78,3.2,36.8,0.78,10.4,33.0,97.9,0.916,1,ISRO NRSC Landslide Atlas 2023 & NASA SRTM 30m DEM
Tamil Nadu,Nilgiris,8,Western Ghats,Charnockite,1810.0,29.3,151.4,9.43,5.88,2.4,51.8,0.24,5.3,30.7,130.9,0.9084,1,ISRO NRSC Landslide Atlas 2023 & NASA SRTM 30m DEM
Tamil Nadu,Nilgiris,8,Western Ghats,Charnockite,2229.0,29.4,354.7,10.76,5.5,3.1,79.1,0.21,22.4,92.3,356.7,0.9991,1,ISRO NRSC Landslide Atlas 2023 & NASA SRTM 30m DEM
Tamil Nadu,Nilgiris,8,Western Ghats,Charnockite,1852.0,40.7,105.1,15.56,4.38,1.5,43.5,0.5,8.2,41.7,169.5,0.989,1,ISRO NRSC Landslide Atlas 2023 & NASA SRTM 30m DEM
Tamil Nadu,Nilgiris,8,Western Ghats,Charnockite,1884.0,31.3,311.8,10.13,5.97,1.0,15.0,0.24,1.0,5.6,13.0,0.5583,1,ISRO NRSC Landslide Atlas 2023 & NASA SRTM 30m DEM
Tamil Nadu,Nilgiris,8,Western Ghats,Charnockite,1821.0,39.0,170.5,11.98,4.46,2.7,63.5,0.29,37.1,145.9,301.9,0.9999,1,ISRO NRSC Landslide Atlas 2023 & NASA SRTM 30m DEM
Tamil Nadu,Nilgiris,8,Western Ghats,Charnockite,1752.0,30.8,271.7,9.61,5.38,2.3,85.8,0.22,25.3,159.1,426.1,0.9999,1,ISRO NRSC Landslide Atlas 2023 & NASA SRTM 30m DEM
Tamil Nadu,Nilgiris,8,Western Ghats,Charnockite,2045.0,26.8,199.7,9.62,5.59,0.7,18.1,0.42,0.5,2.2,6.9,0.3329,0,ISRO NRSC Landslide Atlas 2023 & NASA SRTM 30m DEM
Tamil Nadu,Nilgiris,8,Western Ghats,Charnockite,1759.0,31.9,202.2,12.09,5.85,2.8,55.6,0.74,13.6,56.8,245.8,0.9854,1,ISRO NRSC Landslide Atlas 2023 & NASA SRTM 30m DEM
Tamil Nadu,Nilgiris,8,Western Ghats,Charnockite,1949.0,29.5,294.7,10.12,4.96,2.2,66.1,0.2,26.5,89.4,311.4,0.9985,1,ISRO NRSC Landslide Atlas 2023 & NASA SRTM 30m DEM
Tamil Nadu,Nilgiris,8,Western Ghats,Charnockite,2099.0,47.3,160.1,17.81,4.87,1.7,91.1,0.22,22.9,106.1,409.0,1.0,1,ISRO NRSC Landslide Atlas 2023 & NASA SRTM 30m DEM
Tamil Nadu,Nilgiris,8,Western Ghats,Charnockite,1741.0,37.8,264.2,14.7,4.78,3.3,24.1,0.49,3.9,17.5,44.4,0.8885,1,ISRO NRSC Landslide Atlas 2023 & NASA SRTM 30m DEM
Tamil Nadu,Nilgiris,8,Western Ghats,Charnockite,1793.0,31.5,152.0,10.57,5.33,1.9,15.4,0.7,0.5,2.2,9.9,0.3719,0,ISRO NRSC Landslide Atlas 2023 & NASA SRTM 30m DEM
Tamil Nadu,Nilgiris,8,Western Ghats,Charnockite,1642.0,32.1,52.9,12.28,5.05,2.4,21.6,0.78,2.4,15.5,38.8,0.6154,1,ISRO NRSC Landslide Atlas 2023 & NASA SRTM 30m DEM
Tamil Nadu,Nilgiris,8,Western Ghats,Charnockite,1780.0,31.2,270.4,10.54,5.67,1.5,46.6,0.84,6.9,27.6,119.5,0.8345,1,ISRO NRSC Landslide Atlas 2023 & NASA SRTM 30m DEM
Tamil Nadu,Nilgiris,8,Western Ghats,Charnockite,1763.0,40.9,121.4,14.62,5.12,2.2,29.5,0.59,9.4,31.8,73.4,0.9619,1,ISRO NRSC Landslide Atlas 2023 & NASA SRTM 30m DEM
Tamil Nadu,Nilgiris,8,Western Ghats,Charnockite,1989.0,39.1,292.1,12.97,4.29,0.3,40.8,0.4,14.0,56.4,137.5,0.9888,1,ISRO NRSC Landslide Atlas 2023 & NASA SRTM 30m DEM
Tamil Nadu,Nilgiris,8,Western Ghats,Charnockite,1990.0,39.2,25.3,14.91,4.93,3.2,28.2,0.39,3.9,23.0,55.7,0.9383,1,ISRO NRSC Landslide Atlas 2023 & NASA SRTM 30m DEM
Tamil Nadu,Nilgiris,8,Western Ghats,Charnockite,1897.0,33.2,141.0,11.74,4.92,1.7,26.1,0.25,4.5,21.7,68.2,0.8549,1,ISRO NRSC Landslide Atlas 2023 & NASA SRTM 30m DEM
Tamil Nadu,Nilgiris,8,Western Ghats,Charnockite,2099.0,31.6,93.1,13.09,4.9,1.7,28.7,0.84,3.3,18.7,72.6,0.72,1,ISRO NRSC Landslide Atlas 2023 & NASA SRTM 30m DEM
Tamil Nadu,Nilgiris,8,Western Ghats,Charnockite,1868.0,30.8,145.2,11.58,5.85,1.6,99.0,0.6,27.0,179.2,564.5,1.0,1,ISRO NRSC Landslide Atlas 2023 & NASA SRTM 30m DEM
Tamil Nadu,Nilgiris,8,Western Ghats,Charnockite,1809.0,37.1,102.4,12.86,5.06,2.7,35.3,0.34,7.0,21.1,72.8,0.9296,1,ISRO NRSC Landslide Atlas 2023 & NASA SRTM 30m DEM
Tamil Nadu,Nilgiris,8,Western Ghats,Charnockite,1777.0,35.2,181.2,11.3,4.97,3.1,21.0,0.76,1.0,3.7,12.0,0.5129,1,ISRO NRSC Landslide Atlas 2023 & NASA SRTM 30m DEM
Tamil Nadu,Nilgiris,8,Western Ghats,Charnockite,1878.0,50.1,195.2,16.71,4.6,2.2,45.7,0.37,12.2,64.1,171.1,0.9988,1,ISRO NRSC Landslide Atlas 2023 & NASA SRTM 30m DEM
Tamil Nadu,Nilgiris,8,Western Ghats,Charnockite,2071.0,36.2,143.3,12.2,5.16,4.2,99.0,0.55,93.7,268.8,995.1,1.0,1,ISRO NRSC Landslide Atlas 2023 & NASA SRTM 30m DEM
Tamil Nadu,Nilgiris,8,Western Ghats,Charnockite,2022.0,45.4,73.0,16.58,5.46,2.9,19.9,0.58,2.8,18.5,45.0,0.9527,1,ISRO NRSC Landslide Atlas 2023 & NASA SRTM 30m DEM
Tamil Nadu,Nilgiris,8,Western Ghats,Charnockite,1794.0,31.3,31.8,10.61,5.18,2.7,42.0,0.62,16.2,50.8,113.5,0.9477,1,ISRO NRSC Landslide Atlas 2023 & NASA SRTM 30m DEM
Tamil Nadu,Nilgiris,8,Western Ghats,Charnockite,1942.0,32.2,121.9,11.78,5.79,1.2,25.2,0.73,1.0,3.7,12.6,0.5154,1,ISRO NRSC Landslide Atlas 2023 & NASA SRTM 30m DEM
Tamil Nadu,Nilgiris,8,Western Ghats,Charnockite,1696.0,43.0,30.3,15.12,4.88,2.7,71.3,0.49,20.1,82.4,295.6,0.9996,1,ISRO NRSC Landslide Atlas 2023 & NASA SRTM 30m DEM
Tamil Nadu,Nilgiris,8,Western Ghats,Charnockite,2093.0,39.7,310.9,14.09,4.77,2.5,99.0,0.72,63.0,232.2,692.3,1.0,1,ISRO NRSC Landslide Atlas 2023 & NASA SRTM 30m DEM
Tamil Nadu,Nilgiris,8,Western Ghats,Charnockite,1794.0,39.0,96.1,13.86,4.64,2.8,55.3,0.6,27.6,94.7,263.3,0.9992,1,ISRO NRSC Landslide Atlas 2023 & NASA SRTM 30m DEM
Tamil Nadu,Nilgiris,8,Western Ghats,Charnockite,2087.0,31.7,177.2,12.87,4.63,2.1,22.1,0.3,2.8,10.1,22.7,0.7232,1,ISRO NRSC Landslide Atlas 2023 & NASA SRTM 30m DEM
Tamil Nadu,Nilgiris,8,Western Ghats,Charnockite,1810.0,35.1,23.0,11.48,6.01,3.2,50.9,0.21,22.8,77.2,233.9,0.9977,1,ISRO NRSC Landslide Atlas 2023 & NASA SRTM 30m DEM
Tamil Nadu,Nilgiris,8,Western Ghats,Charnockite,1858.0,37.2,185.5,13.4,4.84,1.1,40.8,0.52,16.9,57.4,136.6,0.9881,1,ISRO NRSC Landslide Atlas 2023 & NASA SRTM 30m DEM
Tamil Nadu,Nilgiris,8,Western Ghats,Charnockite,1823.0,38.7,206.0,14.37,5.2,1.9,39.2,0.46,16.3,67.4,148.9,0.9943,1,ISRO NRSC Landslide Atlas 2023 & NASA SRTM 30m DEM
Tamil Nadu,Nilgiris,8,Western Ghats,Charnockite,1940.0,35.6,260.0,13.51,5.06,1.2,93.3,0.79,22.4,106.3,425.3,0.9998,1,ISRO NRSC Landslide Atlas 2023 & NASA SRTM 30m DEM
Tamil Nadu,Nilgiris,8,Western Ghats,Charnockite,1768.0,41.8,319.5,14.29,4.87,3.1,22.2,0.75,2.1,11.9,42.2,0.8503,1,ISRO NRSC Landslide Atlas 2023 & NASA SRTM 30m DEM
Tamil Nadu,Nilgiris,8,Western Ghats,Charnockite,1942.0,44.3,248.4,15.87,5.08,1.9,99.0,0.24,97.4,342.8,694.6,1.0,1,ISRO NRSC Landslide Atlas 2023 & NASA SRTM 30m DEM
Tamil Nadu,Nilgiris,8,Western Ghats,Charnockite,1932.0,31.3,83.7,10.84,5.22,2.4,24.7,0.4,0.2,1.4,6.1,0.5151,1,ISRO NRSC Landslide Atlas 2023 & NASA SRTM 30m DEM
Tamil Nadu,Nilgiris,8,Western Ghats,Charnockite,1963.0,34.2,127.2,10.38,5.04,1.6,21.9,0.56,4.0,13.3,59.2,0.6887,1,ISRO NRSC Landslide Atlas 2023 & NASA SRTM 30m DEM
Tamil Nadu,Nilgiris,8,Western Ghats,Charnockite,2054.0,40.7,53.5,14.45,4.65,3.6,27.2,0.27,1.2,7.6,25.4,0.8967,1,ISRO NRSC Landslide Atlas 2023 & NASA SRTM 30m DEM
Tamil Nadu,Nilgiris,8,Western Ghats,Charnockite,1979.0,31.6,94.2,12.75,4.55,2.0,21.0,0.6,1.8,7.8,27.1,0.5933,1,ISRO NRSC Landslide Atlas 2023 & NASA SRTM 30m DEM
Tamil Nadu,Nilgiris,8,Western Ghats,Charnockite,2078.0,42.9,41.0,13.29,5.15,3.4,19.0,0.23,0.8,4.4,9.9,0.8709,1,ISRO NRSC Landslide Atlas 2023 & NASA SRTM 30m DEM
Tamil Nadu,Nilgiris,8,Western Ghats,Charnockite,1924.0,40.2,199.2,15.38,5.63,2.8,40.4,0.43,9.3,41.7,112.6,0.9868,1,ISRO NRSC Landslide Atlas 2023 & NASA SRTM 30m DEM
Tamil Nadu,Nilgiris,8,Western Ghats,Charnockite,1903.0,41.2,227.7,13.8,4.38,3.0,59.1,0.24,17.2,59.3,211.4,0.9978,1,ISRO NRSC Landslide Atlas 2023 & NASA SRTM 30m DEM
Tamil Nadu,Nilgiris,8,Western Ghats,Charnockite,2028.0,31.6,214.1,11.94,4.65,2.1,54.8,0.26,24.4,85.0,172.6,0.9964,1,ISRO NRSC Landslide Atlas 2023 & NASA SRTM 30m DEM
Tamil Nadu,Nilgiris,8,Western Ghats,Charnockite,2084.0,43.4,339.2,16.21,4.81,2.1,51.1,0.37,30.1,91.4,204.0,0.9997,1,ISRO NRSC Landslide Atlas 2023 & NASA SRTM 30m DEM
Tamil Nadu,Nilgiris,8,Western Ghats,Charnockite,1874.0,38.4,216.2,13.57,4.06,3.0,53.0,0.5,27.1,93.7,212.4,0.9988,1,ISRO NRSC Landslide Atlas 2023 & NASA SRTM 30m DEM
Tamil Nadu,Nilgiris,8,Western Ghats,Charnockite,1916.0,32.8,47.7,10.5,5.16,2.3,32.3,0.64,5.3,15.2,62.1,0.7176,1,ISRO NRSC Landslide Atlas 2023 & NASA SRTM 30m DEM
Tamil Nadu,Nilgiris,8,Western Ghats,Charnockite,1984.0,39.5,15.5,12.71,4.98,3.3,26.4,0.54,6.9,31.9,74.4,0.9323,1,ISRO NRSC Landslide Atlas 2023 & NASA SRTM 30m DEM
Tamil Nadu,Nilgiris,8,Western Ghats,Charnockite,1844.0,39.1,6.4,13.76,5.02,2.5,54.7,0.31,19.0,59.6,225.8,0.9975,1,ISRO NRSC Landslide Atlas 2023 & NASA SRTM 30m DEM
Tamil Nadu,Nilgiris,8,Western Ghats,Charnockite,1739.0,29.8,209.6,10.13,5.56,3.2,41.8,0.34,16.1,50.8,144.5,0.9634,1,ISRO NRSC Landslide Atlas 2023 & NASA SRTM 30m DEM
Tamil Nadu,Nilgiris,8,Western Ghats,Charnockite,1870.0,41.9,291.2,13.6,4.31,1.0,83.5,0.24,21.9,102.3,425.5,0.9999,1,ISRO NRSC Landslide Atlas 2023 & NASA SRTM 30m DEM
Tamil Nadu,Nilgiris,8,Western Ghats,Charnockite,1908.0,31.9,64.0,9.35,5.95,4.7,42.9,0.57,17.6,101.9,214.2,0.9934,1,ISRO NRSC Landslide Atlas 2023 & NASA SRTM 30m DEM
Tamil Nadu,Nilgiris,8,Western Ghats,Charnockite,1897.0,39.1,244.3,15.71,4.63,2.7,32.7,0.33,12.2,35.4,123.2,0.9846,1,ISRO NRSC Landslide Atlas 2023 & NASA SRTM 30m DEM
Tamil Nadu,Nilgiris,8,Western Ghats,Charnockite,1962.0,48.6,308.1,18.87,4.31,2.9,76.8,0.54,27.2,137.4,295.2,1.0,1,ISRO NRSC Landslide Atlas 2023 & NASA SRTM 30m DEM
Tamil Nadu,Nilgiris,8,Western Ghats,Charnockite,2001.0,35.6,120.4,12.43,5.4,0.4,30.6,0.79,4.9,14.4,56.4,0.7785,1,ISRO NRSC Landslide Atlas 2023 & NASA SRTM 30m DEM
Tamil Nadu,Nilgiris,8,Western Ghats,Charnockite,1972.0,31.1,72.0,11.67,5.31,3.1,37.0,0.53,4.4,19.2,82.0,0.8067,1,ISRO NRSC Landslide Atlas 2023 & NASA SRTM 30m DEM
Tamil Nadu,Nilgiris,8,Western Ghats,Charnockite,1771.0,25.3,159.5,10.86,4.99,2.9,16.4,0.75,3.2,9.9,38.7,0.3409,0,ISRO NRSC Landslide Atlas 2023 & NASA SRTM 30m DEM
Tamil Nadu,Nilgiris,8,Western Ghats,Charnockite,2020.0,36.1,39.3,13.71,5.46,1.7,21.9,0.74,10.3,29.5,67.6,0.8996,1,ISRO NRSC Landslide Atlas 2023 & NASA SRTM 30m DEM
Tamil Nadu,Nilgiris,8,Western Ghats,Charnockite,1910.0,24.3,286.2,8.1,4.94,3.1,19.8,0.35,3.5,10.3,21.4,0.335,0,ISRO NRSC Landslide Atlas 2023 & NASA SRTM 30m DEM
Tamil Nadu,Nilgiris,8,Western Ghats,Charnockite,2061.0,39.9,167.2,14.9,4.81,3.1,35.8,0.67,8.9,29.5,98.8,0.9616,1,ISRO NRSC Landslide Atlas 2023 & NASA SRTM 30m DEM
Tamil Nadu,Nilgiris,8,Western Ghats,Charnockite,1742.0,30.6,205.2,11.97,5.01,2.2,44.1,0.24,11.0,47.8,132.4,0.9678,1,ISRO NRSC Landslide Atlas 2023 & NASA SRTM 30m DEM
Tamil Nadu,Nilgiris,8,Western Ghats,Charnockite,1796.0,33.0,170.8,11.35,4.79,2.3,39.5,0.75,7.1,24.3,102.4,0.8378,1,ISRO NRSC Landslide Atlas 2023 & NASA SRTM 30m DEM
Tamil Nadu,Nilgiris,8,Western Ghats,Charnockite,1882.0,38.0,329.2,13.23,4.79,3.0,81.6,0.72,29.3,87.7,356.3,0.9996,1,ISRO NRSC Landslide Atlas 2023 & NASA SRTM 30m DEM
Tamil Nadu,Nilgiris,8,Western Ghats,Charnockite,2117.0,35.0,282.2,13.0,5.56,2.3,58.6,0.81,14.5,80.7,265.8,0.9958,1,ISRO NRSC Landslide Atlas 2023 & NASA SRTM 30m DEM
Tamil Nadu,Nilgiris,8,Western Ghats,Charnockite,1744.0,41.8,222.0,14.84,4.79,1.7,56.2,0.48,36.2,113.5,315.1,0.9999,1,ISRO NRSC Landslide Atlas 2023 & NASA SRTM 30m DEM
Tamil Nadu,Nilgiris,8,Western Ghats,Charnockite,1732.0,37.1,286.1,13.76,4.86,3.1,99.0,0.22,55.2,165.1,728.4,1.0,1,ISRO NRSC Landslide Atlas 2023 & NASA SRTM 30m DEM
Tamil Nadu,Nilgiris,8,Western Ghats,Charnockite,2052.0,35.1,34.6,13.06,3.91,2.6,42.4,0.71,8.8,45.8,152.3,0.9596,1,ISRO NRSC Landslide Atlas 2023 & NASA SRTM 30m DEM
Tamil Nadu,Nilgiris,8,Western Ghats,Charnockite,2050.0,29.9,195.3,9.53,4.54,2.6,31.4,0.3,9.4,38.3,90.4,0.8695,1,ISRO NRSC Landslide Atlas 2023 & NASA SRTM 30m DEM
Tamil Nadu,Nilgiris,8,Western Ghats,Charnockite,1733.0,36.2,226.8,12.58,4.35,4.1,27.2,0.56,2.1,11.8,41.7,0.7665,1,ISRO NRSC Landslide Atlas 2023 & NASA SRTM 30m DEM
Tamil Nadu,Nilgiris,8,Western Ghats,Charnockite,1694.0,38.8,141.2,14.94,4.59,3.8,44.6,0.79,8.7,31.9,90.1,0.9577,1,ISRO NRSC Landslide Atlas 2023 & NASA SRTM 30m DEM
Tamil Nadu,Nilgiris,8,Western Ghats,Charnockite,2069.0,36.3,306.7,11.83,5.12,3.2,77.5,0.83,41.2,119.4,398.3,0.9999,1,ISRO NRSC Landslide Atlas 2023 & NASA SRTM 30m DEM
Tamil Nadu,Nilgiris,8,Western Ghats,Charnockite,1970.0,42.2,104.4,13.6,5.09,1.4,81.1,0.48,22.6,143.2,385.7,1.0,1,ISRO NRSC Landslide Atlas 2023 & NASA SRTM 30m DEM
Tamil Nadu,Nilgiris,8,Western Ghats,Charnockite,2184.0,36.1,256.1,12.18,5.03,2.3,33.8,0.26,10.4,33.3,114.1,0.9606,1,ISRO NRSC Landslide Atlas 2023 & NASA SRTM 30m DEM
Tamil Nadu,Nilgiris,8,Western Ghats,Charnockite,1863.0,37.0,106.4,12.86,4.83,2.0,76.9,0.76,21.1,78.2,308.2,0.9985,1,ISRO NRSC Landslide Atlas 2023 & NASA SRTM 30m DEM
Tamil Nadu,Nilgiris,8,Western Ghats,Charnockite,1624.0,41.7,169.3,14.69,4.05,1.7,39.8,0.34,5.5,19.9,73.9,0.9628,1,ISRO NRSC Landslide Atlas 2023 & NASA SRTM 30m DEM
Tamil Nadu,Nilgiris,8,Western Ghats,Charnockite,2179.0,31.2,14.0,11.2,4.94,2.6,31.5,0.51,0.4,1.5,6.5,0.5221,1,ISRO NRSC Landslide Atlas 2023 & NASA SRTM 30m DEM
Tamil Nadu,Nilgiris,8,Western Ghats,Charnockite,1982.0,28.7,136.8,10.12,5.48,3.3,38.3,0.66,12.5,36.6,118.3,0.8678,1,ISRO NRSC Landslide Atlas 2023 & NASA SRTM 30m DEM
Tamil Nadu,Nilgiris,8,Western Ghats,Charnockite,1850.0,22.6,105.1,5.96,5.66,1.3,69.3,0.8,13.7,87.3,354.0,0.9795,1,ISRO NRSC Landslide Atlas 2023 & NASA SRTM 30m DEM
Tamil Nadu,Nilgiris,8,Western Ghats,Charnockite,2280.0,29.9,32.1,9.34,5.36,2.0,28.0,0.57,1.7,8.6,32.1,0.4812,0,ISRO NRSC Landslide Atlas 2023 & NASA SRTM 30m DEM
Tamil Nadu,Nilgiris,8,Western Ghats,Charnockite,1790.0,29.4,161.7,9.19,5.03,2.3,17.7,0.73,3.2,10.4,31.5,0.3744,0,ISRO NRSC Landslide Atlas 2023 & NASA SRTM 30m DEM
Tamil Nadu,Nilgiris,8,Western Ghats,Charnockite,1822.0,32.6,154.0,13.75,4.46,1.9,39.6,0.47,11.5,45.8,117.5,0.965,1,ISRO NRSC Landslide Atlas 2023 & NASA SRTM 30m DEM
Tamil Nadu,Nilgiris,8,Western Ghats,Charnockite,2185.0,31.9,343.2,10.56,5.41,3.0,68.5,0.33,18.2,117.1,322.8,0.9992,1,ISRO NRSC Landslide Atlas 2023 & NASA SRTM 30m DEM
Tamil Nadu,Nilgiris,8,Western Ghats,Charnockite,1646.0,39.0,32.6,13.21,4.75,2.3,67.9,0.31,22.5,95.8,323.7,0.9996,1,ISRO NRSC Landslide Atlas 2023 & NASA SRTM 30m DEM
Tamil Nadu,Nilgiris,8,Western Ghats,Charnockite,2141.0,44.1,202.0,16.96,4.98,4.6,37.4,0.27,9.2,31.8,121.0,0.9922,1,ISRO NRSC Landslide Atlas 2023 & NASA SRTM 30m DEM
Tamil Nadu,Nilgiris,8,Western Ghats,Charnockite,1901.0,34.3,328.4,9.72,4.72,2.6,99.0,0.58,65.5,194.4,731.3,1.0,1,ISRO NRSC Landslide Atlas 2023 & NASA SRTM 30m DEM
Tamil Nadu,Nilgiris,8,Western Ghats,Charnockite,1890.0,19.9,55.9,5.68,5.29,3.2,90.1,0.31,41.4,141.1,477.9,0.9997,1,ISRO NRSC Landslide Atlas 2023 & NASA SRTM 30m DEM
Tamil Nadu,Nilgiris,8,Western Ghats,Charnockite,1876.0,31.3,43.6,11.55,4.29,2.1,34.5,0.51,3.6,14.3,38.0,0.703,1,ISRO NRSC Landslide Atlas 2023 & NASA SRTM 30m DEM
Tamil Nadu,Nilgiris,8,Western Ghats,Charnockite,1783.0,33.6,301.2,10.19,5.13,3.2,24.6,0.69,1.0,4.8,14.4,0.4833,0,ISRO NRSC Landslide Atlas 2023 & NASA SRTM 30m DEM
Tamil Nadu,Nilgiris,8,Western Ghats,Charnockite,1982.0,36.1,178.5,12.29,5.5,3.1,21.3,0.69,2.7,8.3,35.4,0.6968,1,ISRO NRSC Landslide Atlas 2023 & NASA SRTM 30m DEM
Tamil Nadu,Nilgiris,8,Western Ghats,Charnockite,1763.0,29.6,270.6,10.29,4.44,2.6,60.6,0.73,29.2,121.3,245.4,0.9981,1,ISRO NRSC Landslide Atlas 2023 & NASA SRTM 30m DEM
Tamil Nadu,Nilgiris,8,Western Ghats,Charnockite,1839.0,37.7,245.5,12.84,5.24,2.0,26.4,0.33,2.2,8.8,33.4,0.8407,1,ISRO NRSC Landslide Atlas 2023 & NASA SRTM 30m DEM
Tamil Nadu,Nilgiris,8,Western Ghats,Charnockite,2202.0,33.9,10.4,11.24,4.43,1.7,59.4,0.67,28.2,90.8,292.2,0.9981,1,ISRO NRSC Landslide Atlas 2023 & NASA SRTM 30m DEM
Tamil Nadu,Nilgiris,8,Western Ghats,Charnockite,2072.0,42.4,66.4,14.97,5.2,0.7,27.0,0.61,4.3,12.7,33.4,0.9121,1,ISRO NRSC Landslide Atlas 2023 & NASA SRTM 30m DEM
Tamil Nadu,Nilgiris,8,Western Ghats,Charnockite,2069.0,40.2,327.0,11.59,4.8,1.5,94.0,0.47,35.9,187.8,537.8,1.0,1,ISRO NRSC Landslide Atlas 2023 & NASA SRTM 30m DEM
Tamil Nadu,Nilgiris,8,Western Ghats,Charnockite,1985.0,34.5,223.2,9.24,4.36,2.2,98.2,0.29,29.0,140.1,559.6,1.0,1,ISRO NRSC Landslide Atlas 2023 & NASA SRTM 30m DEM
Tamil Nadu,Nilgiris,8,Western Ghats,Charnockite,1919.0,40.2,326.8,14.05,4.73,2.3,67.4,0.75,20.8,96.6,336.6,0.9995,1,ISRO NRSC Landslide Atlas 2023 & NASA SRTM 30m DEM
Tamil Nadu,Nilgiris,8,Western Ghats,Charnockite,2184.0,29.3,61.4,9.99,5.24,3.3,26.0,0.69,3.1,9.0,31.6,0.4582,0,ISRO NRSC Landslide Atlas 2023 & NASA SRTM 30m DEM
Tamil Nadu,Nilgiris,8,Western Ghats,Charnockite,2038.0,34.2,238.3,11.31,4.95,1.1,79.5,0.3,21.4,92.9,357.0,0.9994,1,ISRO NRSC Landslide Atlas 2023 & NASA SRTM 30m DEM
Tamil Nadu,Nilgiris,8,Western Ghats,Charnockite,1980.0,40.9,167.7,14.16,4.38,2.5,49.2,0.31,16.7,55.5,124.4,0.9946,1,ISRO NRSC Landslide Atlas 2023 & NASA SRTM 30m DEM
Tamil Nadu,Nilgiris,8,Western Ghats,Charnockite,2005.0,43.8,140.0,15.28,4.83,2.4,48.0,0.73,15.3,56.8,196.3,0.996,1,ISRO NRSC Landslide Atlas 2023 & NASA SRTM 30m DEM
Tamil Nadu,Nilgiris,8,Western Ghats,Charnockite,2035.0,42.5,5.9,15.16,4.53,2.6,20.1,0.21,3.3,14.1,35.5,0.9392,1,ISRO NRSC Landslide Atlas 2023 & NASA SRTM 30m DEM
Tamil Nadu,Nilgiris,8,Western Ghats,Charnockite,2009.0,34.4,355.1,10.4,4.42,1.1,47.7,0.67,19.4,100.4,223.8,0.9953,1,ISRO NRSC Landslide Atlas 2023 & NASA SRTM 30m DEM
Tamil Nadu,Nilgiris,8,Western Ghats,Charnockite,1827.0,32.7,53.5,12.77,4.61,2.4,99.0,0.61,50.1,163.9,610.5,1.0,1,ISRO NRSC Landslide Atlas 2023 & NASA SRTM 30m DEM
Tamil Nadu,Nilgiris,8,Western Ghats,Charnockite,1843.0,37.0,148.2,14.53,4.57,2.1,22.8,0.82,1.3,6.9,20.6,0.7056,1,ISRO NRSC Landslide Atlas 2023 & NASA SRTM 30m DEM
Tamil Nadu,Nilgiris,8,Western Ghats,Charnockite,1700.0,42.2,272.7,15.58,4.69,3.0,85.3,0.3,13.5,87.3,378.2,0.9998,1,ISRO NRSC Landslide Atlas 2023 & NASA SRTM 30m DEM
Tamil Nadu,Nilgiris,8,Western Ghats,Charnockite,2082.0,29.3,51.2,9.94,4.68,2.9,28.1,0.77,1.1,4.7,9.5,0.3419,0,ISRO NRSC Landslide Atlas 2023 & NASA SRTM 30m DEM
Tamil Nadu,Nilgiris,8,Western Ghats,Charnockite,2227.0,35.1,63.4,13.71,5.33,3.6,63.3,0.68,37.6,114.2,262.3,0.9996,1,ISRO NRSC Landslide Atlas 2023 & NASA SRTM 30m DEM
Tamil Nadu,Nilgiris,8,Western Ghats,Charnockite,1916.0,41.2,155.0,14.59,4.41,2.9,34.4,0.52,6.2,28.5,98.4,0.9634,1,ISRO NRSC Landslide Atlas 2023 & NASA SRTM 30m DEM
Tamil Nadu,Nilgiris,8,Western Ghats,Charnockite,1987.0,41.6,237.5,14.38,4.41,2.7,53.6,0.26,14.6,59.0,220.0,0.9976,1,ISRO NRSC Landslide Atlas 2023 & NASA SRTM 30m DEM
Tamil Nadu,Nilgiris,8,Western Ghats,Charnockite,1934.0,33.6,249.9,13.09,4.71,2.9,99.0,0.32,23.6,124.4,558.8,1.0,1,ISRO NRSC Landslide Atlas 2023 & NASA SRTM 30m DEM
Tamil Nadu,Nilgiris,8,Western Ghats,Charnockite,2239.0,32.7,299.7,12.63,4.5,2.2,23.1,0.35,0.1,0.5,1.5,0.6043,1,ISRO NRSC Landslide Atlas 2023 & NASA SRTM 30m DEM
Tamil Nadu,Nilgiris,8,Western Ghats,Charnockite,1877.0,27.8,274.7,9.35,5.29,3.4,31.6,0.26,7.1,30.9,134.1,0.848,1,ISRO NRSC Landslide Atlas 2023 & NASA SRTM 30m DEM
Tamil Nadu,Nilgiris,8,Western Ghats,Charnockite,1815.0,33.9,272.9,10.69,5.07,3.1,20.1,0.55,1.7,7.9,32.1,0.5925,1,ISRO NRSC Landslide Atlas 2023 & NASA SRTM 30m DEM
Tamil Nadu,Nilgiris,8,Western Ghats,Charnockite,1775.0,41.4,313.3,15.29,5.12,3.0,38.5,0.81,5.8,20.1,57.8,0.9355,1,ISRO NRSC Landslide Atlas 2023 & NASA SRTM 30m DEM
Tamil Nadu,Nilgiris,8,Western Ghats,Charnockite,1946.0,33.6,70.1,11.11,4.74,1.8,29.3,0.55,2.9,9.1,19.2,0.646,1,ISRO NRSC Landslide Atlas 2023 & NASA SRTM 30m DEM
Tamil Nadu,Nilgiris,8,Western Ghats,Charnockite,1735.0,44.0,108.3,17.01,4.44,2.5,42.4,0.76,6.0,34.9,149.5,0.9864,1,ISRO NRSC Landslide Atlas 2023 & NASA SRTM 30m DEM
Tamil Nadu,Nilgiris,8,Western Ghats,Charnockite,1896.0,33.0,212.0,12.05,5.1,2.4,24.5,0.42,4.4,13.9,37.4,0.7589,1,ISRO NRSC Landslide Atlas 2023 & NASA SRTM 30m DEM
Tamil Nadu,Nilgiris,8,Western Ghats,Charnockite,2055.0,28.5,331.7,10.29,5.09,1.8,29.9,0.64,2.4,13.4,58.2,0.5468,1,ISRO NRSC Landslide Atlas 2023 & NASA SRTM 30m DEM
Tamil Nadu,Nilgiris,8,Western Ghats,Charnockite,1972.0,32.0,25.1,11.48,4.78,3.3,44.7,0.34,13.5,52.7,234.4,0.9844,1,ISRO NRSC Landslide Atlas 2023 & NASA SRTM 30m DEM
Tamil Nadu,Nilgiris,8,Western Ghats,Charnockite,1740.0,34.1,166.8,13.74,4.85,3.7,36.2,0.59,8.2,29.3,116.7,0.9323,1,ISRO NRSC Landslide Atlas 2023 & NASA SRTM 30m DEM
Tamil Nadu,Nilgiris,8,Western Ghats,Charnockite,2143.0,36.9,45.8,14.13,4.99,2.8,46.0,0.24,30.7,93.8,203.0,0.9992,1,ISRO NRSC Landslide Atlas 2023 & NASA SRTM 30m DEM
Tamil Nadu,Nilgiris,8,Western Ghats,Charnockite,1604.0,39.5,299.7,13.57,5.34,2.4,15.0,0.51,0.4,1.6,5.3,0.7363,1,ISRO NRSC Landslide Atlas 2023 & NASA SRTM 30m DEM
Tamil Nadu,Nilgiris,8,Western Ghats,Charnockite,2075.0,30.7,97.9,10.03,5.02,3.2,60.8,0.81,18.3,74.0,272.7,0.9893,1,ISRO NRSC Landslide Atlas 2023 & NASA SRTM 30m DEM
Tamil Nadu,Nilgiris,8,Western Ghats,Charnockite,1937.0,35.6,56.8,12.69,5.38,3.9,30.1,0.76,1.2,7.4,32.5,0.6925,1,ISRO NRSC Landslide Atlas 2023 & NASA SRTM 30m DEM
Tamil Nadu,Nilgiris,8,Western Ghats,Charnockite,1822.0,36.6,89.4,13.69,5.17,2.5,75.6,0.53,19.5,106.7,381.1,0.9997,1,ISRO NRSC Landslide Atlas 2023 & NASA SRTM 30m DEM
Tamil Nadu,Nilgiris,8,Western Ghats,Charnockite,1928.0,36.2,148.3,11.8,4.8,3.7,55.6,0.44,19.1,77.9,268.3,0.9973,1,ISRO NRSC Landslide Atlas 2023 & NASA SRTM 30m DEM
Tamil Nadu,Nilgiris,8,Western Ghats,Charnockite,1943.0,31.5,333.0,11.11,5.39,2.3,33.8,0.69,17.5,50.7,113.3,0.9434,1,ISRO NRSC Landslide Atlas 2023 & NASA SRTM 30m DEM
Tamil Nadu,Nilgiris,8,Western Ghats,Charnockite,1985.0,26.2,348.4,12.22,5.19,3.7,79.4,0.75,19.1,90.9,408.3,0.9981,1,ISRO NRSC Landslide Atlas 2023 & NASA SRTM 30m DEM
Tamil Nadu,Nilgiris,8,Western Ghats,Charnockite,2029.0,24.5,276.0,7.18,6.16,2.6,18.2,0.45,0.6,2.5,7.4,0.2101,0,ISRO NRSC Landslide Atlas 2023 & NASA SRTM 30m DEM
Tamil Nadu,Nilgiris,8,Western Ghats,Charnockite,2044.0,38.2,294.7,14.69,5.67,2.6,94.2,0.41,52.2,220.5,520.1,1.0,1,ISRO NRSC Landslide Atlas 2023 & NASA SRTM 30m DEM
Tamil Nadu,Nilgiris,8,Western Ghats,Charnockite,2228.0,27.7,147.5,11.41,5.07,1.2,28.5,0.38,5.4,29.8,100.0,0.8182,1,ISRO NRSC Landslide Atlas 2023 & NASA SRTM 30m DEM
Tamil Nadu,Nilgiris,8,Western Ghats,Charnockite,1945.0,28.8,200.6,11.33,5.63,2.7,45.7,0.26,17.9,88.8,205.6,0.994,1,ISRO NRSC Landslide Atlas 2023 & NASA SRTM 30m DEM
Tamil Nadu,Nilgiris,8,Western Ghats,Charnockite,1772.0,34.9,302.8,12.96,4.87,1.5,35.5,0.31,10.9,36.2,119.5,0.9644,1,ISRO NRSC Landslide Atlas 2023 & NASA SRTM 30m DEM
Tamil Nadu,Nilgiris,8,Western Ghats,Charnockite,2240.0,21.9,226.3,6.97,6.63,3.8,24.8,0.82,5.8,22.4,97.7,0.3512,0,ISRO NRSC Landslide Atlas 2023 & NASA SRTM 30m DEM
Tamil Nadu,Nilgiris,8,Western Ghats,Charnockite,1949.0,42.6,78.5,16.44,4.28,3.6,31.6,0.41,4.7,21.3,85.2,0.9698,1,ISRO NRSC Landslide Atlas 2023 & NASA SRTM 30m DEM
Tamil Nadu,Nilgiris,8,Western Ghats,Charnockite,1603.0,48.5,254.2,16.84,3.81,2.6,55.2,0.79,11.4,52.9,218.8,0.9976,1,ISRO NRSC Landslide Atlas 2023 & NASA SRTM 30m DEM
Tamil Nadu,Nilgiris,8,Western Ghats,Charnockite,2107.0,40.5,265.6,13.88,5.53,2.1,46.4,0.75,6.7,24.8,65.6,0.9456,1,ISRO NRSC Landslide Atlas 2023 & NASA SRTM 30m DEM
Tamil Nadu,Nilgiris,8,Western Ghats,Charnockite,2138.0,26.2,257.9,9.75,4.93,2.7,50.3,0.53,9.5,53.5,179.9,0.933,1,ISRO NRSC Landslide Atlas 2023 & NASA SRTM 30m DEM
Tamil Nadu,Nilgiris,8,Western Ghats,Charnockite,2073.0,32.2,116.3,11.27,4.3,1.8,19.1,0.81,1.9,10.1,45.0,0.4947,0,ISRO NRSC Landslide Atlas 2023 & NASA SRTM 30m DEM
Tamil Nadu,Nilgiris,8,Western Ghats,Charnockite,1702.0,43.0,119.7,16.25,4.6,1.4,60.0,0.26,39.1,118.2,283.0,1.0,1,ISRO NRSC Landslide Atlas 2023 & NASA SRTM 30m DEM
Tamil Nadu,Nilgiris,8,Western Ghats,Charnockite,1904.0,32.5,189.6,10.51,5.0,3.9,29.4,0.22,6.9,21.7,61.0,0.8435,1,ISRO NRSC Landslide Atlas 2023 & NASA SRTM 30m DEM
Tamil Nadu,Nilgiris,8,Western Ghats,Charnockite,1876.0,35.7,302.5,12.23,5.42,2.6,31.1,0.46,3.4,19.8,81.1,0.8739,1,ISRO NRSC Landslide Atlas 2023 & NASA SRTM 30m DEM
Tamil Nadu,Nilgiris,8,Western Ghats,Charnockite,2065.0,32.6,333.6,11.98,5.14,3.4,62.0,0.24,34.0,109.1,241.9,0.9995,1,ISRO NRSC Landslide Atlas 2023 & NASA SRTM 30m DEM
Tamil Nadu,Nilgiris,8,Western Ghats,Charnockite,1926.0,45.0,21.6,15.43,4.37,2.5,99.0,0.35,41.3,217.4,911.1,1.0,1,ISRO NRSC Landslide Atlas 2023 & NASA SRTM 30m DEM
Tamil Nadu,Nilgiris,8,Western Ghats,Charnockite,1823.0,34.1,117.8,12.7,5.31,1.5,25.1,0.44,2.1,12.7,56.4,0.7923,1,ISRO NRSC Landslide Atlas 2023 & NASA SRTM 30m DEM
Tamil Nadu,Nilgiris,8,Western Ghats,Charnockite,2035.0,38.8,290.3,12.49,4.73,2.0,22.1,0.63,6.9,19.7,56.5,0.8599,1,ISRO NRSC Landslide Atlas 2023 & NASA SRTM 30m DEM
Tamil Nadu,Nilgiris,8,Western Ghats,Charnockite,2028.0,26.4,2.4,12.23,4.64,2.1,38.8,0.83,13.4,39.4,139.0,0.8754,1,ISRO NRSC Landslide Atlas 2023 & NASA SRTM 30m DEM
Tamil Nadu,Nilgiris,8,Western Ghats,Charnockite,1837.0,39.3,356.9,13.58,4.51,3.4,27.2,0.58,1.8,7.0,29.5,0.8091,1,ISRO NRSC Landslide Atlas 2023 & NASA SRTM 30m DEM
Tamil Nadu,Nilgiris,8,Western Ghats,Charnockite,2002.0,35.7,333.8,12.5,5.79,1.9,31.3,0.26,4.1,14.9,61.7,0.8907,1,ISRO NRSC Landslide Atlas 2023 & NASA SRTM 30m DEM
Tamil Nadu,Nilgiris,8,Western Ghats,Charnockite,1966.0,33.3,118.8,12.95,5.95,3.6,33.4,0.33,14.8,44.3,140.8,0.9765,1,ISRO NRSC Landslide Atlas 2023 & NASA SRTM 30m DEM
Tamil Nadu,Nilgiris,8,Western Ghats,Charnockite,2016.0,27.0,67.2,10.03,5.61,3.6,43.4,0.26,9.6,42.4,173.5,0.9386,1,ISRO NRSC Landslide Atlas 2023 & NASA SRTM 30m DEM
Tamil Nadu,Nilgiris,8,Western Ghats,Charnockite,1664.0,41.7,98.2,15.33,4.7,1.2,47.4,0.54,21.6,91.6,200.4,0.999,1,ISRO NRSC Landslide Atlas 2023 & NASA SRTM 30m DEM
Tamil Nadu,Nilgiris,8,Western Ghats,Charnockite,2001.0,39.0,23.1,13.36,4.49,2.3,25.7,0.74,3.3,17.7,66.5,0.846,1,ISRO NRSC Landslide Atlas 2023 & NASA SRTM 30m DEM
Tamil Nadu,Nilgiris,8,Western Ghats,Charnockite,2188.0,34.5,31.1,11.88,5.02,3.1,87.1,0.44,30.4,98.9,412.7,0.9998,1,ISRO NRSC Landslide Atlas 2023 & NASA SRTM 30m DEM
Tamil Nadu,Nilgiris,8,Western Ghats,Charnockite,1762.0,35.1,332.2,11.9,5.25,3.0,31.7,0.74,2.3,12.5,41.2,0.7151,1,ISRO NRSC Landslide Atlas 2023 & NASA SRTM 30m DEM
Tamil Nadu,Nilgiris,8,Western Ghats,Charnockite,1990.0,37.2,165.8,13.18,4.41,1.3,79.2,0.82,33.1,121.0,408.6,0.9999,1,ISRO NRSC Landslide Atlas 2023 & NASA SRTM 30m DEM
Tamil Nadu,Nilgiris,8,Western Ghats,Charnockite,1911.0,36.7,217.0,11.43,5.4,1.9,32.1,0.65,3.9,19.2,78.6,0.8368,1,ISRO NRSC Landslide Atlas 2023 & NASA SRTM 30m DEM
Tamil Nadu,Nilgiris,8,Western Ghats,Charnockite,2077.0,37.7,4.9,13.32,4.36,2.6,61.4,0.56,18.8,65.2,274.2,0.9973,1,ISRO NRSC Landslide Atlas 2023 & NASA SRTM 30m DEM
Tamil Nadu,Nilgiris,8,Western Ghats,Charnockite,1643.0,30.6,286.7,10.08,5.38,4.3,37.0,0.35,10.0,33.8,90.4,0.8913,1,ISRO NRSC Landslide Atlas 2023 & NASA SRTM 30m DEM
Tamil Nadu,Nilgiris,8,Western Ghats,Charnockite,2044.0,37.6,163.1,13.0,4.37,1.9,72.5,0.64,16.4,97.3,348.4,0.9992,1,ISRO NRSC Landslide Atlas 2023 & NASA SRTM 30m DEM
Tamil Nadu,Nilgiris,8,Western Ghats,Charnockite,2038.0,40.6,1.2,15.28,4.02,1.4,28.9,0.75,0.2,0.8,3.1,0.7704,1,ISRO NRSC Landslide Atlas 2023 & NASA SRTM 30m DEM
Tamil Nadu,Nilgiris,8,Western Ghats,Charnockite,1989.0,41.7,35.3,14.85,4.7,2.6,94.4,0.26,22.4,142.9,478.9,1.0,1,ISRO NRSC Landslide Atlas 2023 & NASA SRTM 30m DEM
Tamil Nadu,Nilgiris,8,Western Ghats,Charnockite,1958.0,39.1,219.0,15.06,4.62,2.0,23.5,0.43,2.0,10.6,45.7,0.885,1,ISRO NRSC Landslide Atlas 2023 & NASA SRTM 30m DEM
Tamil Nadu,Nilgiris,8,Western Ghats,Charnockite,2156.0,40.8,43.6,13.65,4.23,3.0,31.1,0.66,6.4,39.1,79.3,0.9515,1,ISRO NRSC Landslide Atlas 2023 & NASA SRTM 30m DEM
Tamil Nadu,Nilgiris,8,Western Ghats,Charnockite,1856.0,44.4,208.0,14.83,4.48,1.9,78.1,0.39,41.1,162.0,345.7,1.0,1,ISRO NRSC Landslide Atlas 2023 & NASA SRTM 30m DEM
Tamil Nadu,Nilgiris,8,Western Ghats,Charnockite,2110.0,35.4,342.7,11.34,4.55,2.1,62.5,0.52,16.6,77.0,297.6,0.9969,1,ISRO NRSC Landslide Atlas 2023 & NASA SRTM 30m DEM
Tamil Nadu,Nilgiris,8,Western Ghats,Charnockite,2265.0,35.7,101.1,10.76,4.37,0.8,57.4,0.53,23.9,75.5,227.0,0.9958,1,ISRO NRSC Landslide Atlas 2023 & NASA SRTM 30m DEM
Tamil Nadu,Nilgiris,8,Western Ghats,Charnockite,2125.0,31.3,192.1,10.3,5.83,2.6,99.0,0.49,66.0,229.6,658.9,1.0,1,ISRO NRSC Landslide Atlas 2023 & NASA SRTM 30m DEM
Tamil Nadu,Nilgiris,8,Western Ghats,Charnockite,1705.0,41.2,231.0,14.16,4.98,2.5,21.1,0.81,5.4,17.7,41.5,0.8679,1,ISRO NRSC Landslide Atlas 2023 & NASA SRTM 30m DEM
Tamil Nadu,Nilgiris,8,Western Ghats,Charnockite,2030.0,29.0,145.8,9.6,5.53,2.9,15.0,0.48,2.7,10.5,25.7,0.4544,0,ISRO NRSC Landslide Atlas 2023 & NASA SRTM 30m DEM
Tamil Nadu,Nilgiris,8,Western Ghats,Charnockite,1817.0,37.8,133.2,13.52,4.64,2.0,36.3,0.25,9.9,57.8,131.0,0.9879,1,ISRO NRSC Landslide Atlas 2023 & NASA SRTM 30m DEM
Tamil Nadu,Nilgiris,8,Western Ghats,Charnockite,1890.0,41.5,289.2,13.65,4.5,2.4,18.3,0.37,2.9,10.4,30.5,0.8746,1,ISRO NRSC Landslide Atlas 2023 & NASA SRTM 30m DEM
Tamil Nadu,Nilgiris,8,Western Ghats,Charnockite,2076.0,37.2,330.3,13.88,4.79,1.4,30.0,0.56,14.4,51.4,140.9,0.9809,1,ISRO NRSC Landslide Atlas 2023 & NASA SRTM 30m DEM
Tamil Nadu,Nilgiris,8,Western Ghats,Charnockite,1955.0,32.8,290.2,11.52,4.34,2.4,30.5,0.31,10.8,31.3,73.5,0.9055,1,ISRO NRSC Landslide Atlas 2023 & NASA SRTM 30m DEM
Tamil Nadu,Nilgiris,8,Western Ghats,Charnockite,2043.0,32.9,318.4,12.25,5.45,1.4,41.3,0.52,9.2,36.3,146.7,0.9494,1,ISRO NRSC Landslide Atlas 2023 & NASA SRTM 30m DEM
Tamil Nadu,Nilgiris,8,Western Ghats,Charnockite,1662.0,27.5,333.8,9.73,5.26,2.1,32.5,0.42,6.7,24.2,72.0,0.7268,1,ISRO NRSC Landslide Atlas 2023 & NASA SRTM 30m DEM
Tamil Nadu,Nilgiris,8,Western Ghats,Charnockite,2150.0,36.3,87.7,12.36,4.68,2.8,50.5,0.49,11.9,62.8,147.4,0.9872,1,ISRO NRSC Landslide Atlas 2023 & NASA SRTM 30m DEM
Tamil Nadu,Nilgiris,8,Western Ghats,Charnockite,1967.0,37.9,255.2,13.84,5.21,2.6,31.2,0.56,4.6,16.6,53.9,0.8903,1,ISRO NRSC Landslide Atlas 2023 & NASA SRTM 30m DEM
Tamil Nadu,Nilgiris,8,Western Ghats,Charnockite,1821.0,33.0,197.6,11.66,5.02,3.5,91.5,0.35,36.7,141.2,461.1,1.0,1,ISRO NRSC Landslide Atlas 2023 & NASA SRTM 30m DEM
Tamil Nadu,Nilgiris,8,Western Ghats,Charnockite,1979.0,36.9,75.6,13.91,4.06,2.7,46.2,0.21,14.6,47.7,185.7,0.9922,1,ISRO NRSC Landslide Atlas 2023 & NASA SRTM 30m DEM
Tamil Nadu,Nilgiris,8,Western Ghats,Charnockite,1851.0,34.5,37.5,10.68,4.85,1.5,33.3,0.75,2.5,15.5,38.1,0.6676,1,ISRO NRSC Landslide Atlas 2023 & NASA SRTM 30m DEM
Tamil Nadu,Nilgiris,8,Western Ghats,Charnockite,2030.0,31.9,101.9,12.37,5.01,3.5,39.6,0.74,6.6,24.3,96.3,0.8448,1,ISRO NRSC Landslide Atlas 2023 & NASA SRTM 30m DEM
Tamil Nadu,Nilgiris,8,Western Ghats,Charnockite,2007.0,35.8,103.7,10.45,5.05,2.2,48.1,0.51,18.2,58.5,152.8,0.9843,1,ISRO NRSC Landslide Atlas 2023 & NASA SRTM 30m DEM
Tamil Nadu,Nilgiris,8,Western Ghats,Charnockite,1930.0,35.1,305.3,12.9,5.2,1.9,22.3,0.77,2.1,6.9,29.5,0.6484,1,ISRO NRSC Landslide Atlas 2023 & NASA SRTM 30m DEM
Tamil Nadu,Nilgiris,8,Western Ghats,Charnockite,1861.0,36.1,84.8,12.6,4.69,2.9,67.7,0.63,32.8,127.4,397.6,0.9999,1,ISRO NRSC Landslide Atlas 2023 & NASA SRTM 30m DEM
Tamil Nadu,Nilgiris,8,Western Ghats,Charnockite,1681.0,41.4,56.1,15.62,4.04,2.7,31.9,0.78,3.3,12.2,53.2,0.8949,1,ISRO NRSC Landslide Atlas 2023 & NASA SRTM 30m DEM
Tamil Nadu,Nilgiris,8,Western Ghats,Charnockite,1961.0,38.9,143.1,13.63,4.69,2.4,46.7,0.34,8.4,35.5,145.5,0.982,1,ISRO NRSC Landslide Atlas 2023 & NASA SRTM 30m DEM
Tamil Nadu,Nilgiris,8,Western Ghats,Charnockite,2232.0,43.4,10.4,15.79,4.32,3.6,99.0,0.36,84.3,279.3,911.9,1.0,1,ISRO NRSC Landslide Atlas 2023 & NASA SRTM 30m DEM
Tamil Nadu,Nilgiris,8,Western Ghats,Charnockite,2084.0,36.3,37.0,14.13,4.34,1.9,43.7,0.48,14.5,64.6,187.4,0.9926,1,ISRO NRSC Landslide Atlas 2023 & NASA SRTM 30m DEM
Tamil Nadu,Nilgiris,8,Western Ghats,Charnockite,1825.0,35.2,313.4,11.54,5.45,3.3,69.1,0.49,33.7,108.7,272.7,0.9995,1,ISRO NRSC Landslide Atlas 2023 & NASA SRTM 30m DEM
Tamil Nadu,Nilgiris,8,Western Ghats,Charnockite,1872.0,41.2,290.3,15.82,4.84,2.9,30.3,0.43,2.5,14.5,61.3,0.9416,1,ISRO NRSC Landslide Atlas 2023 & NASA SRTM 30m DEM
Tamil Nadu,Nilgiris,8,Western Ghats,Charnockite,1867.0,32.0,44.6,10.31,5.17,1.6,15.0,0.48,0.4,1.1,3.6,0.4245,0,ISRO NRSC Landslide Atlas 2023 & NASA SRTM 30m DEM
Tamil Nadu,Nilgiris,8,Western Ghats,Charnockite,1762.0,31.1,181.8,10.22,5.1,1.8,99.0,0.73,49.1,168.7,564.8,1.0,1,ISRO NRSC Landslide Atlas 2023 & NASA SRTM 30m DEM
Tamil Nadu,Nilgiris,8,Western Ghats,Charnockite,1902.0,44.4,233.8,14.16,5.19,2.9,81.5,0.71,34.4,152.0,403.2,1.0,1,ISRO NRSC Landslide Atlas 2023 & NASA SRTM 30m DEM
Tamil Nadu,Nilgiris,8,Western Ghats,Charnockite,1851.0,36.2,34.3,11.74,5.68,2.2,99.0,0.53,42.5,196.0,702.5,1.0,1,ISRO NRSC Landslide Atlas 2023 & NASA SRTM 30m DEM
Tamil Nadu,Nilgiris,8,Western Ghats,Charnockite,1823.0,35.4,187.6,14.15,5.02,3.2,33.8,0.27,19.8,56.9,189.1,0.9935,1,ISRO NRSC Landslide Atlas 2023 & NASA SRTM 30m DEM
Tamil Nadu,Nilgiris,8,Western Ghats,Charnockite,1858.0,34.4,306.2,11.62,5.2,2.0,32.8,0.79,5.2,23.2,47.6,0.7745,1,ISRO NRSC Landslide Atlas 2023 & NASA SRTM 30m DEM
Tamil Nadu,Nilgiris,8,Western Ghats,Charnockite,1979.0,35.2,330.7,11.75,5.5,3.4,88.6,0.81,29.6,119.9,438.8,0.9998,1,ISRO NRSC Landslide Atlas 2023 & NASA SRTM 30m DEM
Tamil Nadu,Nilgiris,8,Western Ghats,Charnockite,1806.0,24.7,221.5,9.24,4.63,2.2,64.3,0.64,20.7,87.4,275.2,0.9898,1,ISRO NRSC Landslide Atlas 2023 & NASA SRTM 30m DEM
Tamil Nadu,Nilgiris,8,Western Ghats,Charnockite,2014.0,42.4,237.2,15.47,4.09,2.4,26.3,0.72,3.7,23.3,69.0,0.9317,1,ISRO NRSC Landslide Atlas 2023 & NASA SRTM 30m DEM
Tamil Nadu,Nilgiris,8,Western Ghats,Charnockite,1747.0,31.3,44.4,10.57,4.7,1.3,15.6,0.71,3.6,17.2,44.2,0.5394,1,ISRO NRSC Landslide Atlas 2023 & NASA SRTM 30m DEM
Jammu & Kashmir,Ramban,9,Northwest Himalayas,Shale & Siltstone,1633.0,49.9,355.1,17.2,4.04,2.0,28.3,0.52,1.9,9.9,42.7,0.9691,1,ISRO NRSC Landslide Atlas 2023 & NASA SRTM 30m DEM
Jammu & Kashmir,Ramban,9,Northwest Himalayas,Shale & Siltstone,1667.0,55.2,245.7,18.5,3.8,2.5,41.5,0.56,6.9,38.6,140.2,0.9976,1,ISRO NRSC Landslide Atlas 2023 & NASA SRTM 30m DEM
Jammu & Kashmir,Ramban,9,Northwest Himalayas,Shale & Siltstone,2082.0,31.6,176.9,9.4,5.53,2.7,99.0,0.39,37.5,223.1,886.3,1.0,1,ISRO NRSC Landslide Atlas 2023 & NASA SRTM 30m DEM
Jammu & Kashmir,Ramban,9,Northwest Himalayas,Shale & Siltstone,1643.0,41.9,248.5,16.06,4.74,3.3,33.7,0.36,8.6,32.4,140.8,0.9878,1,ISRO NRSC Landslide Atlas 2023 & NASA SRTM 30m DEM
Jammu & Kashmir,Ramban,9,Northwest Himalayas,Shale & Siltstone,1907.0,42.3,310.5,14.09,3.68,3.2,51.8,0.24,9.7,48.2,201.4,0.9954,1,ISRO NRSC Landslide Atlas 2023 & NASA SRTM 30m DEM
Jammu & Kashmir,Ramban,9,Northwest Himalayas,Shale & Siltstone,1511.0,40.0,250.4,14.51,5.02,1.9,42.2,0.73,13.7,47.3,124.9,0.9853,1,ISRO NRSC Landslide Atlas 2023 & NASA SRTM 30m DEM
Jammu & Kashmir,Ramban,9,Northwest Himalayas,Shale & Siltstone,1828.0,48.1,218.8,17.35,4.74,3.0,20.9,0.25,6.3,20.9,50.1,0.9848,1,ISRO NRSC Landslide Atlas 2023 & NASA SRTM 30m DEM
Jammu & Kashmir,Ramban,9,Northwest Himalayas,Shale & Siltstone,1718.0,46.0,204.7,15.65,4.8,0.4,32.1,0.34,2.2,12.1,33.3,0.9616,1,ISRO NRSC Landslide Atlas 2023 & NASA SRTM 30m DEM
Jammu & Kashmir,Ramban,9,Northwest Himalayas,Shale & Siltstone,1841.0,41.0,31.4,14.68,4.86,2.3,42.7,0.32,10.4,50.4,168.8,0.9939,1,ISRO NRSC Landslide Atlas 2023 & NASA SRTM 30m DEM
Jammu & Kashmir,Ramban,9,Northwest Himalayas,Shale & Siltstone,1677.0,47.7,226.0,16.94,4.14,2.2,44.1,0.5,11.9,50.7,153.8,0.9971,1,ISRO NRSC Landslide Atlas 2023 & NASA SRTM 30m DEM
Jammu & Kashmir,Ramban,9,Northwest Himalayas,Shale & Siltstone,1692.0,52.1,302.1,18.27,4.9,3.4,41.7,0.5,7.3,36.1,137.6,0.9971,1,ISRO NRSC Landslide Atlas 2023 & NASA SRTM 30m DEM
Jammu & Kashmir,Ramban,9,Northwest Himalayas,Shale & Siltstone,1827.0,39.4,132.3,13.23,5.23,2.6,15.0,0.53,0.3,1.0,4.2,0.7229,1,ISRO NRSC Landslide Atlas 2023 & NASA SRTM 30m DEM
Jammu & Kashmir,Ramban,9,Northwest Himalayas,Shale & Siltstone,1649.0,47.1,120.5,16.17,4.95,2.1,61.4,0.81,34.6,103.8,282.3,0.9999,1,ISRO NRSC Landslide Atlas 2023 & NASA SRTM 30m DEM
Jammu & Kashmir,Ramban,9,Northwest Himalayas,Shale & Siltstone,1839.0,43.8,229.3,14.78,4.45,2.5,41.4,0.66,10.9,38.7,155.7,0.9884,1,ISRO NRSC Landslide Atlas 2023 & NASA SRTM 30m DEM
Jammu & Kashmir,Ramban,9,Northwest Himalayas,Shale & Siltstone,1814.0,44.5,270.1,14.06,4.82,2.4,83.3,0.79,26.2,94.8,356.0,0.9998,1,ISRO NRSC Landslide Atlas 2023 & NASA SRTM 30m DEM
Jammu & Kashmir,Ramban,9,Northwest Himalayas,Shale & Siltstone,1459.0,51.9,221.6,19.1,4.03,1.6,15.1,0.5,2.0,11.5,44.8,0.9779,1,ISRO NRSC Landslide Atlas 2023 & NASA SRTM 30m DEM
Jammu & Kashmir,Ramban,9,Northwest Himalayas,Shale & Siltstone,1756.0,44.2,240.8,15.86,4.8,1.9,20.8,0.63,3.7,15.2,46.3,0.9346,1,ISRO NRSC Landslide Atlas 2023 & NASA SRTM 30m DEM
Jammu & Kashmir,Ramban,9,Northwest Himalayas,Shale & Siltstone,1703.0,39.5,242.5,14.25,5.29,2.8,84.4,0.22,16.3,96.8,379.3,0.9998,1,ISRO NRSC Landslide Atlas 2023 & NASA SRTM 30m DEM
Jammu & Kashmir,Ramban,9,Northwest Himalayas,Shale & Siltstone,1557.0,40.8,113.5,15.18,4.44,2.4,28.4,0.73,7.0,36.8,123.9,0.9679,1,ISRO NRSC Landslide Atlas 2023 & NASA SRTM 30m DEM
Jammu & Kashmir,Ramban,9,Northwest Himalayas,Shale & Siltstone,1596.0,34.8,230.4,12.12,5.35,2.1,47.8,0.52,17.2,62.4,214.9,0.9921,1,ISRO NRSC Landslide Atlas 2023 & NASA SRTM 30m DEM
Jammu & Kashmir,Ramban,9,Northwest Himalayas,Shale & Siltstone,1547.0,52.3,184.4,17.97,4.47,1.4,40.8,0.53,7.3,25.8,91.2,0.9941,1,ISRO NRSC Landslide Atlas 2023 & NASA SRTM 30m DEM
Jammu & Kashmir,Ramban,9,Northwest Himalayas,Shale & Siltstone,1516.0,45.1,10.6,18.22,4.61,2.2,99.0,0.53,106.7,339.7,837.9,1.0,1,ISRO NRSC Landslide Atlas 2023 & NASA SRTM 30m DEM
Jammu & Kashmir,Ramban,9,Northwest Himalayas,Shale & Siltstone,2004.0,46.8,181.8,17.37,5.45,3.0,69.9,0.23,15.5,64.8,287.1,0.9997,1,ISRO NRSC Landslide Atlas 2023 & NASA SRTM 30m DEM
Jammu & Kashmir,Ramban,9,Northwest Himalayas,Shale & Siltstone,1919.0,50.7,196.7,19.94,4.4,2.0,38.0,0.24,11.6,42.2,115.4,0.9985,1,ISRO NRSC Landslide Atlas 2023 & NASA SRTM 30m DEM
Jammu & Kashmir,Ramban,9,Northwest Himalayas,Shale & Siltstone,1672.0,47.8,185.2,16.96,4.55,2.9,24.5,0.73,2.2,8.4,34.0,0.942,1,ISRO NRSC Landslide Atlas 2023 & NASA SRTM 30m DEM
Jammu & Kashmir,Ramban,9,Northwest Himalayas,Shale & Siltstone,1777.0,55.2,170.4,19.43,3.9,3.2,18.2,0.76,1.2,5.6,22.8,0.9714,1,ISRO NRSC Landslide Atlas 2023 & NASA SRTM 30m DEM
Jammu & Kashmir,Ramban,9,Northwest Himalayas,Shale & Siltstone,1353.0,42.6,253.3,15.47,4.28,0.8,51.8,0.3,14.8,90.1,199.4,0.9992,1,ISRO NRSC Landslide Atlas 2023 & NASA SRTM 30m DEM
Jammu & Kashmir,Ramban,9,Northwest Himalayas,Shale & Siltstone,1611.0,28.2,271.2,11.5,5.34,2.1,28.5,0.68,2.2,9.8,28.9,0.5261,1,ISRO NRSC Landslide Atlas 2023 & NASA SRTM 30m DEM
Jammu & Kashmir,Ramban,9,Northwest Himalayas,Shale & Siltstone,1593.0,48.8,306.3,18.49,4.33,3.1,33.2,0.5,2.5,7.5,20.9,0.9725,1,ISRO NRSC Landslide Atlas 2023 & NASA SRTM 30m DEM
Jammu & Kashmir,Ramban,9,Northwest Himalayas,Shale & Siltstone,1708.0,45.3,233.6,14.7,4.41,2.4,58.4,0.55,22.4,71.2,249.5,0.9992,1,ISRO NRSC Landslide Atlas 2023 & NASA SRTM 30m DEM
Jammu & Kashmir,Ramban,9,Northwest Himalayas,Shale & Siltstone,1849.0,45.6,126.8,16.01,4.47,3.0,31.0,0.62,4.0,11.8,33.0,0.9462,1,ISRO NRSC Landslide Atlas 2023 & NASA SRTM 30m DEM
Jammu & Kashmir,Ramban,9,Northwest Himalayas,Shale & Siltstone,1748.0,45.7,121.9,14.96,4.3,1.5,55.0,0.54,28.9,97.6,269.6,0.9998,1,ISRO NRSC Landslide Atlas 2023 & NASA SRTM 30m DEM
Jammu & Kashmir,Ramban,9,Northwest Himalayas,Shale & Siltstone,1754.0,49.0,99.4,17.85,4.23,3.6,30.8,0.76,2.4,7.5,28.1,0.9558,1,ISRO NRSC Landslide Atlas 2023 & NASA SRTM 30m DEM
Jammu & Kashmir,Ramban,9,Northwest Himalayas,Shale & Siltstone,1701.0,37.5,60.1,13.16,5.66,2.6,26.5,0.74,8.4,39.8,81.0,0.9371,1,ISRO NRSC Landslide Atlas 2023 & NASA SRTM 30m DEM
Jammu & Kashmir,Ramban,9,Northwest Himalayas,Shale & Siltstone,1849.0,48.2,128.8,16.69,4.36,0.6,39.4,0.22,5.5,28.4,101.0,0.9928,1,ISRO NRSC Landslide Atlas 2023 & NASA SRTM 30m DEM
Jammu & Kashmir,Ramban,9,Northwest Himalayas,Shale & Siltstone,1779.0,38.2,36.0,13.85,4.75,1.8,31.6,0.47,10.0,33.3,83.6,0.9609,1,ISRO NRSC Landslide Atlas 2023 & NASA SRTM 30m DEM
Jammu & Kashmir,Ramban,9,Northwest Himalayas,Shale & Siltstone,1862.0,50.6,159.4,17.81,4.57,2.2,99.0,0.66,24.1,150.0,632.3,1.0,1,ISRO NRSC Landslide Atlas 2023 & NASA SRTM 30m DEM
Jammu & Kashmir,Ramban,9,Northwest Himalayas,Shale & Siltstone,1740.0,46.4,207.1,16.79,4.64,3.3,46.6,0.37,25.1,92.6,239.5,0.9998,1,ISRO NRSC Landslide Atlas 2023 & NASA SRTM 30m DEM
Jammu & Kashmir,Ramban,9,Northwest Himalayas,Shale & Siltstone,1599.0,41.1,267.0,13.58,4.79,2.9,16.0,0.59,1.5,8.5,29.0,0.817,1,ISRO NRSC Landslide Atlas 2023 & NASA SRTM 30m DEM
Jammu & Kashmir,Ramban,9,Northwest Himalayas,Shale & Siltstone,1773.0,37.1,6.4,11.03,5.89,1.2,22.6,0.63,2.3,14.5,57.8,0.7719,1,ISRO NRSC Landslide Atlas 2023 & NASA SRTM 30m DEM
Jammu & Kashmir,Ramban,9,Northwest Himalayas,Shale & Siltstone,1721.0,38.4,325.8,12.83,3.94,2.9,52.2,0.57,12.6,56.1,182.7,0.99,1,ISRO NRSC Landslide Atlas 2023 & NASA SRTM 30m DEM
Jammu & Kashmir,Ramban,9,Northwest Himalayas,Shale & Siltstone,1785.0,54.1,5.3,20.46,4.61,1.4,57.9,0.53,41.0,143.5,324.9,1.0,1,ISRO NRSC Landslide Atlas 2023 & NASA SRTM 30m DEM
Jammu & Kashmir,Ramban,9,Northwest Himalayas,Shale & Siltstone,1770.0,47.3,265.6,17.08,4.89,2.7,74.5,0.3,32.9,141.0,328.0,1.0,1,ISRO NRSC Landslide Atlas 2023 & NASA SRTM 30m DEM
Jammu & Kashmir,Ramban,9,Northwest Himalayas,Shale & Siltstone,1985.0,36.4,254.5,14.07,5.72,3.3,63.2,0.73,15.5,67.9,278.0,0.9971,1,ISRO NRSC Landslide Atlas 2023 & NASA SRTM 30m DEM
Jammu & Kashmir,Ramban,9,Northwest Himalayas,Shale & Siltstone,1871.0,41.4,35.9,15.72,4.79,3.4,53.2,0.59,21.9,67.9,199.7,0.9983,1,ISRO NRSC Landslide Atlas 2023 & NASA SRTM 30m DEM
Jammu & Kashmir,Ramban,9,Northwest Himalayas,Shale & Siltstone,1687.0,40.0,286.9,11.36,4.26,1.9,98.7,0.45,29.2,136.1,504.4,1.0,1,ISRO NRSC Landslide Atlas 2023 & NASA SRTM 30m DEM
Jammu & Kashmir,Ramban,9,Northwest Himalayas,Shale & Siltstone,1961.0,53.5,160.1,16.95,4.12,2.9,20.1,0.72,0.1,0.4,1.2,0.9375,1,ISRO NRSC Landslide Atlas 2023 & NASA SRTM 30m DEM
Jammu & Kashmir,Ramban,9,Northwest Himalayas,Shale & Siltstone,1899.0,43.6,128.8,12.96,4.51,1.5,35.6,0.36,8.6,55.4,165.2,0.9921,1,ISRO NRSC Landslide Atlas 2023 & NASA SRTM 30m DEM
Jammu & Kashmir,Ramban,9,Northwest Himalayas,Shale & Siltstone,1472.0,50.1,268.5,17.12,3.5,2.5,44.1,0.75,13.3,68.5,180.9,0.9984,1,ISRO NRSC Landslide Atlas 2023 & NASA SRTM 30m DEM
Jammu & Kashmir,Ramban,9,Northwest Himalayas,Shale & Siltstone,1825.0,45.5,120.8,16.09,4.54,3.0,68.0,0.3,14.7,90.0,309.4,0.9998,1,ISRO NRSC Landslide Atlas 2023 & NASA SRTM 30m DEM
Jammu & Kashmir,Ramban,9,Northwest Himalayas,Shale & Siltstone,1500.0,47.1,346.7,17.94,4.96,3.3,41.1,0.42,18.3,63.5,132.9,0.9987,1,ISRO NRSC Landslide Atlas 2023 & NASA SRTM 30m DEM
Jammu & Kashmir,Ramban,9,Northwest Himalayas,Shale & Siltstone,1794.0,50.6,279.4,17.56,4.73,1.8,47.1,0.77,8.6,54.7,175.3,0.9977,1,ISRO NRSC Landslide Atlas 2023 & NASA SRTM 30m DEM
Jammu & Kashmir,Ramban,9,Northwest Himalayas,Shale & Siltstone,1781.0,57.1,16.2,19.87,4.51,1.8,44.0,0.85,10.5,66.5,191.8,0.9994,1,ISRO NRSC Landslide Atlas 2023 & NASA SRTM 30m DEM
Jammu & Kashmir,Ramban,9,Northwest Himalayas,Shale & Siltstone,1534.0,49.5,119.6,17.98,4.66,2.6,33.8,0.8,16.4,56.3,153.3,0.9976,1,ISRO NRSC Landslide Atlas 2023 & NASA SRTM 30m DEM
Jammu & Kashmir,Ramban,9,Northwest Himalayas,Shale & Siltstone,1710.0,45.2,97.3,14.71,4.61,3.1,34.1,0.49,4.1,12.0,43.4,0.9494,1,ISRO NRSC Landslide Atlas 2023 & NASA SRTM 30m DEM
Jammu & Kashmir,Ramban,9,Northwest Himalayas,Shale & Siltstone,1900.0,36.8,224.9,12.43,4.09,2.0,41.7,0.54,18.7,55.6,154.9,0.987,1,ISRO NRSC Landslide Atlas 2023 & NASA SRTM 30m DEM
Jammu & Kashmir,Ramban,9,Northwest Himalayas,Shale & Siltstone,1714.0,41.4,182.8,13.74,5.17,2.5,77.8,0.4,42.3,124.8,384.3,1.0,1,ISRO NRSC Landslide Atlas 2023 & NASA SRTM 30m DEM
Jammu & Kashmir,Ramban,9,Northwest Himalayas,Shale & Siltstone,1655.0,42.9,110.5,15.68,4.36,1.9,34.5,0.41,4.8,28.5,109.2,0.9792,1,ISRO NRSC Landslide Atlas 2023 & NASA SRTM 30m DEM
Jammu & Kashmir,Ramban,9,Northwest Himalayas,Shale & Siltstone,1968.0,50.1,60.6,18.11,4.69,1.0,28.0,0.36,5.5,24.1,51.7,0.9896,1,ISRO NRSC Landslide Atlas 2023 & NASA SRTM 30m DEM
Jammu & Kashmir,Ramban,9,Northwest Himalayas,Shale & Siltstone,1607.0,49.1,10.2,17.78,4.15,3.0,22.6,0.76,1.5,7.6,21.9,0.9432,1,ISRO NRSC Landslide Atlas 2023 & NASA SRTM 30m DEM
Jammu & Kashmir,Ramban,9,Northwest Himalayas,Shale & Siltstone,1507.0,37.9,46.3,13.28,5.46,3.5,37.4,0.82,13.9,43.1,90.8,0.9639,1,ISRO NRSC Landslide Atlas 2023 & NASA SRTM 30m DEM
Jammu & Kashmir,Ramban,9,Northwest Himalayas,Shale & Siltstone,1779.0,41.8,124.8,14.1,4.72,1.8,51.3,0.78,8.7,56.9,124.7,0.9882,1,ISRO NRSC Landslide Atlas 2023 & NASA SRTM 30m DEM
Jammu & Kashmir,Ramban,9,Northwest Himalayas,Shale & Siltstone,1882.0,46.9,356.6,15.04,4.49,3.5,99.0,0.38,95.9,373.5,1543.1,1.0,1,ISRO NRSC Landslide Atlas 2023 & NASA SRTM 30m DEM
Jammu & Kashmir,Ramban,9,Northwest Himalayas,Shale & Siltstone,1663.0,47.4,78.5,16.55,4.38,2.6,49.9,0.77,11.2,46.5,158.6,0.9955,1,ISRO NRSC Landslide Atlas 2023 & NASA SRTM 30m DEM
Jammu & Kashmir,Ramban,9,Northwest Himalayas,Shale & Siltstone,1618.0,44.5,84.3,13.53,4.93,3.3,53.6,0.44,24.9,82.5,231.7,0.9993,1,ISRO NRSC Landslide Atlas 2023 & NASA SRTM 30m DEM
Jammu & Kashmir,Ramban,9,Northwest Himalayas,Shale & Siltstone,1639.0,41.0,4.1,13.99,4.49,2.6,42.1,0.22,8.5,43.4,148.6,0.9905,1,ISRO NRSC Landslide Atlas 2023 & NASA SRTM 30m DEM
Jammu & Kashmir,Ramban,9,Northwest Himalayas,Shale & Siltstone,1636.0,50.8,85.9,17.38,3.65,1.9,23.8,0.52,6.3,21.8,55.1,0.983,1,ISRO NRSC Landslide Atlas 2023 & NASA SRTM 30m DEM
Jammu & Kashmir,Ramban,9,Northwest Himalayas,Shale & Siltstone,1546.0,49.5,38.4,15.69,4.41,2.4,34.2,0.65,5.9,27.6,84.3,0.983,1,ISRO NRSC Landslide Atlas 2023 & NASA SRTM 30m DEM
Jammu & Kashmir,Ramban,9,Northwest Himalayas,Shale & Siltstone,1739.0,54.1,77.1,19.6,4.36,1.9,25.7,0.47,2.3,11.7,51.6,0.9886,1,ISRO NRSC Landslide Atlas 2023 & NASA SRTM 30m DEM
Jammu & Kashmir,Ramban,9,Northwest Himalayas,Shale & Siltstone,1461.0,38.8,287.7,14.76,4.5,0.7,51.2,0.83,23.0,76.1,206.5,0.9972,1,ISRO NRSC Landslide Atlas 2023 & NASA SRTM 30m DEM
Jammu & Kashmir,Ramban,9,Northwest Himalayas,Shale & Siltstone,1733.0,46.4,216.0,14.75,3.88,3.0,15.0,0.39,0.0,0.1,0.3,0.8724,1,ISRO NRSC Landslide Atlas 2023 & NASA SRTM 30m DEM
Jammu & Kashmir,Ramban,9,Northwest Himalayas,Shale & Siltstone,1761.0,44.2,38.5,14.9,5.43,1.9,38.4,0.35,3.8,16.4,54.8,0.9684,1,ISRO NRSC Landslide Atlas 2023 & NASA SRTM 30m DEM
Jammu & Kashmir,Ramban,9,Northwest Himalayas,Shale & Siltstone,1828.0,39.1,343.9,12.82,4.22,3.6,76.1,0.22,16.5,83.7,372.9,0.9996,1,ISRO NRSC Landslide Atlas 2023 & NASA SRTM 30m DEM
Jammu & Kashmir,Ramban,9,Northwest Himalayas,Shale & Siltstone,1657.0,42.0,54.2,12.15,5.33,2.6,67.6,0.81,24.0,73.8,321.0,0.9989,1,ISRO NRSC Landslide Atlas 2023 & NASA SRTM 30m DEM
Jammu & Kashmir,Ramban,9,Northwest Himalayas,Shale & Siltstone,1705.0,47.0,283.1,15.06,4.68,4.2,32.8,0.72,7.6,23.7,71.1,0.9705,1,ISRO NRSC Landslide Atlas 2023 & NASA SRTM 30m DEM
Jammu & Kashmir,Ramban,9,Northwest Himalayas,Shale & Siltstone,1774.0,50.7,146.6,18.17,5.09,3.1,36.7,0.79,13.8,61.7,132.0,0.998,1,ISRO NRSC Landslide Atlas 2023 & NASA SRTM 30m DEM
Jammu & Kashmir,Ramban,9,Northwest Himalayas,Shale & Siltstone,1911.0,37.8,323.1,13.92,5.92,2.1,45.0,0.5,20.6,85.9,197.0,0.998,1,ISRO NRSC Landslide Atlas 2023 & NASA SRTM 30m DEM
Jammu & Kashmir,Ramban,9,Northwest Himalayas,Shale & Siltstone,1927.0,46.0,176.0,16.41,4.26,2.9,67.4,0.54,33.5,98.8,318.7,0.9999,1,ISRO NRSC Landslide Atlas 2023 & NASA SRTM 30m DEM
Jammu & Kashmir,Ramban,9,Northwest Himalayas,Shale & Siltstone,1755.0,41.3,319.3,13.95,4.46,1.6,39.8,0.7,12.0,45.6,137.1,0.9837,1,ISRO NRSC Landslide Atlas 2023 & NASA SRTM 30m DEM
Jammu & Kashmir,Ramban,9,Northwest Himalayas,Shale & Siltstone,1386.0,50.6,233.5,18.9,3.98,3.0,64.3,0.68,34.0,121.4,307.8,1.0,1,ISRO NRSC Landslide Atlas 2023 & NASA SRTM 30m DEM
Jammu & Kashmir,Ramban,9,Northwest Himalayas,Shale & Siltstone,1499.0,51.1,155.5,17.2,4.52,2.3,25.6,0.37,3.4,12.9,52.0,0.9818,1,ISRO NRSC Landslide Atlas 2023 & NASA SRTM 30m DEM
Jammu & Kashmir,Ramban,9,Northwest Himalayas,Shale & Siltstone,1815.0,41.0,57.7,14.3,4.42,2.0,49.7,0.78,18.8,77.7,199.0,0.9971,1,ISRO NRSC Landslide Atlas 2023 & NASA SRTM 30m DEM
Jammu & Kashmir,Ramban,9,Northwest Himalayas,Shale & Siltstone,1640.0,45.5,204.0,15.72,4.74,2.9,31.7,0.54,4.2,25.5,83.4,0.9747,1,ISRO NRSC Landslide Atlas 2023 & NASA SRTM 30m DEM
Jammu & Kashmir,Ramban,9,Northwest Himalayas,Shale & Siltstone,1825.0,41.9,299.6,14.81,4.5,3.8,55.5,0.23,13.6,56.1,247.7,0.9982,1,ISRO NRSC Landslide Atlas 2023 & NASA SRTM 30m DEM
Jammu & Kashmir,Ramban,9,Northwest Himalayas,Shale & Siltstone,1828.0,35.9,16.4,11.83,5.38,1.5,29.5,0.41,1.5,6.2,18.3,0.7588,1,ISRO NRSC Landslide Atlas 2023 & NASA SRTM 30m DEM
Jammu & Kashmir,Ramban,9,Northwest Himalayas,Shale & Siltstone,1381.0,41.2,179.7,14.4,4.27,3.7,53.4,0.29,12.1,59.5,160.6,0.9962,1,ISRO NRSC Landslide Atlas 2023 & NASA SRTM 30m DEM
Jammu & Kashmir,Ramban,9,Northwest Himalayas,Shale & Siltstone,1516.0,47.4,63.0,15.62,4.98,2.9,99.0,0.64,96.3,306.6,694.5,1.0,1,ISRO NRSC Landslide Atlas 2023 & NASA SRTM 30m DEM
Jammu & Kashmir,Ramban,9,Northwest Himalayas,Shale & Siltstone,1753.0,51.5,62.1,18.93,4.09,2.2,23.6,0.63,2.3,6.7,15.9,0.9688,1,ISRO NRSC Landslide Atlas 2023 & NASA SRTM 30m DEM
Jammu & Kashmir,Ramban,9,Northwest Himalayas,Shale & Siltstone,2093.0,44.2,30.9,14.99,4.53,2.6,39.5,0.2,16.0,60.6,137.2,0.9973,1,ISRO NRSC Landslide Atlas 2023 & NASA SRTM 30m DEM
Jammu & Kashmir,Ramban,9,Northwest Himalayas,Shale & Siltstone,1931.0,50.4,294.2,18.45,4.47,2.5,63.6,0.39,21.8,99.0,294.1,0.9999,1,ISRO NRSC Landslide Atlas 2023 & NASA SRTM 30m DEM
Jammu & Kashmir,Ramban,9,Northwest Himalayas,Shale & Siltstone,1722.0,41.2,269.0,13.69,4.2,1.4,42.7,0.36,10.1,37.2,100.6,0.9824,1,ISRO NRSC Landslide Atlas 2023 & NASA SRTM 30m DEM
Jammu & Kashmir,Ramban,9,Northwest Himalayas,Shale & Siltstone,1783.0,46.8,256.2,18.47,4.34,2.3,22.3,0.28,1.3,5.8,16.7,0.9648,1,ISRO NRSC Landslide Atlas 2023 & NASA SRTM 30m DEM
Jammu & Kashmir,Ramban,9,Northwest Himalayas,Shale & Siltstone,1519.0,44.1,164.0,15.46,4.14,1.7,19.6,0.32,2.0,8.2,31.9,0.9281,1,ISRO NRSC Landslide Atlas 2023 & NASA SRTM 30m DEM
Jammu & Kashmir,Ramban,9,Northwest Himalayas,Shale & Siltstone,1799.0,52.1,50.9,17.46,4.75,2.1,61.2,0.56,24.8,86.5,233.8,0.9999,1,ISRO NRSC Landslide Atlas 2023 & NASA SRTM 30m DEM
Jammu & Kashmir,Ramban,9,Northwest Himalayas,Shale & Siltstone,1495.0,48.4,159.8,15.64,4.37,3.0,31.2,0.26,5.2,19.7,69.0,0.9834,1,ISRO NRSC Landslide Atlas 2023 & NASA SRTM 30m DEM
Jammu & Kashmir,Ramban,9,Northwest Himalayas,Shale & Siltstone,1836.0,52.4,280.1,18.09,4.2,2.3,22.7,0.82,1.3,7.1,19.5,0.956,1,ISRO NRSC Landslide Atlas 2023 & NASA SRTM 30m DEM
Jammu & Kashmir,Ramban,9,Northwest Himalayas,Shale & Siltstone,1621.0,48.5,79.2,16.45,5.2,2.9,36.4,0.4,6.0,24.6,56.8,0.9872,1,ISRO NRSC Landslide Atlas 2023 & NASA SRTM 30m DEM
Jammu & Kashmir,Ramban,9,Northwest Himalayas,Shale & Siltstone,1432.0,46.5,150.9,17.15,4.79,2.4,30.1,0.38,7.2,22.7,88.5,0.9867,1,ISRO NRSC Landslide Atlas 2023 & NASA SRTM 30m DEM
Jammu & Kashmir,Ramban,9,Northwest Himalayas,Shale & Siltstone,1774.0,44.0,264.8,14.5,4.65,3.2,59.7,0.55,20.8,84.5,297.9,0.9995,1,ISRO NRSC Landslide Atlas 2023 & NASA SRTM 30m DEM
Jammu & Kashmir,Ramban,9,Northwest Himalayas,Shale & Siltstone,1715.0,39.2,3.6,12.11,4.98,3.1,24.2,0.53,4.1,12.5,30.8,0.8292,1,ISRO NRSC Landslide Atlas 2023 & NASA SRTM 30m DEM
Jammu & Kashmir,Ramban,9,Northwest Himalayas,Shale & Siltstone,1636.0,46.6,209.8,15.71,4.68,4.3,18.3,0.25,1.2,4.9,18.9,0.9413,1,ISRO NRSC Landslide Atlas 2023 & NASA SRTM 30m DEM
Jammu & Kashmir,Ramban,9,Northwest Himalayas,Shale & Siltstone,1712.0,53.5,61.9,18.12,3.89,2.6,41.4,0.2,17.2,62.0,134.9,0.9994,1,ISRO NRSC Landslide Atlas 2023 & NASA SRTM 30m DEM
Jammu & Kashmir,Ramban,9,Northwest Himalayas,Shale & Siltstone,1621.0,57.4,268.8,20.66,4.51,2.2,26.6,0.31,8.5,34.3,69.6,0.9982,1,ISRO NRSC Landslide Atlas 2023 & NASA SRTM 30m DEM
Jammu & Kashmir,Ramban,9,Northwest Himalayas,Shale & Siltstone,1929.0,43.8,6.5,14.06,4.85,2.2,41.9,0.25,19.6,58.5,149.2,0.9973,1,ISRO NRSC Landslide Atlas 2023 & NASA SRTM 30m DEM
Jammu & Kashmir,Ramban,9,Northwest Himalayas,Shale & Siltstone,1914.0,49.6,201.9,16.2,4.29,2.7,65.6,0.49,12.0,69.5,289.6,0.9996,1,ISRO NRSC Landslide Atlas 2023 & NASA SRTM 30m DEM
Jammu & Kashmir,Ramban,9,Northwest Himalayas,Shale & Siltstone,1576.0,43.9,147.4,15.51,3.69,2.3,36.0,0.21,5.8,19.0,74.2,0.977,1,ISRO NRSC Landslide Atlas 2023 & NASA SRTM 30m DEM
Jammu & Kashmir,Ramban,9,Northwest Himalayas,Shale & Siltstone,1518.0,37.9,191.8,12.09,5.93,1.4,19.9,0.45,3.4,18.4,47.1,0.8578,1,ISRO NRSC Landslide Atlas 2023 & NASA SRTM 30m DEM
Jammu & Kashmir,Ramban,9,Northwest Himalayas,Shale & Siltstone,1570.0,45.0,141.3,15.59,5.03,2.0,25.8,0.46,1.0,5.9,15.4,0.9234,1,ISRO NRSC Landslide Atlas 2023 & NASA SRTM 30m DEM
Jammu & Kashmir,Ramban,9,Northwest Himalayas,Shale & Siltstone,1759.0,44.9,87.0,14.39,5.1,1.9,72.4,0.69,24.0,81.0,347.2,0.9997,1,ISRO NRSC Landslide Atlas 2023 & NASA SRTM 30m DEM
Jammu & Kashmir,Ramban,9,Northwest Himalayas,Shale & Siltstone,1797.0,46.6,336.0,15.82,5.06,2.8,62.0,0.48,18.4,63.3,272.3,0.9994,1,ISRO NRSC Landslide Atlas 2023 & NASA SRTM 30m DEM
Jammu & Kashmir,Ramban,9,Northwest Himalayas,Shale & Siltstone,1705.0,35.6,79.7,12.7,4.48,2.0,76.4,0.49,23.0,100.2,337.3,0.9995,1,ISRO NRSC Landslide Atlas 2023 & NASA SRTM 30m DEM
Jammu & Kashmir,Ramban,9,Northwest Himalayas,Shale & Siltstone,1552.0,37.3,238.9,13.49,5.03,1.5,99.0,0.77,78.3,236.5,978.7,1.0,1,ISRO NRSC Landslide Atlas 2023 & NASA SRTM 30m DEM
Jammu & Kashmir,Ramban,9,Northwest Himalayas,Shale & Siltstone,1398.0,36.6,160.9,12.35,4.26,1.4,38.5,0.4,7.9,30.1,133.7,0.9552,1,ISRO NRSC Landslide Atlas 2023 & NASA SRTM 30m DEM
Jammu & Kashmir,Ramban,9,Northwest Himalayas,Shale & Siltstone,1846.0,38.3,235.8,13.54,4.91,3.1,20.0,0.5,0.4,2.2,9.9,0.7487,1,ISRO NRSC Landslide Atlas 2023 & NASA SRTM 30m DEM
Jammu & Kashmir,Ramban,9,Northwest Himalayas,Shale & Siltstone,1891.0,52.5,207.2,19.06,4.45,1.7,99.0,0.52,92.9,270.8,955.7,1.0,1,ISRO NRSC Landslide Atlas 2023 & NASA SRTM 30m DEM
Jammu & Kashmir,Ramban,9,Northwest Himalayas,Shale & Siltstone,1894.0,46.5,24.7,16.51,3.81,2.6,45.4,0.68,13.5,59.8,184.2,0.9973,1,ISRO NRSC Landslide Atlas 2023 & NASA SRTM 30m DEM
Jammu & Kashmir,Ramban,9,Northwest Himalayas,Shale & Siltstone,1647.0,54.0,266.6,17.81,4.92,1.8,30.9,0.66,3.6,13.0,38.3,0.9831,1,ISRO NRSC Landslide Atlas 2023 & NASA SRTM 30m DEM
Jammu & Kashmir,Ramban,9,Northwest Himalayas,Shale & Siltstone,1579.0,41.8,194.3,14.4,4.05,2.9,34.3,0.29,10.4,37.4,118.1,0.9857,1,ISRO NRSC Landslide Atlas 2023 & NASA SRTM 30m DEM
Jammu & Kashmir,Ramban,9,Northwest Himalayas,Shale & Siltstone,1764.0,38.1,38.5,12.13,5.94,0.7,27.3,0.76,2.8,14.1,51.3,0.8041,1,ISRO NRSC Landslide Atlas 2023 & NASA SRTM 30m DEM
Jammu & Kashmir,Ramban,9,Northwest Himalayas,Shale & Siltstone,1597.0,47.7,43.3,18.58,4.51,1.6,16.9,0.33,0.6,2.3,7.6,0.9554,1,ISRO NRSC Landslide Atlas 2023 & NASA SRTM 30m DEM
Jammu & Kashmir,Ramban,9,Northwest Himalayas,Shale & Siltstone,1726.0,46.6,302.9,16.68,4.54,3.5,61.8,0.78,11.6,70.7,256.4,0.999,1,ISRO NRSC Landslide Atlas 2023 & NASA SRTM 30m DEM
Jammu & Kashmir,Ramban,9,Northwest Himalayas,Shale & Siltstone,1787.0,52.3,196.7,18.28,3.65,1.8,37.2,0.27,5.0,20.6,79.1,0.9936,1,ISRO NRSC Landslide Atlas 2023 & NASA SRTM 30m DEM
Jammu & Kashmir,Ramban,9,Northwest Himalayas,Shale & Siltstone,1571.0,39.8,302.6,12.48,5.22,2.8,15.0,0.61,2.3,7.6,20.3,0.7559,1,ISRO NRSC Landslide Atlas 2023 & NASA SRTM 30m DEM
Jammu & Kashmir,Ramban,9,Northwest Himalayas,Shale & Siltstone,1901.0,36.4,285.1,14.13,4.75,2.2,58.4,0.7,20.5,59.8,258.5,0.9963,1,ISRO NRSC Landslide Atlas 2023 & NASA SRTM 30m DEM
Jammu & Kashmir,Ramban,9,Northwest Himalayas,Shale & Siltstone,1788.0,43.1,71.0,16.94,4.87,2.1,26.4,0.82,2.8,8.1,21.7,0.9012,1,ISRO NRSC Landslide Atlas 2023 & NASA SRTM 30m DEM
Jammu & Kashmir,Ramban,9,Northwest Himalayas,Shale & Siltstone,1389.0,40.7,97.4,14.86,4.68,2.5,79.1,0.44,27.7,116.1,379.7,0.9999,1,ISRO NRSC Landslide Atlas 2023 & NASA SRTM 30m DEM
Jammu & Kashmir,Ramban,9,Northwest Himalayas,Shale & Siltstone,1723.0,47.4,111.6,18.66,4.48,1.0,34.0,0.83,13.4,40.2,80.4,0.9921,1,ISRO NRSC Landslide Atlas 2023 & NASA SRTM 30m DEM
Jammu & Kashmir,Ramban,9,Northwest Himalayas,Shale & Siltstone,2163.0,43.9,75.2,15.55,5.19,3.9,54.6,0.56,12.5,73.8,197.9,0.9984,1,ISRO NRSC Landslide Atlas 2023 & NASA SRTM 30m DEM
Jammu & Kashmir,Ramban,9,Northwest Himalayas,Shale & Siltstone,1729.0,44.4,351.0,14.81,4.83,1.4,19.4,0.3,4.2,17.7,38.9,0.9522,1,ISRO NRSC Landslide Atlas 2023 & NASA SRTM 30m DEM
Jammu & Kashmir,Ramban,9,Northwest Himalayas,Shale & Siltstone,1762.0,44.0,195.9,15.67,4.56,3.8,18.9,0.32,1.3,3.8,16.2,0.9141,1,ISRO NRSC Landslide Atlas 2023 & NASA SRTM 30m DEM
Jammu & Kashmir,Ramban,9,Northwest Himalayas,Shale & Siltstone,1781.0,39.6,272.3,11.98,5.29,2.8,23.4,0.63,3.5,20.4,52.8,0.8571,1,ISRO NRSC Landslide Atlas 2023 & NASA SRTM 30m DEM
Jammu & Kashmir,Ramban,9,Northwest Himalayas,Shale & Siltstone,1523.0,48.0,143.9,17.79,4.52,3.8,41.8,0.46,6.3,30.3,83.2,0.992,1,ISRO NRSC Landslide Atlas 2023 & NASA SRTM 30m DEM
Jammu & Kashmir,Ramban,9,Northwest Himalayas,Shale & Siltstone,1819.0,41.7,147.5,15.86,4.1,3.0,15.0,0.8,0.1,0.4,1.5,0.752,1,ISRO NRSC Landslide Atlas 2023 & NASA SRTM 30m DEM
Jammu & Kashmir,Ramban,9,Northwest Himalayas,Shale & Siltstone,1799.0,42.4,149.2,13.96,4.35,3.5,49.0,0.54,17.9,60.0,146.6,0.9955,1,ISRO NRSC Landslide Atlas 2023 & NASA SRTM 30m DEM
Jammu & Kashmir,Ramban,9,Northwest Himalayas,Shale & Siltstone,1850.0,46.9,325.7,15.27,5.02,1.8,99.0,0.24,59.7,387.3,1007.6,1.0,1,ISRO NRSC Landslide Atlas 2023 & NASA SRTM 30m DEM
Jammu & Kashmir,Ramban,9,Northwest Himalayas,Shale & Siltstone,1676.0,38.9,4.8,12.34,4.65,3.2,42.9,0.34,18.1,59.1,218.1,0.9952,1,ISRO NRSC Landslide Atlas 2023 & NASA SRTM 30m DEM
Jammu & Kashmir,Ramban,9,Northwest Himalayas,Shale & Siltstone,1588.0,46.3,90.1,16.2,4.3,2.8,44.3,0.2,13.2,86.3,186.9,0.9993,1,ISRO NRSC Landslide Atlas 2023 & NASA SRTM 30m DEM
Jammu & Kashmir,Ramban,9,Northwest Himalayas,Shale & Siltstone,1671.0,43.8,81.3,16.02,4.65,3.3,44.0,0.53,6.5,36.1,113.2,0.9878,1,ISRO NRSC Landslide Atlas 2023 & NASA SRTM 30m DEM
Jammu & Kashmir,Ramban,9,Northwest Himalayas,Shale & Siltstone,1808.0,43.3,197.4,16.02,4.97,2.6,42.1,0.76,7.9,31.4,129.9,0.9827,1,ISRO NRSC Landslide Atlas 2023 & NASA SRTM 30m DEM
Jammu & Kashmir,Ramban,9,Northwest Himalayas,Shale & Siltstone,1616.0,43.1,238.9,14.86,5.2,2.3,79.9,0.43,46.6,193.8,406.1,1.0,1,ISRO NRSC Landslide Atlas 2023 & NASA SRTM 30m DEM
Jammu & Kashmir,Ramban,9,Northwest Himalayas,Shale & Siltstone,1670.0,35.2,77.9,11.79,4.36,3.7,62.1,0.57,28.1,136.7,284.0,0.9997,1,ISRO NRSC Landslide Atlas 2023 & NASA SRTM 30m DEM
Jammu & Kashmir,Ramban,9,Northwest Himalayas,Shale & Siltstone,1806.0,54.0,117.0,21.65,4.18,2.4,55.0,0.28,22.3,77.1,233.1,0.9999,1,ISRO NRSC Landslide Atlas 2023 & NASA SRTM 30m DEM
Jammu & Kashmir,Ramban,9,Northwest Himalayas,Shale & Siltstone,1579.0,46.7,157.8,15.34,4.1,2.5,99.0,0.33,121.3,464.1,1562.3,1.0,1,ISRO NRSC Landslide Atlas 2023 & NASA SRTM 30m DEM
Jammu & Kashmir,Ramban,9,Northwest Himalayas,Shale & Siltstone,1665.0,47.6,228.7,15.83,4.46,2.4,62.4,0.6,33.1,134.0,277.7,1.0,1,ISRO NRSC Landslide Atlas 2023 & NASA SRTM 30m DEM
Jammu & Kashmir,Ramban,9,Northwest Himalayas,Shale & Siltstone,1747.0,53.9,271.8,18.92,4.47,2.4,41.7,0.7,12.2,46.5,143.4,0.9983,1,ISRO NRSC Landslide Atlas 2023 & NASA SRTM 30m DEM
Jammu & Kashmir,Ramban,9,Northwest Himalayas,Shale & Siltstone,1511.0,47.2,10.9,16.41,4.75,2.1,37.8,0.68,5.2,25.3,90.6,0.9813,1,ISRO NRSC Landslide Atlas 2023 & NASA SRTM 30m DEM
Jammu & Kashmir,Ramban,9,Northwest Himalayas,Shale & Siltstone,1563.0,49.6,324.8,18.85,4.34,3.8,50.7,0.22,19.4,88.1,241.6,0.9999,1,ISRO NRSC Landslide Atlas 2023 & NASA SRTM 30m DEM
Jammu & Kashmir,Ramban,9,Northwest Himalayas,Shale & Siltstone,1869.0,45.6,155.3,14.81,4.1,1.5,55.5,0.24,29.8,92.7,201.2,0.9997,1,ISRO NRSC Landslide Atlas 2023 & NASA SRTM 30m DEM
Jammu & Kashmir,Ramban,9,Northwest Himalayas,Shale & Siltstone,1539.0,53.1,211.6,18.87,4.23,1.8,40.6,0.68,16.4,55.8,125.2,0.9987,1,ISRO NRSC Landslide Atlas 2023 & NASA SRTM 30m DEM
Jammu & Kashmir,Ramban,9,Northwest Himalayas,Shale & Siltstone,1385.0,44.4,296.1,16.63,4.64,3.6,99.0,0.53,51.4,158.3,621.8,1.0,1,ISRO NRSC Landslide Atlas 2023 & NASA SRTM 30m DEM
Jammu & Kashmir,Ramban,9,Northwest Himalayas,Shale & Siltstone,2014.0,40.4,280.2,12.04,4.76,2.3,19.7,0.23,1.2,4.8,15.8,0.8242,1,ISRO NRSC Landslide Atlas 2023 & NASA SRTM 30m DEM
Jammu & Kashmir,Ramban,9,Northwest Himalayas,Shale & Siltstone,1820.0,42.7,135.7,13.28,5.54,2.7,41.2,0.84,4.4,25.7,114.7,0.9522,1,ISRO NRSC Landslide Atlas 2023 & NASA SRTM 30m DEM
Jammu & Kashmir,Ramban,9,Northwest Himalayas,Shale & Siltstone,1861.0,41.8,158.5,16.31,5.3,2.2,46.3,0.57,15.8,84.5,230.4,0.9989,1,ISRO NRSC Landslide Atlas 2023 & NASA SRTM 30m DEM
Jammu & Kashmir,Ramban,9,Northwest Himalayas,Shale & Siltstone,1570.0,45.8,177.4,14.13,4.52,2.5,71.8,0.44,34.8,174.7,365.5,1.0,1,ISRO NRSC Landslide Atlas 2023 & NASA SRTM 30m DEM
Jammu & Kashmir,Ramban,9,Northwest Himalayas,Shale & Siltstone,1694.0,43.1,287.3,15.92,3.98,4.0,99.0,0.74,58.4,194.8,802.3,1.0,1,ISRO NRSC Landslide Atlas 2023 & NASA SRTM 30m DEM
Jammu & Kashmir,Ramban,9,Northwest Himalayas,Shale & Siltstone,1719.0,45.5,184.2,15.29,4.55,2.2,38.1,0.67,8.8,27.8,82.2,0.978,1,ISRO NRSC Landslide Atlas 2023 & NASA SRTM 30m DEM
Jammu & Kashmir,Ramban,9,Northwest Himalayas,Shale & Siltstone,1751.0,54.4,248.2,21.21,5.12,1.6,33.2,0.78,10.5,39.4,82.5,0.9974,1,ISRO NRSC Landslide Atlas 2023 & NASA SRTM 30m DEM
Jammu & Kashmir,Ramban,9,Northwest Himalayas,Shale & Siltstone,1614.0,46.4,335.1,15.89,4.9,3.8,60.6,0.69,23.9,103.6,279.8,0.9998,1,ISRO NRSC Landslide Atlas 2023 & NASA SRTM 30m DEM
Jammu & Kashmir,Ramban,9,Northwest Himalayas,Shale & Siltstone,1926.0,46.4,13.6,15.18,5.29,3.4,23.8,0.73,5.0,18.5,38.8,0.9453,1,ISRO NRSC Landslide Atlas 2023 & NASA SRTM 30m DEM
Jammu & Kashmir,Ramban,9,Northwest Himalayas,Shale & Siltstone,1785.0,30.5,300.1,9.13,4.66,1.3,27.2,0.79,0.6,2.0,5.5,0.3136,0,ISRO NRSC Landslide Atlas 2023 & NASA SRTM 30m DEM
Jammu & Kashmir,Ramban,9,Northwest Himalayas,Shale & Siltstone,1688.0,37.3,52.1,12.23,4.43,3.2,43.7,0.34,12.4,47.5,162.0,0.9853,1,ISRO NRSC Landslide Atlas 2023 & NASA SRTM 30m DEM
Jammu & Kashmir,Ramban,9,Northwest Himalayas,Shale & Siltstone,1714.0,46.3,18.0,17.02,4.47,3.2,31.2,0.78,13.0,38.2,125.1,0.9903,1,ISRO NRSC Landslide Atlas 2023 & NASA SRTM 30m DEM
Jammu & Kashmir,Ramban,9,Northwest Himalayas,Shale & Siltstone,1638.0,45.0,54.4,15.92,4.58,2.8,42.2,0.68,13.3,53.3,155.4,0.9951,1,ISRO NRSC Landslide Atlas 2023 & NASA SRTM 30m DEM
Jammu & Kashmir,Ramban,9,Northwest Himalayas,Shale & Siltstone,1775.0,47.6,46.9,15.95,4.29,2.9,99.0,0.21,64.0,293.9,1270.0,1.0,1,ISRO NRSC Landslide Atlas 2023 & NASA SRTM 30m DEM
Jammu & Kashmir,Ramban,9,Northwest Himalayas,Shale & Siltstone,1714.0,48.0,315.4,16.82,4.52,3.8,15.7,0.82,0.8,2.7,9.3,0.8897,1,ISRO NRSC Landslide Atlas 2023 & NASA SRTM 30m DEM
Jammu & Kashmir,Ramban,9,Northwest Himalayas,Shale & Siltstone,1518.0,45.9,118.8,14.76,5.4,1.7,19.1,0.41,2.0,10.2,38.4,0.9372,1,ISRO NRSC Landslide Atlas 2023 & NASA SRTM 30m DEM
Jammu & Kashmir,Ramban,9,Northwest Himalayas,Shale & Siltstone,1554.0,44.4,52.6,14.68,5.55,2.4,20.1,0.31,0.3,1.6,6.4,0.9007,1,ISRO NRSC Landslide Atlas 2023 & NASA SRTM 30m DEM
Jammu & Kashmir,Ramban,9,Northwest Himalayas,Shale & Siltstone,1825.0,39.4,230.4,13.44,5.59,2.3,95.1,0.79,40.5,168.5,478.9,1.0,1,ISRO NRSC Landslide Atlas 2023 & NASA SRTM 30m DEM
Jammu & Kashmir,Ramban,9,Northwest Himalayas,Shale & Siltstone,1583.0,44.8,279.3,16.81,4.51,3.8,99.0,0.84,35.0,212.3,603.7,1.0,1,ISRO NRSC Landslide Atlas 2023 & NASA SRTM 30m DEM
Jammu & Kashmir,Ramban,9,Northwest Himalayas,Shale & Siltstone,1800.0,42.7,326.7,15.66,4.17,3.5,26.3,0.82,0.3,1.0,4.3,0.8081,1,ISRO NRSC Landslide Atlas 2023 & NASA SRTM 30m DEM
Jammu & Kashmir,Ramban,9,Northwest Himalayas,Shale & Siltstone,1560.0,49.8,272.1,16.34,4.48,1.5,35.2,0.5,7.1,23.6,85.9,0.9879,1,ISRO NRSC Landslide Atlas 2023 & NASA SRTM 30m DEM
Jammu & Kashmir,Ramban,9,Northwest Himalayas,Shale & Siltstone,1904.0,47.6,312.6,14.78,5.65,2.6,37.9,0.82,11.8,56.2,159.8,0.9946,1,ISRO NRSC Landslide Atlas 2023 & NASA SRTM 30m DEM
Jammu & Kashmir,Ramban,9,Northwest Himalayas,Shale & Siltstone,1752.0,43.9,273.8,14.86,4.03,1.7,58.9,0.54,15.5,78.4,309.2,0.9993,1,ISRO NRSC Landslide Atlas 2023 & NASA SRTM 30m DEM
Jammu & Kashmir,Ramban,9,Northwest Himalayas,Shale & Siltstone,1621.0,49.0,41.5,17.62,4.96,1.8,53.7,0.28,10.4,60.2,200.4,0.9992,1,ISRO NRSC Landslide Atlas 2023 & NASA SRTM 30m DEM
Jammu & Kashmir,Ramban,9,Northwest Himalayas,Shale & Siltstone,1354.0,46.2,225.2,16.95,4.4,5.0,87.4,0.25,17.3,100.2,409.8,1.0,1,ISRO NRSC Landslide Atlas 2023 & NASA SRTM 30m DEM
Jammu & Kashmir,Ramban,9,Northwest Himalayas,Shale & Siltstone,1713.0,39.0,90.0,14.37,4.85,3.0,59.4,0.23,16.4,68.6,285.5,0.9989,1,ISRO NRSC Landslide Atlas 2023 & NASA SRTM 30m DEM
Jammu & Kashmir,Ramban,9,Northwest Himalayas,Shale & Siltstone,1738.0,51.8,289.1,17.94,4.78,3.6,95.5,0.35,32.6,141.0,503.4,1.0,1,ISRO NRSC Landslide Atlas 2023 & NASA SRTM 30m DEM
Jammu & Kashmir,Ramban,9,Northwest Himalayas,Shale & Siltstone,1635.0,48.6,176.7,17.0,5.37,3.6,29.7,0.58,3.8,12.0,29.6,0.9691,1,ISRO NRSC Landslide Atlas 2023 & NASA SRTM 30m DEM
Jammu & Kashmir,Ramban,9,Northwest Himalayas,Shale & Siltstone,1669.0,43.2,194.3,14.73,4.8,1.9,64.1,0.31,31.8,116.4,286.1,0.9999,1,ISRO NRSC Landslide Atlas 2023 & NASA SRTM 30m DEM
Jammu & Kashmir,Ramban,9,Northwest Himalayas,Shale & Siltstone,1872.0,39.7,259.2,14.67,4.85,3.4,99.0,0.4,48.3,233.1,1041.8,1.0,1,ISRO NRSC Landslide Atlas 2023 & NASA SRTM 30m DEM
Jammu & Kashmir,Ramban,9,Northwest Himalayas,Shale & Siltstone,1515.0,40.6,112.6,13.2,4.37,1.8,74.6,0.27,27.8,94.4,334.5,0.9998,1,ISRO NRSC Landslide Atlas 2023 & NASA SRTM 30m DEM
Jammu & Kashmir,Ramban,9,Northwest Himalayas,Shale & Siltstone,1789.0,51.3,100.0,17.26,4.72,1.1,99.0,0.39,99.0,304.9,940.1,1.0,1,ISRO NRSC Landslide Atlas 2023 & NASA SRTM 30m DEM
Jammu & Kashmir,Ramban,9,Northwest Himalayas,Shale & Siltstone,1633.0,48.9,159.9,16.53,3.54,1.7,54.8,0.78,11.4,46.0,200.4,0.9969,1,ISRO NRSC Landslide Atlas 2023 & NASA SRTM 30m DEM
Jammu & Kashmir,Ramban,9,Northwest Himalayas,Shale & Siltstone,1630.0,48.5,231.7,15.72,4.12,1.6,30.1,0.76,12.7,36.6,77.4,0.9859,1,ISRO NRSC Landslide Atlas 2023 & NASA SRTM 30m DEM
Jammu & Kashmir,Ramban,9,Northwest Himalayas,Shale & Siltstone,1664.0,47.2,34.0,15.17,4.6,1.4,35.1,0.46,10.1,31.4,99.0,0.9884,1,ISRO NRSC Landslide Atlas 2023 & NASA SRTM 30m DEM
Jammu & Kashmir,Ramban,9,Northwest Himalayas,Shale & Siltstone,1761.0,35.4,63.7,13.41,4.14,2.5,37.0,0.49,9.5,38.3,127.3,0.962,1,ISRO NRSC Landslide Atlas 2023 & NASA SRTM 30m DEM
Jammu & Kashmir,Ramban,9,Northwest Himalayas,Shale & Siltstone,1483.0,40.5,152.9,15.52,5.11,2.1,65.0,0.59,31.8,128.9,385.9,0.9999,1,ISRO NRSC Landslide Atlas 2023 & NASA SRTM 30m DEM
Jammu & Kashmir,Ramban,9,Northwest Himalayas,Shale & Siltstone,1700.0,45.9,316.6,15.75,4.7,2.8,20.9,0.81,4.3,18.4,37.3,0.9318,1,ISRO NRSC Landslide Atlas 2023 & NASA SRTM 30m DEM
Jammu & Kashmir,Ramban,9,Northwest Himalayas,Shale & Siltstone,1712.0,41.6,268.0,15.72,3.84,2.0,49.3,0.72,22.6,73.1,193.3,0.998,1,ISRO NRSC Landslide Atlas 2023 & NASA SRTM 30m DEM
Jammu & Kashmir,Ramban,9,Northwest Himalayas,Shale & Siltstone,1665.0,41.1,195.2,15.14,5.04,1.5,21.9,0.66,1.9,7.1,28.1,0.8585,1,ISRO NRSC Landslide Atlas 2023 & NASA SRTM 30m DEM
Jammu & Kashmir,Ramban,9,Northwest Himalayas,Shale & Siltstone,1591.0,49.2,176.6,14.93,4.74,1.3,35.9,0.4,21.3,63.7,139.1,0.9984,1,ISRO NRSC Landslide Atlas 2023 & NASA SRTM 30m DEM
Jammu & Kashmir,Ramban,9,Northwest Himalayas,Shale & Siltstone,1720.0,39.4,120.8,13.17,4.51,3.3,15.0,0.6,1.4,5.7,13.5,0.7337,1,ISRO NRSC Landslide Atlas 2023 & NASA SRTM 30m DEM
Jammu & Kashmir,Ramban,9,Northwest Himalayas,Shale & Siltstone,1781.0,42.7,157.1,14.41,4.36,1.3,23.6,0.54,1.8,8.7,29.5,0.8825,1,ISRO NRSC Landslide Atlas 2023 & NASA SRTM 30m DEM
Jammu & Kashmir,Ramban,9,Northwest Himalayas,Shale & Siltstone,1778.0,41.1,186.1,16.02,5.22,1.6,30.4,0.3,13.5,45.0,121.4,0.9924,1,ISRO NRSC Landslide Atlas 2023 & NASA SRTM 30m DEM
Jammu & Kashmir,Ramban,9,Northwest Himalayas,Shale & Siltstone,1883.0,46.0,120.1,15.5,5.27,2.3,43.9,0.29,10.8,49.5,160.5,0.997,1,ISRO NRSC Landslide Atlas 2023 & NASA SRTM 30m DEM
Jammu & Kashmir,Ramban,9,Northwest Himalayas,Shale & Siltstone,1727.0,44.2,105.9,13.99,5.71,3.2,66.6,0.62,32.4,110.0,303.9,0.9999,1,ISRO NRSC Landslide Atlas 2023 & NASA SRTM 30m DEM
Jammu & Kashmir,Ramban,9,Northwest Himalayas,Shale & Siltstone,1636.0,39.0,82.3,14.76,5.31,2.7,22.1,0.5,2.2,7.2,20.6,0.8534,1,ISRO NRSC Landslide Atlas 2023 & NASA SRTM 30m DEM
Jammu & Kashmir,Ramban,9,Northwest Himalayas,Shale & Siltstone,1523.0,43.0,176.2,15.89,4.6,2.3,44.1,0.46,12.2,55.8,234.4,0.9973,1,ISRO NRSC Landslide Atlas 2023 & NASA SRTM 30m DEM
Jammu & Kashmir,Ramban,9,Northwest Himalayas,Shale & Siltstone,1889.0,36.1,326.8,12.44,5.64,1.9,70.1,0.54,38.7,125.5,338.9,0.9999,1,ISRO NRSC Landslide Atlas 2023 & NASA SRTM 30m DEM
Jammu & Kashmir,Ramban,9,Northwest Himalayas,Shale & Siltstone,1645.0,40.0,181.1,12.5,4.77,1.6,94.6,0.79,49.3,144.9,520.9,1.0,1,ISRO NRSC Landslide Atlas 2023 & NASA SRTM 30m DEM
Jammu & Kashmir,Ramban,9,Northwest Himalayas,Shale & Siltstone,1705.0,45.7,109.8,15.9,3.58,1.9,26.6,0.26,2.1,13.2,41.2,0.9598,1,ISRO NRSC Landslide Atlas 2023 & NASA SRTM 30m DEM
Jammu & Kashmir,Ramban,9,Northwest Himalayas,Shale & Siltstone,1610.0,43.0,288.4,14.08,5.24,2.5,34.6,0.84,5.6,23.8,89.7,0.9455,1,ISRO NRSC Landslide Atlas 2023 & NASA SRTM 30m DEM
Jammu & Kashmir,Ramban,9,Northwest Himalayas,Shale & Siltstone,1855.0,34.5,322.6,14.1,5.54,4.4,30.3,0.38,5.4,34.8,70.0,0.9425,1,ISRO NRSC Landslide Atlas 2023 & NASA SRTM 30m DEM
Jammu & Kashmir,Ramban,9,Northwest Himalayas,Shale & Siltstone,1605.0,50.5,67.8,19.01,4.04,0.8,23.1,0.48,0.3,2.1,7.2,0.9633,1,ISRO NRSC Landslide Atlas 2023 & NASA SRTM 30m DEM
Jammu & Kashmir,Ramban,9,Northwest Himalayas,Shale & Siltstone,1727.0,50.1,319.1,19.22,4.52,3.3,39.5,0.62,16.9,53.8,132.4,0.9985,1,ISRO NRSC Landslide Atlas 2023 & NASA SRTM 30m DEM
Jammu & Kashmir,Ramban,9,Northwest Himalayas,Shale & Siltstone,1852.0,54.3,257.3,19.13,4.7,2.1,32.1,0.68,11.3,33.7,104.4,0.9965,1,ISRO NRSC Landslide Atlas 2023 & NASA SRTM 30m DEM
Jammu & Kashmir,Ramban,9,Northwest Himalayas,Shale & Siltstone,1594.0,43.3,201.9,16.53,4.11,2.8,29.9,0.3,4.8,26.5,53.4,0.9759,1,ISRO NRSC Landslide Atlas 2023 & NASA SRTM 30m DEM
Jammu & Kashmir,Ramban,9,Northwest Himalayas,Shale & Siltstone,1799.0,50.1,216.0,18.09,3.71,2.9,35.5,0.48,6.3,40.7,114.7,0.9951,1,ISRO NRSC Landslide Atlas 2023 & NASA SRTM 30m DEM
Jammu & Kashmir,Ramban,9,Northwest Himalayas,Shale & Siltstone,1544.0,57.0,197.5,20.39,4.15,2.8,60.2,0.51,16.2,84.6,325.8,0.9999,1,ISRO NRSC Landslide Atlas 2023 & NASA SRTM 30m DEM
Jammu & Kashmir,Ramban,9,Northwest Himalayas,Shale & Siltstone,1627.0,49.2,119.8,16.41,4.19,1.8,34.0,0.53,6.4,40.1,105.9,0.9919,1,ISRO NRSC Landslide Atlas 2023 & NASA SRTM 30m DEM
Jammu & Kashmir,Ramban,9,Northwest Himalayas,Shale & Siltstone,1642.0,35.4,92.5,13.52,3.76,1.0,59.7,0.59,23.4,110.2,273.0,0.9992,1,ISRO NRSC Landslide Atlas 2023 & NASA SRTM 30m DEM
Jammu & Kashmir,Ramban,9,Northwest Himalayas,Shale & Siltstone,1741.0,48.2,138.4,16.78,4.32,3.1,15.0,0.28,0.2,0.5,1.9,0.937,1,ISRO NRSC Landslide Atlas 2023 & NASA SRTM 30m DEM
Jammu & Kashmir,Ramban,9,Northwest Himalayas,Shale & Siltstone,1753.0,41.1,257.9,14.51,4.84,4.2,99.0,0.6,79.4,287.3,663.2,1.0,1,ISRO NRSC Landslide Atlas 2023 & NASA SRTM 30m DEM
Jammu & Kashmir,Ramban,9,Northwest Himalayas,Shale & Siltstone,1780.0,40.5,169.5,13.03,5.62,2.5,44.5,0.53,12.3,56.1,183.9,0.9927,1,ISRO NRSC Landslide Atlas 2023 & NASA SRTM 30m DEM
Jammu & Kashmir,Ramban,9,Northwest Himalayas,Shale & Siltstone,1844.0,44.8,283.1,15.28,4.64,2.2,33.8,0.44,8.7,29.6,131.7,0.9866,1,ISRO NRSC Landslide Atlas 2023 & NASA SRTM 30m DEM
Jammu & Kashmir,Ramban,9,Northwest Himalayas,Shale & Siltstone,1767.0,40.7,27.9,14.48,4.49,1.4,34.1,0.3,14.7,48.0,122.3,0.9911,1,ISRO NRSC Landslide Atlas 2023 & NASA SRTM 30m DEM
Jammu & Kashmir,Ramban,9,Northwest Himalayas,Shale & Siltstone,1811.0,52.7,42.5,18.5,5.08,2.8,78.2,0.27,23.6,108.4,362.0,1.0,1,ISRO NRSC Landslide Atlas 2023 & NASA SRTM 30m DEM
Jammu & Kashmir,Ramban,9,Northwest Himalayas,Shale & Siltstone,1724.0,35.9,203.4,12.75,5.35,1.0,76.9,0.71,32.8,126.7,379.1,0.9999,1,ISRO NRSC Landslide Atlas 2023 & NASA SRTM 30m DEM
Jammu & Kashmir,Ramban,9,Northwest Himalayas,Shale & Siltstone,1918.0,54.5,126.1,18.96,3.67,2.8,99.0,0.78,35.1,190.6,643.7,1.0,1,ISRO NRSC Landslide Atlas 2023 & NASA SRTM 30m DEM
Jammu & Kashmir,Ramban,9,Northwest Himalayas,Shale & Siltstone,1640.0,33.4,217.9,12.02,5.23,0.9,23.2,0.24,1.2,5.5,19.7,0.7301,1,ISRO NRSC Landslide Atlas 2023 & NASA SRTM 30m DEM
Uttarakhand,Pithoragarh,10,Northwest Himalayas,Slate & Dolomite,1800.0,48.0,23.9,16.79,4.07,2.3,55.4,0.28,10.9,58.5,206.5,0.9989,1,ISRO NRSC Landslide Atlas 2023 & NASA SRTM 30m DEM
Uttarakhand,Pithoragarh,10,Northwest Himalayas,Slate & Dolomite,1523.0,35.5,214.4,11.16,5.14,3.0,50.2,0.74,19.8,58.0,203.5,0.9873,1,ISRO NRSC Landslide Atlas 2023 & NASA SRTM 30m DEM
Uttarakhand,Pithoragarh,10,Northwest Himalayas,Slate & Dolomite,1720.0,50.1,339.2,17.03,5.0,2.7,37.0,0.79,7.6,23.0,89.7,0.9856,1,ISRO NRSC Landslide Atlas 2023 & NASA SRTM 30m DEM
Uttarakhand,Pithoragarh,10,Northwest Himalayas,Slate & Dolomite,1704.0,52.9,224.1,19.13,3.78,3.6,53.3,0.42,10.8,44.6,156.0,0.9989,1,ISRO NRSC Landslide Atlas 2023 & NASA SRTM 30m DEM
Uttarakhand,Pithoragarh,10,Northwest Himalayas,Slate & Dolomite,1714.0,45.6,113.2,16.24,4.42,2.5,99.0,0.26,45.8,146.1,618.9,1.0,1,ISRO NRSC Landslide Atlas 2023 & NASA SRTM 30m DEM
Uttarakhand,Pithoragarh,10,Northwest Himalayas,Slate & Dolomite,1596.0,52.8,230.3,19.26,4.78,2.9,26.6,0.73,6.1,19.4,76.2,0.9888,1,ISRO NRSC Landslide Atlas 2023 & NASA SRTM 30m DEM
Uttarakhand,Pithoragarh,10,Northwest Himalayas,Slate & Dolomite,1834.0,40.8,331.7,14.46,4.41,1.4,99.0,0.4,45.2,178.6,689.3,1.0,1,ISRO NRSC Landslide Atlas 2023 & NASA SRTM 30m DEM
Uttarakhand,Pithoragarh,10,Northwest Himalayas,Slate & Dolomite,1755.0,30.4,271.6,10.09,4.8,1.7,62.6,0.63,11.8,55.9,246.5,0.9786,1,ISRO NRSC Landslide Atlas 2023 & NASA SRTM 30m DEM
Uttarakhand,Pithoragarh,10,Northwest Himalayas,Slate & Dolomite,1796.0,42.0,257.7,15.14,4.47,2.1,80.0,0.51,31.4,98.3,382.3,0.9999,1,ISRO NRSC Landslide Atlas 2023 & NASA SRTM 30m DEM
Uttarakhand,Pithoragarh,10,Northwest Himalayas,Slate & Dolomite,1731.0,53.9,265.9,18.44,5.62,2.3,24.8,0.24,2.8,11.6,48.4,0.9905,1,ISRO NRSC Landslide Atlas 2023 & NASA SRTM 30m DEM
Uttarakhand,Pithoragarh,10,Northwest Himalayas,Slate & Dolomite,1924.0,41.9,194.2,13.2,5.23,2.4,39.0,0.64,13.6,54.6,147.9,0.9895,1,ISRO NRSC Landslide Atlas 2023 & NASA SRTM 30m DEM
Uttarakhand,Pithoragarh,10,Northwest Himalayas,Slate & Dolomite,1922.0,42.0,272.2,15.54,3.98,3.0,99.0,0.25,88.4,490.2,1566.1,1.0,1,ISRO NRSC Landslide Atlas 2023 & NASA SRTM 30m DEM
Uttarakhand,Pithoragarh,10,Northwest Himalayas,Slate & Dolomite,1631.0,41.2,149.7,13.91,4.8,2.3,44.6,0.55,9.2,45.8,196.0,0.9901,1,ISRO NRSC Landslide Atlas 2023 & NASA SRTM 30m DEM
Uttarakhand,Pithoragarh,10,Northwest Himalayas,Slate & Dolomite,1752.0,38.5,135.2,11.63,4.73,2.4,38.2,0.36,10.1,29.2,90.6,0.9536,1,ISRO NRSC Landslide Atlas 2023 & NASA SRTM 30m DEM
Uttarakhand,Pithoragarh,10,Northwest Himalayas,Slate & Dolomite,1892.0,37.4,186.9,12.23,5.22,2.0,94.6,0.44,23.5,142.4,494.4,1.0,1,ISRO NRSC Landslide Atlas 2023 & NASA SRTM 30m DEM
Uttarakhand,Pithoragarh,10,Northwest Himalayas,Slate & Dolomite,1678.0,50.4,108.7,16.62,3.5,1.5,26.1,0.21,5.6,18.5,43.3,0.9841,1,ISRO NRSC Landslide Atlas 2023 & NASA SRTM 30m DEM
Uttarakhand,Pithoragarh,10,Northwest Himalayas,Slate & Dolomite,1809.0,36.5,162.7,12.14,5.21,2.3,97.4,0.34,34.6,134.0,586.6,1.0,1,ISRO NRSC Landslide Atlas 2023 & NASA SRTM 30m DEM
Uttarakhand,Pithoragarh,10,Northwest Himalayas,Slate & Dolomite,1795.0,40.6,204.0,16.65,4.81,3.0,35.4,0.75,3.4,15.5,66.3,0.9344,1,ISRO NRSC Landslide Atlas 2023 & NASA SRTM 30m DEM
Uttarakhand,Pithoragarh,10,Northwest Himalayas,Slate & Dolomite,1641.0,40.9,126.1,15.16,4.24,3.9,78.9,0.21,29.0,85.0,289.3,0.9998,1,ISRO NRSC Landslide Atlas 2023 & NASA SRTM 30m DEM
Uttarakhand,Pithoragarh,10,Northwest Himalayas,Slate & Dolomite,1684.0,38.4,330.6,14.75,5.52,2.7,25.4,0.28,3.0,19.2,46.5,0.931,1,ISRO NRSC Landslide Atlas 2023 & NASA SRTM 30m DEM
Uttarakhand,Pithoragarh,10,Northwest Himalayas,Slate & Dolomite,1786.0,36.3,170.9,13.09,5.92,1.5,35.0,0.68,6.4,30.1,111.0,0.9323,1,ISRO NRSC Landslide Atlas 2023 & NASA SRTM 30m DEM
Uttarakhand,Pithoragarh,10,Northwest Himalayas,Slate & Dolomite,1551.0,46.1,285.2,16.3,4.33,2.2,21.4,0.68,1.9,11.6,32.9,0.9252,1,ISRO NRSC Landslide Atlas 2023 & NASA SRTM 30m DEM
Uttarakhand,Pithoragarh,10,Northwest Himalayas,Slate & Dolomite,1669.0,48.8,181.6,17.66,5.53,2.4,24.1,0.39,1.1,6.1,14.1,0.9652,1,ISRO NRSC Landslide Atlas 2023 & NASA SRTM 30m DEM
Uttarakhand,Pithoragarh,10,Northwest Himalayas,Slate & Dolomite,1779.0,42.8,234.8,16.1,4.87,1.7,32.2,0.85,11.5,35.5,124.7,0.9798,1,ISRO NRSC Landslide Atlas 2023 & NASA SRTM 30m DEM
Uttarakhand,Pithoragarh,10,Northwest Himalayas,Slate & Dolomite,1763.0,48.5,187.6,16.6,5.69,3.5,49.3,0.33,16.2,68.6,204.7,0.9994,1,ISRO NRSC Landslide Atlas 2023 & NASA SRTM 30m DEM
Uttarakhand,Pithoragarh,10,Northwest Himalayas,Slate & Dolomite,1840.0,43.5,303.1,14.92,4.28,2.0,29.5,0.37,10.5,31.9,66.6,0.9786,1,ISRO NRSC Landslide Atlas 2023 & NASA SRTM 30m DEM
Uttarakhand,Pithoragarh,10,Northwest Himalayas,Slate & Dolomite,1909.0,43.3,201.8,14.62,4.91,3.0,61.9,0.49,15.1,66.7,217.7,0.9984,1,ISRO NRSC Landslide Atlas 2023 & NASA SRTM 30m DEM
Uttarakhand,Pithoragarh,10,Northwest Himalayas,Slate & Dolomite,1845.0,43.2,318.5,14.93,4.89,3.6,25.3,0.47,0.2,0.8,3.1,0.8653,1,ISRO NRSC Landslide Atlas 2023 & NASA SRTM 30m DEM
Uttarakhand,Pithoragarh,10,Northwest Himalayas,Slate & Dolomite,1854.0,43.8,25.9,15.1,3.94,3.9,99.0,0.64,62.5,262.9,714.1,1.0,1,ISRO NRSC Landslide Atlas 2023 & NASA SRTM 30m DEM
Uttarakhand,Pithoragarh,10,Northwest Himalayas,Slate & Dolomite,1781.0,45.3,75.4,14.65,4.61,3.1,36.9,0.24,4.1,23.4,98.3,0.9811,1,ISRO NRSC Landslide Atlas 2023 & NASA SRTM 30m DEM
Uttarakhand,Pithoragarh,10,Northwest Himalayas,Slate & Dolomite,1812.0,35.4,135.6,11.7,5.27,2.6,16.1,0.67,0.1,0.3,0.9,0.5073,1,ISRO NRSC Landslide Atlas 2023 & NASA SRTM 30m DEM
Uttarakhand,Pithoragarh,10,Northwest Himalayas,Slate & Dolomite,1976.0,42.6,120.7,13.8,4.62,3.5,31.9,0.41,3.8,22.0,92.4,0.9566,1,ISRO NRSC Landslide Atlas 2023 & NASA SRTM 30m DEM
Uttarakhand,Pithoragarh,10,Northwest Himalayas,Slate & Dolomite,1740.0,41.7,152.0,14.03,4.98,2.8,30.5,0.28,4.4,25.5,71.5,0.9626,1,ISRO NRSC Landslide Atlas 2023 & NASA SRTM 30m DEM
Uttarakhand,Pithoragarh,10,Northwest Himalayas,Slate & Dolomite,2016.0,43.0,95.9,14.56,4.26,2.1,99.0,0.46,85.9,392.0,1524.3,1.0,1,ISRO NRSC Landslide Atlas 2023 & NASA SRTM 30m DEM
Uttarakhand,Pithoragarh,10,Northwest Himalayas,Slate & Dolomite,2106.0,37.0,132.9,13.91,4.44,2.4,15.0,0.75,0.6,3.1,13.4,0.6303,1,ISRO NRSC Landslide Atlas 2023 & NASA SRTM 30m DEM
Uttarakhand,Pithoragarh,10,Northwest Himalayas,Slate & Dolomite,1738.0,45.2,297.4,17.11,4.53,2.7,40.3,0.72,4.9,25.7,112.1,0.981,1,ISRO NRSC Landslide Atlas 2023 & NASA SRTM 30m DEM
Uttarakhand,Pithoragarh,10,Northwest Himalayas,Slate & Dolomite,1986.0,44.5,9.2,15.83,5.17,5.2,57.7,0.49,12.1,59.1,253.8,0.9986,1,ISRO NRSC Landslide Atlas 2023 & NASA SRTM 30m DEM
Uttarakhand,Pithoragarh,10,Northwest Himalayas,Slate & Dolomite,1392.0,38.4,94.9,14.41,5.07,1.9,30.8,0.31,5.4,29.0,113.9,0.9662,1,ISRO NRSC Landslide Atlas 2023 & NASA SRTM 30m DEM
Uttarakhand,Pithoragarh,10,Northwest Himalayas,Slate & Dolomite,1766.0,43.0,113.8,13.95,4.65,3.6,25.5,0.29,1.3,4.4,10.1,0.8908,1,ISRO NRSC Landslide Atlas 2023 & NASA SRTM 30m DEM
Uttarakhand,Pithoragarh,10,Northwest Himalayas,Slate & Dolomite,1828.0,41.3,265.3,16.07,4.38,2.6,35.9,0.6,7.3,25.1,109.0,0.9711,1,ISRO NRSC Landslide Atlas 2023 & NASA SRTM 30m DEM
Uttarakhand,Pithoragarh,10,Northwest Himalayas,Slate & Dolomite,1795.0,43.4,77.0,14.6,4.76,2.9,63.1,0.31,20.3,73.0,260.8,0.9994,1,ISRO NRSC Landslide Atlas 2023 & NASA SRTM 30m DEM
Uttarakhand,Pithoragarh,10,Northwest Himalayas,Slate & Dolomite,1759.0,44.3,117.3,14.36,4.97,2.9,21.8,0.83,4.0,13.5,54.9,0.8944,1,ISRO NRSC Landslide Atlas 2023 & NASA SRTM 30m DEM
Uttarakhand,Pithoragarh,10,Northwest Himalayas,Slate & Dolomite,1827.0,49.7,258.5,17.62,4.14,1.0,57.3,0.2,33.0,114.0,290.1,1.0,1,ISRO NRSC Landslide Atlas 2023 & NASA SRTM 30m DEM
Uttarakhand,Pithoragarh,10,Northwest Himalayas,Slate & Dolomite,2035.0,50.2,354.3,17.14,4.61,1.7,27.2,0.3,2.8,16.0,32.0,0.9809,1,ISRO NRSC Landslide Atlas 2023 & NASA SRTM 30m DEM
Uttarakhand,Pithoragarh,10,Northwest Himalayas,Slate & Dolomite,2012.0,33.0,226.8,11.65,5.36,2.1,40.9,0.27,11.1,37.5,119.0,0.9601,1,ISRO NRSC Landslide Atlas 2023 & NASA SRTM 30m DEM
Uttarakhand,Pithoragarh,10,Northwest Himalayas,Slate & Dolomite,1928.0,44.8,250.9,15.76,4.71,2.3,20.9,0.55,1.2,5.3,22.2,0.9027,1,ISRO NRSC Landslide Atlas 2023 & NASA SRTM 30m DEM
Uttarakhand,Pithoragarh,10,Northwest Himalayas,Slate & Dolomite,1655.0,41.9,43.9,15.2,4.7,1.6,37.1,0.73,2.1,11.9,49.7,0.9103,1,ISRO NRSC Landslide Atlas 2023 & NASA SRTM 30m DEM
Uttarakhand,Pithoragarh,10,Northwest Himalayas,Slate & Dolomite,1777.0,42.6,206.8,16.01,4.65,2.2,31.3,0.72,17.8,52.3,108.9,0.9909,1,ISRO NRSC Landslide Atlas 2023 & NASA SRTM 30m DEM
Uttarakhand,Pithoragarh,10,Northwest Himalayas,Slate & Dolomite,1792.0,45.2,127.2,15.48,5.38,1.3,29.7,0.52,2.8,15.7,35.2,0.9513,1,ISRO NRSC Landslide Atlas 2023 & NASA SRTM 30m DEM
Uttarakhand,Pithoragarh,10,Northwest Himalayas,Slate & Dolomite,1591.0,51.1,208.9,18.43,4.24,1.9,99.0,0.69,78.6,291.9,1063.9,1.0,1,ISRO NRSC Landslide Atlas 2023 & NASA SRTM 30m DEM
Uttarakhand,Pithoragarh,10,Northwest Himalayas,Slate & Dolomite,1788.0,41.5,138.1,15.68,4.52,2.2,99.0,0.61,65.8,269.5,1204.6,1.0,1,ISRO NRSC Landslide Atlas 2023 & NASA SRTM 30m DEM
Uttarakhand,Pithoragarh,10,Northwest Himalayas,Slate & Dolomite,2123.0,54.5,179.8,17.32,4.53,2.2,27.0,0.58,2.5,9.6,32.3,0.9779,1,ISRO NRSC Landslide Atlas 2023 & NASA SRTM 30m DEM
Uttarakhand,Pithoragarh,10,Northwest Himalayas,Slate & Dolomite,1489.0,40.2,197.3,13.49,5.41,3.1,56.4,0.8,11.6,65.3,203.4,0.994,1,ISRO NRSC Landslide Atlas 2023 & NASA SRTM 30m DEM
Uttarakhand,Pithoragarh,10,Northwest Himalayas,Slate & Dolomite,1938.0,33.8,291.6,12.41,3.89,2.6,29.4,0.41,3.3,14.6,59.1,0.8031,1,ISRO NRSC Landslide Atlas 2023 & NASA SRTM 30m DEM
Uttarakhand,Pithoragarh,10,Northwest Himalayas,Slate & Dolomite,1799.0,49.4,134.7,18.64,5.07,3.1,16.1,0.56,0.7,1.9,4.3,0.9478,1,ISRO NRSC Landslide Atlas 2023 & NASA SRTM 30m DEM
Uttarakhand,Pithoragarh,10,Northwest Himalayas,Slate & Dolomite,1627.0,47.2,195.5,18.44,5.01,2.7,40.5,0.31,15.0,45.9,97.4,0.9976,1,ISRO NRSC Landslide Atlas 2023 & NASA SRTM 30m DEM
Uttarakhand,Pithoragarh,10,Northwest Himalayas,Slate & Dolomite,1773.0,45.1,330.7,17.76,4.97,2.8,99.0,0.48,32.3,189.1,776.8,1.0,1,ISRO NRSC Landslide Atlas 2023 & NASA SRTM 30m DEM
Uttarakhand,Pithoragarh,10,Northwest Himalayas,Slate & Dolomite,1740.0,45.3,315.4,15.69,5.12,1.5,32.9,0.61,10.2,29.4,96.1,0.9827,1,ISRO NRSC Landslide Atlas 2023 & NASA SRTM 30m DEM
Uttarakhand,Pithoragarh,10,Northwest Himalayas,Slate & Dolomite,1688.0,43.7,289.6,16.2,4.2,1.2,37.1,0.67,9.1,41.8,140.4,0.9882,1,ISRO NRSC Landslide Atlas 2023 & NASA SRTM 30m DEM
Uttarakhand,Pithoragarh,10,Northwest Himalayas,Slate & Dolomite,1691.0,50.9,254.2,17.99,4.95,2.3,15.8,0.41,1.7,7.8,30.7,0.9706,1,ISRO NRSC Landslide Atlas 2023 & NASA SRTM 30m DEM
Uttarakhand,Pithoragarh,10,Northwest Himalayas,Slate & Dolomite,1826.0,37.8,197.6,14.25,4.39,2.6,71.2,0.47,25.6,100.5,342.5,0.9997,1,ISRO NRSC Landslide Atlas 2023 & NASA SRTM 30m DEM
Uttarakhand,Pithoragarh,10,Northwest Himalayas,Slate & Dolomite,1798.0,43.6,72.8,14.59,6.2,1.6,56.2,0.6,14.5,89.6,210.2,0.999,1,ISRO NRSC Landslide Atlas 2023 & NASA SRTM 30m DEM
Uttarakhand,Pithoragarh,10,Northwest Himalayas,Slate & Dolomite,1900.0,54.5,43.8,18.99,4.26,3.5,69.9,0.64,10.5,58.6,233.2,0.9996,1,ISRO NRSC Landslide Atlas 2023 & NASA SRTM 30m DEM
Uttarakhand,Pithoragarh,10,Northwest Himalayas,Slate & Dolomite,1859.0,55.6,118.4,18.81,4.79,2.5,19.9,0.54,1.1,5.3,23.4,0.9793,1,ISRO NRSC Landslide Atlas 2023 & NASA SRTM 30m DEM
Uttarakhand,Pithoragarh,10,Northwest Himalayas,Slate & Dolomite,1647.0,47.0,332.2,17.1,4.99,2.4,59.4,0.46,20.2,74.0,276.8,0.9997,1,ISRO NRSC Landslide Atlas 2023 & NASA SRTM 30m DEM
Uttarakhand,Pithoragarh,10,Northwest Himalayas,Slate & Dolomite,2010.0,51.6,85.6,18.31,3.99,2.9,24.4,0.51,6.0,19.4,61.9,0.9865,1,ISRO NRSC Landslide Atlas 2023 & NASA SRTM 30m DEM
Uttarakhand,Pithoragarh,10,Northwest Himalayas,Slate & Dolomite,1860.0,42.4,260.2,14.29,4.8,2.8,39.2,0.72,12.1,41.3,119.4,0.9822,1,ISRO NRSC Landslide Atlas 2023 & NASA SRTM 30m DEM
Uttarakhand,Pithoragarh,10,Northwest Himalayas,Slate & Dolomite,1959.0,39.6,269.0,13.79,4.47,4.3,42.7,0.41,8.5,47.3,105.3,0.9827,1,ISRO NRSC Landslide Atlas 2023 & NASA SRTM 30m DEM
Uttarakhand,Pithoragarh,10,Northwest Himalayas,Slate & Dolomite,1778.0,38.4,61.2,13.36,5.11,3.1,63.9,0.64,28.7,85.0,311.9,0.9993,1,ISRO NRSC Landslide Atlas 2023 & NASA SRTM 30m DEM
Uttarakhand,Pithoragarh,10,Northwest Himalayas,Slate & Dolomite,1967.0,47.9,255.1,16.41,4.49,1.3,99.0,0.27,44.1,257.1,744.6,1.0,1,ISRO NRSC Landslide Atlas 2023 & NASA SRTM 30m DEM
Uttarakhand,Pithoragarh,10,Northwest Himalayas,Slate & Dolomite,1963.0,39.2,182.7,15.22,4.55,3.5,38.6,0.79,9.4,33.3,140.7,0.9701,1,ISRO NRSC Landslide Atlas 2023 & NASA SRTM 30m DEM
Uttarakhand,Pithoragarh,10,Northwest Himalayas,Slate & Dolomite,1730.0,40.4,320.7,15.01,5.39,2.4,84.6,0.34,35.2,154.5,433.4,1.0,1,ISRO NRSC Landslide Atlas 2023 & NASA SRTM 30m DEM
Uttarakhand,Pithoragarh,10,Northwest Himalayas,Slate & Dolomite,1734.0,49.1,67.3,18.05,5.07,2.8,27.2,0.3,1.7,8.8,29.0,0.9773,1,ISRO NRSC Landslide Atlas 2023 & NASA SRTM 30m DEM
Uttarakhand,Pithoragarh,10,Northwest Himalayas,Slate & Dolomite,1707.0,50.7,316.6,18.56,4.8,2.9,25.6,0.27,2.3,12.6,38.0,0.985,1,ISRO NRSC Landslide Atlas 2023 & NASA SRTM 30m DEM
Uttarakhand,Pithoragarh,10,Northwest Himalayas,Slate & Dolomite,1712.0,41.6,121.6,15.42,4.74,3.2,15.0,0.47,1.2,5.8,20.2,0.8631,1,ISRO NRSC Landslide Atlas 2023 & NASA SRTM 30m DEM
Uttarakhand,Pithoragarh,10,Northwest Himalayas,Slate & Dolomite,1938.0,48.5,344.6,18.28,4.3,2.5,64.0,0.48,30.4,87.1,363.9,0.9999,1,ISRO NRSC Landslide Atlas 2023 & NASA SRTM 30m DEM
Uttarakhand,Pithoragarh,10,Northwest Himalayas,Slate & Dolomite,1754.0,45.8,179.9,16.04,4.18,3.4,99.0,0.75,25.3,165.6,624.2,1.0,1,ISRO NRSC Landslide Atlas 2023 & NASA SRTM 30m DEM
Uttarakhand,Pithoragarh,10,Northwest Himalayas,Slate & Dolomite,1826.0,37.8,330.2,13.13,4.56,2.8,26.3,0.28,0.4,1.4,5.6,0.7854,1,ISRO NRSC Landslide Atlas 2023 & NASA SRTM 30m DEM
Uttarakhand,Pithoragarh,10,Northwest Himalayas,Slate & Dolomite,1593.0,48.5,11.1,18.35,4.23,1.8,57.7,0.32,11.5,70.8,262.3,0.9996,1,ISRO NRSC Landslide Atlas 2023 & NASA SRTM 30m DEM
Uttarakhand,Pithoragarh,10,Northwest Himalayas,Slate & Dolomite,1982.0,50.4,17.4,17.69,5.04,2.2,99.0,0.79,37.8,111.1,455.6,1.0,1,ISRO NRSC Landslide Atlas 2023 & NASA SRTM 30m DEM
Uttarakhand,Pithoragarh,10,Northwest Himalayas,Slate & Dolomite,1948.0,44.0,188.4,15.49,5.55,2.4,61.4,0.55,16.7,71.7,288.7,0.9993,1,ISRO NRSC Landslide Atlas 2023 & NASA SRTM 30m DEM
Uttarakhand,Pithoragarh,10,Northwest Himalayas,Slate & Dolomite,1692.0,37.2,291.3,11.57,4.39,2.9,99.0,0.55,35.6,172.2,660.0,1.0,1,ISRO NRSC Landslide Atlas 2023 & NASA SRTM 30m DEM
Uttarakhand,Pithoragarh,10,Northwest Himalayas,Slate & Dolomite,1759.0,46.9,147.1,17.85,4.24,2.3,82.6,0.63,21.4,116.8,417.1,1.0,1,ISRO NRSC Landslide Atlas 2023 & NASA SRTM 30m DEM
Uttarakhand,Pithoragarh,10,Northwest Himalayas,Slate & Dolomite,1857.0,43.5,341.2,14.83,5.01,1.7,50.6,0.31,27.0,93.2,222.4,0.9996,1,ISRO NRSC Landslide Atlas 2023 & NASA SRTM 30m DEM
Uttarakhand,Pithoragarh,10,Northwest Himalayas,Slate & Dolomite,1663.0,35.4,0.5,12.09,4.96,2.4,67.5,0.41,40.2,154.8,381.0,1.0,1,ISRO NRSC Landslide Atlas 2023 & NASA SRTM 30m DEM
Uttarakhand,Pithoragarh,10,Northwest Himalayas,Slate & Dolomite,1783.0,44.0,320.9,14.2,4.75,2.2,72.8,0.56,27.6,92.5,302.8,0.9998,1,ISRO NRSC Landslide Atlas 2023 & NASA SRTM 30m DEM
Uttarakhand,Pithoragarh,10,Northwest Himalayas,Slate & Dolomite,1836.0,43.9,312.2,15.9,4.31,2.8,64.4,0.42,14.8,64.1,277.6,0.9991,1,ISRO NRSC Landslide Atlas 2023 & NASA SRTM 30m DEM
Uttarakhand,Pithoragarh,10,Northwest Himalayas,Slate & Dolomite,1915.0,40.5,296.7,14.0,4.6,1.5,45.8,0.3,17.0,83.7,198.8,0.9983,1,ISRO NRSC Landslide Atlas 2023 & NASA SRTM 30m DEM
Uttarakhand,Pithoragarh,10,Northwest Himalayas,Slate & Dolomite,2043.0,43.3,346.2,15.18,4.73,2.8,26.8,0.32,7.0,39.2,85.7,0.9829,1,ISRO NRSC Landslide Atlas 2023 & NASA SRTM 30m DEM
Uttarakhand,Pithoragarh,10,Northwest Himalayas,Slate & Dolomite,1910.0,49.8,187.9,15.99,4.59,3.9,42.4,0.74,9.8,55.8,133.7,0.9957,1,ISRO NRSC Landslide Atlas 2023 & NASA SRTM 30m DEM
Uttarakhand,Pithoragarh,10,Northwest Himalayas,Slate & Dolomite,1760.0,43.5,248.5,13.98,4.37,1.2,31.3,0.58,4.1,16.7,64.7,0.9332,1,ISRO NRSC Landslide Atlas 2023 & NASA SRTM 30m DEM
Uttarakhand,Pithoragarh,10,Northwest Himalayas,Slate & Dolomite,1878.0,45.0,276.9,15.31,4.76,1.6,39.8,0.27,6.5,32.7,140.3,0.991,1,ISRO NRSC Landslide Atlas 2023 & NASA SRTM 30m DEM
Uttarakhand,Pithoragarh,10,Northwest Himalayas,Slate & Dolomite,1714.0,40.5,294.3,14.32,5.65,2.3,25.8,0.61,1.4,8.0,24.0,0.853,1,ISRO NRSC Landslide Atlas 2023 & NASA SRTM 30m DEM
Uttarakhand,Pithoragarh,10,Northwest Himalayas,Slate & Dolomite,1782.0,38.9,121.2,14.14,4.87,2.2,99.0,0.24,57.3,202.1,790.6,1.0,1,ISRO NRSC Landslide Atlas 2023 & NASA SRTM 30m DEM
Uttarakhand,Pithoragarh,10,Northwest Himalayas,Slate & Dolomite,1718.0,35.8,352.0,13.23,5.72,2.4,22.2,0.75,1.9,8.4,34.0,0.7145,1,ISRO NRSC Landslide Atlas 2023 & NASA SRTM 30m DEM
Uttarakhand,Pithoragarh,10,Northwest Himalayas,Slate & Dolomite,1675.0,52.0,303.5,20.07,4.23,1.5,24.8,0.36,1.5,7.0,15.5,0.9828,1,ISRO NRSC Landslide Atlas 2023 & NASA SRTM 30m DEM
Uttarakhand,Pithoragarh,10,Northwest Himalayas,Slate & Dolomite,1900.0,36.2,18.8,13.47,4.8,2.4,64.9,0.79,11.3,71.0,319.0,0.9965,1,ISRO NRSC Landslide Atlas 2023 & NASA SRTM 30m DEM
Uttarakhand,Pithoragarh,10,Northwest Himalayas,Slate & Dolomite,1852.0,46.7,5.4,15.52,3.67,2.9,47.1,0.64,19.6,57.6,180.7,0.9976,1,ISRO NRSC Landslide Atlas 2023 & NASA SRTM 30m DEM
Uttarakhand,Pithoragarh,10,Northwest Himalayas,Slate & Dolomite,1682.0,41.6,183.4,15.14,4.87,4.0,34.3,0.8,7.8,23.5,80.1,0.9491,1,ISRO NRSC Landslide Atlas 2023 & NASA SRTM 30m DEM
Uttarakhand,Pithoragarh,10,Northwest Himalayas,Slate & Dolomite,1755.0,39.0,245.2,14.38,5.57,3.3,67.9,0.28,26.9,88.9,264.3,0.9996,1,ISRO NRSC Landslide Atlas 2023 & NASA SRTM 30m DEM
Uttarakhand,Pithoragarh,10,Northwest Himalayas,Slate & Dolomite,2151.0,44.4,90.8,15.67,5.5,1.2,99.0,0.44,72.6,257.9,959.3,1.0,1,ISRO NRSC Landslide Atlas 2023 & NASA SRTM 30m DEM
Uttarakhand,Pithoragarh,10,Northwest Himalayas,Slate & Dolomite,1668.0,43.3,307.4,16.19,4.91,4.1,28.3,0.64,2.4,6.9,27.4,0.9123,1,ISRO NRSC Landslide Atlas 2023 & NASA SRTM 30m DEM
Uttarakhand,Pithoragarh,10,Northwest Himalayas,Slate & Dolomite,1779.0,46.7,311.4,15.26,4.28,3.1,49.7,0.72,14.7,61.3,242.1,0.998,1,ISRO NRSC Landslide Atlas 2023 & NASA SRTM 30m DEM
Uttarakhand,Pithoragarh,10,Northwest Himalayas,Slate & Dolomite,1915.0,40.6,119.7,15.12,3.86,1.3,21.2,0.59,0.2,1.0,3.6,0.7812,1,ISRO NRSC Landslide Atlas 2023 & NASA SRTM 30m DEM
Uttarakhand,Pithoragarh,10,Northwest Himalayas,Slate & Dolomite,1820.0,43.2,296.5,14.13,4.8,1.9,67.2,0.64,10.3,60.9,272.1,0.9978,1,ISRO NRSC Landslide Atlas 2023 & NASA SRTM 30m DEM
Uttarakhand,Pithoragarh,10,Northwest Himalayas,Slate & Dolomite,1923.0,37.9,215.2,14.35,4.66,2.7,18.6,0.25,3.3,15.0,56.2,0.9035,1,ISRO NRSC Landslide Atlas 2023 & NASA SRTM 30m DEM
Uttarakhand,Pithoragarh,10,Northwest Himalayas,Slate & Dolomite,1485.0,53.2,317.1,19.24,4.0,1.6,44.5,0.42,20.2,63.8,164.3,0.9996,1,ISRO NRSC Landslide Atlas 2023 & NASA SRTM 30m DEM
Uttarakhand,Pithoragarh,10,Northwest Himalayas,Slate & Dolomite,1970.0,49.0,265.0,17.37,4.82,2.5,22.8,0.42,0.4,1.2,5.1,0.9488,1,ISRO NRSC Landslide Atlas 2023 & NASA SRTM 30m DEM
Uttarakhand,Pithoragarh,10,Northwest Himalayas,Slate & Dolomite,1569.0,33.5,48.2,13.22,4.93,3.2,41.9,0.58,7.5,23.7,83.0,0.9058,1,ISRO NRSC Landslide Atlas 2023 & NASA SRTM 30m DEM
Uttarakhand,Pithoragarh,10,Northwest Himalayas,Slate & Dolomite,1866.0,37.3,216.9,11.6,5.03,3.9,15.0,0.77,1.0,5.7,19.0,0.5773,1,ISRO NRSC Landslide Atlas 2023 & NASA SRTM 30m DEM
Uttarakhand,Pithoragarh,10,Northwest Himalayas,Slate & Dolomite,1907.0,43.6,18.8,16.2,4.36,2.3,53.3,0.23,21.7,63.4,241.5,0.9993,1,ISRO NRSC Landslide Atlas 2023 & NASA SRTM 30m DEM
Uttarakhand,Pithoragarh,10,Northwest Himalayas,Slate & Dolomite,1867.0,30.7,163.3,9.94,4.91,2.1,43.5,0.81,21.7,65.4,192.1,0.9741,1,ISRO NRSC Landslide Atlas 2023 & NASA SRTM 30m DEM
Uttarakhand,Pithoragarh,10,Northwest Himalayas,Slate & Dolomite,1804.0,42.9,273.6,16.47,4.6,3.4,17.5,0.54,0.0,0.1,0.4,0.8534,1,ISRO NRSC Landslide Atlas 2023 & NASA SRTM 30m DEM
Uttarakhand,Pithoragarh,10,Northwest Himalayas,Slate & Dolomite,1663.0,40.3,270.4,15.31,5.0,0.6,20.1,0.79,0.6,3.3,6.6,0.7672,1,ISRO NRSC Landslide Atlas 2023 & NASA SRTM 30m DEM
Uttarakhand,Pithoragarh,10,Northwest Himalayas,Slate & Dolomite,1921.0,40.6,132.0,12.95,4.46,0.6,43.8,0.4,18.3,70.6,177.9,0.9963,1,ISRO NRSC Landslide Atlas 2023 & NASA SRTM 30m DEM
Uttarakhand,Pithoragarh,10,Northwest Himalayas,Slate & Dolomite,1792.0,39.6,154.6,13.87,4.13,3.0,32.8,0.24,8.3,34.9,98.4,0.9745,1,ISRO NRSC Landslide Atlas 2023 & NASA SRTM 30m DEM
Uttarakhand,Pithoragarh,10,Northwest Himalayas,Slate & Dolomite,1787.0,49.5,26.0,17.03,3.88,3.4,99.0,0.68,34.8,129.7,551.5,1.0,1,ISRO NRSC Landslide Atlas 2023 & NASA SRTM 30m DEM
Uttarakhand,Pithoragarh,10,Northwest Himalayas,Slate & Dolomite,1909.0,48.8,315.1,14.95,4.76,1.7,44.4,0.36,15.2,66.5,185.9,0.9987,1,ISRO NRSC Landslide Atlas 2023 & NASA SRTM 30m DEM
Uttarakhand,Pithoragarh,10,Northwest Himalayas,Slate & Dolomite,1547.0,45.5,269.9,16.89,4.29,1.7,35.6,0.67,1.1,4.8,17.4,0.9277,1,ISRO NRSC Landslide Atlas 2023 & NASA SRTM 30m DEM
Uttarakhand,Pithoragarh,10,Northwest Himalayas,Slate & Dolomite,1878.0,36.6,69.5,13.34,5.08,2.7,25.4,0.8,0.5,1.9,7.2,0.6311,1,ISRO NRSC Landslide Atlas 2023 & NASA SRTM 30m DEM
Uttarakhand,Pithoragarh,10,Northwest Himalayas,Slate & Dolomite,1699.0,40.8,302.8,14.37,4.4,1.9,84.3,0.24,34.0,156.7,411.1,1.0,1,ISRO NRSC Landslide Atlas 2023 & NASA SRTM 30m DEM
Uttarakhand,Pithoragarh,10,Northwest Himalayas,Slate & Dolomite,1707.0,45.4,136.8,16.02,4.1,2.5,62.9,0.31,18.9,80.7,294.9,0.9997,1,ISRO NRSC Landslide Atlas 2023 & NASA SRTM 30m DEM
Uttarakhand,Pithoragarh,10,Northwest Himalayas,Slate & Dolomite,1696.0,42.7,32.2,14.43,4.88,1.7,72.8,0.55,16.6,87.2,353.4,0.9996,1,ISRO NRSC Landslide Atlas 2023 & NASA SRTM 30m DEM
Uttarakhand,Pithoragarh,10,Northwest Himalayas,Slate & Dolomite,1987.0,40.8,294.1,13.61,5.27,3.4,61.7,0.36,18.5,76.1,313.7,0.9993,1,ISRO NRSC Landslide Atlas 2023 & NASA SRTM 30m DEM
Uttarakhand,Pithoragarh,10,Northwest Himalayas,Slate & Dolomite,1836.0,38.5,351.6,13.95,4.52,2.9,44.2,0.27,13.6,59.3,141.0,0.9933,1,ISRO NRSC Landslide Atlas 2023 & NASA SRTM 30m DEM
Uttarakhand,Pithoragarh,10,Northwest Himalayas,Slate & Dolomite,1674.0,47.4,14.2,17.95,3.92,4.0,38.8,0.79,11.0,34.2,153.6,0.9926,1,ISRO NRSC Landslide Atlas 2023 & NASA SRTM 30m DEM
Uttarakhand,Pithoragarh,10,Northwest Himalayas,Slate & Dolomite,1757.0,47.9,61.6,15.77,3.88,1.8,33.9,0.65,5.6,21.3,91.9,0.975,1,ISRO NRSC Landslide Atlas 2023 & NASA SRTM 30m DEM
Uttarakhand,Pithoragarh,10,Northwest Himalayas,Slate & Dolomite,1751.0,39.9,221.0,12.19,4.57,2.9,49.5,0.77,12.0,41.8,122.9,0.9719,1,ISRO NRSC Landslide Atlas 2023 & NASA SRTM 30m DEM
Uttarakhand,Pithoragarh,10,Northwest Himalayas,Slate & Dolomite,1971.0,50.5,196.6,16.36,4.8,4.3,22.9,0.25,0.7,4.0,8.6,0.9625,1,ISRO NRSC Landslide Atlas 2023 & NASA SRTM 30m DEM
Uttarakhand,Pithoragarh,10,Northwest Himalayas,Slate & Dolomite,1796.0,52.1,56.5,17.53,4.36,2.7,15.0,0.66,0.9,2.5,5.2,0.9405,1,ISRO NRSC Landslide Atlas 2023 & NASA SRTM 30m DEM
Uttarakhand,Pithoragarh,10,Northwest Himalayas,Slate & Dolomite,1904.0,39.0,253.9,14.33,4.41,2.0,26.3,0.62,3.8,11.0,37.4,0.8527,1,ISRO NRSC Landslide Atlas 2023 & NASA SRTM 30m DEM
Uttarakhand,Pithoragarh,10,Northwest Himalayas,Slate & Dolomite,1693.0,41.5,190.1,15.3,4.87,3.5,59.3,0.78,17.5,73.6,283.9,0.9986,1,ISRO NRSC Landslide Atlas 2023 & NASA SRTM 30m DEM
Uttarakhand,Pithoragarh,10,Northwest Himalayas,Slate & Dolomite,1899.0,40.1,251.2,14.66,4.58,2.2,39.3,0.77,16.1,52.3,121.0,0.9863,1,ISRO NRSC Landslide Atlas 2023 & NASA SRTM 30m DEM
Uttarakhand,Pithoragarh,10,Northwest Himalayas,Slate & Dolomite,1756.0,42.1,192.0,15.78,5.0,2.8,63.8,0.74,35.4,137.3,276.1,0.9999,1,ISRO NRSC Landslide Atlas 2023 & NASA SRTM 30m DEM
Uttarakhand,Pithoragarh,10,Northwest Himalayas,Slate & Dolomite,1796.0,44.7,286.4,15.7,4.33,1.6,98.8,0.71,54.4,170.2,493.7,1.0,1,ISRO NRSC Landslide Atlas 2023 & NASA SRTM 30m DEM
Uttarakhand,Pithoragarh,10,Northwest Himalayas,Slate & Dolomite,1767.0,45.4,132.0,17.5,4.63,1.2,56.5,0.22,25.0,79.6,246.1,0.9998,1,ISRO NRSC Landslide Atlas 2023 & NASA SRTM 30m DEM
Uttarakhand,Pithoragarh,10,Northwest Himalayas,Slate & Dolomite,1974.0,53.6,197.4,18.04,3.79,2.9,35.5,0.23,12.2,40.2,142.2,0.9984,1,ISRO NRSC Landslide Atlas 2023 & NASA SRTM 30m DEM
Uttarakhand,Pithoragarh,10,Northwest Himalayas,Slate & Dolomite,1924.0,50.0,345.0,18.34,4.32,2.5,85.2,0.2,24.8,102.1,411.0,1.0,1,ISRO NRSC Landslide Atlas 2023 & NASA SRTM 30m DEM
Uttarakhand,Pithoragarh,10,Northwest Himalayas,Slate & Dolomite,1935.0,45.1,226.2,16.87,3.85,2.7,32.8,0.32,10.4,45.7,99.3,0.9933,1,ISRO NRSC Landslide Atlas 2023 & NASA SRTM 30m DEM
Uttarakhand,Pithoragarh,10,Northwest Himalayas,Slate & Dolomite,1643.0,48.2,330.7,16.3,4.76,3.1,39.0,0.26,15.2,49.6,151.6,0.9979,1,ISRO NRSC Landslide Atlas 2023 & NASA SRTM 30m DEM
Uttarakhand,Pithoragarh,10,Northwest Himalayas,Slate & Dolomite,1881.0,42.4,179.2,14.95,5.07,3.2,99.0,0.35,22.2,115.5,510.7,1.0,1,ISRO NRSC Landslide Atlas 2023 & NASA SRTM 30m DEM
Uttarakhand,Pithoragarh,10,Northwest Himalayas,Slate & Dolomite,1923.0,47.9,296.0,15.46,4.0,0.3,77.2,0.34,55.1,163.8,388.5,1.0,1,ISRO NRSC Landslide Atlas 2023 & NASA SRTM 30m DEM
Uttarakhand,Pithoragarh,10,Northwest Himalayas,Slate & Dolomite,1611.0,52.8,36.9,18.35,3.54,2.9,21.4,0.35,0.7,2.4,8.3,0.9699,1,ISRO NRSC Landslide Atlas 2023 & NASA SRTM 30m DEM
Uttarakhand,Pithoragarh,10,Northwest Himalayas,Slate & Dolomite,1557.0,47.8,142.1,15.21,4.8,1.8,68.8,0.57,22.1,140.6,343.6,1.0,1,ISRO NRSC Landslide Atlas 2023 & NASA SRTM 30m DEM
Uttarakhand,Pithoragarh,10,Northwest Himalayas,Slate & Dolomite,1848.0,50.2,343.9,16.63,5.18,3.9,27.8,0.8,1.5,6.6,21.1,0.9432,1,ISRO NRSC Landslide Atlas 2023 & NASA SRTM 30m DEM
Uttarakhand,Pithoragarh,10,Northwest Himalayas,Slate & Dolomite,1773.0,45.8,135.2,15.54,4.78,2.1,32.6,0.29,5.2,33.6,105.1,0.9879,1,ISRO NRSC Landslide Atlas 2023 & NASA SRTM 30m DEM
Uttarakhand,Pithoragarh,10,Northwest Himalayas,Slate & Dolomite,1677.0,45.2,66.4,16.89,4.0,2.3,77.0,0.29,17.1,108.7,377.2,0.9999,1,ISRO NRSC Landslide Atlas 2023 & NASA SRTM 30m DEM
Uttarakhand,Pithoragarh,10,Northwest Himalayas,Slate & Dolomite,1899.0,41.4,27.2,14.71,4.98,2.2,60.5,0.45,24.1,80.4,277.8,0.9994,1,ISRO NRSC Landslide Atlas 2023 & NASA SRTM 30m DEM
Uttarakhand,Pithoragarh,10,Northwest Himalayas,Slate & Dolomite,1539.0,39.3,217.6,14.04,5.25,2.0,76.9,0.57,31.0,88.7,359.5,0.9998,1,ISRO NRSC Landslide Atlas 2023 & NASA SRTM 30m DEM
Uttarakhand,Pithoragarh,10,Northwest Himalayas,Slate & Dolomite,1415.0,41.3,31.2,13.54,5.15,2.4,26.7,0.85,3.2,11.5,48.3,0.839,1,ISRO NRSC Landslide Atlas 2023 & NASA SRTM 30m DEM
Uttarakhand,Pithoragarh,10,Northwest Himalayas,Slate & Dolomite,1955.0,31.4,123.5,11.98,4.73,2.7,25.0,0.83,5.0,19.9,51.8,0.6636,1,ISRO NRSC Landslide Atlas 2023 & NASA SRTM 30m DEM
Uttarakhand,Pithoragarh,10,Northwest Himalayas,Slate & Dolomite,1964.0,40.2,215.2,13.49,4.56,3.3,38.2,0.21,12.4,44.9,105.7,0.9875,1,ISRO NRSC Landslide Atlas 2023 & NASA SRTM 30m DEM
Uttarakhand,Pithoragarh,10,Northwest Himalayas,Slate & Dolomite,1726.0,44.0,157.4,15.84,4.33,2.0,25.0,0.3,2.7,12.6,46.9,0.9522,1,ISRO NRSC Landslide Atlas 2023 & NASA SRTM 30m DEM
Uttarakhand,Pithoragarh,10,Northwest Himalayas,Slate & Dolomite,1623.0,43.1,264.4,15.81,6.12,2.4,21.7,0.43,1.4,4.6,13.1,0.9125,1,ISRO NRSC Landslide Atlas 2023 & NASA SRTM 30m DEM
Uttarakhand,Pithoragarh,10,Northwest Himalayas,Slate & Dolomite,1860.0,47.6,211.7,15.34,4.87,1.7,41.1,0.24,13.6,46.9,116.4,0.9966,1,ISRO NRSC Landslide Atlas 2023 & NASA SRTM 30m DEM
Uttarakhand,Pithoragarh,10,Northwest Himalayas,Slate & Dolomite,1663.0,53.9,308.0,18.42,3.5,3.0,27.8,0.73,3.7,11.5,25.5,0.9758,1,ISRO NRSC Landslide Atlas 2023 & NASA SRTM 30m DEM
Uttarakhand,Pithoragarh,10,Northwest Himalayas,Slate & Dolomite,1843.0,46.0,114.8,15.08,4.08,1.7,49.2,0.51,15.0,48.7,214.2,0.9971,1,ISRO NRSC Landslide Atlas 2023 & NASA SRTM 30m DEM
Uttarakhand,Pithoragarh,10,Northwest Himalayas,Slate & Dolomite,1681.0,36.7,288.0,12.29,4.53,3.2,40.9,0.38,5.0,28.9,106.4,0.9425,1,ISRO NRSC Landslide Atlas 2023 & NASA SRTM 30m DEM
Uttarakhand,Pithoragarh,10,Northwest Himalayas,Slate & Dolomite,1544.0,41.8,121.3,13.27,5.14,1.8,33.5,0.76,7.2,26.8,79.4,0.9394,1,ISRO NRSC Landslide Atlas 2023 & NASA SRTM 30m DEM
Uttarakhand,Pithoragarh,10,Northwest Himalayas,Slate & Dolomite,2029.0,52.7,68.0,17.41,4.22,3.6,30.6,0.25,3.6,11.3,47.8,0.9871,1,ISRO NRSC Landslide Atlas 2023 & NASA SRTM 30m DEM
Uttarakhand,Pithoragarh,10,Northwest Himalayas,Slate & Dolomite,2067.0,34.6,325.1,12.4,4.29,1.6,28.3,0.84,4.5,14.5,31.2,0.6871,1,ISRO NRSC Landslide Atlas 2023 & NASA SRTM 30m DEM
Uttarakhand,Pithoragarh,10,Northwest Himalayas,Slate & Dolomite,2031.0,45.6,201.0,14.8,4.84,2.3,99.0,0.71,58.7,209.6,624.5,1.0,1,ISRO NRSC Landslide Atlas 2023 & NASA SRTM 30m DEM
Uttarakhand,Pithoragarh,10,Northwest Himalayas,Slate & Dolomite,1779.0,45.1,49.8,15.7,4.64,3.6,26.0,0.35,11.7,34.7,72.4,0.9864,1,ISRO NRSC Landslide Atlas 2023 & NASA SRTM 30m DEM
Uttarakhand,Pithoragarh,10,Northwest Himalayas,Slate & Dolomite,1815.0,34.5,136.3,12.14,5.01,2.1,24.8,0.66,0.7,3.1,12.3,0.5904,1,ISRO NRSC Landslide Atlas 2023 & NASA SRTM 30m DEM
Uttarakhand,Pithoragarh,10,Northwest Himalayas,Slate & Dolomite,1635.0,46.2,30.4,14.89,5.12,3.2,37.0,0.59,7.3,24.6,93.6,0.9783,1,ISRO NRSC Landslide Atlas 2023 & NASA SRTM 30m DEM
Uttarakhand,Pithoragarh,10,Northwest Himalayas,Slate & Dolomite,1679.0,46.9,105.4,16.15,4.49,4.2,33.2,0.61,19.7,56.4,143.5,0.9968,1,ISRO NRSC Landslide Atlas 2023 & NASA SRTM 30m DEM
Uttarakhand,Pithoragarh,10,Northwest Himalayas,Slate & Dolomite,1604.0,41.3,349.8,13.35,4.47,1.6,99.0,0.58,52.3,170.3,546.5,1.0,1,ISRO NRSC Landslide Atlas 2023 & NASA SRTM 30m DEM
Uttarakhand,Pithoragarh,10,Northwest Himalayas,Slate & Dolomite,1729.0,38.1,163.5,14.32,4.8,2.0,30.6,0.81,5.7,16.9,70.6,0.8787,1,ISRO NRSC Landslide Atlas 2023 & NASA SRTM 30m DEM
Uttarakhand,Pithoragarh,10,Northwest Himalayas,Slate & Dolomite,1883.0,50.1,340.1,15.03,4.8,3.0,23.4,0.58,2.0,12.9,54.9,0.9566,1,ISRO NRSC Landslide Atlas 2023 & NASA SRTM 30m DEM
Uttarakhand,Pithoragarh,10,Northwest Himalayas,Slate & Dolomite,1950.0,46.4,136.3,13.55,4.92,2.7,42.0,0.56,11.3,50.3,156.5,0.9934,1,ISRO NRSC Landslide Atlas 2023 & NASA SRTM 30m DEM
Uttarakhand,Pithoragarh,10,Northwest Himalayas,Slate & Dolomite,1886.0,44.8,162.1,15.07,5.34,1.7,66.4,0.66,21.7,100.6,336.3,0.9998,1,ISRO NRSC Landslide Atlas 2023 & NASA SRTM 30m DEM
Uttarakhand,Pithoragarh,10,Northwest Himalayas,Slate & Dolomite,1690.0,39.5,195.4,14.17,4.65,1.8,51.8,0.24,11.5,54.7,234.7,0.9965,1,ISRO NRSC Landslide Atlas 2023 & NASA SRTM 30m DEM
Uttarakhand,Pithoragarh,10,Northwest Himalayas,Slate & Dolomite,1783.0,43.9,64.5,15.15,4.91,2.9,82.0,0.77,31.9,142.7,381.5,1.0,1,ISRO NRSC Landslide Atlas 2023 & NASA SRTM 30m DEM
Uttarakhand,Pithoragarh,10,Northwest Himalayas,Slate & Dolomite,1572.0,43.7,42.2,16.04,4.78,3.2,55.0,0.46,18.3,83.8,226.8,0.9993,1,ISRO NRSC Landslide Atlas 2023 & NASA SRTM 30m DEM
Uttarakhand,Pithoragarh,10,Northwest Himalayas,Slate & Dolomite,1776.0,37.2,57.8,11.89,4.51,1.7,90.6,0.79,39.7,115.6,461.2,0.9999,1,ISRO NRSC Landslide Atlas 2023 & NASA SRTM 30m DEM
Uttarakhand,Pithoragarh,10,Northwest Himalayas,Slate & Dolomite,1946.0,40.6,260.0,12.01,4.47,1.5,99.0,0.81,65.5,363.7,1518.9,1.0,1,ISRO NRSC Landslide Atlas 2023 & NASA SRTM 30m DEM
Uttarakhand,Pithoragarh,10,Northwest Himalayas,Slate & Dolomite,1753.0,32.7,356.3,10.95,5.23,1.9,34.1,0.26,4.9,18.6,69.7,0.8517,1,ISRO NRSC Landslide Atlas 2023 & NASA SRTM 30m DEM
Uttarakhand,Pithoragarh,10,Northwest Himalayas,Slate & Dolomite,1670.0,39.2,341.6,12.53,5.32,3.3,51.1,0.21,27.7,87.9,271.0,0.9994,1,ISRO NRSC Landslide Atlas 2023 & NASA SRTM 30m DEM
Uttarakhand,Pithoragarh,10,Northwest Himalayas,Slate & Dolomite,1698.0,41.6,117.2,16.14,4.95,2.1,43.8,0.59,18.1,52.9,139.5,0.9951,1,ISRO NRSC Landslide Atlas 2023 & NASA SRTM 30m DEM
Uttarakhand,Pithoragarh,10,Northwest Himalayas,Slate & Dolomite,1665.0,44.2,303.2,17.6,4.21,3.0,15.0,0.52,1.4,7.0,18.5,0.9166,1,ISRO NRSC Landslide Atlas 2023 & NASA SRTM 30m DEM
Uttarakhand,Pithoragarh,10,Northwest Himalayas,Slate & Dolomite,1841.0,49.8,257.6,17.17,4.48,2.2,73.4,0.39,24.4,78.2,328.7,0.9999,1,ISRO NRSC Landslide Atlas 2023 & NASA SRTM 30m DEM
Uttarakhand,Pithoragarh,10,Northwest Himalayas,Slate & Dolomite,1707.0,41.3,92.3,13.63,5.53,0.6,99.0,0.5,103.0,465.0,1449.8,1.0,1,ISRO NRSC Landslide Atlas 2023 & NASA SRTM 30m DEM
Uttarakhand,Pithoragarh,10,Northwest Himalayas,Slate & Dolomite,1545.0,44.0,213.9,15.81,5.05,2.7,25.9,0.23,3.4,16.0,40.3,0.9636,1,ISRO NRSC Landslide Atlas 2023 & NASA SRTM 30m DEM
Uttarakhand,Pithoragarh,10,Northwest Himalayas,Slate & Dolomite,1581.0,47.9,314.6,16.64,3.91,3.9,45.4,0.48,11.9,42.7,137.0,0.9959,1,ISRO NRSC Landslide Atlas 2023 & NASA SRTM 30m DEM
Uttarakhand,Pithoragarh,10,Northwest Himalayas,Slate & Dolomite,1780.0,36.6,257.5,13.68,5.64,2.6,99.0,0.82,103.9,360.1,761.6,1.0,1,ISRO NRSC Landslide Atlas 2023 & NASA SRTM 30m DEM
Uttarakhand,Pithoragarh,10,Northwest Himalayas,Slate & Dolomite,1737.0,44.3,299.2,15.97,5.08,3.0,55.0,0.23,45.6,131.9,272.5,1.0,1,ISRO NRSC Landslide Atlas 2023 & NASA SRTM 30m DEM
Uttarakhand,Pithoragarh,10,Northwest Himalayas,Slate & Dolomite,1536.0,49.8,292.1,16.74,4.52,1.7,80.4,0.81,37.8,143.2,430.5,1.0,1,ISRO NRSC Landslide Atlas 2023 & NASA SRTM 30m DEM
Uttarakhand,Pithoragarh,10,Northwest Himalayas,Slate & Dolomite,1795.0,41.9,95.3,16.3,4.11,1.6,39.1,0.36,7.7,33.3,92.1,0.9846,1,ISRO NRSC Landslide Atlas 2023 & NASA SRTM 30m DEM
Uttarakhand,Pithoragarh,10,Northwest Himalayas,Slate & Dolomite,1835.0,44.5,180.9,15.51,4.05,1.8,39.7,0.85,9.0,34.7,141.5,0.9815,1,ISRO NRSC Landslide Atlas 2023 & NASA SRTM 30m DEM
Uttarakhand,Pithoragarh,10,Northwest Himalayas,Slate & Dolomite,1668.0,49.3,349.7,18.51,4.76,1.8,43.3,0.52,5.3,33.9,150.2,0.9957,1,ISRO NRSC Landslide Atlas 2023 & NASA SRTM 30m DEM
Uttarakhand,Pithoragarh,10,Northwest Himalayas,Slate & Dolomite,1743.0,34.2,226.9,11.22,4.95,3.0,99.0,0.22,64.0,200.9,635.9,1.0,1,ISRO NRSC Landslide Atlas 2023 & NASA SRTM 30m DEM
Uttarakhand,Pithoragarh,10,Northwest Himalayas,Slate & Dolomite,1720.0,34.7,276.7,12.75,5.12,2.8,58.0,0.71,13.7,73.7,206.3,0.9928,1,ISRO NRSC Landslide Atlas 2023 & NASA SRTM 30m DEM
Uttarakhand,Pithoragarh,10,Northwest Himalayas,Slate & Dolomite,1830.0,46.1,124.8,14.36,4.84,2.6,22.9,0.25,0.4,1.7,5.8,0.9135,1,ISRO NRSC Landslide Atlas 2023 & NASA SRTM 30m DEM
Uttarakhand,Pithoragarh,10,Northwest Himalayas,Slate & Dolomite,1829.0,49.1,180.7,15.91,4.86,3.0,29.2,0.5,8.1,23.7,79.4,0.9844,1,ISRO NRSC Landslide Atlas 2023 & NASA SRTM 30m DEM
Uttarakhand,Pithoragarh,10,Northwest Himalayas,Slate & Dolomite,1515.0,43.9,325.1,15.74,4.84,2.0,25.7,0.41,3.5,15.3,61.3,0.9559,1,ISRO NRSC Landslide Atlas 2023 & NASA SRTM 30m DEM
Uttarakhand,Pithoragarh,10,Northwest Himalayas,Slate & Dolomite,1586.0,37.0,329.8,13.43,3.96,3.1,30.7,0.34,4.6,18.3,52.0,0.8978,1,ISRO NRSC Landslide Atlas 2023 & NASA SRTM 30m DEM
Uttarakhand,Pithoragarh,10,Northwest Himalayas,Slate & Dolomite,1677.0,53.5,295.1,19.28,4.3,2.5,39.3,0.83,7.4,32.4,132.8,0.9955,1,ISRO NRSC Landslide Atlas 2023 & NASA SRTM 30m DEM
Uttarakhand,Pithoragarh,10,Northwest Himalayas,Slate & Dolomite,1928.0,49.8,217.1,16.12,4.3,1.8,39.6,0.64,7.5,34.9,142.4,0.9924,1,ISRO NRSC Landslide Atlas 2023 & NASA SRTM 30m DEM
Uttarakhand,Pithoragarh,10,Northwest Himalayas,Slate & Dolomite,1792.0,36.9,96.4,11.94,5.28,0.9,36.7,0.77,9.4,41.8,87.5,0.9351,1,ISRO NRSC Landslide Atlas 2023 & NASA SRTM 30m DEM
Uttarakhand,Pithoragarh,10,Northwest Himalayas,Slate & Dolomite,1494.0,45.4,288.6,15.37,4.73,1.7,23.0,0.69,1.0,6.1,26.1,0.891,1,ISRO NRSC Landslide Atlas 2023 & NASA SRTM 30m DEM
Uttarakhand,Pithoragarh,10,Northwest Himalayas,Slate & Dolomite,1737.0,50.8,246.0,18.08,3.96,2.9,35.0,0.22,8.6,32.7,90.1,0.9958,1,ISRO NRSC Landslide Atlas 2023 & NASA SRTM 30m DEM
Uttarakhand,Pithoragarh,10,Northwest Himalayas,Slate & Dolomite,1876.0,41.9,148.3,16.04,3.67,2.1,43.9,0.82,10.7,54.9,177.2,0.9915,1,ISRO NRSC Landslide Atlas 2023 & NASA SRTM 30m DEM
Uttarakhand,Pithoragarh,10,Northwest Himalayas,Slate & Dolomite,2042.0,40.1,211.1,16.52,4.81,1.5,35.3,0.75,2.4,12.3,44.2,0.9099,1,ISRO NRSC Landslide Atlas 2023 & NASA SRTM 30m DEM
Uttarakhand,Pithoragarh,10,Northwest Himalayas,Slate & Dolomite,1723.0,51.1,35.7,17.81,4.43,2.0,18.5,0.74,1.6,7.0,17.8,0.9486,1,ISRO NRSC Landslide Atlas 2023 & NASA SRTM 30m DEM
Uttarakhand,Pithoragarh,10,Northwest Himalayas,Slate & Dolomite,1663.0,43.0,357.9,12.75,5.27,1.6,61.9,0.47,21.4,73.8,300.0,0.9992,1,ISRO NRSC Landslide Atlas 2023 & NASA SRTM 30m DEM
Uttarakhand,Pithoragarh,10,Northwest Himalayas,Slate & Dolomite,1935.0,44.5,118.5,16.07,5.1,1.5,47.1,0.27,16.9,64.4,212.1,0.9989,1,ISRO NRSC Landslide Atlas 2023 & NASA SRTM 30m DEM
Uttarakhand,Pithoragarh,10,Northwest Himalayas,Slate & Dolomite,1683.0,38.8,212.8,13.57,4.66,3.2,34.9,0.68,2.4,8.4,36.7,0.8288,1,ISRO NRSC Landslide Atlas 2023 & NASA SRTM 30m DEM
Uttarakhand,Pithoragarh,10,Northwest Himalayas,Slate & Dolomite,1650.0,45.9,283.8,16.96,4.69,4.3,58.3,0.6,15.5,92.2,217.3,0.9995,1,ISRO NRSC Landslide Atlas 2023 & NASA SRTM 30m DEM
Uttarakhand,Pithoragarh,10,Northwest Himalayas,Slate & Dolomite,1520.0,41.8,100.4,14.76,6.12,2.2,48.2,0.74,13.0,49.6,126.5,0.9907,1,ISRO NRSC Landslide Atlas 2023 & NASA SRTM 30m DEM
Uttarakhand,Pithoragarh,10,Northwest Himalayas,Slate & Dolomite,1895.0,44.4,280.8,16.51,5.11,2.8,23.0,0.64,0.2,1.1,3.5,0.8812,1,ISRO NRSC Landslide Atlas 2023 & NASA SRTM 30m DEM
Uttarakhand,Pithoragarh,10,Northwest Himalayas,Slate & Dolomite,1706.0,45.6,285.6,16.63,5.24,2.8,36.6,0.83,7.8,39.1,105.2,0.9856,1,ISRO NRSC Landslide Atlas 2023 & NASA SRTM 30m DEM
Uttarakhand,Pithoragarh,10,Northwest Himalayas,Slate & Dolomite,1838.0,42.1,284.1,14.56,4.18,0.7,28.9,0.64,12.6,42.0,100.1,0.978,1,ISRO NRSC Landslide Atlas 2023 & NASA SRTM 30m DEM
Uttarakhand,Pithoragarh,10,Northwest Himalayas,Slate & Dolomite,1727.0,58.3,109.8,21.32,4.26,2.5,22.7,0.47,7.4,28.0,61.5,0.9972,1,ISRO NRSC Landslide Atlas 2023 & NASA SRTM 30m DEM
Uttarakhand,Pithoragarh,10,Northwest Himalayas,Slate & Dolomite,1483.0,41.9,238.6,13.79,5.13,3.9,30.3,0.55,4.0,14.0,60.9,0.92,1,ISRO NRSC Landslide Atlas 2023 & NASA SRTM 30m DEM
Uttarakhand,Pithoragarh,10,Northwest Himalayas,Slate & Dolomite,1588.0,30.6,174.2,11.27,4.78,1.7,99.0,0.44,40.4,188.7,727.7,1.0,1,ISRO NRSC Landslide Atlas 2023 & NASA SRTM 30m DEM
Uttarakhand,Pithoragarh,10,Northwest Himalayas,Slate & Dolomite,1631.0,56.0,178.7,19.81,4.31,2.8,91.3,0.66,21.4,135.9,481.1,1.0,1,ISRO NRSC Landslide Atlas 2023 & NASA SRTM 30m DEM
Uttarakhand,Pithoragarh,10,Northwest Himalayas,Slate & Dolomite,1603.0,43.6,136.1,17.3,3.5,2.5,25.2,0.24,0.7,2.3,8.5,0.9308,1,ISRO NRSC Landslide Atlas 2023 & NASA SRTM 30m DEM
Uttarakhand,Pithoragarh,10,Northwest Himalayas,Slate & Dolomite,1743.0,45.3,163.7,15.58,4.88,2.0,99.0,0.78,42.4,170.5,617.5,1.0,1,ISRO NRSC Landslide Atlas 2023 & NASA SRTM 30m DEM
Uttarakhand,Pithoragarh,10,Northwest Himalayas,Slate & Dolomite,1901.0,44.2,84.3,17.26,4.45,2.9,19.0,0.47,4.5,16.7,45.2,0.957,1,ISRO NRSC Landslide Atlas 2023 & NASA SRTM 30m DEM
Uttarakhand,Pithoragarh,10,Northwest Himalayas,Slate & Dolomite,1550.0,42.9,294.7,15.13,4.36,2.4,56.5,0.8,12.8,53.3,203.7,0.9949,1,ISRO NRSC Landslide Atlas 2023 & NASA SRTM 30m DEM
Kerala,Wayanad,13,Western Ghats,Charnockite & Gneiss,1043.0,37.3,246.7,13.59,4.29,3.7,50.8,0.56,22.0,74.2,160.0,0.9962,1,ISRO NRSC Landslide Atlas 2023 & NASA SRTM 30m DEM
Kerala,Wayanad,13,Western Ghats,Charnockite & Gneiss,878.0,26.0,255.5,9.12,5.84,1.0,71.9,0.64,37.8,144.5,385.0,0.9997,1,ISRO NRSC Landslide Atlas 2023 & NASA SRTM 30m DEM
Kerala,Wayanad,13,Western Ghats,Charnockite & Gneiss,969.0,33.3,157.6,9.11,4.53,3.8,99.0,0.82,53.9,171.0,636.3,1.0,1,ISRO NRSC Landslide Atlas 2023 & NASA SRTM 30m DEM
Kerala,Wayanad,13,Western Ghats,Charnockite & Gneiss,933.0,39.0,80.4,14.04,4.35,3.6,35.3,0.78,10.2,34.5,99.5,0.9575,1,ISRO NRSC Landslide Atlas 2023 & NASA SRTM 30m DEM
Kerala,Wayanad,13,Western Ghats,Charnockite & Gneiss,850.0,36.1,82.9,14.09,5.33,3.1,28.9,0.32,4.1,16.2,55.3,0.9152,1,ISRO NRSC Landslide Atlas 2023 & NASA SRTM 30m DEM
Kerala,Wayanad,13,Western Ghats,Charnockite & Gneiss,993.0,35.4,181.4,11.57,5.0,3.5,21.1,0.33,4.5,14.8,36.5,0.8197,1,ISRO NRSC Landslide Atlas 2023 & NASA SRTM 30m DEM
Kerala,Wayanad,13,Western Ghats,Charnockite & Gneiss,1161.0,36.9,80.9,12.46,4.26,3.1,32.3,0.22,13.6,43.7,96.4,0.9773,1,ISRO NRSC Landslide Atlas 2023 & NASA SRTM 30m DEM
Kerala,Wayanad,13,Western Ghats,Charnockite & Gneiss,972.0,38.1,39.0,11.68,5.8,3.2,43.4,0.56,10.4,39.9,117.7,0.9711,1,ISRO NRSC Landslide Atlas 2023 & NASA SRTM 30m DEM
Kerala,Wayanad,13,Western Ghats,Charnockite & Gneiss,1056.0,32.6,218.5,10.93,5.4,2.2,61.9,0.65,33.3,110.8,287.1,0.9993,1,ISRO NRSC Landslide Atlas 2023 & NASA SRTM 30m DEM
Kerala,Wayanad,13,Western Ghats,Charnockite & Gneiss,1293.0,39.7,49.2,13.55,5.37,2.5,58.2,0.48,17.6,78.2,241.4,0.9986,1,ISRO NRSC Landslide Atlas 2023 & NASA SRTM 30m DEM
Kerala,Wayanad,13,Western Ghats,Charnockite & Gneiss,689.0,24.3,257.4,7.03,5.41,1.8,29.9,0.34,3.4,21.7,78.7,0.5487,1,ISRO NRSC Landslide Atlas 2023 & NASA SRTM 30m DEM
Kerala,Wayanad,13,Western Ghats,Charnockite & Gneiss,1110.0,40.0,146.7,12.76,4.47,1.3,29.3,0.56,4.1,17.9,80.4,0.9086,1,ISRO NRSC Landslide Atlas 2023 & NASA SRTM 30m DEM
Kerala,Wayanad,13,Western Ghats,Charnockite & Gneiss,1097.0,38.5,312.4,13.68,4.31,2.7,34.8,0.73,7.0,21.0,66.9,0.911,1,ISRO NRSC Landslide Atlas 2023 & NASA SRTM 30m DEM
Kerala,Wayanad,13,Western Ghats,Charnockite & Gneiss,913.0,41.5,14.6,13.34,5.36,2.5,38.7,0.23,18.1,64.8,131.8,0.9965,1,ISRO NRSC Landslide Atlas 2023 & NASA SRTM 30m DEM
Kerala,Wayanad,13,Western Ghats,Charnockite & Gneiss,1125.0,25.0,351.3,8.2,5.97,2.0,31.3,0.61,7.2,35.9,122.5,0.7359,1,ISRO NRSC Landslide Atlas 2023 & NASA SRTM 30m DEM
Kerala,Wayanad,13,Western Ghats,Charnockite & Gneiss,847.0,31.6,236.4,10.65,5.7,2.7,46.8,0.4,16.7,52.2,184.6,0.9824,1,ISRO NRSC Landslide Atlas 2023 & NASA SRTM 30m DEM
Kerala,Wayanad,13,Western Ghats,Charnockite & Gneiss,821.0,37.5,140.5,14.92,5.49,1.9,56.9,0.62,17.8,61.4,260.5,0.9975,1,ISRO NRSC Landslide Atlas 2023 & NASA SRTM 30m DEM
Kerala,Wayanad,13,Western Ghats,Charnockite & Gneiss,860.0,39.4,133.5,13.45,4.35,3.0,40.6,0.85,5.4,24.9,107.8,0.9306,1,ISRO NRSC Landslide Atlas 2023 & NASA SRTM 30m DEM
Kerala,Wayanad,13,Western Ghats,Charnockite & Gneiss,854.0,34.3,200.1,12.23,4.86,2.4,36.2,0.49,6.2,33.6,136.6,0.9425,1,ISRO NRSC Landslide Atlas 2023 & NASA SRTM 30m DEM
Kerala,Wayanad,13,Western Ghats,Charnockite & Gneiss,1007.0,38.6,194.2,13.11,4.27,3.1,30.8,0.47,7.2,32.5,66.0,0.9452,1,ISRO NRSC Landslide Atlas 2023 & NASA SRTM 30m DEM
Kerala,Wayanad,13,Western Ghats,Charnockite & Gneiss,842.0,34.7,151.1,11.95,3.81,1.1,24.9,0.3,2.2,9.5,30.6,0.7701,1,ISRO NRSC Landslide Atlas 2023 & NASA SRTM 30m DEM
Kerala,Wayanad,13,Western Ghats,Charnockite & Gneiss,958.0,32.5,217.3,13.87,5.03,0.5,32.7,0.76,11.8,37.3,99.2,0.9333,1,ISRO NRSC Landslide Atlas 2023 & NASA SRTM 30m DEM
Kerala,Wayanad,13,Western Ghats,Charnockite & Gneiss,558.0,34.6,245.7,13.47,5.67,4.6,22.6,0.81,1.9,9.5,30.0,0.7055,1,ISRO NRSC Landslide Atlas 2023 & NASA SRTM 30m DEM
Kerala,Wayanad,13,Western Ghats,Charnockite & Gneiss,1027.0,32.9,216.3,12.01,5.38,2.4,66.5,0.24,34.1,98.4,258.3,0.9995,1,ISRO NRSC Landslide Atlas 2023 & NASA SRTM 30m DEM
Kerala,Wayanad,13,Western Ghats,Charnockite & Gneiss,891.0,29.4,193.2,11.31,5.06,2.4,23.7,0.59,0.8,2.2,7.3,0.4618,0,ISRO NRSC Landslide Atlas 2023 & NASA SRTM 30m DEM
Kerala,Wayanad,13,Western Ghats,Charnockite & Gneiss,907.0,39.6,210.7,13.92,4.5,2.7,31.2,0.77,12.7,37.9,87.2,0.9626,1,ISRO NRSC Landslide Atlas 2023 & NASA SRTM 30m DEM
Kerala,Wayanad,13,Western Ghats,Charnockite & Gneiss,807.0,40.7,301.5,14.03,5.05,3.5,41.0,0.44,19.5,55.9,112.8,0.9941,1,ISRO NRSC Landslide Atlas 2023 & NASA SRTM 30m DEM
Kerala,Wayanad,13,Western Ghats,Charnockite & Gneiss,856.0,35.6,345.6,11.51,5.01,3.2,41.0,0.77,10.8,33.9,97.2,0.9262,1,ISRO NRSC Landslide Atlas 2023 & NASA SRTM 30m DEM
Kerala,Wayanad,13,Western Ghats,Charnockite & Gneiss,1016.0,23.8,347.3,9.24,6.22,2.1,28.9,0.44,2.3,14.2,51.6,0.5096,1,ISRO NRSC Landslide Atlas 2023 & NASA SRTM 30m DEM
Kerala,Wayanad,13,Western Ghats,Charnockite & Gneiss,880.0,33.8,215.1,10.18,4.87,4.0,49.3,0.48,10.3,40.0,174.5,0.9638,1,ISRO NRSC Landslide Atlas 2023 & NASA SRTM 30m DEM
Kerala,Wayanad,13,Western Ghats,Charnockite & Gneiss,917.0,31.8,234.1,10.36,5.14,3.4,60.2,0.42,10.3,61.2,263.8,0.9898,1,ISRO NRSC Landslide Atlas 2023 & NASA SRTM 30m DEM
Kerala,Wayanad,13,Western Ghats,Charnockite & Gneiss,907.0,28.2,188.8,6.29,5.85,2.6,91.5,0.49,38.3,141.6,472.9,0.9999,1,ISRO NRSC Landslide Atlas 2023 & NASA SRTM 30m DEM
Kerala,Wayanad,13,Western Ghats,Charnockite & Gneiss,880.0,30.9,252.2,10.0,5.04,3.1,99.0,0.66,54.9,198.6,589.1,1.0,1,ISRO NRSC Landslide Atlas 2023 & NASA SRTM 30m DEM
Kerala,Wayanad,13,Western Ghats,Charnockite & Gneiss,965.0,28.1,281.3,9.88,5.12,1.9,89.5,0.4,27.0,110.4,413.8,0.9996,1,ISRO NRSC Landslide Atlas 2023 & NASA SRTM 30m DEM
Kerala,Wayanad,13,Western Ghats,Charnockite & Gneiss,970.0,33.7,60.1,10.54,5.02,2.7,35.6,0.45,7.8,43.1,138.0,0.9456,1,ISRO NRSC Landslide Atlas 2023 & NASA SRTM 30m DEM
Kerala,Wayanad,13,Western Ghats,Charnockite & Gneiss,1185.0,35.0,110.3,13.37,4.77,2.0,47.4,0.33,15.9,58.1,190.5,0.9935,1,ISRO NRSC Landslide Atlas 2023 & NASA SRTM 30m DEM
Kerala,Wayanad,13,Western Ghats,Charnockite & Gneiss,804.0,35.2,130.5,10.81,5.28,2.9,21.9,0.23,0.5,2.4,8.6,0.6975,1,ISRO NRSC Landslide Atlas 2023 & NASA SRTM 30m DEM
Kerala,Wayanad,13,Western Ghats,Charnockite & Gneiss,835.0,38.9,45.0,14.47,4.54,3.1,84.4,0.28,31.0,118.2,508.3,1.0,1,ISRO NRSC Landslide Atlas 2023 & NASA SRTM 30m DEM
Kerala,Wayanad,13,Western Ghats,Charnockite & Gneiss,941.0,30.0,189.3,9.36,4.79,3.0,40.9,0.36,10.7,44.1,134.7,0.9338,1,ISRO NRSC Landslide Atlas 2023 & NASA SRTM 30m DEM
Kerala,Wayanad,13,Western Ghats,Charnockite & Gneiss,851.0,36.3,150.6,13.97,4.33,1.9,47.0,0.62,9.0,44.6,123.0,0.9752,1,ISRO NRSC Landslide Atlas 2023 & NASA SRTM 30m DEM
Kerala,Wayanad,13,Western Ghats,Charnockite & Gneiss,1003.0,36.9,157.0,15.05,4.27,2.3,99.0,0.33,61.4,182.9,564.1,1.0,1,ISRO NRSC Landslide Atlas 2023 & NASA SRTM 30m DEM
Kerala,Wayanad,13,Western Ghats,Charnockite & Gneiss,976.0,28.4,223.2,11.31,5.44,2.6,72.8,0.58,20.1,100.1,425.5,0.9991,1,ISRO NRSC Landslide Atlas 2023 & NASA SRTM 30m DEM
Kerala,Wayanad,13,Western Ghats,Charnockite & Gneiss,1064.0,32.8,4.2,11.93,5.42,2.3,48.8,0.5,13.7,72.1,212.6,0.992,1,ISRO NRSC Landslide Atlas 2023 & NASA SRTM 30m DEM
Kerala,Wayanad,13,Western Ghats,Charnockite & Gneiss,846.0,42.9,58.2,14.25,5.13,2.3,79.1,0.83,30.9,110.0,387.2,0.9999,1,ISRO NRSC Landslide Atlas 2023 & NASA SRTM 30m DEM
Kerala,Wayanad,13,Western Ghats,Charnockite & Gneiss,890.0,37.6,83.3,12.4,4.5,3.0,15.0,0.54,2.7,8.9,19.9,0.7398,1,ISRO NRSC Landslide Atlas 2023 & NASA SRTM 30m DEM
Kerala,Wayanad,13,Western Ghats,Charnockite & Gneiss,986.0,32.3,129.0,10.52,5.25,3.4,25.4,0.6,1.5,7.5,18.1,0.5712,1,ISRO NRSC Landslide Atlas 2023 & NASA SRTM 30m DEM
Kerala,Wayanad,13,Western Ghats,Charnockite & Gneiss,619.0,34.3,233.1,11.21,5.65,3.3,49.6,0.3,19.7,72.1,211.0,0.9958,1,ISRO NRSC Landslide Atlas 2023 & NASA SRTM 30m DEM
Kerala,Wayanad,13,Western Ghats,Charnockite & Gneiss,811.0,23.1,50.8,9.14,5.28,1.3,29.6,0.67,5.9,18.0,71.8,0.4851,0,ISRO NRSC Landslide Atlas 2023 & NASA SRTM 30m DEM
Kerala,Wayanad,13,Western Ghats,Charnockite & Gneiss,1045.0,26.4,184.2,9.46,5.49,2.6,40.4,0.46,14.1,73.7,149.4,0.9653,1,ISRO NRSC Landslide Atlas 2023 & NASA SRTM 30m DEM
Kerala,Wayanad,13,Western Ghats,Charnockite & Gneiss,1201.0,33.2,157.7,12.06,5.38,2.9,65.2,0.62,30.2,147.9,313.7,0.9998,1,ISRO NRSC Landslide Atlas 2023 & NASA SRTM 30m DEM
Kerala,Wayanad,13,Western Ghats,Charnockite & Gneiss,1172.0,26.2,101.5,10.55,5.35,1.6,31.1,0.34,4.3,22.2,77.6,0.7477,1,ISRO NRSC Landslide Atlas 2023 & NASA SRTM 30m DEM
Kerala,Wayanad,13,Western Ghats,Charnockite & Gneiss,801.0,35.0,328.1,12.92,5.84,3.9,21.7,0.8,1.6,10.2,31.1,0.6984,1,ISRO NRSC Landslide Atlas 2023 & NASA SRTM 30m DEM
Kerala,Wayanad,13,Western Ghats,Charnockite & Gneiss,884.0,32.1,213.8,10.28,4.71,1.6,21.9,0.35,2.3,14.8,37.3,0.6913,1,ISRO NRSC Landslide Atlas 2023 & NASA SRTM 30m DEM
Kerala,Wayanad,13,Western Ghats,Charnockite & Gneiss,587.0,32.7,226.2,12.04,4.48,3.1,38.0,0.37,18.9,74.0,177.3,0.9918,1,ISRO NRSC Landslide Atlas 2023 & NASA SRTM 30m DEM
Kerala,Wayanad,13,Western Ghats,Charnockite & Gneiss,1110.0,29.1,52.1,9.71,4.61,1.4,41.7,0.44,9.8,42.2,133.7,0.9167,1,ISRO NRSC Landslide Atlas 2023 & NASA SRTM 30m DEM
Kerala,Wayanad,13,Western Ghats,Charnockite & Gneiss,923.0,37.4,185.0,13.26,5.91,3.2,31.2,0.71,8.0,26.8,60.6,0.9201,1,ISRO NRSC Landslide Atlas 2023 & NASA SRTM 30m DEM
Kerala,Wayanad,13,Western Ghats,Charnockite & Gneiss,816.0,36.8,279.7,12.27,5.61,3.1,87.3,0.51,14.1,88.8,387.5,0.9995,1,ISRO NRSC Landslide Atlas 2023 & NASA SRTM 30m DEM
Kerala,Wayanad,13,Western Ghats,Charnockite & Gneiss,1007.0,35.3,188.7,11.64,5.22,2.3,99.0,0.22,43.1,158.0,660.6,1.0,1,ISRO NRSC Landslide Atlas 2023 & NASA SRTM 30m DEM
Kerala,Wayanad,13,Western Ghats,Charnockite & Gneiss,1195.0,29.6,213.9,11.89,4.71,1.6,65.4,0.45,21.4,88.7,335.1,0.9983,1,ISRO NRSC Landslide Atlas 2023 & NASA SRTM 30m DEM
Kerala,Wayanad,13,Western Ghats,Charnockite & Gneiss,983.0,37.2,29.4,13.49,5.36,2.5,22.7,0.61,1.8,6.9,18.3,0.7765,1,ISRO NRSC Landslide Atlas 2023 & NASA SRTM 30m DEM
Kerala,Wayanad,13,Western Ghats,Charnockite & Gneiss,1112.0,32.0,302.4,11.48,4.64,3.4,25.0,0.63,1.0,6.1,18.4,0.5617,1,ISRO NRSC Landslide Atlas 2023 & NASA SRTM 30m DEM
Kerala,Wayanad,13,Western Ghats,Charnockite & Gneiss,1169.0,35.0,254.9,11.92,4.47,3.5,50.6,0.57,33.9,100.8,208.4,0.9987,1,ISRO NRSC Landslide Atlas 2023 & NASA SRTM 30m DEM
Kerala,Wayanad,13,Western Ghats,Charnockite & Gneiss,1150.0,40.6,271.7,13.78,3.66,3.1,42.5,0.8,8.7,28.6,80.8,0.9493,1,ISRO NRSC Landslide Atlas 2023 & NASA SRTM 30m DEM
Kerala,Wayanad,13,Western Ghats,Charnockite & Gneiss,1067.0,32.8,190.2,11.55,6.29,2.8,54.1,0.64,15.7,83.7,216.3,0.9946,1,ISRO NRSC Landslide Atlas 2023 & NASA SRTM 30m DEM
Kerala,Wayanad,13,Western Ghats,Charnockite & Gneiss,837.0,34.5,76.0,12.4,6.13,3.6,31.9,0.21,8.7,29.6,78.5,0.9512,1,ISRO NRSC Landslide Atlas 2023 & NASA SRTM 30m DEM
Kerala,Wayanad,13,Western Ghats,Charnockite & Gneiss,1093.0,38.1,295.8,14.45,5.27,2.4,99.0,0.64,48.9,144.3,610.2,1.0,1,ISRO NRSC Landslide Atlas 2023 & NASA SRTM 30m DEM
Kerala,Wayanad,13,Western Ghats,Charnockite & Gneiss,920.0,33.2,154.9,10.56,4.39,3.0,72.8,0.82,16.9,84.5,376.1,0.9975,1,ISRO NRSC Landslide Atlas 2023 & NASA SRTM 30m DEM
Kerala,Wayanad,13,Western Ghats,Charnockite & Gneiss,1104.0,40.4,45.4,13.72,5.1,2.1,55.2,0.46,22.3,83.0,172.3,0.9986,1,ISRO NRSC Landslide Atlas 2023 & NASA SRTM 30m DEM
Kerala,Wayanad,13,Western Ghats,Charnockite & Gneiss,1008.0,43.2,95.0,13.62,4.91,1.2,71.1,0.32,27.5,83.4,336.7,0.9998,1,ISRO NRSC Landslide Atlas 2023 & NASA SRTM 30m DEM
Kerala,Wayanad,13,Western Ghats,Charnockite & Gneiss,1224.0,39.3,67.8,12.9,5.08,2.4,32.5,0.55,8.9,27.2,108.0,0.9554,1,ISRO NRSC Landslide Atlas 2023 & NASA SRTM 30m DEM
Kerala,Wayanad,13,Western Ghats,Charnockite & Gneiss,1034.0,41.7,122.8,14.29,4.3,1.7,62.9,0.31,28.3,160.5,323.4,1.0,1,ISRO NRSC Landslide Atlas 2023 & NASA SRTM 30m DEM
Kerala,Wayanad,13,Western Ghats,Charnockite & Gneiss,1048.0,40.8,90.2,15.53,5.76,2.2,99.0,0.66,27.2,141.0,629.3,1.0,1,ISRO NRSC Landslide Atlas 2023 & NASA SRTM 30m DEM
Kerala,Wayanad,13,Western Ghats,Charnockite & Gneiss,786.0,32.7,158.1,12.05,4.45,2.3,66.6,0.78,21.8,69.9,300.0,0.9961,1,ISRO NRSC Landslide Atlas 2023 & NASA SRTM 30m DEM
Kerala,Wayanad,13,Western Ghats,Charnockite & Gneiss,1041.0,30.1,59.1,11.06,5.17,3.5,40.2,0.2,13.3,40.1,138.8,0.9628,1,ISRO NRSC Landslide Atlas 2023 & NASA SRTM 30m DEM
Kerala,Wayanad,13,Western Ghats,Charnockite & Gneiss,1104.0,36.6,65.0,13.39,4.53,1.4,71.2,0.79,31.4,110.3,335.7,0.9997,1,ISRO NRSC Landslide Atlas 2023 & NASA SRTM 30m DEM
Kerala,Wayanad,13,Western Ghats,Charnockite & Gneiss,741.0,43.9,62.9,14.46,4.37,1.9,31.1,0.36,5.3,17.2,38.0,0.957,1,ISRO NRSC Landslide Atlas 2023 & NASA SRTM 30m DEM
Kerala,Wayanad,13,Western Ghats,Charnockite & Gneiss,906.0,32.8,353.6,13.36,5.45,1.0,43.4,0.72,8.4,32.8,141.8,0.9455,1,ISRO NRSC Landslide Atlas 2023 & NASA SRTM 30m DEM
Kerala,Wayanad,13,Western Ghats,Charnockite & Gneiss,966.0,25.8,311.1,9.81,3.72,1.9,15.3,0.46,2.9,13.9,29.2,0.4124,0,ISRO NRSC Landslide Atlas 2023 & NASA SRTM 30m DEM
Kerala,Wayanad,13,Western Ghats,Charnockite & Gneiss,953.0,35.4,205.6,11.98,4.24,2.3,82.8,0.5,25.7,96.7,427.6,0.9997,1,ISRO NRSC Landslide Atlas 2023 & NASA SRTM 30m DEM
Kerala,Wayanad,13,Western Ghats,Charnockite & Gneiss,1128.0,43.2,91.3,15.04,4.85,2.8,32.4,0.37,7.5,30.7,77.9,0.9806,1,ISRO NRSC Landslide Atlas 2023 & NASA SRTM 30m DEM
Kerala,Wayanad,13,Western Ghats,Charnockite & Gneiss,826.0,38.3,276.4,14.82,4.6,0.7,99.0,0.5,81.0,364.8,1340.8,1.0,1,ISRO NRSC Landslide Atlas 2023 & NASA SRTM 30m DEM
Kerala,Wayanad,13,Western Ghats,Charnockite & Gneiss,974.0,34.6,174.4,11.53,4.67,0.5,67.5,0.41,25.5,110.1,300.9,0.9995,1,ISRO NRSC Landslide Atlas 2023 & NASA SRTM 30m DEM
Kerala,Wayanad,13,Western Ghats,Charnockite & Gneiss,822.0,34.4,56.8,11.41,5.24,1.9,33.0,0.71,22.3,73.1,184.1,0.9893,1,ISRO NRSC Landslide Atlas 2023 & NASA SRTM 30m DEM
Kerala,Wayanad,13,Western Ghats,Charnockite & Gneiss,1073.0,34.3,16.3,10.54,4.5,1.5,23.7,0.56,5.2,18.5,37.7,0.7392,1,ISRO NRSC Landslide Atlas 2023 & NASA SRTM 30m DEM
Kerala,Wayanad,13,Western Ghats,Charnockite & Gneiss,1082.0,39.9,239.8,13.69,3.89,1.9,30.0,0.72,3.3,11.3,28.9,0.8395,1,ISRO NRSC Landslide Atlas 2023 & NASA SRTM 30m DEM
Kerala,Wayanad,13,Western Ghats,Charnockite & Gneiss,950.0,35.8,126.1,12.18,4.9,2.8,28.5,0.85,5.3,28.5,67.4,0.8424,1,ISRO NRSC Landslide Atlas 2023 & NASA SRTM 30m DEM
Kerala,Wayanad,13,Western Ghats,Charnockite & Gneiss,897.0,41.5,38.8,16.81,4.41,1.3,15.0,0.44,1.2,4.6,10.9,0.8915,1,ISRO NRSC Landslide Atlas 2023 & NASA SRTM 30m DEM
Kerala,Wayanad,13,Western Ghats,Charnockite & Gneiss,1055.0,27.4,258.9,7.78,4.38,0.9,50.4,0.74,13.2,49.8,161.6,0.8969,1,ISRO NRSC Landslide Atlas 2023 & NASA SRTM 30m DEM
Kerala,Wayanad,13,Western Ghats,Charnockite & Gneiss,1078.0,36.6,200.9,12.22,4.87,2.9,35.4,0.54,8.6,34.1,103.3,0.9469,1,ISRO NRSC Landslide Atlas 2023 & NASA SRTM 30m DEM
Kerala,Wayanad,13,Western Ghats,Charnockite & Gneiss,1118.0,36.6,107.1,13.71,5.42,1.6,97.1,0.47,36.3,149.3,499.1,1.0,1,ISRO NRSC Landslide Atlas 2023 & NASA SRTM 30m DEM
Kerala,Wayanad,13,Western Ghats,Charnockite & Gneiss,927.0,31.7,204.5,10.28,5.12,1.6,24.0,0.52,1.9,7.3,21.4,0.5713,1,ISRO NRSC Landslide Atlas 2023 & NASA SRTM 30m DEM
Kerala,Wayanad,13,Western Ghats,Charnockite & Gneiss,946.0,32.5,233.9,11.47,4.86,2.1,49.8,0.71,8.4,32.6,131.9,0.925,1,ISRO NRSC Landslide Atlas 2023 & NASA SRTM 30m DEM
Kerala,Wayanad,13,Western Ghats,Charnockite & Gneiss,1010.0,38.2,349.3,13.14,4.8,3.1,59.7,0.83,30.0,93.9,310.2,0.9993,1,ISRO NRSC Landslide Atlas 2023 & NASA SRTM 30m DEM
Kerala,Wayanad,13,Western Ghats,Charnockite & Gneiss,903.0,35.7,42.5,10.29,5.84,1.7,55.0,0.33,16.1,64.4,268.2,0.9957,1,ISRO NRSC Landslide Atlas 2023 & NASA SRTM 30m DEM
Kerala,Wayanad,13,Western Ghats,Charnockite & Gneiss,963.0,30.0,26.9,9.17,5.53,1.5,33.5,0.73,7.0,24.4,56.5,0.6923,1,ISRO NRSC Landslide Atlas 2023 & NASA SRTM 30m DEM
Kerala,Wayanad,13,Western Ghats,Charnockite & Gneiss,1154.0,33.5,147.3,11.21,4.91,2.5,75.5,0.81,29.3,84.8,346.0,0.9988,1,ISRO NRSC Landslide Atlas 2023 & NASA SRTM 30m DEM
Kerala,Wayanad,13,Western Ghats,Charnockite & Gneiss,868.0,34.7,1.4,10.92,4.9,2.7,21.0,0.63,1.6,6.0,26.9,0.6073,1,ISRO NRSC Landslide Atlas 2023 & NASA SRTM 30m DEM
Kerala,Wayanad,13,Western Ghats,Charnockite & Gneiss,702.0,32.4,225.5,10.09,5.31,2.3,59.8,0.45,34.8,106.1,234.4,0.999,1,ISRO NRSC Landslide Atlas 2023 & NASA SRTM 30m DEM
Kerala,Wayanad,13,Western Ghats,Charnockite & Gneiss,1145.0,33.5,152.3,13.16,5.08,1.4,59.5,0.36,28.1,91.7,239.3,0.999,1,ISRO NRSC Landslide Atlas 2023 & NASA SRTM 30m DEM
Kerala,Wayanad,13,Western Ghats,Charnockite & Gneiss,729.0,34.1,212.5,11.25,4.21,2.6,37.4,0.78,5.6,22.3,94.2,0.8247,1,ISRO NRSC Landslide Atlas 2023 & NASA SRTM 30m DEM
Kerala,Wayanad,13,Western Ghats,Charnockite & Gneiss,779.0,36.8,334.2,13.23,5.55,2.3,69.5,0.54,27.2,78.8,334.0,0.9994,1,ISRO NRSC Landslide Atlas 2023 & NASA SRTM 30m DEM
Kerala,Wayanad,13,Western Ghats,Charnockite & Gneiss,1087.0,33.8,256.1,12.21,4.71,3.3,24.4,0.64,2.6,9.7,41.2,0.701,1,ISRO NRSC Landslide Atlas 2023 & NASA SRTM 30m DEM
Kerala,Wayanad,13,Western Ghats,Charnockite & Gneiss,870.0,44.4,247.0,13.75,4.77,1.6,41.2,0.81,21.6,77.8,179.2,0.9975,1,ISRO NRSC Landslide Atlas 2023 & NASA SRTM 30m DEM
Kerala,Wayanad,13,Western Ghats,Charnockite & Gneiss,1083.0,24.2,208.7,8.7,4.45,2.5,58.6,0.71,23.1,86.0,255.4,0.9866,1,ISRO NRSC Landslide Atlas 2023 & NASA SRTM 30m DEM
Kerala,Wayanad,13,Western Ghats,Charnockite & Gneiss,569.0,29.2,329.2,10.42,5.43,3.1,49.8,0.65,7.2,31.4,119.8,0.8785,1,ISRO NRSC Landslide Atlas 2023 & NASA SRTM 30m DEM
Kerala,Wayanad,13,Western Ghats,Charnockite & Gneiss,662.0,35.9,260.5,12.29,4.34,3.2,92.3,0.67,31.7,150.6,506.1,1.0,1,ISRO NRSC Landslide Atlas 2023 & NASA SRTM 30m DEM
Kerala,Wayanad,13,Western Ghats,Charnockite & Gneiss,975.0,34.5,228.9,11.75,4.29,4.4,27.8,0.39,6.9,24.2,58.4,0.8757,1,ISRO NRSC Landslide Atlas 2023 & NASA SRTM 30m DEM
Kerala,Wayanad,13,Western Ghats,Charnockite & Gneiss,976.0,31.0,53.7,9.07,4.93,2.8,35.4,0.23,7.3,22.4,91.0,0.8505,1,ISRO NRSC Landslide Atlas 2023 & NASA SRTM 30m DEM
Kerala,Wayanad,13,Western Ghats,Charnockite & Gneiss,1221.0,39.0,181.4,12.79,5.13,2.2,36.4,0.61,8.2,43.0,106.2,0.9684,1,ISRO NRSC Landslide Atlas 2023 & NASA SRTM 30m DEM
Kerala,Wayanad,13,Western Ghats,Charnockite & Gneiss,1148.0,33.9,130.9,11.51,4.14,2.5,32.0,0.27,1.3,6.8,25.3,0.7556,1,ISRO NRSC Landslide Atlas 2023 & NASA SRTM 30m DEM
Kerala,Wayanad,13,Western Ghats,Charnockite & Gneiss,875.0,39.8,41.3,13.96,4.57,1.3,86.9,0.36,16.9,88.4,395.1,0.9998,1,ISRO NRSC Landslide Atlas 2023 & NASA SRTM 30m DEM
Kerala,Wayanad,13,Western Ghats,Charnockite & Gneiss,1172.0,36.9,36.5,13.78,5.03,2.6,99.0,0.8,36.7,199.3,738.8,1.0,1,ISRO NRSC Landslide Atlas 2023 & NASA SRTM 30m DEM
Kerala,Wayanad,13,Western Ghats,Charnockite & Gneiss,1022.0,37.5,124.3,13.21,5.82,2.5,29.6,0.46,8.1,32.7,69.0,0.9516,1,ISRO NRSC Landslide Atlas 2023 & NASA SRTM 30m DEM
Kerala,Wayanad,13,Western Ghats,Charnockite & Gneiss,889.0,42.5,98.0,14.93,5.35,1.3,99.0,0.62,27.6,160.3,543.8,1.0,1,ISRO NRSC Landslide Atlas 2023 & NASA SRTM 30m DEM
Kerala,Wayanad,13,Western Ghats,Charnockite & Gneiss,1111.0,38.0,122.5,13.86,5.08,3.0,31.8,0.37,4.3,17.9,52.5,0.9265,1,ISRO NRSC Landslide Atlas 2023 & NASA SRTM 30m DEM
Kerala,Wayanad,13,Western Ghats,Charnockite & Gneiss,1195.0,43.1,67.3,14.64,3.76,2.6,64.4,0.34,22.2,74.3,282.4,0.9995,1,ISRO NRSC Landslide Atlas 2023 & NASA SRTM 30m DEM
Kerala,Wayanad,13,Western Ghats,Charnockite & Gneiss,997.0,35.4,2.4,12.46,5.64,3.7,29.6,0.8,1.8,9.8,27.9,0.7162,1,ISRO NRSC Landslide Atlas 2023 & NASA SRTM 30m DEM
Kerala,Wayanad,13,Western Ghats,Charnockite & Gneiss,932.0,43.2,275.9,13.89,4.35,3.3,86.8,0.53,35.2,121.0,478.8,1.0,1,ISRO NRSC Landslide Atlas 2023 & NASA SRTM 30m DEM
Kerala,Wayanad,13,Western Ghats,Charnockite & Gneiss,961.0,29.7,342.0,9.55,5.43,1.3,25.4,0.31,2.1,12.7,26.0,0.625,1,ISRO NRSC Landslide Atlas 2023 & NASA SRTM 30m DEM
Kerala,Wayanad,13,Western Ghats,Charnockite & Gneiss,1130.0,29.0,70.6,9.63,5.07,1.9,21.4,0.29,3.3,10.4,35.8,0.601,1,ISRO NRSC Landslide Atlas 2023 & NASA SRTM 30m DEM
Kerala,Wayanad,13,Western Ghats,Charnockite & Gneiss,1013.0,32.2,158.7,10.88,5.56,3.5,45.6,0.47,21.9,68.0,205.1,0.9919,1,ISRO NRSC Landslide Atlas 2023 & NASA SRTM 30m DEM
Kerala,Wayanad,13,Western Ghats,Charnockite & Gneiss,509.0,38.7,27.0,14.9,4.41,2.1,33.5,0.74,6.8,33.5,76.2,0.9494,1,ISRO NRSC Landslide Atlas 2023 & NASA SRTM 30m DEM
Kerala,Wayanad,13,Western Ghats,Charnockite & Gneiss,754.0,30.3,93.6,9.91,5.18,1.8,22.1,0.85,1.6,10.5,27.5,0.4223,0,ISRO NRSC Landslide Atlas 2023 & NASA SRTM 30m DEM
Kerala,Wayanad,13,Western Ghats,Charnockite & Gneiss,827.0,28.9,288.0,9.76,5.8,2.2,23.7,0.71,0.4,1.3,2.7,0.3444,0,ISRO NRSC Landslide Atlas 2023 & NASA SRTM 30m DEM
Kerala,Wayanad,13,Western Ghats,Charnockite & Gneiss,904.0,32.9,13.6,11.38,5.33,3.0,32.9,0.34,9.8,34.4,117.9,0.9424,1,ISRO NRSC Landslide Atlas 2023 & NASA SRTM 30m DEM
Kerala,Wayanad,13,Western Ghats,Charnockite & Gneiss,976.0,23.8,246.5,7.96,5.22,1.7,85.8,0.57,39.8,124.5,467.6,0.9997,1,ISRO NRSC Landslide Atlas 2023 & NASA SRTM 30m DEM
Kerala,Wayanad,13,Western Ghats,Charnockite & Gneiss,972.0,39.7,160.7,15.14,4.63,2.5,27.8,0.71,9.3,26.9,84.4,0.9527,1,ISRO NRSC Landslide Atlas 2023 & NASA SRTM 30m DEM
Kerala,Wayanad,13,Western Ghats,Charnockite & Gneiss,899.0,32.0,304.9,9.32,5.71,3.8,30.3,0.54,4.2,18.8,54.9,0.7212,1,ISRO NRSC Landslide Atlas 2023 & NASA SRTM 30m DEM
Kerala,Wayanad,13,Western Ghats,Charnockite & Gneiss,956.0,30.8,142.6,11.77,4.48,4.7,34.0,0.77,8.5,29.3,85.5,0.8287,1,ISRO NRSC Landslide Atlas 2023 & NASA SRTM 30m DEM
Kerala,Wayanad,13,Western Ghats,Charnockite & Gneiss,1163.0,30.6,308.0,11.44,5.85,1.7,23.8,0.49,2.7,14.6,58.6,0.7236,1,ISRO NRSC Landslide Atlas 2023 & NASA SRTM 30m DEM
Kerala,Wayanad,13,Western Ghats,Charnockite & Gneiss,978.0,39.3,232.5,16.09,4.44,2.0,58.3,0.44,9.7,64.5,289.9,0.9984,1,ISRO NRSC Landslide Atlas 2023 & NASA SRTM 30m DEM
Kerala,Wayanad,13,Western Ghats,Charnockite & Gneiss,1117.0,33.8,2.8,10.79,5.53,2.8,25.2,0.61,10.0,40.5,95.4,0.9094,1,ISRO NRSC Landslide Atlas 2023 & NASA SRTM 30m DEM
Kerala,Wayanad,13,Western Ghats,Charnockite & Gneiss,1030.0,30.9,151.0,9.72,6.03,1.5,71.6,0.3,26.5,123.6,330.6,0.9996,1,ISRO NRSC Landslide Atlas 2023 & NASA SRTM 30m DEM
Kerala,Wayanad,13,Western Ghats,Charnockite & Gneiss,1052.0,33.9,123.2,10.89,5.67,3.8,48.3,0.69,21.7,66.9,235.7,0.9924,1,ISRO NRSC Landslide Atlas 2023 & NASA SRTM 30m DEM
Kerala,Wayanad,13,Western Ghats,Charnockite & Gneiss,801.0,34.7,171.9,13.61,4.9,2.7,75.7,0.67,48.4,207.3,421.2,1.0,1,ISRO NRSC Landslide Atlas 2023 & NASA SRTM 30m DEM
Kerala,Wayanad,13,Western Ghats,Charnockite & Gneiss,858.0,30.1,160.6,9.12,5.41,2.0,84.7,0.33,41.5,179.1,444.7,1.0,1,ISRO NRSC Landslide Atlas 2023 & NASA SRTM 30m DEM
Kerala,Wayanad,13,Western Ghats,Charnockite & Gneiss,1023.0,36.1,13.0,13.14,5.67,2.6,29.4,0.52,3.0,9.1,39.6,0.8352,1,ISRO NRSC Landslide Atlas 2023 & NASA SRTM 30m DEM
Kerala,Wayanad,13,Western Ghats,Charnockite & Gneiss,930.0,40.5,140.4,15.34,4.42,2.6,59.1,0.46,23.5,69.6,283.9,0.9992,1,ISRO NRSC Landslide Atlas 2023 & NASA SRTM 30m DEM
Kerala,Wayanad,13,Western Ghats,Charnockite & Gneiss,980.0,38.0,252.7,13.02,5.1,1.7,18.4,0.72,1.8,5.5,23.8,0.7223,1,ISRO NRSC Landslide Atlas 2023 & NASA SRTM 30m DEM
Kerala,Wayanad,13,Western Ghats,Charnockite & Gneiss,927.0,35.2,154.6,11.59,4.18,2.4,24.2,0.85,1.5,7.2,18.6,0.5657,1,ISRO NRSC Landslide Atlas 2023 & NASA SRTM 30m DEM
Kerala,Wayanad,13,Western Ghats,Charnockite & Gneiss,1053.0,26.7,228.5,9.76,5.25,3.0,19.7,0.27,2.4,11.3,42.6,0.5582,1,ISRO NRSC Landslide Atlas 2023 & NASA SRTM 30m DEM
Kerala,Wayanad,13,Western Ghats,Charnockite & Gneiss,942.0,36.2,223.3,14.45,4.41,2.6,39.2,0.7,4.2,25.2,101.5,0.9281,1,ISRO NRSC Landslide Atlas 2023 & NASA SRTM 30m DEM
Kerala,Wayanad,13,Western Ghats,Charnockite & Gneiss,909.0,30.5,210.4,10.32,5.17,1.8,70.9,0.66,17.9,109.3,389.2,0.9989,1,ISRO NRSC Landslide Atlas 2023 & NASA SRTM 30m DEM
Kerala,Wayanad,13,Western Ghats,Charnockite & Gneiss,979.0,37.1,18.2,13.5,5.16,1.9,71.8,0.79,19.2,77.2,319.6,0.9987,1,ISRO NRSC Landslide Atlas 2023 & NASA SRTM 30m DEM
Kerala,Wayanad,13,Western Ghats,Charnockite & Gneiss,801.0,42.3,142.1,14.19,4.39,3.0,99.0,0.55,33.3,135.8,565.1,1.0,1,ISRO NRSC Landslide Atlas 2023 & NASA SRTM 30m DEM
Kerala,Wayanad,13,Western Ghats,Charnockite & Gneiss,868.0,43.0,359.4,13.52,4.63,1.9,28.9,0.2,8.2,29.1,92.9,0.9792,1,ISRO NRSC Landslide Atlas 2023 & NASA SRTM 30m DEM
Kerala,Wayanad,13,Western Ghats,Charnockite & Gneiss,1029.0,36.2,303.6,12.35,4.58,2.9,54.2,0.75,23.8,73.5,208.2,0.9956,1,ISRO NRSC Landslide Atlas 2023 & NASA SRTM 30m DEM
Kerala,Wayanad,13,Western Ghats,Charnockite & Gneiss,785.0,33.6,52.8,10.37,4.99,2.4,42.0,0.32,26.5,88.9,186.1,0.9965,1,ISRO NRSC Landslide Atlas 2023 & NASA SRTM 30m DEM
Kerala,Wayanad,13,Western Ghats,Charnockite & Gneiss,925.0,37.5,32.8,10.71,4.25,2.9,99.0,0.59,29.5,172.9,626.7,1.0,1,ISRO NRSC Landslide Atlas 2023 & NASA SRTM 30m DEM
Kerala,Wayanad,13,Western Ghats,Charnockite & Gneiss,1088.0,38.2,56.4,13.05,4.29,0.8,38.7,0.52,12.3,45.8,146.4,0.9819,1,ISRO NRSC Landslide Atlas 2023 & NASA SRTM 30m DEM
Kerala,Wayanad,13,Western Ghats,Charnockite & Gneiss,914.0,37.8,86.3,14.07,4.83,2.5,71.7,0.31,47.5,163.3,331.1,1.0,1,ISRO NRSC Landslide Atlas 2023 & NASA SRTM 30m DEM
Kerala,Wayanad,13,Western Ghats,Charnockite & Gneiss,1153.0,48.3,206.0,17.22,4.03,3.2,46.1,0.65,13.8,47.9,156.1,0.9972,1,ISRO NRSC Landslide Atlas 2023 & NASA SRTM 30m DEM
Kerala,Wayanad,13,Western Ghats,Charnockite & Gneiss,834.0,37.1,25.1,11.58,4.56,2.2,36.3,0.51,9.6,27.6,102.0,0.9372,1,ISRO NRSC Landslide Atlas 2023 & NASA SRTM 30m DEM
Kerala,Wayanad,13,Western Ghats,Charnockite & Gneiss,961.0,37.4,65.1,13.54,5.26,2.2,83.6,0.26,32.2,122.9,407.5,1.0,1,ISRO NRSC Landslide Atlas 2023 & NASA SRTM 30m DEM
Kerala,Wayanad,13,Western Ghats,Charnockite & Gneiss,670.0,30.8,82.5,10.23,5.06,2.3,42.6,0.52,6.7,27.8,97.2,0.8629,1,ISRO NRSC Landslide Atlas 2023 & NASA SRTM 30m DEM
Kerala,Wayanad,13,Western Ghats,Charnockite & Gneiss,936.0,33.2,219.4,11.6,5.79,3.2,77.2,0.57,45.6,132.8,381.1,0.9999,1,ISRO NRSC Landslide Atlas 2023 & NASA SRTM 30m DEM
Kerala,Wayanad,13,Western Ghats,Charnockite & Gneiss,1004.0,34.2,69.6,10.53,5.38,1.5,58.9,0.78,24.7,105.4,265.5,0.9982,1,ISRO NRSC Landslide Atlas 2023 & NASA SRTM 30m DEM
Kerala,Wayanad,13,Western Ghats,Charnockite & Gneiss,975.0,38.7,296.1,14.29,4.81,3.5,31.6,0.57,3.2,15.3,40.7,0.8971,1,ISRO NRSC Landslide Atlas 2023 & NASA SRTM 30m DEM
Kerala,Wayanad,13,Western Ghats,Charnockite & Gneiss,887.0,38.1,263.7,11.86,4.35,3.2,29.1,0.55,4.3,16.6,54.5,0.8542,1,ISRO NRSC Landslide Atlas 2023 & NASA SRTM 30m DEM
Kerala,Wayanad,13,Western Ghats,Charnockite & Gneiss,933.0,40.2,218.7,14.1,4.3,3.1,42.5,0.58,15.5,71.0,184.8,0.9958,1,ISRO NRSC Landslide Atlas 2023 & NASA SRTM 30m DEM
Kerala,Wayanad,13,Western Ghats,Charnockite & Gneiss,1275.0,36.5,326.4,11.78,4.85,1.7,19.8,0.35,0.5,2.4,7.2,0.7043,1,ISRO NRSC Landslide Atlas 2023 & NASA SRTM 30m DEM
Kerala,Wayanad,13,Western Ghats,Charnockite & Gneiss,891.0,34.6,201.3,13.84,5.63,2.3,26.5,0.78,6.4,20.6,58.6,0.8541,1,ISRO NRSC Landslide Atlas 2023 & NASA SRTM 30m DEM
Kerala,Wayanad,13,Western Ghats,Charnockite & Gneiss,828.0,39.4,284.0,12.09,4.68,3.0,48.9,0.78,22.1,100.7,206.2,0.998,1,ISRO NRSC Landslide Atlas 2023 & NASA SRTM 30m DEM
Kerala,Wayanad,13,Western Ghats,Charnockite & Gneiss,963.0,28.4,173.7,9.07,6.53,3.0,82.4,0.76,29.2,94.5,399.3,0.9989,1,ISRO NRSC Landslide Atlas 2023 & NASA SRTM 30m DEM
Kerala,Wayanad,13,Western Ghats,Charnockite & Gneiss,985.0,36.9,351.1,13.63,4.95,1.4,40.6,0.28,10.7,31.6,128.5,0.9788,1,ISRO NRSC Landslide Atlas 2023 & NASA SRTM 30m DEM
Kerala,Wayanad,13,Western Ghats,Charnockite & Gneiss,1022.0,29.7,326.3,9.59,5.22,2.5,40.0,0.76,7.5,28.5,93.4,0.7811,1,ISRO NRSC Landslide Atlas 2023 & NASA SRTM 30m DEM
Kerala,Wayanad,13,Western Ghats,Charnockite & Gneiss,947.0,32.1,78.8,10.78,4.88,2.3,99.0,0.71,77.5,231.8,616.0,1.0,1,ISRO NRSC Landslide Atlas 2023 & NASA SRTM 30m DEM
Kerala,Wayanad,13,Western Ghats,Charnockite & Gneiss,782.0,31.8,21.8,10.4,5.76,3.3,75.1,0.54,24.5,77.0,300.2,0.9979,1,ISRO NRSC Landslide Atlas 2023 & NASA SRTM 30m DEM
Kerala,Wayanad,13,Western Ghats,Charnockite & Gneiss,702.0,35.8,62.8,12.18,5.3,3.0,53.6,0.54,8.3,51.3,218.7,0.9875,1,ISRO NRSC Landslide Atlas 2023 & NASA SRTM 30m DEM
Kerala,Wayanad,13,Western Ghats,Charnockite & Gneiss,1035.0,27.8,322.3,9.15,5.69,3.7,66.4,0.63,44.5,138.2,278.8,0.9996,1,ISRO NRSC Landslide Atlas 2023 & NASA SRTM 30m DEM
Kerala,Wayanad,13,Western Ghats,Charnockite & Gneiss,973.0,38.2,298.3,13.43,5.15,2.6,44.2,0.58,15.5,65.1,145.1,0.9925,1,ISRO NRSC Landslide Atlas 2023 & NASA SRTM 30m DEM
Kerala,Wayanad,13,Western Ghats,Charnockite & Gneiss,888.0,42.6,124.6,16.36,4.79,3.0,92.4,0.82,52.2,199.3,535.8,1.0,1,ISRO NRSC Landslide Atlas 2023 & NASA SRTM 30m DEM
Kerala,Wayanad,13,Western Ghats,Charnockite & Gneiss,1270.0,36.4,229.3,10.49,5.36,1.9,33.8,0.78,9.3,37.2,100.2,0.9116,1,ISRO NRSC Landslide Atlas 2023 & NASA SRTM 30m DEM
Kerala,Wayanad,13,Western Ghats,Charnockite & Gneiss,1282.0,33.3,180.4,10.13,4.89,1.6,15.0,0.51,1.6,6.4,26.4,0.5511,1,ISRO NRSC Landslide Atlas 2023 & NASA SRTM 30m DEM
Kerala,Wayanad,13,Western Ghats,Charnockite & Gneiss,958.0,31.8,302.6,10.0,5.12,3.0,15.0,0.48,0.7,2.0,5.1,0.4519,0,ISRO NRSC Landslide Atlas 2023 & NASA SRTM 30m DEM
Kerala,Wayanad,13,Western Ghats,Charnockite & Gneiss,1025.0,39.2,11.6,14.05,4.97,3.2,39.9,0.36,7.4,29.9,111.0,0.9758,1,ISRO NRSC Landslide Atlas 2023 & NASA SRTM 30m DEM
Kerala,Wayanad,13,Western Ghats,Charnockite & Gneiss,862.0,28.7,124.0,11.39,5.51,2.6,42.8,0.58,16.9,56.0,141.3,0.9668,1,ISRO NRSC Landslide Atlas 2023 & NASA SRTM 30m DEM
Kerala,Wayanad,13,Western Ghats,Charnockite & Gneiss,931.0,29.4,87.1,10.57,4.97,1.3,82.8,0.36,43.2,131.0,409.0,0.9999,1,ISRO NRSC Landslide Atlas 2023 & NASA SRTM 30m DEM
Kerala,Wayanad,13,Western Ghats,Charnockite & Gneiss,922.0,35.9,42.5,11.92,5.75,3.2,29.2,0.27,5.7,18.1,49.3,0.8997,1,ISRO NRSC Landslide Atlas 2023 & NASA SRTM 30m DEM
Kerala,Wayanad,13,Western Ghats,Charnockite & Gneiss,970.0,33.1,281.9,12.81,5.86,1.7,90.1,0.4,32.7,99.7,434.3,0.9999,1,ISRO NRSC Landslide Atlas 2023 & NASA SRTM 30m DEM
Kerala,Wayanad,13,Western Ghats,Charnockite & Gneiss,891.0,33.7,142.8,12.11,4.69,4.0,33.9,0.62,9.9,30.6,134.2,0.9274,1,ISRO NRSC Landslide Atlas 2023 & NASA SRTM 30m DEM
Kerala,Wayanad,13,Western Ghats,Charnockite & Gneiss,1001.0,34.8,315.1,11.15,4.29,2.0,16.6,0.27,0.3,1.5,5.3,0.6282,1,ISRO NRSC Landslide Atlas 2023 & NASA SRTM 30m DEM
Kerala,Wayanad,13,Western Ghats,Charnockite & Gneiss,999.0,33.3,245.7,11.27,5.12,3.7,59.2,0.31,19.6,65.7,270.5,0.9965,1,ISRO NRSC Landslide Atlas 2023 & NASA SRTM 30m DEM
Kerala,Wayanad,13,Western Ghats,Charnockite & Gneiss,937.0,36.5,215.1,10.84,5.54,2.7,61.7,0.58,25.0,90.0,289.4,0.9988,1,ISRO NRSC Landslide Atlas 2023 & NASA SRTM 30m DEM
Kerala,Wayanad,13,Western Ghats,Charnockite & Gneiss,1030.0,29.9,91.7,10.17,5.28,2.6,34.3,0.51,6.0,36.4,75.5,0.8436,1,ISRO NRSC Landslide Atlas 2023 & NASA SRTM 30m DEM
Kerala,Wayanad,13,Western Ghats,Charnockite & Gneiss,1260.0,33.7,213.9,10.95,5.73,2.7,33.8,0.54,9.8,29.9,111.6,0.9176,1,ISRO NRSC Landslide Atlas 2023 & NASA SRTM 30m DEM
Kerala,Wayanad,13,Western Ghats,Charnockite & Gneiss,1211.0,28.0,2.0,11.2,4.45,2.8,35.6,0.75,14.6,61.7,195.9,0.9576,1,ISRO NRSC Landslide Atlas 2023 & NASA SRTM 30m DEM
Kerala,Wayanad,13,Western Ghats,Charnockite & Gneiss,1007.0,40.8,306.3,14.03,3.75,2.7,43.3,0.38,8.7,29.1,98.8,0.9768,1,ISRO NRSC Landslide Atlas 2023 & NASA SRTM 30m DEM
Kerala,Wayanad,13,Western Ghats,Charnockite & Gneiss,947.0,51.5,314.9,19.09,4.9,2.8,30.0,0.83,7.4,27.1,74.4,0.9905,1,ISRO NRSC Landslide Atlas 2023 & NASA SRTM 30m DEM
Kerala,Wayanad,13,Western Ghats,Charnockite & Gneiss,1047.0,39.3,290.3,14.49,4.33,2.4,22.1,0.42,2.0,6.6,25.4,0.8611,1,ISRO NRSC Landslide Atlas 2023 & NASA SRTM 30m DEM
Kerala,Wayanad,13,Western Ghats,Charnockite & Gneiss,1159.0,36.4,90.8,11.16,5.01,1.5,48.5,0.8,11.8,63.0,167.0,0.981,1,ISRO NRSC Landslide Atlas 2023 & NASA SRTM 30m DEM
Kerala,Wayanad,13,Western Ghats,Charnockite & Gneiss,739.0,40.8,313.7,15.82,4.37,2.9,52.4,0.8,18.4,66.7,193.1,0.997,1,ISRO NRSC Landslide Atlas 2023 & NASA SRTM 30m DEM
Kerala,Wayanad,13,Western Ghats,Charnockite & Gneiss,768.0,28.7,309.2,9.94,5.39,2.4,18.6,0.7,9.6,27.9,65.3,0.6915,1,ISRO NRSC Landslide Atlas 2023 & NASA SRTM 30m DEM
Kerala,Wayanad,13,Western Ghats,Charnockite & Gneiss,849.0,37.2,110.6,13.92,4.36,2.6,15.0,0.6,3.6,10.4,21.9,0.7816,1,ISRO NRSC Landslide Atlas 2023 & NASA SRTM 30m DEM
Kerala,Wayanad,13,Western Ghats,Charnockite & Gneiss,1078.0,30.7,84.4,10.65,4.4,3.3,95.8,0.43,35.9,129.6,540.9,1.0,1,ISRO NRSC Landslide Atlas 2023 & NASA SRTM 30m DEM
Kerala,Wayanad,13,Western Ghats,Charnockite & Gneiss,1005.0,41.8,216.2,14.26,5.08,2.7,45.7,0.82,12.4,54.4,195.1,0.9926,1,ISRO NRSC Landslide Atlas 2023 & NASA SRTM 30m DEM
Kerala,Wayanad,13,Western Ghats,Charnockite & Gneiss,990.0,33.8,99.5,10.91,4.98,2.7,34.1,0.78,13.3,44.4,95.6,0.9237,1,ISRO NRSC Landslide Atlas 2023 & NASA SRTM 30m DEM
Kerala,Wayanad,13,Western Ghats,Charnockite & Gneiss,766.0,37.4,86.0,15.73,4.49,3.9,52.0,0.81,10.3,55.7,246.9,0.9936,1,ISRO NRSC Landslide Atlas 2023 & NASA SRTM 30m DEM
Kerala,Wayanad,13,Western Ghats,Charnockite & Gneiss,1145.0,36.8,125.1,11.68,4.54,1.6,31.6,0.46,4.2,16.2,53.0,0.8561,1,ISRO NRSC Landslide Atlas 2023 & NASA SRTM 30m DEM
Kerala,Wayanad,13,Western Ghats,Charnockite & Gneiss,898.0,36.1,40.2,12.81,4.93,1.6,37.6,0.28,7.8,30.6,82.3,0.957,1,ISRO NRSC Landslide Atlas 2023 & NASA SRTM 30m DEM
Kerala,Wayanad,13,Western Ghats,Charnockite & Gneiss,1281.0,38.8,203.6,13.82,5.31,1.6,29.2,0.34,8.8,34.2,77.9,0.9694,1,ISRO NRSC Landslide Atlas 2023 & NASA SRTM 30m DEM
Kerala,Wayanad,13,Western Ghats,Charnockite & Gneiss,675.0,30.6,349.2,10.09,5.56,3.3,46.5,0.72,21.2,61.0,154.5,0.9746,1,ISRO NRSC Landslide Atlas 2023 & NASA SRTM 30m DEM
Kerala,Wayanad,13,Western Ghats,Charnockite & Gneiss,950.0,40.3,234.3,14.36,5.33,3.1,29.8,0.42,9.9,32.0,89.0,0.9749,1,ISRO NRSC Landslide Atlas 2023 & NASA SRTM 30m DEM
Kerala,Wayanad,13,Western Ghats,Charnockite & Gneiss,1083.0,38.7,353.6,14.39,3.85,2.6,48.8,0.69,30.4,90.3,183.0,0.9986,1,ISRO NRSC Landslide Atlas 2023 & NASA SRTM 30m DEM
Kerala,Wayanad,13,Western Ghats,Charnockite & Gneiss,1367.0,30.5,201.3,8.32,5.27,3.1,35.8,0.84,6.5,21.3,62.8,0.6214,1,ISRO NRSC Landslide Atlas 2023 & NASA SRTM 30m DEM
Kerala,Wayanad,13,Western Ghats,Charnockite & Gneiss,990.0,31.7,62.5,11.2,5.68,2.6,70.7,0.79,15.5,74.1,320.4,0.9956,1,ISRO NRSC Landslide Atlas 2023 & NASA SRTM 30m DEM
Kerala,Wayanad,13,Western Ghats,Charnockite & Gneiss,801.0,37.7,355.4,12.93,5.98,2.3,69.2,0.41,39.2,146.6,384.7,1.0,1,ISRO NRSC Landslide Atlas 2023 & NASA SRTM 30m DEM
Kerala,Wayanad,13,Western Ghats,Charnockite & Gneiss,1045.0,36.4,197.4,10.82,5.09,2.8,54.4,0.4,19.5,64.0,191.8,0.9942,1,ISRO NRSC Landslide Atlas 2023 & NASA SRTM 30m DEM
Kerala,Wayanad,13,Western Ghats,Charnockite & Gneiss,973.0,41.5,335.4,14.01,4.66,2.6,18.3,0.71,0.4,1.7,7.3,0.764,1,ISRO NRSC Landslide Atlas 2023 & NASA SRTM 30m DEM
Kerala,Wayanad,13,Western Ghats,Charnockite & Gneiss,714.0,35.8,77.7,12.33,5.56,3.1,26.3,0.35,3.6,15.2,42.3,0.8621,1,ISRO NRSC Landslide Atlas 2023 & NASA SRTM 30m DEM
Kerala,Wayanad,13,Western Ghats,Charnockite & Gneiss,956.0,28.2,310.8,9.7,5.48,3.2,24.5,0.24,1.9,12.1,35.1,0.6221,1,ISRO NRSC Landslide Atlas 2023 & NASA SRTM 30m DEM
Kerala,Wayanad,13,Western Ghats,Charnockite & Gneiss,1134.0,30.7,243.5,12.8,4.3,0.3,37.2,0.41,8.9,49.9,134.0,0.9608,1,ISRO NRSC Landslide Atlas 2023 & NASA SRTM 30m DEM
Kerala,Wayanad,13,Western Ghats,Charnockite & Gneiss,1268.0,44.0,258.6,14.01,4.18,2.7,38.9,0.31,8.0,28.1,89.0,0.9818,1,ISRO NRSC Landslide Atlas 2023 & NASA SRTM 30m DEM
Kerala,Wayanad,13,Western Ghats,Charnockite & Gneiss,901.0,38.8,35.0,12.87,4.38,1.8,28.3,0.85,1.4,6.5,19.4,0.7195,1,ISRO NRSC Landslide Atlas 2023 & NASA SRTM 30m DEM
Kerala,Wayanad,13,Western Ghats,Charnockite & Gneiss,1014.0,29.2,37.5,9.26,5.4,2.9,41.4,0.78,12.2,47.0,120.0,0.8908,1,ISRO NRSC Landslide Atlas 2023 & NASA SRTM 30m DEM
Kerala,Wayanad,13,Western Ghats,Charnockite & Gneiss,782.0,44.4,108.1,15.93,4.86,3.0,15.0,0.57,0.4,2.4,6.6,0.8781,1,ISRO NRSC Landslide Atlas 2023 & NASA SRTM 30m DEM
Kerala,Wayanad,13,Western Ghats,Charnockite & Gneiss,888.0,41.9,178.9,13.53,5.01,3.0,34.5,0.55,9.0,27.9,106.7,0.9704,1,ISRO NRSC Landslide Atlas 2023 & NASA SRTM 30m DEM
Kerala,Wayanad,13,Western Ghats,Charnockite & Gneiss,899.0,38.6,58.4,14.48,5.34,3.0,99.0,0.37,30.5,162.0,563.8,1.0,1,ISRO NRSC Landslide Atlas 2023 & NASA SRTM 30m DEM
Kerala,Wayanad,13,Western Ghats,Charnockite & Gneiss,749.0,34.1,239.1,10.8,4.74,1.9,37.9,0.69,6.3,26.3,97.5,0.862,1,ISRO NRSC Landslide Atlas 2023 & NASA SRTM 30m DEM
Kerala,Wayanad,13,Western Ghats,Charnockite & Gneiss,1184.0,36.9,160.4,13.05,3.76,2.7,50.3,0.6,10.2,58.7,195.8,0.9889,1,ISRO NRSC Landslide Atlas 2023 & NASA SRTM 30m DEM
Assam,Kamrup Metropolitan (Guwahati),24,Northeast Hills,Granitic Gneiss,20.0,25.0,88.4,10.6,6.45,2.6,60.0,0.64,19.6,80.2,230.9,0.9853,1,ISRO NRSC Landslide Atlas 2023 & NASA SRTM 30m DEM
Assam,Kamrup Metropolitan (Guwahati),24,Northeast Hills,Granitic Gneiss,20.0,23.0,243.0,10.41,4.51,2.4,56.2,0.77,15.1,52.4,217.6,0.917,1,ISRO NRSC Landslide Atlas 2023 & NASA SRTM 30m DEM
Assam,Kamrup Metropolitan (Guwahati),24,Northeast Hills,Granitic Gneiss,155.0,23.2,234.0,8.57,5.07,3.0,24.9,0.65,1.7,8.7,24.0,0.2026,0,ISRO NRSC Landslide Atlas 2023 & NASA SRTM 30m DEM
Assam,Kamrup Metropolitan (Guwahati),24,Northeast Hills,Granitic Gneiss,165.0,29.3,339.8,10.69,5.97,3.3,69.6,0.36,23.4,88.6,392.6,0.9986,1,ISRO NRSC Landslide Atlas 2023 & NASA SRTM 30m DEM
Assam,Kamrup Metropolitan (Guwahati),24,Northeast Hills,Granitic Gneiss,154.0,27.0,89.2,8.48,5.34,3.0,24.8,0.42,2.3,6.9,25.4,0.3398,0,ISRO NRSC Landslide Atlas 2023 & NASA SRTM 30m DEM
Assam,Kamrup Metropolitan (Guwahati),24,Northeast Hills,Granitic Gneiss,128.0,24.9,27.4,7.47,5.67,2.3,60.6,0.57,22.5,64.7,247.7,0.9697,1,ISRO NRSC Landslide Atlas 2023 & NASA SRTM 30m DEM
Assam,Kamrup Metropolitan (Guwahati),24,Northeast Hills,Granitic Gneiss,34.0,25.1,353.9,9.5,6.01,3.0,58.9,0.73,21.2,102.1,256.0,0.9907,1,ISRO NRSC Landslide Atlas 2023 & NASA SRTM 30m DEM
Assam,Kamrup Metropolitan (Guwahati),24,Northeast Hills,Granitic Gneiss,183.0,19.0,80.1,7.03,5.97,1.6,22.1,0.52,0.3,2.0,8.1,0.1002,0,ISRO NRSC Landslide Atlas 2023 & NASA SRTM 30m DEM
Assam,Kamrup Metropolitan (Guwahati),24,Northeast Hills,Granitic Gneiss,234.0,26.4,283.7,10.04,5.19,3.3,22.8,0.58,1.1,6.7,19.5,0.3031,0,ISRO NRSC Landslide Atlas 2023 & NASA SRTM 30m DEM
Assam,Kamrup Metropolitan (Guwahati),24,Northeast Hills,Granitic Gneiss,115.0,32.1,133.3,13.05,5.06,2.1,96.3,0.53,41.2,120.9,495.5,0.9999,1,ISRO NRSC Landslide Atlas 2023 & NASA SRTM 30m DEM
Assam,Kamrup Metropolitan (Guwahati),24,Northeast Hills,Granitic Gneiss,20.0,17.1,292.3,6.58,5.96,1.5,32.3,0.44,18.0,67.2,136.2,0.7935,1,ISRO NRSC Landslide Atlas 2023 & NASA SRTM 30m DEM
Assam,Kamrup Metropolitan (Guwahati),24,Northeast Hills,Granitic Gneiss,270.0,28.8,256.4,9.42,5.88,2.5,99.0,0.73,30.7,175.6,576.2,1.0,1,ISRO NRSC Landslide Atlas 2023 & NASA SRTM 30m DEM
Assam,Kamrup Metropolitan (Guwahati),24,Northeast Hills,Granitic Gneiss,20.0,33.2,193.1,11.76,4.8,1.5,31.7,0.44,3.2,10.4,23.2,0.676,1,ISRO NRSC Landslide Atlas 2023 & NASA SRTM 30m DEM
Assam,Kamrup Metropolitan (Guwahati),24,Northeast Hills,Granitic Gneiss,205.0,28.0,216.0,9.73,4.55,2.1,29.1,0.45,5.2,20.4,72.1,0.6038,1,ISRO NRSC Landslide Atlas 2023 & NASA SRTM 30m DEM
Assam,Kamrup Metropolitan (Guwahati),24,Northeast Hills,Granitic Gneiss,20.0,29.0,316.5,9.88,5.33,4.2,50.6,0.31,13.0,51.8,214.5,0.9675,1,ISRO NRSC Landslide Atlas 2023 & NASA SRTM 30m DEM
Assam,Kamrup Metropolitan (Guwahati),24,Northeast Hills,Granitic Gneiss,270.0,16.2,178.8,5.84,5.83,1.1,24.5,0.83,2.2,8.6,18.8,0.0601,0,ISRO NRSC Landslide Atlas 2023 & NASA SRTM 30m DEM
Assam,Kamrup Metropolitan (Guwahati),24,Northeast Hills,Granitic Gneiss,20.0,17.0,302.7,4.34,5.93,1.8,85.4,0.29,38.7,120.8,449.6,0.9987,1,ISRO NRSC Landslide Atlas 2023 & NASA SRTM 30m DEM
Assam,Kamrup Metropolitan (Guwahati),24,Northeast Hills,Granitic Gneiss,275.0,23.8,94.7,8.3,5.07,3.3,15.4,0.73,1.3,5.4,20.4,0.1405,0,ISRO NRSC Landslide Atlas 2023 & NASA SRTM 30m DEM
Assam,Kamrup Metropolitan (Guwahati),24,Northeast Hills,Granitic Gneiss,223.0,26.3,194.1,10.95,4.82,2.9,32.7,0.49,13.7,47.2,108.7,0.8719,1,ISRO NRSC Landslide Atlas 2023 & NASA SRTM 30m DEM
Assam,Kamrup Metropolitan (Guwahati),24,Northeast Hills,Granitic Gneiss,20.0,30.3,82.5,9.46,5.27,2.2,99.0,0.69,100.1,294.1,904.6,1.0,1,ISRO NRSC Landslide Atlas 2023 & NASA SRTM 30m DEM
Assam,Kamrup Metropolitan (Guwahati),24,Northeast Hills,Granitic Gneiss,20.0,26.2,328.0,9.73,5.5,3.3,38.0,0.8,14.4,51.1,199.7,0.8909,1,ISRO NRSC Landslide Atlas 2023 & NASA SRTM 30m DEM
Assam,Kamrup Metropolitan (Guwahati),24,Northeast Hills,Granitic Gneiss,53.0,39.8,138.7,15.9,4.42,3.0,32.5,0.68,9.2,48.7,105.1,0.9742,1,ISRO NRSC Landslide Atlas 2023 & NASA SRTM 30m DEM
Assam,Kamrup Metropolitan (Guwahati),24,Northeast Hills,Granitic Gneiss,118.0,30.7,9.6,9.61,4.56,2.2,21.4,0.49,1.1,3.3,9.7,0.354,0,ISRO NRSC Landslide Atlas 2023 & NASA SRTM 30m DEM
Assam,Kamrup Metropolitan (Guwahati),24,Northeast Hills,Granitic Gneiss,186.0,28.9,113.9,10.79,4.87,2.0,48.8,0.3,24.9,81.6,207.8,0.9925,1,ISRO NRSC Landslide Atlas 2023 & NASA SRTM 30m DEM
Assam,Kamrup Metropolitan (Guwahati),24,Northeast Hills,Granitic Gneiss,20.0,31.9,242.2,12.1,5.83,2.1,34.9,0.54,10.5,37.7,81.3,0.8984,1,ISRO NRSC Landslide Atlas 2023 & NASA SRTM 30m DEM
Assam,Kamrup Metropolitan (Guwahati),24,Northeast Hills,Granitic Gneiss,257.0,32.2,285.6,11.72,4.71,3.1,37.0,0.54,9.3,51.3,113.3,0.9294,1,ISRO NRSC Landslide Atlas 2023 & NASA SRTM 30m DEM
Assam,Kamrup Metropolitan (Guwahati),24,Northeast Hills,Granitic Gneiss,81.0,23.0,40.2,8.25,5.77,4.6,20.8,0.26,1.0,3.6,11.3,0.2394,0,ISRO NRSC Landslide Atlas 2023 & NASA SRTM 30m DEM
Assam,Kamrup Metropolitan (Guwahati),24,Northeast Hills,Granitic Gneiss,253.0,34.7,205.2,11.46,4.78,3.3,64.5,0.21,28.6,85.1,275.8,0.9988,1,ISRO NRSC Landslide Atlas 2023 & NASA SRTM 30m DEM
Assam,Kamrup Metropolitan (Guwahati),24,Northeast Hills,Granitic Gneiss,20.0,28.9,354.9,10.94,5.44,2.2,46.3,0.3,22.2,66.6,189.2,0.9859,1,ISRO NRSC Landslide Atlas 2023 & NASA SRTM 30m DEM
Assam,Kamrup Metropolitan (Guwahati),24,Northeast Hills,Granitic Gneiss,89.0,24.6,54.0,8.7,5.42,3.2,26.1,0.39,10.1,31.0,63.9,0.6255,1,ISRO NRSC Landslide Atlas 2023 & NASA SRTM 30m DEM
Assam,Kamrup Metropolitan (Guwahati),24,Northeast Hills,Granitic Gneiss,20.0,28.3,303.5,9.21,4.72,3.9,36.9,0.62,5.3,35.3,100.6,0.7098,1,ISRO NRSC Landslide Atlas 2023 & NASA SRTM 30m DEM
Assam,Kamrup Metropolitan (Guwahati),24,Northeast Hills,Granitic Gneiss,277.0,27.4,96.7,10.45,4.92,2.5,87.1,0.23,43.9,213.0,437.8,1.0,1,ISRO NRSC Landslide Atlas 2023 & NASA SRTM 30m DEM
Assam,Kamrup Metropolitan (Guwahati),24,Northeast Hills,Granitic Gneiss,273.0,19.5,50.5,7.49,5.27,2.8,99.0,0.33,48.6,186.9,569.0,1.0,1,ISRO NRSC Landslide Atlas 2023 & NASA SRTM 30m DEM
Assam,Kamrup Metropolitan (Guwahati),24,Northeast Hills,Granitic Gneiss,20.0,29.1,141.4,11.42,5.45,3.1,86.6,0.59,31.2,138.3,397.0,0.9998,1,ISRO NRSC Landslide Atlas 2023 & NASA SRTM 30m DEM
Assam,Kamrup Metropolitan (Guwahati),24,Northeast Hills,Granitic Gneiss,20.0,17.3,229.7,8.06,5.97,3.7,40.2,0.71,6.5,25.3,90.6,0.3503,0,ISRO NRSC Landslide Atlas 2023 & NASA SRTM 30m DEM
Assam,Kamrup Metropolitan (Guwahati),24,Northeast Hills,Granitic Gneiss,88.0,20.1,17.8,6.62,5.56,2.8,35.6,0.69,10.8,61.3,140.2,0.6939,1,ISRO NRSC Landslide Atlas 2023 & NASA SRTM 30m DEM
Assam,Kamrup Metropolitan (Guwahati),24,Northeast Hills,Granitic Gneiss,200.0,31.6,289.5,9.52,4.91,2.9,99.0,0.3,48.9,261.3,1175.5,1.0,1,ISRO NRSC Landslide Atlas 2023 & NASA SRTM 30m DEM
Assam,Kamrup Metropolitan (Guwahati),24,Northeast Hills,Granitic Gneiss,208.0,28.9,109.9,9.48,5.44,1.7,18.2,0.75,1.8,9.6,31.0,0.3071,0,ISRO NRSC Landslide Atlas 2023 & NASA SRTM 30m DEM
Assam,Kamrup Metropolitan (Guwahati),24,Northeast Hills,Granitic Gneiss,49.0,35.0,328.9,11.12,4.29,2.7,42.7,0.61,13.7,50.2,132.6,0.9538,1,ISRO NRSC Landslide Atlas 2023 & NASA SRTM 30m DEM
Assam,Kamrup Metropolitan (Guwahati),24,Northeast Hills,Granitic Gneiss,20.0,21.2,84.5,8.52,6.0,1.3,40.9,0.72,6.4,29.7,118.0,0.5339,1,ISRO NRSC Landslide Atlas 2023 & NASA SRTM 30m DEM
Assam,Kamrup Metropolitan (Guwahati),24,Northeast Hills,Granitic Gneiss,139.0,41.9,191.5,13.03,4.09,2.5,74.8,0.52,26.7,97.5,419.6,0.9998,1,ISRO NRSC Landslide Atlas 2023 & NASA SRTM 30m DEM
Assam,Kamrup Metropolitan (Guwahati),24,Northeast Hills,Granitic Gneiss,20.0,27.1,44.8,9.78,4.84,2.9,39.7,0.43,9.8,46.9,118.4,0.8675,1,ISRO NRSC Landslide Atlas 2023 & NASA SRTM 30m DEM
Assam,Kamrup Metropolitan (Guwahati),24,Northeast Hills,Granitic Gneiss,34.0,30.8,259.0,10.34,5.24,2.7,18.6,0.66,0.7,2.6,9.2,0.3243,0,ISRO NRSC Landslide Atlas 2023 & NASA SRTM 30m DEM
Assam,Kamrup Metropolitan (Guwahati),24,Northeast Hills,Granitic Gneiss,20.0,26.2,248.5,9.78,5.44,2.0,27.4,0.67,1.1,3.6,11.8,0.2622,0,ISRO NRSC Landslide Atlas 2023 & NASA SRTM 30m DEM
Assam,Kamrup Metropolitan (Guwahati),24,Northeast Hills,Granitic Gneiss,134.0,25.7,270.6,8.72,4.97,3.4,72.9,0.42,27.8,86.2,363.2,0.9967,1,ISRO NRSC Landslide Atlas 2023 & NASA SRTM 30m DEM
Assam,Kamrup Metropolitan (Guwahati),24,Northeast Hills,Granitic Gneiss,161.0,35.1,43.0,12.44,5.36,3.8,15.0,0.56,0.4,2.0,7.9,0.5275,1,ISRO NRSC Landslide Atlas 2023 & NASA SRTM 30m DEM
Assam,Kamrup Metropolitan (Guwahati),24,Northeast Hills,Granitic Gneiss,20.0,29.3,234.5,8.91,5.91,3.5,34.7,0.64,4.6,28.1,69.7,0.64,1,ISRO NRSC Landslide Atlas 2023 & NASA SRTM 30m DEM
Assam,Kamrup Metropolitan (Guwahati),24,Northeast Hills,Granitic Gneiss,20.0,32.1,113.5,11.29,5.07,2.9,50.8,0.59,16.4,55.9,233.0,0.9806,1,ISRO NRSC Landslide Atlas 2023 & NASA SRTM 30m DEM
Assam,Kamrup Metropolitan (Guwahati),24,Northeast Hills,Granitic Gneiss,419.0,27.5,199.3,9.67,5.27,2.5,16.7,0.7,0.5,2.8,10.8,0.2187,0,ISRO NRSC Landslide Atlas 2023 & NASA SRTM 30m DEM
Assam,Kamrup Metropolitan (Guwahati),24,Northeast Hills,Granitic Gneiss,99.0,23.8,184.2,6.76,5.18,3.0,36.0,0.22,6.4,18.3,62.7,0.4903,0,ISRO NRSC Landslide Atlas 2023 & NASA SRTM 30m DEM
Assam,Kamrup Metropolitan (Guwahati),24,Northeast Hills,Granitic Gneiss,183.0,22.8,159.3,8.23,5.96,2.9,15.0,0.78,0.9,5.8,13.6,0.124,0,ISRO NRSC Landslide Atlas 2023 & NASA SRTM 30m DEM
Assam,Kamrup Metropolitan (Guwahati),24,Northeast Hills,Granitic Gneiss,20.0,27.3,133.6,10.15,4.58,3.9,50.6,0.44,20.8,73.0,219.7,0.9825,1,ISRO NRSC Landslide Atlas 2023 & NASA SRTM 30m DEM
Assam,Kamrup Metropolitan (Guwahati),24,Northeast Hills,Granitic Gneiss,71.0,25.4,316.4,9.3,5.21,2.8,64.6,0.31,13.1,80.4,257.9,0.9864,1,ISRO NRSC Landslide Atlas 2023 & NASA SRTM 30m DEM
Assam,Kamrup Metropolitan (Guwahati),24,Northeast Hills,Granitic Gneiss,76.0,30.8,346.5,10.17,5.76,2.5,32.7,0.43,5.1,18.0,75.3,0.7231,1,ISRO NRSC Landslide Atlas 2023 & NASA SRTM 30m DEM
Assam,Kamrup Metropolitan (Guwahati),24,Northeast Hills,Granitic Gneiss,20.0,24.1,246.6,8.15,4.69,1.2,30.1,0.21,5.2,25.1,55.5,0.5419,1,ISRO NRSC Landslide Atlas 2023 & NASA SRTM 30m DEM
Assam,Kamrup Metropolitan (Guwahati),24,Northeast Hills,Granitic Gneiss,20.0,20.2,168.7,7.0,5.17,2.5,41.5,0.41,6.2,28.8,107.1,0.5083,1,ISRO NRSC Landslide Atlas 2023 & NASA SRTM 30m DEM
Assam,Kamrup Metropolitan (Guwahati),24,Northeast Hills,Granitic Gneiss,175.0,31.5,16.4,11.01,5.22,2.1,64.4,0.53,37.0,130.1,287.7,0.9995,1,ISRO NRSC Landslide Atlas 2023 & NASA SRTM 30m DEM
Assam,Kamrup Metropolitan (Guwahati),24,Northeast Hills,Granitic Gneiss,185.0,30.7,304.7,12.02,5.42,2.9,28.4,0.35,2.8,15.5,67.4,0.7378,1,ISRO NRSC Landslide Atlas 2023 & NASA SRTM 30m DEM
Assam,Kamrup Metropolitan (Guwahati),24,Northeast Hills,Granitic Gneiss,177.0,26.8,194.6,9.12,5.93,0.9,78.5,0.82,26.6,115.1,399.1,0.9985,1,ISRO NRSC Landslide Atlas 2023 & NASA SRTM 30m DEM
Assam,Kamrup Metropolitan (Guwahati),24,Northeast Hills,Granitic Gneiss,96.0,34.5,257.0,13.8,4.58,2.4,41.1,0.22,9.2,45.4,162.4,0.9785,1,ISRO NRSC Landslide Atlas 2023 & NASA SRTM 30m DEM
Assam,Kamrup Metropolitan (Guwahati),24,Northeast Hills,Granitic Gneiss,93.0,38.1,101.3,12.16,4.68,3.6,56.5,0.34,21.9,95.9,260.7,0.9988,1,ISRO NRSC Landslide Atlas 2023 & NASA SRTM 30m DEM
Assam,Kamrup Metropolitan (Guwahati),24,Northeast Hills,Granitic Gneiss,143.0,28.4,209.2,10.74,4.59,3.2,40.2,0.72,5.2,26.7,74.0,0.6657,1,ISRO NRSC Landslide Atlas 2023 & NASA SRTM 30m DEM
Assam,Kamrup Metropolitan (Guwahati),24,Northeast Hills,Granitic Gneiss,116.0,24.6,46.2,10.19,5.06,2.1,27.4,0.41,4.9,16.6,40.5,0.4837,0,ISRO NRSC Landslide Atlas 2023 & NASA SRTM 30m DEM
Assam,Kamrup Metropolitan (Guwahati),24,Northeast Hills,Granitic Gneiss,310.0,27.7,34.8,9.47,5.8,0.9,99.0,0.6,34.4,161.4,663.6,1.0,1,ISRO NRSC Landslide Atlas 2023 & NASA SRTM 30m DEM
Assam,Kamrup Metropolitan (Guwahati),24,Northeast Hills,Granitic Gneiss,75.0,29.9,180.0,11.04,4.34,2.6,76.4,0.79,41.9,124.0,310.8,0.9995,1,ISRO NRSC Landslide Atlas 2023 & NASA SRTM 30m DEM
Assam,Kamrup Metropolitan (Guwahati),24,Northeast Hills,Granitic Gneiss,20.0,12.7,117.9,4.39,6.75,2.0,24.2,0.57,1.1,6.5,16.6,0.0464,0,ISRO NRSC Landslide Atlas 2023 & NASA SRTM 30m DEM
Assam,Kamrup Metropolitan (Guwahati),24,Northeast Hills,Granitic Gneiss,39.0,29.2,132.0,8.31,5.57,2.7,27.2,0.56,3.8,20.6,60.1,0.5166,1,ISRO NRSC Landslide Atlas 2023 & NASA SRTM 30m DEM
Assam,Kamrup Metropolitan (Guwahati),24,Northeast Hills,Granitic Gneiss,44.0,25.1,15.6,9.38,4.5,4.4,44.0,0.64,15.8,54.2,161.3,0.8925,1,ISRO NRSC Landslide Atlas 2023 & NASA SRTM 30m DEM
Assam,Kamrup Metropolitan (Guwahati),24,Northeast Hills,Granitic Gneiss,20.0,27.3,75.3,8.95,6.16,1.0,46.1,0.58,11.1,37.5,123.0,0.8372,1,ISRO NRSC Landslide Atlas 2023 & NASA SRTM 30m DEM
Assam,Kamrup Metropolitan (Guwahati),24,Northeast Hills,Granitic Gneiss,20.0,35.7,239.8,12.39,4.93,3.8,52.5,0.68,14.2,75.2,237.7,0.9922,1,ISRO NRSC Landslide Atlas 2023 & NASA SRTM 30m DEM
Assam,Kamrup Metropolitan (Guwahati),24,Northeast Hills,Granitic Gneiss,27.0,29.7,326.8,10.32,4.97,3.3,40.0,0.83,15.8,51.2,131.4,0.8985,1,ISRO NRSC Landslide Atlas 2023 & NASA SRTM 30m DEM
Assam,Kamrup Metropolitan (Guwahati),24,Northeast Hills,Granitic Gneiss,222.0,20.2,158.2,6.06,5.46,2.8,74.7,0.67,28.6,103.3,372.3,0.9933,1,ISRO NRSC Landslide Atlas 2023 & NASA SRTM 30m DEM
Assam,Kamrup Metropolitan (Guwahati),24,Northeast Hills,Granitic Gneiss,36.0,25.3,70.5,8.13,6.02,0.9,31.7,0.37,5.9,28.6,81.4,0.6261,1,ISRO NRSC Landslide Atlas 2023 & NASA SRTM 30m DEM
Assam,Kamrup Metropolitan (Guwahati),24,Northeast Hills,Granitic Gneiss,20.0,27.7,346.0,9.68,4.49,3.0,29.3,0.8,2.3,14.0,49.8,0.3601,0,ISRO NRSC Landslide Atlas 2023 & NASA SRTM 30m DEM
Assam,Kamrup Metropolitan (Guwahati),24,Northeast Hills,Granitic Gneiss,109.0,26.2,67.0,8.94,5.74,3.9,49.8,0.76,16.6,50.5,152.3,0.8925,1,ISRO NRSC Landslide Atlas 2023 & NASA SRTM 30m DEM
Assam,Kamrup Metropolitan (Guwahati),24,Northeast Hills,Granitic Gneiss,154.0,24.3,117.3,10.13,5.85,2.2,31.7,0.39,3.0,19.6,39.3,0.5208,1,ISRO NRSC Landslide Atlas 2023 & NASA SRTM 30m DEM
Assam,Kamrup Metropolitan (Guwahati),24,Northeast Hills,Granitic Gneiss,20.0,30.4,343.6,9.4,4.62,2.7,51.4,0.29,17.9,72.3,196.1,0.9844,1,ISRO NRSC Landslide Atlas 2023 & NASA SRTM 30m DEM
Assam,Kamrup Metropolitan (Guwahati),24,Northeast Hills,Granitic Gneiss,20.0,32.8,231.3,12.17,5.46,3.7,48.0,0.37,15.0,60.7,201.1,0.987,1,ISRO NRSC Landslide Atlas 2023 & NASA SRTM 30m DEM
Assam,Kamrup Metropolitan (Guwahati),24,Northeast Hills,Granitic Gneiss,168.0,31.8,48.9,11.81,5.24,1.9,33.3,0.32,6.2,20.6,45.2,0.806,1,ISRO NRSC Landslide Atlas 2023 & NASA SRTM 30m DEM
Assam,Kamrup Metropolitan (Guwahati),24,Northeast Hills,Granitic Gneiss,101.0,29.5,81.9,12.11,5.3,1.9,99.0,0.72,101.9,302.9,959.5,1.0,1,ISRO NRSC Landslide Atlas 2023 & NASA SRTM 30m DEM
Assam,Kamrup Metropolitan (Guwahati),24,Northeast Hills,Granitic Gneiss,61.0,27.7,252.0,9.79,4.84,2.5,92.1,0.26,34.4,120.1,518.5,0.9999,1,ISRO NRSC Landslide Atlas 2023 & NASA SRTM 30m DEM
Assam,Kamrup Metropolitan (Guwahati),24,Northeast Hills,Granitic Gneiss,20.0,26.8,306.3,7.88,5.14,2.5,25.5,0.4,5.5,26.0,78.6,0.5599,1,ISRO NRSC Landslide Atlas 2023 & NASA SRTM 30m DEM
Assam,Kamrup Metropolitan (Guwahati),24,Northeast Hills,Granitic Gneiss,52.0,28.5,112.6,10.29,4.89,1.9,81.0,0.62,21.1,129.4,382.3,0.9992,1,ISRO NRSC Landslide Atlas 2023 & NASA SRTM 30m DEM
Assam,Kamrup Metropolitan (Guwahati),24,Northeast Hills,Granitic Gneiss,266.0,33.2,91.4,10.19,4.65,2.6,42.5,0.35,9.8,55.4,130.3,0.9538,1,ISRO NRSC Landslide Atlas 2023 & NASA SRTM 30m DEM
Assam,Kamrup Metropolitan (Guwahati),24,Northeast Hills,Granitic Gneiss,20.0,27.3,263.0,10.19,5.12,2.1,34.5,0.3,8.9,26.4,82.0,0.7751,1,ISRO NRSC Landslide Atlas 2023 & NASA SRTM 30m DEM
Assam,Kamrup Metropolitan (Guwahati),24,Northeast Hills,Granitic Gneiss,167.0,21.8,265.3,6.51,6.08,0.5,41.9,0.32,21.2,68.4,152.3,0.9227,1,ISRO NRSC Landslide Atlas 2023 & NASA SRTM 30m DEM
Assam,Kamrup Metropolitan (Guwahati),24,Northeast Hills,Granitic Gneiss,265.0,29.1,286.1,11.55,4.61,2.7,99.0,0.54,33.6,204.6,749.7,1.0,1,ISRO NRSC Landslide Atlas 2023 & NASA SRTM 30m DEM
Assam,Kamrup Metropolitan (Guwahati),24,Northeast Hills,Granitic Gneiss,20.0,37.4,34.5,13.2,5.02,2.5,31.1,0.73,6.6,31.5,77.0,0.8899,1,ISRO NRSC Landslide Atlas 2023 & NASA SRTM 30m DEM
Assam,Kamrup Metropolitan (Guwahati),24,Northeast Hills,Granitic Gneiss,20.0,30.1,147.6,11.19,5.43,2.2,58.1,0.82,26.5,81.0,244.2,0.9923,1,ISRO NRSC Landslide Atlas 2023 & NASA SRTM 30m DEM
Assam,Kamrup Metropolitan (Guwahati),24,Northeast Hills,Granitic Gneiss,197.0,26.9,143.2,10.31,6.27,1.6,99.0,0.66,61.7,194.3,666.0,1.0,1,ISRO NRSC Landslide Atlas 2023 & NASA SRTM 30m DEM
Assam,Kamrup Metropolitan (Guwahati),24,Northeast Hills,Granitic Gneiss,92.0,35.5,68.4,12.75,5.44,3.1,99.0,0.53,80.1,254.1,612.7,1.0,1,ISRO NRSC Landslide Atlas 2023 & NASA SRTM 30m DEM
Assam,Kamrup Metropolitan (Guwahati),24,Northeast Hills,Granitic Gneiss,303.0,25.8,109.7,7.94,4.98,3.5,53.6,0.67,13.4,65.4,253.2,0.9463,1,ISRO NRSC Landslide Atlas 2023 & NASA SRTM 30m DEM
Assam,Kamrup Metropolitan (Guwahati),24,Northeast Hills,Granitic Gneiss,81.0,27.8,265.1,9.6,4.44,2.8,25.1,0.66,6.3,26.0,72.8,0.5497,1,ISRO NRSC Landslide Atlas 2023 & NASA SRTM 30m DEM
Assam,Kamrup Metropolitan (Guwahati),24,Northeast Hills,Granitic Gneiss,94.0,31.9,164.5,10.78,4.54,2.3,76.2,0.72,17.1,70.3,296.0,0.9928,1,ISRO NRSC Landslide Atlas 2023 & NASA SRTM 30m DEM
Assam,Kamrup Metropolitan (Guwahati),24,Northeast Hills,Granitic Gneiss,20.0,26.9,181.7,10.15,5.11,2.1,28.7,0.85,4.1,16.8,71.3,0.4265,0,ISRO NRSC Landslide Atlas 2023 & NASA SRTM 30m DEM
Assam,Kamrup Metropolitan (Guwahati),24,Northeast Hills,Granitic Gneiss,279.0,35.1,136.6,12.66,4.7,3.9,41.3,0.25,8.5,45.2,100.8,0.9629,1,ISRO NRSC Landslide Atlas 2023 & NASA SRTM 30m DEM
Assam,Kamrup Metropolitan (Guwahati),24,Northeast Hills,Granitic Gneiss,46.0,30.0,247.3,10.15,4.69,0.8,92.3,0.32,44.4,198.1,475.1,1.0,1,ISRO NRSC Landslide Atlas 2023 & NASA SRTM 30m DEM
Assam,Kamrup Metropolitan (Guwahati),24,Northeast Hills,Granitic Gneiss,20.0,24.2,84.4,9.14,5.6,2.8,35.9,0.6,12.4,35.6,77.1,0.6906,1,ISRO NRSC Landslide Atlas 2023 & NASA SRTM 30m DEM
Assam,Kamrup Metropolitan (Guwahati),24,Northeast Hills,Granitic Gneiss,66.0,30.3,88.8,10.14,5.47,2.5,41.0,0.42,12.7,40.2,108.2,0.9062,1,ISRO NRSC Landslide Atlas 2023 & NASA SRTM 30m DEM
Assam,Kamrup Metropolitan (Guwahati),24,Northeast Hills,Granitic Gneiss,20.0,23.4,224.0,7.63,5.72,4.4,34.9,0.79,5.8,22.0,47.3,0.3283,0,ISRO NRSC Landslide Atlas 2023 & NASA SRTM 30m DEM
Assam,Kamrup Metropolitan (Guwahati),24,Northeast Hills,Granitic Gneiss,141.0,19.8,225.5,9.31,6.02,3.0,22.3,0.6,7.6,27.5,98.3,0.4493,0,ISRO NRSC Landslide Atlas 2023 & NASA SRTM 30m DEM
Assam,Kamrup Metropolitan (Guwahati),24,Northeast Hills,Granitic Gneiss,46.0,20.1,324.5,7.63,5.7,2.7,73.0,0.59,30.6,161.2,347.3,0.9991,1,ISRO NRSC Landslide Atlas 2023 & NASA SRTM 30m DEM
Assam,Kamrup Metropolitan (Guwahati),24,Northeast Hills,Granitic Gneiss,20.0,24.7,339.5,9.01,6.08,2.4,42.7,0.25,7.7,45.7,144.4,0.877,1,ISRO NRSC Landslide Atlas 2023 & NASA SRTM 30m DEM
Assam,Kamrup Metropolitan (Guwahati),24,Northeast Hills,Granitic Gneiss,143.0,32.1,349.8,11.38,5.7,2.0,25.8,0.59,5.4,15.7,61.4,0.6885,1,ISRO NRSC Landslide Atlas 2023 & NASA SRTM 30m DEM
Assam,Kamrup Metropolitan (Guwahati),24,Northeast Hills,Granitic Gneiss,121.0,21.7,251.8,9.11,4.32,3.3,40.4,0.22,10.3,37.4,126.2,0.7819,1,ISRO NRSC Landslide Atlas 2023 & NASA SRTM 30m DEM
Assam,Kamrup Metropolitan (Guwahati),24,Northeast Hills,Granitic Gneiss,203.0,27.3,124.3,9.02,4.9,2.3,82.0,0.2,35.9,135.9,397.6,0.9998,1,ISRO NRSC Landslide Atlas 2023 & NASA SRTM 30m DEM
Assam,Kamrup Metropolitan (Guwahati),24,Northeast Hills,Granitic Gneiss,162.0,22.3,10.0,8.0,5.42,3.3,28.1,0.3,3.3,13.6,39.1,0.3431,0,ISRO NRSC Landslide Atlas 2023 & NASA SRTM 30m DEM
Assam,Kamrup Metropolitan (Guwahati),24,Northeast Hills,Granitic Gneiss,124.0,24.7,133.6,9.69,5.59,2.6,24.0,0.41,3.4,14.1,49.4,0.4363,0,ISRO NRSC Landslide Atlas 2023 & NASA SRTM 30m DEM
Assam,Kamrup Metropolitan (Guwahati),24,Northeast Hills,Granitic Gneiss,192.0,22.9,230.6,7.04,4.32,2.0,38.0,0.43,7.2,39.8,119.3,0.634,1,ISRO NRSC Landslide Atlas 2023 & NASA SRTM 30m DEM
Assam,Kamrup Metropolitan (Guwahati),24,Northeast Hills,Granitic Gneiss,59.0,21.8,72.4,8.06,5.26,1.1,23.7,0.61,1.0,5.0,22.4,0.1546,0,ISRO NRSC Landslide Atlas 2023 & NASA SRTM 30m DEM
Assam,Kamrup Metropolitan (Guwahati),24,Northeast Hills,Granitic Gneiss,183.0,27.8,43.9,9.63,4.73,2.6,76.9,0.56,36.3,109.6,376.5,0.9992,1,ISRO NRSC Landslide Atlas 2023 & NASA SRTM 30m DEM
Assam,Kamrup Metropolitan (Guwahati),24,Northeast Hills,Granitic Gneiss,37.0,26.7,63.5,6.84,5.78,2.6,40.4,0.52,5.1,31.1,139.0,0.6753,1,ISRO NRSC Landslide Atlas 2023 & NASA SRTM 30m DEM
Assam,Kamrup Metropolitan (Guwahati),24,Northeast Hills,Granitic Gneiss,162.0,30.6,132.3,10.9,4.5,2.7,78.3,0.46,17.0,97.6,405.2,0.9987,1,ISRO NRSC Landslide Atlas 2023 & NASA SRTM 30m DEM
Assam,Kamrup Metropolitan (Guwahati),24,Northeast Hills,Granitic Gneiss,373.0,26.1,304.6,8.27,5.18,3.0,99.0,0.32,53.2,166.7,537.7,1.0,1,ISRO NRSC Landslide Atlas 2023 & NASA SRTM 30m DEM
Assam,Kamrup Metropolitan (Guwahati),24,Northeast Hills,Granitic Gneiss,123.0,29.0,291.5,11.05,5.44,4.1,25.1,0.48,2.1,7.9,23.1,0.4829,0,ISRO NRSC Landslide Atlas 2023 & NASA SRTM 30m DEM
Assam,Kamrup Metropolitan (Guwahati),24,Northeast Hills,Granitic Gneiss,42.0,32.9,352.5,12.28,5.24,2.1,27.0,0.72,6.0,19.3,47.5,0.7064,1,ISRO NRSC Landslide Atlas 2023 & NASA SRTM 30m DEM
Assam,Kamrup Metropolitan (Guwahati),24,Northeast Hills,Granitic Gneiss,112.0,22.9,249.4,7.75,5.35,3.1,28.3,0.43,7.6,27.8,73.6,0.4987,0,ISRO NRSC Landslide Atlas 2023 & NASA SRTM 30m DEM
Assam,Kamrup Metropolitan (Guwahati),24,Northeast Hills,Granitic Gneiss,221.0,20.7,221.0,8.37,5.54,2.2,72.6,0.46,19.3,104.8,339.6,0.994,1,ISRO NRSC Landslide Atlas 2023 & NASA SRTM 30m DEM
Assam,Kamrup Metropolitan (Guwahati),24,Northeast Hills,Granitic Gneiss,45.0,25.5,64.9,9.2,5.3,2.9,26.8,0.62,1.3,8.1,23.5,0.277,0,ISRO NRSC Landslide Atlas 2023 & NASA SRTM 30m DEM
Assam,Kamrup Metropolitan (Guwahati),24,Northeast Hills,Granitic Gneiss,230.0,26.5,211.4,9.94,5.61,1.6,73.9,0.78,16.1,107.4,412.4,0.9972,1,ISRO NRSC Landslide Atlas 2023 & NASA SRTM 30m DEM
Assam,Kamrup Metropolitan (Guwahati),24,Northeast Hills,Granitic Gneiss,20.0,22.0,99.8,6.7,5.28,0.8,33.3,0.45,10.5,41.6,147.0,0.6786,1,ISRO NRSC Landslide Atlas 2023 & NASA SRTM 30m DEM
Assam,Kamrup Metropolitan (Guwahati),24,Northeast Hills,Granitic Gneiss,20.0,30.2,94.9,10.89,5.44,2.6,35.0,0.56,8.0,27.0,73.9,0.7776,1,ISRO NRSC Landslide Atlas 2023 & NASA SRTM 30m DEM
Assam,Kamrup Metropolitan (Guwahati),24,Northeast Hills,Granitic Gneiss,20.0,32.1,252.6,11.24,4.96,2.3,84.5,0.42,16.1,103.7,417.2,0.9993,1,ISRO NRSC Landslide Atlas 2023 & NASA SRTM 30m DEM
Assam,Kamrup Metropolitan (Guwahati),24,Northeast Hills,Granitic Gneiss,158.0,34.6,294.9,13.01,5.27,1.0,21.6,0.67,1.8,7.8,20.7,0.6096,1,ISRO NRSC Landslide Atlas 2023 & NASA SRTM 30m DEM
Assam,Kamrup Metropolitan (Guwahati),24,Northeast Hills,Granitic Gneiss,20.0,27.1,162.2,8.73,4.94,2.5,27.6,0.39,8.2,25.1,82.7,0.644,1,ISRO NRSC Landslide Atlas 2023 & NASA SRTM 30m DEM
Assam,Kamrup Metropolitan (Guwahati),24,Northeast Hills,Granitic Gneiss,186.0,31.6,229.0,10.34,5.1,3.2,59.6,0.41,10.2,59.2,234.4,0.981,1,ISRO NRSC Landslide Atlas 2023 & NASA SRTM 30m DEM
Assam,Kamrup Metropolitan (Guwahati),24,Northeast Hills,Granitic Gneiss,193.0,24.1,53.3,9.93,5.67,2.5,22.8,0.66,0.8,2.7,8.0,0.2075,0,ISRO NRSC Landslide Atlas 2023 & NASA SRTM 30m DEM
Assam,Kamrup Metropolitan (Guwahati),24,Northeast Hills,Granitic Gneiss,20.0,32.4,273.6,11.22,6.12,1.8,57.5,0.23,17.8,64.6,240.5,0.9938,1,ISRO NRSC Landslide Atlas 2023 & NASA SRTM 30m DEM
Assam,Kamrup Metropolitan (Guwahati),24,Northeast Hills,Granitic Gneiss,247.0,31.6,31.2,9.71,4.14,1.8,25.6,0.39,2.4,9.6,33.4,0.5187,1,ISRO NRSC Landslide Atlas 2023 & NASA SRTM 30m DEM
Assam,Kamrup Metropolitan (Guwahati),24,Northeast Hills,Granitic Gneiss,200.0,27.3,148.7,8.54,5.67,2.4,99.0,0.6,43.4,152.7,630.9,1.0,1,ISRO NRSC Landslide Atlas 2023 & NASA SRTM 30m DEM
Assam,Kamrup Metropolitan (Guwahati),24,Northeast Hills,Granitic Gneiss,257.0,31.6,303.8,9.68,4.68,2.1,28.9,0.27,2.3,7.1,28.3,0.5656,1,ISRO NRSC Landslide Atlas 2023 & NASA SRTM 30m DEM
Assam,Kamrup Metropolitan (Guwahati),24,Northeast Hills,Granitic Gneiss,237.0,34.1,322.9,11.64,5.05,2.3,57.2,0.79,27.3,85.7,282.7,0.9967,1,ISRO NRSC Landslide Atlas 2023 & NASA SRTM 30m DEM
Assam,Kamrup Metropolitan (Guwahati),24,Northeast Hills,Granitic Gneiss,20.0,33.3,303.9,11.86,4.98,3.4,56.7,0.41,16.1,61.1,272.4,0.9925,1,ISRO NRSC Landslide Atlas 2023 & NASA SRTM 30m DEM
Assam,Kamrup Metropolitan (Guwahati),24,Northeast Hills,Granitic Gneiss,20.0,23.1,190.0,6.54,4.68,3.1,55.2,0.38,18.9,64.2,279.6,0.9592,1,ISRO NRSC Landslide Atlas 2023 & NASA SRTM 30m DEM
Assam,Kamrup Metropolitan (Guwahati),24,Northeast Hills,Granitic Gneiss,20.0,32.8,246.4,11.95,4.81,2.3,99.0,0.26,29.6,159.9,598.7,1.0,1,ISRO NRSC Landslide Atlas 2023 & NASA SRTM 30m DEM
Assam,Kamrup Metropolitan (Guwahati),24,Northeast Hills,Granitic Gneiss,20.0,34.8,127.4,11.31,4.07,3.0,30.2,0.4,3.2,14.1,38.7,0.7223,1,ISRO NRSC Landslide Atlas 2023 & NASA SRTM 30m DEM
Assam,Kamrup Metropolitan (Guwahati),24,Northeast Hills,Granitic Gneiss,22.0,25.0,123.4,8.18,5.16,3.7,49.8,0.26,13.6,77.3,206.5,0.9689,1,ISRO NRSC Landslide Atlas 2023 & NASA SRTM 30m DEM
Assam,Kamrup Metropolitan (Guwahati),24,Northeast Hills,Granitic Gneiss,114.0,26.6,268.6,10.21,5.44,2.4,43.2,0.76,6.4,34.4,147.7,0.7709,1,ISRO NRSC Landslide Atlas 2023 & NASA SRTM 30m DEM
Assam,Kamrup Metropolitan (Guwahati),24,Northeast Hills,Granitic Gneiss,20.0,28.8,43.3,10.83,5.21,3.7,42.8,0.66,10.0,45.9,104.8,0.8719,1,ISRO NRSC Landslide Atlas 2023 & NASA SRTM 30m DEM
Assam,Kamrup Metropolitan (Guwahati),24,Northeast Hills,Granitic Gneiss,20.0,29.6,156.8,11.32,4.3,1.8,33.6,0.79,2.6,13.4,54.8,0.5051,1,ISRO NRSC Landslide Atlas 2023 & NASA SRTM 30m DEM
Assam,Kamrup Metropolitan (Guwahati),24,Northeast Hills,Granitic Gneiss,70.0,31.3,101.1,11.89,5.3,1.7,57.5,0.78,30.3,96.0,249.7,0.9969,1,ISRO NRSC Landslide Atlas 2023 & NASA SRTM 30m DEM
Assam,Kamrup Metropolitan (Guwahati),24,Northeast Hills,Granitic Gneiss,20.0,21.0,27.4,5.61,5.89,2.5,88.2,0.6,37.4,116.7,448.5,0.9988,1,ISRO NRSC Landslide Atlas 2023 & NASA SRTM 30m DEM
Assam,Kamrup Metropolitan (Guwahati),24,Northeast Hills,Granitic Gneiss,117.0,29.4,12.3,10.53,5.82,2.6,99.0,0.71,30.0,171.5,619.4,1.0,1,ISRO NRSC Landslide Atlas 2023 & NASA SRTM 30m DEM
Assam,Kamrup Metropolitan (Guwahati),24,Northeast Hills,Granitic Gneiss,154.0,23.5,287.5,8.32,5.51,2.7,50.7,0.22,14.3,93.4,209.0,0.9809,1,ISRO NRSC Landslide Atlas 2023 & NASA SRTM 30m DEM
Assam,Kamrup Metropolitan (Guwahati),24,Northeast Hills,Granitic Gneiss,53.0,28.5,192.5,8.7,5.88,1.4,64.6,0.44,18.6,54.9,235.8,0.978,1,ISRO NRSC Landslide Atlas 2023 & NASA SRTM 30m DEM
Assam,Kamrup Metropolitan (Guwahati),24,Northeast Hills,Granitic Gneiss,145.0,35.1,342.9,12.51,4.64,2.9,72.6,0.48,23.9,76.2,328.7,0.9985,1,ISRO NRSC Landslide Atlas 2023 & NASA SRTM 30m DEM
Assam,Kamrup Metropolitan (Guwahati),24,Northeast Hills,Granitic Gneiss,237.0,26.8,186.5,10.18,5.55,2.5,17.8,0.56,1.2,3.9,11.9,0.2838,0,ISRO NRSC Landslide Atlas 2023 & NASA SRTM 30m DEM
Assam,Kamrup Metropolitan (Guwahati),24,Northeast Hills,Granitic Gneiss,20.0,25.2,87.5,11.21,5.01,2.3,92.8,0.36,44.1,156.8,516.1,1.0,1,ISRO NRSC Landslide Atlas 2023 & NASA SRTM 30m DEM
Assam,Kamrup Metropolitan (Guwahati),24,Northeast Hills,Granitic Gneiss,146.0,24.8,162.2,8.01,6.08,4.2,99.0,0.69,94.9,345.9,1306.7,1.0,1,ISRO NRSC Landslide Atlas 2023 & NASA SRTM 30m DEM
Assam,Kamrup Metropolitan (Guwahati),24,Northeast Hills,Granitic Gneiss,158.0,31.3,305.9,11.89,5.19,2.5,46.8,0.62,23.5,76.7,219.2,0.991,1,ISRO NRSC Landslide Atlas 2023 & NASA SRTM 30m DEM
Assam,Kamrup Metropolitan (Guwahati),24,Northeast Hills,Granitic Gneiss,48.0,25.5,359.8,8.67,5.33,2.9,99.0,0.32,47.0,208.2,643.6,1.0,1,ISRO NRSC Landslide Atlas 2023 & NASA SRTM 30m DEM
Assam,Kamrup Metropolitan (Guwahati),24,Northeast Hills,Granitic Gneiss,317.0,31.4,77.4,9.72,6.04,2.0,18.8,0.8,1.3,4.9,10.4,0.3117,0,ISRO NRSC Landslide Atlas 2023 & NASA SRTM 30m DEM
Assam,Kamrup Metropolitan (Guwahati),24,Northeast Hills,Granitic Gneiss,341.0,32.8,134.6,10.9,4.69,2.6,19.3,0.83,1.5,7.1,20.5,0.3805,0,ISRO NRSC Landslide Atlas 2023 & NASA SRTM 30m DEM
Assam,Kamrup Metropolitan (Guwahati),24,Northeast Hills,Granitic Gneiss,60.0,29.8,130.3,10.26,5.71,2.1,18.1,0.53,2.9,14.1,59.7,0.5261,1,ISRO NRSC Landslide Atlas 2023 & NASA SRTM 30m DEM
Assam,Kamrup Metropolitan (Guwahati),24,Northeast Hills,Granitic Gneiss,75.0,36.9,304.9,12.43,4.49,2.9,81.2,0.44,20.0,109.0,429.7,0.9997,1,ISRO NRSC Landslide Atlas 2023 & NASA SRTM 30m DEM
Assam,Kamrup Metropolitan (Guwahati),24,Northeast Hills,Granitic Gneiss,20.0,30.1,13.7,11.1,5.17,2.0,52.3,0.59,21.1,63.6,249.1,0.9863,1,ISRO NRSC Landslide Atlas 2023 & NASA SRTM 30m DEM
Assam,Kamrup Metropolitan (Guwahati),24,Northeast Hills,Granitic Gneiss,20.0,24.6,230.1,7.82,4.78,1.8,88.3,0.75,23.9,145.2,448.1,0.9993,1,ISRO NRSC Landslide Atlas 2023 & NASA SRTM 30m DEM
Assam,Kamrup Metropolitan (Guwahati),24,Northeast Hills,Granitic Gneiss,20.0,31.2,201.9,11.33,3.97,2.7,35.0,0.38,0.9,4.7,15.7,0.5512,1,ISRO NRSC Landslide Atlas 2023 & NASA SRTM 30m DEM
Assam,Kamrup Metropolitan (Guwahati),24,Northeast Hills,Granitic Gneiss,97.0,28.2,121.6,10.76,4.81,2.2,56.6,0.68,21.2,62.4,223.9,0.9777,1,ISRO NRSC Landslide Atlas 2023 & NASA SRTM 30m DEM
Assam,Kamrup Metropolitan (Guwahati),24,Northeast Hills,Granitic Gneiss,77.0,23.3,104.7,8.2,5.9,3.1,50.9,0.23,19.1,116.4,259.7,0.994,1,ISRO NRSC Landslide Atlas 2023 & NASA SRTM 30m DEM
Assam,Kamrup Metropolitan (Guwahati),24,Northeast Hills,Granitic Gneiss,185.0,32.1,116.0,12.58,5.54,3.0,75.7,0.76,29.4,105.1,356.0,0.9993,1,ISRO NRSC Landslide Atlas 2023 & NASA SRTM 30m DEM
Assam,Kamrup Metropolitan (Guwahati),24,Northeast Hills,Granitic Gneiss,34.0,30.6,292.6,10.52,4.81,3.7,34.1,0.69,9.0,42.1,97.8,0.828,1,ISRO NRSC Landslide Atlas 2023 & NASA SRTM 30m DEM
Assam,Kamrup Metropolitan (Guwahati),24,Northeast Hills,Granitic Gneiss,135.0,25.4,198.6,9.6,5.2,1.6,29.5,0.29,9.6,32.8,94.3,0.7588,1,ISRO NRSC Landslide Atlas 2023 & NASA SRTM 30m DEM
Assam,Kamrup Metropolitan (Guwahati),24,Northeast Hills,Granitic Gneiss,274.0,28.8,340.0,9.34,4.67,2.0,31.5,0.54,7.1,28.4,75.1,0.67,1,ISRO NRSC Landslide Atlas 2023 & NASA SRTM 30m DEM
Assam,Kamrup Metropolitan (Guwahati),24,Northeast Hills,Granitic Gneiss,263.0,27.6,234.4,9.73,5.3,2.8,25.6,0.45,4.4,15.4,42.5,0.5087,1,ISRO NRSC Landslide Atlas 2023 & NASA SRTM 30m DEM
Assam,Kamrup Metropolitan (Guwahati),24,Northeast Hills,Granitic Gneiss,298.0,32.8,254.0,10.64,5.09,2.1,57.2,0.43,17.5,60.2,267.4,0.9902,1,ISRO NRSC Landslide Atlas 2023 & NASA SRTM 30m DEM
Assam,Kamrup Metropolitan (Guwahati),24,Northeast Hills,Granitic Gneiss,20.0,23.5,189.7,8.46,5.29,2.6,29.0,0.41,1.6,7.7,25.1,0.2824,0,ISRO NRSC Landslide Atlas 2023 & NASA SRTM 30m DEM
Assam,Kamrup Metropolitan (Guwahati),24,Northeast Hills,Granitic Gneiss,48.0,26.0,100.7,10.26,5.82,3.7,45.4,0.44,9.8,59.9,180.8,0.9424,1,ISRO NRSC Landslide Atlas 2023 & NASA SRTM 30m DEM
Assam,Kamrup Metropolitan (Guwahati),24,Northeast Hills,Granitic Gneiss,36.0,31.6,240.4,12.09,5.12,2.4,41.1,0.73,26.5,81.2,178.7,0.9894,1,ISRO NRSC Landslide Atlas 2023 & NASA SRTM 30m DEM
Assam,Kamrup Metropolitan (Guwahati),24,Northeast Hills,Granitic Gneiss,20.0,26.6,129.7,10.3,4.69,2.3,79.9,0.32,22.1,126.5,394.9,0.9994,1,ISRO NRSC Landslide Atlas 2023 & NASA SRTM 30m DEM
Assam,Kamrup Metropolitan (Guwahati),24,Northeast Hills,Granitic Gneiss,413.0,36.7,149.4,12.43,5.08,2.9,37.3,0.81,16.8,65.6,153.5,0.9787,1,ISRO NRSC Landslide Atlas 2023 & NASA SRTM 30m DEM
Assam,Kamrup Metropolitan (Guwahati),24,Northeast Hills,Granitic Gneiss,122.0,26.4,55.9,9.26,5.2,3.4,49.1,0.33,10.2,47.0,180.8,0.9226,1,ISRO NRSC Landslide Atlas 2023 & NASA SRTM 30m DEM
Assam,Kamrup Metropolitan (Guwahati),24,Northeast Hills,Granitic Gneiss,286.0,29.8,210.8,10.17,4.91,2.6,44.8,0.82,9.1,32.6,145.7,0.8161,1,ISRO NRSC Landslide Atlas 2023 & NASA SRTM 30m DEM
Assam,Kamrup Metropolitan (Guwahati),24,Northeast Hills,Granitic Gneiss,255.0,27.1,264.4,9.54,4.25,5.2,50.4,0.62,14.4,62.1,195.1,0.9444,1,ISRO NRSC Landslide Atlas 2023 & NASA SRTM 30m DEM
Assam,Kamrup Metropolitan (Guwahati),24,Northeast Hills,Granitic Gneiss,20.0,26.9,333.1,9.59,6.47,1.7,37.6,0.36,4.0,15.6,66.3,0.6393,1,ISRO NRSC Landslide Atlas 2023 & NASA SRTM 30m DEM
Assam,Kamrup Metropolitan (Guwahati),24,Northeast Hills,Granitic Gneiss,22.0,34.9,165.0,13.16,5.0,2.0,38.8,0.64,8.9,42.3,126.3,0.9442,1,ISRO NRSC Landslide Atlas 2023 & NASA SRTM 30m DEM
Assam,Kamrup Metropolitan (Guwahati),24,Northeast Hills,Granitic Gneiss,122.0,32.1,125.4,11.11,5.61,3.1,69.4,0.75,32.9,117.5,325.5,0.9993,1,ISRO NRSC Landslide Atlas 2023 & NASA SRTM 30m DEM
Assam,Kamrup Metropolitan (Guwahati),24,Northeast Hills,Granitic Gneiss,165.0,34.6,293.7,11.73,5.21,1.7,49.1,0.39,12.9,40.6,123.5,0.9637,1,ISRO NRSC Landslide Atlas 2023 & NASA SRTM 30m DEM
Assam,Kamrup Metropolitan (Guwahati),24,Northeast Hills,Granitic Gneiss,20.0,34.5,284.5,11.98,4.68,2.1,42.6,0.61,8.7,36.2,151.4,0.9326,1,ISRO NRSC Landslide Atlas 2023 & NASA SRTM 30m DEM
Assam,Kamrup Metropolitan (Guwahati),24,Northeast Hills,Granitic Gneiss,265.0,28.0,357.6,10.96,4.5,2.4,16.5,0.61,1.1,4.0,12.2,0.2934,0,ISRO NRSC Landslide Atlas 2023 & NASA SRTM 30m DEM
Assam,Kamrup Metropolitan (Guwahati),24,Northeast Hills,Granitic Gneiss,35.0,34.5,294.1,11.49,5.31,1.3,56.3,0.57,42.2,136.8,303.2,0.9998,1,ISRO NRSC Landslide Atlas 2023 & NASA SRTM 30m DEM
Assam,Kamrup Metropolitan (Guwahati),24,Northeast Hills,Granitic Gneiss,238.0,31.8,128.5,11.4,4.94,2.8,35.3,0.44,15.1,43.3,135.0,0.9425,1,ISRO NRSC Landslide Atlas 2023 & NASA SRTM 30m DEM
Assam,Kamrup Metropolitan (Guwahati),24,Northeast Hills,Granitic Gneiss,280.0,34.1,232.9,11.92,5.03,1.7,54.0,0.7,29.7,93.2,232.0,0.9972,1,ISRO NRSC Landslide Atlas 2023 & NASA SRTM 30m DEM
Assam,Kamrup Metropolitan (Guwahati),24,Northeast Hills,Granitic Gneiss,20.0,35.4,288.2,11.62,4.25,2.4,20.5,0.85,1.9,7.6,26.9,0.4805,0,ISRO NRSC Landslide Atlas 2023 & NASA SRTM 30m DEM
Assam,Kamrup Metropolitan (Guwahati),24,Northeast Hills,Granitic Gneiss,195.0,29.1,89.8,9.91,5.5,2.2,73.4,0.58,22.0,87.9,316.0,0.9963,1,ISRO NRSC Landslide Atlas 2023 & NASA SRTM 30m DEM
Assam,Kamrup Metropolitan (Guwahati),24,Northeast Hills,Granitic Gneiss,338.0,27.9,69.3,9.8,5.88,2.1,23.8,0.57,0.3,1.3,5.7,0.2913,0,ISRO NRSC Landslide Atlas 2023 & NASA SRTM 30m DEM
Assam,Kamrup Metropolitan (Guwahati),24,Northeast Hills,Granitic Gneiss,222.0,26.6,148.4,8.6,4.46,2.1,33.3,0.67,12.0,55.5,112.6,0.8053,1,ISRO NRSC Landslide Atlas 2023 & NASA SRTM 30m DEM
Assam,Kamrup Metropolitan (Guwahati),24,Northeast Hills,Granitic Gneiss,20.0,30.0,317.6,10.37,5.45,1.8,55.5,0.82,8.5,46.6,195.5,0.9233,1,ISRO NRSC Landslide Atlas 2023 & NASA SRTM 30m DEM
Assam,Kamrup Metropolitan (Guwahati),24,Northeast Hills,Granitic Gneiss,20.0,31.0,128.5,9.76,6.3,2.1,38.0,0.55,8.9,35.3,120.0,0.8637,1,ISRO NRSC Landslide Atlas 2023 & NASA SRTM 30m DEM
Assam,Kamrup Metropolitan (Guwahati),24,Northeast Hills,Granitic Gneiss,20.0,25.2,103.6,11.2,5.63,1.2,41.0,0.51,11.6,38.5,114.8,0.8544,1,ISRO NRSC Landslide Atlas 2023 & NASA SRTM 30m DEM
Assam,Kamrup Metropolitan (Guwahati),24,Northeast Hills,Granitic Gneiss,20.0,30.3,36.6,11.75,5.29,1.8,96.5,0.68,21.8,109.3,482.3,0.9996,1,ISRO NRSC Landslide Atlas 2023 & NASA SRTM 30m DEM
Assam,Kamrup Metropolitan (Guwahati),24,Northeast Hills,Granitic Gneiss,95.0,37.7,123.0,12.65,5.06,4.7,22.2,0.44,2.7,11.5,51.7,0.7921,1,ISRO NRSC Landslide Atlas 2023 & NASA SRTM 30m DEM
Assam,Kamrup Metropolitan (Guwahati),24,Northeast Hills,Granitic Gneiss,208.0,27.3,1.0,11.11,5.84,2.7,23.8,0.84,1.4,7.7,26.7,0.3215,0,ISRO NRSC Landslide Atlas 2023 & NASA SRTM 30m DEM
Assam,Kamrup Metropolitan (Guwahati),24,Northeast Hills,Granitic Gneiss,20.0,22.8,171.3,7.32,4.6,2.0,26.4,0.66,2.9,17.4,58.7,0.2389,0,ISRO NRSC Landslide Atlas 2023 & NASA SRTM 30m DEM
Assam,Kamrup Metropolitan (Guwahati),24,Northeast Hills,Granitic Gneiss,160.0,26.3,222.2,7.15,5.26,2.9,19.4,0.71,3.0,14.0,52.4,0.2464,0,ISRO NRSC Landslide Atlas 2023 & NASA SRTM 30m DEM
Assam,Kamrup Metropolitan (Guwahati),24,Northeast Hills,Granitic Gneiss,123.0,32.6,165.1,11.19,5.07,3.1,50.1,0.51,30.7,88.3,195.8,0.9959,1,ISRO NRSC Landslide Atlas 2023 & NASA SRTM 30m DEM
Assam,Kamrup Metropolitan (Guwahati),24,Northeast Hills,Granitic Gneiss,386.0,25.3,242.9,9.33,5.6,4.0,15.7,0.84,0.2,1.2,3.5,0.1368,0,ISRO NRSC Landslide Atlas 2023 & NASA SRTM 30m DEM
Assam,Kamrup Metropolitan (Guwahati),24,Northeast Hills,Granitic Gneiss,65.0,24.0,276.8,8.43,5.52,3.2,34.4,0.44,5.6,16.9,63.9,0.4735,0,ISRO NRSC Landslide Atlas 2023 & NASA SRTM 30m DEM
Assam,Kamrup Metropolitan (Guwahati),24,Northeast Hills,Granitic Gneiss,135.0,28.7,22.1,9.99,4.97,2.7,34.3,0.67,10.3,33.5,87.8,0.75,1,ISRO NRSC Landslide Atlas 2023 & NASA SRTM 30m DEM
Assam,Kamrup Metropolitan (Guwahati),24,Northeast Hills,Granitic Gneiss,74.0,28.0,22.7,9.22,5.52,2.6,22.2,0.41,4.1,13.6,54.9,0.499,0,ISRO NRSC Landslide Atlas 2023 & NASA SRTM 30m DEM
Assam,Kamrup Metropolitan (Guwahati),24,Northeast Hills,Granitic Gneiss,20.0,29.2,284.5,10.6,5.63,3.3,62.1,0.23,31.9,94.7,305.3,0.9987,1,ISRO NRSC Landslide Atlas 2023 & NASA SRTM 30m DEM
Assam,Kamrup Metropolitan (Guwahati),24,Northeast Hills,Granitic Gneiss,96.0,34.3,187.6,12.25,5.3,3.0,99.0,0.35,50.3,176.1,531.8,1.0,1,ISRO NRSC Landslide Atlas 2023 & NASA SRTM 30m DEM
Assam,Kamrup Metropolitan (Guwahati),24,Northeast Hills,Granitic Gneiss,100.0,26.6,204.6,10.31,5.17,1.9,19.1,0.65,1.0,4.0,15.5,0.2591,0,ISRO NRSC Landslide Atlas 2023 & NASA SRTM 30m DEM
Assam,Kamrup Metropolitan (Guwahati),24,Northeast Hills,Granitic Gneiss,222.0,33.0,222.7,10.31,4.22,2.3,84.1,0.73,25.4,109.7,482.9,0.9995,1,ISRO NRSC Landslide Atlas 2023 & NASA SRTM 30m DEM
Assam,Kamrup Metropolitan (Guwahati),24,Northeast Hills,Granitic Gneiss,287.0,29.6,277.6,8.28,4.95,1.8,99.0,0.75,59.2,209.8,708.0,1.0,1,ISRO NRSC Landslide Atlas 2023 & NASA SRTM 30m DEM
Assam,Kamrup Metropolitan (Guwahati),24,Northeast Hills,Granitic Gneiss,160.0,21.2,221.1,7.14,5.93,3.2,73.5,0.83,48.9,154.1,328.9,0.9993,1,ISRO NRSC Landslide Atlas 2023 & NASA SRTM 30m DEM
Assam,Kamrup Metropolitan (Guwahati),24,Northeast Hills,Granitic Gneiss,247.0,22.9,247.0,7.4,5.92,2.8,27.7,0.79,6.8,25.3,57.9,0.3241,0,ISRO NRSC Landslide Atlas 2023 & NASA SRTM 30m DEM
Assam,Kamrup Metropolitan (Guwahati),24,Northeast Hills,Granitic Gneiss,127.0,38.8,350.8,13.91,3.88,2.1,35.1,0.53,6.0,26.4,110.4,0.9322,1,ISRO NRSC Landslide Atlas 2023 & NASA SRTM 30m DEM
Assam,Kamrup Metropolitan (Guwahati),24,Northeast Hills,Granitic Gneiss,20.0,21.7,150.9,7.72,5.8,0.7,83.1,0.21,34.3,144.0,422.9,0.9997,1,ISRO NRSC Landslide Atlas 2023 & NASA SRTM 30m DEM
Assam,Kamrup Metropolitan (Guwahati),24,Northeast Hills,Granitic Gneiss,20.0,40.6,139.1,14.88,4.21,2.9,61.7,0.64,17.3,98.5,285.8,0.9991,1,ISRO NRSC Landslide Atlas 2023 & NASA SRTM 30m DEM
Assam,Kamrup Metropolitan (Guwahati),24,Northeast Hills,Granitic Gneiss,48.0,32.2,86.3,12.13,5.4,3.8,36.0,0.62,3.5,11.9,41.2,0.6817,1,ISRO NRSC Landslide Atlas 2023 & NASA SRTM 30m DEM
Assam,Kamrup Metropolitan (Guwahati),24,Northeast Hills,Granitic Gneiss,20.0,19.5,267.5,7.54,5.84,3.0,42.4,0.4,13.8,56.7,148.9,0.8293,1,ISRO NRSC Landslide Atlas 2023 & NASA SRTM 30m DEM
Assam,Kamrup Metropolitan (Guwahati),24,Northeast Hills,Granitic Gneiss,53.0,30.8,181.5,9.54,5.09,1.0,40.7,0.79,9.4,43.5,127.5,0.8422,1,ISRO NRSC Landslide Atlas 2023 & NASA SRTM 30m DEM
Assam,Kamrup Metropolitan (Guwahati),24,Northeast Hills,Granitic Gneiss,335.0,31.8,64.4,10.7,4.51,2.7,20.7,0.76,2.2,10.8,29.1,0.42,0,ISRO NRSC Landslide Atlas 2023 & NASA SRTM 30m DEM
Assam,Kamrup Metropolitan (Guwahati),24,Northeast Hills,Granitic Gneiss,37.0,32.3,38.3,12.62,4.54,1.6,28.6,0.67,8.7,26.0,56.0,0.7832,1,ISRO NRSC Landslide Atlas 2023 & NASA SRTM 30m DEM
Assam,Kamrup Metropolitan (Guwahati),24,Northeast Hills,Granitic Gneiss,20.0,25.7,300.9,7.63,5.62,3.8,23.2,0.81,2.7,14.6,64.1,0.26,0,ISRO NRSC Landslide Atlas 2023 & NASA SRTM 30m DEM
Assam,Kamrup Metropolitan (Guwahati),24,Northeast Hills,Granitic Gneiss,172.0,17.3,173.5,5.76,6.1,2.6,49.0,0.3,22.5,71.2,193.7,0.9213,1,ISRO NRSC Landslide Atlas 2023 & NASA SRTM 30m DEM
Assam,Kamrup Metropolitan (Guwahati),24,Northeast Hills,Granitic Gneiss,157.0,22.5,336.2,8.07,5.03,2.0,39.1,0.37,5.1,23.7,92.3,0.5398,1,ISRO NRSC Landslide Atlas 2023 & NASA SRTM 30m DEM
Assam,Kamrup Metropolitan (Guwahati),24,Northeast Hills,Granitic Gneiss,204.0,22.3,324.5,8.36,5.99,1.4,90.3,0.57,51.8,156.5,463.4,0.9999,1,ISRO NRSC Landslide Atlas 2023 & NASA SRTM 30m DEM
Assam,Kamrup Metropolitan (Guwahati),24,Northeast Hills,Granitic Gneiss,213.0,31.7,251.8,11.0,4.73,2.1,20.4,0.21,2.7,7.8,20.0,0.6013,1,ISRO NRSC Landslide Atlas 2023 & NASA SRTM 30m DEM
Meghalaya,East Khasi Hills (Cherrapunji/Shillong),18,Northeast Hills,Sandstone & Conglomerate,1449.0,39.7,283.2,12.95,4.05,2.7,83.4,0.77,44.0,146.3,419.4,1.0,1,ISRO NRSC Landslide Atlas 2023 & NASA SRTM 30m DEM
Meghalaya,East Khasi Hills (Cherrapunji/Shillong),18,Northeast Hills,Sandstone & Conglomerate,1271.0,42.1,331.8,15.16,4.77,2.8,22.6,0.85,2.2,13.5,56.5,0.8932,1,ISRO NRSC Landslide Atlas 2023 & NASA SRTM 30m DEM
Meghalaya,East Khasi Hills (Cherrapunji/Shillong),18,Northeast Hills,Sandstone & Conglomerate,1402.0,41.5,231.2,14.07,5.5,1.2,42.6,0.43,6.5,19.2,78.7,0.9701,1,ISRO NRSC Landslide Atlas 2023 & NASA SRTM 30m DEM
Meghalaya,East Khasi Hills (Cherrapunji/Shillong),18,Northeast Hills,Sandstone & Conglomerate,1533.0,33.3,331.7,10.62,5.63,3.3,51.7,0.34,12.6,63.3,249.4,0.9928,1,ISRO NRSC Landslide Atlas 2023 & NASA SRTM 30m DEM
Meghalaya,East Khasi Hills (Cherrapunji/Shillong),18,Northeast Hills,Sandstone & Conglomerate,1413.0,46.3,186.3,15.55,4.89,3.7,15.0,0.28,4.3,12.6,28.7,0.9608,1,ISRO NRSC Landslide Atlas 2023 & NASA SRTM 30m DEM
Meghalaya,East Khasi Hills (Cherrapunji/Shillong),18,Northeast Hills,Sandstone & Conglomerate,1568.0,44.9,102.4,16.56,4.16,3.3,79.0,0.32,53.2,154.9,414.1,1.0,1,ISRO NRSC Landslide Atlas 2023 & NASA SRTM 30m DEM
Meghalaya,East Khasi Hills (Cherrapunji/Shillong),18,Northeast Hills,Sandstone & Conglomerate,1420.0,40.5,57.8,14.97,4.71,2.1,34.3,0.26,6.9,42.8,90.2,0.9864,1,ISRO NRSC Landslide Atlas 2023 & NASA SRTM 30m DEM
Meghalaya,East Khasi Hills (Cherrapunji/Shillong),18,Northeast Hills,Sandstone & Conglomerate,1438.0,29.0,203.3,9.83,5.24,0.4,91.2,0.56,33.9,122.4,492.1,0.9999,1,ISRO NRSC Landslide Atlas 2023 & NASA SRTM 30m DEM
Meghalaya,East Khasi Hills (Cherrapunji/Shillong),18,Northeast Hills,Sandstone & Conglomerate,1744.0,40.1,109.0,13.59,4.2,2.9,99.0,0.49,80.2,234.4,744.9,1.0,1,ISRO NRSC Landslide Atlas 2023 & NASA SRTM 30m DEM
Meghalaya,East Khasi Hills (Cherrapunji/Shillong),18,Northeast Hills,Sandstone & Conglomerate,1254.0,41.2,322.0,14.67,5.26,3.2,83.3,0.67,31.7,139.1,409.8,1.0,1,ISRO NRSC Landslide Atlas 2023 & NASA SRTM 30m DEM
Meghalaya,East Khasi Hills (Cherrapunji/Shillong),18,Northeast Hills,Sandstone & Conglomerate,1424.0,47.9,287.2,16.91,4.42,2.3,35.7,0.75,10.4,43.7,130.2,0.9939,1,ISRO NRSC Landslide Atlas 2023 & NASA SRTM 30m DEM
Meghalaya,East Khasi Hills (Cherrapunji/Shillong),18,Northeast Hills,Sandstone & Conglomerate,1112.0,43.3,220.0,14.16,5.51,2.1,99.0,0.47,45.4,182.8,813.5,1.0,1,ISRO NRSC Landslide Atlas 2023 & NASA SRTM 30m DEM
Meghalaya,East Khasi Hills (Cherrapunji/Shillong),18,Northeast Hills,Sandstone & Conglomerate,1232.0,41.7,16.9,13.16,4.76,3.8,24.3,0.81,3.9,11.3,30.6,0.8447,1,ISRO NRSC Landslide Atlas 2023 & NASA SRTM 30m DEM
Meghalaya,East Khasi Hills (Cherrapunji/Shillong),18,Northeast Hills,Sandstone & Conglomerate,980.0,30.6,294.3,10.85,4.97,2.4,45.0,0.31,16.6,56.9,158.1,0.9823,1,ISRO NRSC Landslide Atlas 2023 & NASA SRTM 30m DEM
Meghalaya,East Khasi Hills (Cherrapunji/Shillong),18,Northeast Hills,Sandstone & Conglomerate,1362.0,35.0,341.0,11.84,4.86,1.3,99.0,0.39,68.0,201.5,607.0,1.0,1,ISRO NRSC Landslide Atlas 2023 & NASA SRTM 30m DEM
Meghalaya,East Khasi Hills (Cherrapunji/Shillong),18,Northeast Hills,Sandstone & Conglomerate,1436.0,47.1,65.7,17.11,4.31,2.7,30.0,0.65,5.1,26.5,70.3,0.9813,1,ISRO NRSC Landslide Atlas 2023 & NASA SRTM 30m DEM
Meghalaya,East Khasi Hills (Cherrapunji/Shillong),18,Northeast Hills,Sandstone & Conglomerate,1437.0,39.9,280.4,13.49,4.72,2.3,99.0,0.35,27.0,159.8,557.9,1.0,1,ISRO NRSC Landslide Atlas 2023 & NASA SRTM 30m DEM
Meghalaya,East Khasi Hills (Cherrapunji/Shillong),18,Northeast Hills,Sandstone & Conglomerate,1382.0,37.4,218.8,12.48,5.35,1.1,51.6,0.22,22.5,86.2,296.5,0.9993,1,ISRO NRSC Landslide Atlas 2023 & NASA SRTM 30m DEM
Meghalaya,East Khasi Hills (Cherrapunji/Shillong),18,Northeast Hills,Sandstone & Conglomerate,1509.0,45.7,118.3,18.18,4.86,1.7,30.8,0.36,12.0,35.1,111.2,0.9952,1,ISRO NRSC Landslide Atlas 2023 & NASA SRTM 30m DEM
Meghalaya,East Khasi Hills (Cherrapunji/Shillong),18,Northeast Hills,Sandstone & Conglomerate,1371.0,43.9,30.2,14.93,4.66,2.1,50.2,0.56,11.2,55.6,181.2,0.9964,1,ISRO NRSC Landslide Atlas 2023 & NASA SRTM 30m DEM
Meghalaya,East Khasi Hills (Cherrapunji/Shillong),18,Northeast Hills,Sandstone & Conglomerate,1575.0,48.1,194.3,16.89,5.15,2.0,67.0,0.23,30.4,87.7,390.1,1.0,1,ISRO NRSC Landslide Atlas 2023 & NASA SRTM 30m DEM
Meghalaya,East Khasi Hills (Cherrapunji/Shillong),18,Northeast Hills,Sandstone & Conglomerate,1754.0,40.3,179.7,12.4,4.42,3.3,25.4,0.63,4.0,12.1,32.8,0.8459,1,ISRO NRSC Landslide Atlas 2023 & NASA SRTM 30m DEM
Meghalaya,East Khasi Hills (Cherrapunji/Shillong),18,Northeast Hills,Sandstone & Conglomerate,1564.0,44.3,285.7,17.5,4.55,2.9,50.3,0.24,13.8,81.3,275.7,0.9997,1,ISRO NRSC Landslide Atlas 2023 & NASA SRTM 30m DEM
Meghalaya,East Khasi Hills (Cherrapunji/Shillong),18,Northeast Hills,Sandstone & Conglomerate,1397.0,46.3,106.4,15.77,4.65,4.0,17.6,0.54,0.9,4.9,11.5,0.9174,1,ISRO NRSC Landslide Atlas 2023 & NASA SRTM 30m DEM
Meghalaya,East Khasi Hills (Cherrapunji/Shillong),18,Northeast Hills,Sandstone & Conglomerate,1267.0,40.8,52.7,14.33,4.9,1.2,54.0,0.67,22.1,81.7,205.4,0.9986,1,ISRO NRSC Landslide Atlas 2023 & NASA SRTM 30m DEM
Meghalaya,East Khasi Hills (Cherrapunji/Shillong),18,Northeast Hills,Sandstone & Conglomerate,1010.0,43.2,176.2,14.81,4.94,3.1,26.8,0.64,6.9,30.2,75.0,0.9676,1,ISRO NRSC Landslide Atlas 2023 & NASA SRTM 30m DEM
Meghalaya,East Khasi Hills (Cherrapunji/Shillong),18,Northeast Hills,Sandstone & Conglomerate,1529.0,36.9,43.9,12.09,4.93,2.2,93.2,0.8,26.1,156.3,494.1,1.0,1,ISRO NRSC Landslide Atlas 2023 & NASA SRTM 30m DEM
Meghalaya,East Khasi Hills (Cherrapunji/Shillong),18,Northeast Hills,Sandstone & Conglomerate,1348.0,46.7,111.8,16.25,4.31,0.9,67.0,0.6,17.3,83.3,317.6,0.9997,1,ISRO NRSC Landslide Atlas 2023 & NASA SRTM 30m DEM
Meghalaya,East Khasi Hills (Cherrapunji/Shillong),18,Northeast Hills,Sandstone & Conglomerate,1461.0,47.1,53.7,14.93,4.38,3.6,37.5,0.63,5.4,31.5,114.1,0.9849,1,ISRO NRSC Landslide Atlas 2023 & NASA SRTM 30m DEM
Meghalaya,East Khasi Hills (Cherrapunji/Shillong),18,Northeast Hills,Sandstone & Conglomerate,1400.0,38.3,65.6,12.9,4.99,3.0,99.0,0.53,63.4,216.1,957.1,1.0,1,ISRO NRSC Landslide Atlas 2023 & NASA SRTM 30m DEM
Meghalaya,East Khasi Hills (Cherrapunji/Shillong),18,Northeast Hills,Sandstone & Conglomerate,1461.0,50.1,100.4,17.56,4.75,2.8,38.8,0.47,12.3,38.4,90.7,0.9965,1,ISRO NRSC Landslide Atlas 2023 & NASA SRTM 30m DEM
Meghalaya,East Khasi Hills (Cherrapunji/Shillong),18,Northeast Hills,Sandstone & Conglomerate,1561.0,43.2,182.1,15.7,3.65,3.1,60.3,0.67,18.8,90.2,241.9,0.9994,1,ISRO NRSC Landslide Atlas 2023 & NASA SRTM 30m DEM
Meghalaya,East Khasi Hills (Cherrapunji/Shillong),18,Northeast Hills,Sandstone & Conglomerate,1593.0,39.0,177.5,15.25,5.17,1.9,77.0,0.63,26.8,101.7,388.9,0.9999,1,ISRO NRSC Landslide Atlas 2023 & NASA SRTM 30m DEM
Meghalaya,East Khasi Hills (Cherrapunji/Shillong),18,Northeast Hills,Sandstone & Conglomerate,1512.0,42.3,87.6,14.77,5.4,2.7,37.3,0.39,16.4,53.8,109.2,0.9949,1,ISRO NRSC Landslide Atlas 2023 & NASA SRTM 30m DEM
Meghalaya,East Khasi Hills (Cherrapunji/Shillong),18,Northeast Hills,Sandstone & Conglomerate,1455.0,38.8,232.9,14.63,5.16,2.8,29.4,0.42,5.1,28.2,95.0,0.9639,1,ISRO NRSC Landslide Atlas 2023 & NASA SRTM 30m DEM
Meghalaya,East Khasi Hills (Cherrapunji/Shillong),18,Northeast Hills,Sandstone & Conglomerate,1621.0,45.6,324.2,16.48,4.16,1.4,99.0,0.85,24.7,131.9,575.3,1.0,1,ISRO NRSC Landslide Atlas 2023 & NASA SRTM 30m DEM
Meghalaya,East Khasi Hills (Cherrapunji/Shillong),18,Northeast Hills,Sandstone & Conglomerate,1435.0,38.4,298.4,14.75,5.92,2.8,25.0,0.65,0.7,2.2,9.1,0.8134,1,ISRO NRSC Landslide Atlas 2023 & NASA SRTM 30m DEM
Meghalaya,East Khasi Hills (Cherrapunji/Shillong),18,Northeast Hills,Sandstone & Conglomerate,1405.0,45.5,163.0,15.3,4.62,2.8,27.1,0.55,0.0,0.0,0.0,0.8984,1,ISRO NRSC Landslide Atlas 2023 & NASA SRTM 30m DEM
Meghalaya,East Khasi Hills (Cherrapunji/Shillong),18,Northeast Hills,Sandstone & Conglomerate,1578.0,39.2,309.8,13.94,5.36,3.0,30.1,0.27,4.1,13.0,34.6,0.9324,1,ISRO NRSC Landslide Atlas 2023 & NASA SRTM 30m DEM
Meghalaya,East Khasi Hills (Cherrapunji/Shillong),18,Northeast Hills,Sandstone & Conglomerate,1608.0,43.8,83.5,14.09,5.21,1.3,34.6,0.57,4.8,24.3,103.6,0.9711,1,ISRO NRSC Landslide Atlas 2023 & NASA SRTM 30m DEM
Meghalaya,East Khasi Hills (Cherrapunji/Shillong),18,Northeast Hills,Sandstone & Conglomerate,1304.0,41.7,286.8,13.74,4.49,1.3,32.7,0.54,7.2,28.2,101.1,0.9672,1,ISRO NRSC Landslide Atlas 2023 & NASA SRTM 30m DEM
Meghalaya,East Khasi Hills (Cherrapunji/Shillong),18,Northeast Hills,Sandstone & Conglomerate,1605.0,38.7,61.2,12.08,5.5,2.9,99.0,0.59,71.6,243.6,692.8,1.0,1,ISRO NRSC Landslide Atlas 2023 & NASA SRTM 30m DEM
Meghalaya,East Khasi Hills (Cherrapunji/Shillong),18,Northeast Hills,Sandstone & Conglomerate,1484.0,38.1,188.4,11.47,4.63,3.0,39.1,0.7,14.3,45.2,142.1,0.9739,1,ISRO NRSC Landslide Atlas 2023 & NASA SRTM 30m DEM
Meghalaya,East Khasi Hills (Cherrapunji/Shillong),18,Northeast Hills,Sandstone & Conglomerate,1342.0,46.0,52.7,14.74,5.28,2.4,22.3,0.6,1.0,4.0,14.6,0.9067,1,ISRO NRSC Landslide Atlas 2023 & NASA SRTM 30m DEM
Meghalaya,East Khasi Hills (Cherrapunji/Shillong),18,Northeast Hills,Sandstone & Conglomerate,1640.0,43.0,153.2,13.65,4.95,2.5,37.5,0.25,6.2,34.3,68.9,0.9821,1,ISRO NRSC Landslide Atlas 2023 & NASA SRTM 30m DEM
Meghalaya,East Khasi Hills (Cherrapunji/Shillong),18,Northeast Hills,Sandstone & Conglomerate,1363.0,39.4,123.0,13.68,5.84,2.4,17.3,0.27,1.5,4.6,14.3,0.8686,1,ISRO NRSC Landslide Atlas 2023 & NASA SRTM 30m DEM
Meghalaya,East Khasi Hills (Cherrapunji/Shillong),18,Northeast Hills,Sandstone & Conglomerate,1489.0,36.2,245.9,12.43,5.61,2.8,16.9,0.83,2.0,5.8,18.4,0.6445,1,ISRO NRSC Landslide Atlas 2023 & NASA SRTM 30m DEM
Meghalaya,East Khasi Hills (Cherrapunji/Shillong),18,Northeast Hills,Sandstone & Conglomerate,1464.0,44.5,228.1,15.97,5.23,3.2,22.7,0.49,0.3,1.7,3.5,0.9121,1,ISRO NRSC Landslide Atlas 2023 & NASA SRTM 30m DEM
Meghalaya,East Khasi Hills (Cherrapunji/Shillong),18,Northeast Hills,Sandstone & Conglomerate,1544.0,43.0,326.8,14.3,4.81,3.4,33.0,0.37,9.4,41.5,118.4,0.9889,1,ISRO NRSC Landslide Atlas 2023 & NASA SRTM 30m DEM
Meghalaya,East Khasi Hills (Cherrapunji/Shillong),18,Northeast Hills,Sandstone & Conglomerate,1549.0,31.9,75.2,12.77,4.38,2.4,39.7,0.82,11.7,55.4,112.6,0.9542,1,ISRO NRSC Landslide Atlas 2023 & NASA SRTM 30m DEM
Meghalaya,East Khasi Hills (Cherrapunji/Shillong),18,Northeast Hills,Sandstone & Conglomerate,1617.0,39.0,270.3,11.83,5.69,3.1,38.8,0.23,13.5,42.6,176.3,0.9904,1,ISRO NRSC Landslide Atlas 2023 & NASA SRTM 30m DEM
Meghalaya,East Khasi Hills (Cherrapunji/Shillong),18,Northeast Hills,Sandstone & Conglomerate,1385.0,33.4,241.9,9.54,4.97,3.8,23.2,0.65,1.0,4.4,13.4,0.501,1,ISRO NRSC Landslide Atlas 2023 & NASA SRTM 30m DEM
Meghalaya,East Khasi Hills (Cherrapunji/Shillong),18,Northeast Hills,Sandstone & Conglomerate,1419.0,37.7,345.9,14.21,5.82,3.8,30.0,0.27,1.7,5.5,21.2,0.8965,1,ISRO NRSC Landslide Atlas 2023 & NASA SRTM 30m DEM
Meghalaya,East Khasi Hills (Cherrapunji/Shillong),18,Northeast Hills,Sandstone & Conglomerate,1338.0,44.8,266.5,13.45,5.69,2.2,26.2,0.81,3.5,20.3,70.1,0.9345,1,ISRO NRSC Landslide Atlas 2023 & NASA SRTM 30m DEM
Meghalaya,East Khasi Hills (Cherrapunji/Shillong),18,Northeast Hills,Sandstone & Conglomerate,1566.0,45.0,89.5,17.48,5.34,3.3,25.7,0.6,5.6,21.4,83.3,0.9794,1,ISRO NRSC Landslide Atlas 2023 & NASA SRTM 30m DEM
Meghalaya,East Khasi Hills (Cherrapunji/Shillong),18,Northeast Hills,Sandstone & Conglomerate,1528.0,50.6,346.1,17.86,4.42,3.3,37.5,0.73,3.9,20.0,69.6,0.986,1,ISRO NRSC Landslide Atlas 2023 & NASA SRTM 30m DEM
Meghalaya,East Khasi Hills (Cherrapunji/Shillong),18,Northeast Hills,Sandstone & Conglomerate,1417.0,42.4,195.9,14.12,3.92,3.9,51.3,0.83,38.0,111.8,257.1,0.9997,1,ISRO NRSC Landslide Atlas 2023 & NASA SRTM 30m DEM
Meghalaya,East Khasi Hills (Cherrapunji/Shillong),18,Northeast Hills,Sandstone & Conglomerate,1643.0,50.8,244.6,18.56,3.8,3.4,54.9,0.57,17.0,55.2,248.0,0.9995,1,ISRO NRSC Landslide Atlas 2023 & NASA SRTM 30m DEM
Meghalaya,East Khasi Hills (Cherrapunji/Shillong),18,Northeast Hills,Sandstone & Conglomerate,1567.0,49.8,243.4,16.32,5.78,2.6,82.6,0.5,29.5,100.6,412.2,1.0,1,ISRO NRSC Landslide Atlas 2023 & NASA SRTM 30m DEM
Meghalaya,East Khasi Hills (Cherrapunji/Shillong),18,Northeast Hills,Sandstone & Conglomerate,1169.0,39.9,83.3,13.92,4.46,1.5,99.0,0.51,24.8,156.1,637.3,1.0,1,ISRO NRSC Landslide Atlas 2023 & NASA SRTM 30m DEM
Meghalaya,East Khasi Hills (Cherrapunji/Shillong),18,Northeast Hills,Sandstone & Conglomerate,1615.0,44.0,144.3,15.27,4.64,2.1,30.5,0.59,4.3,20.5,79.4,0.9643,1,ISRO NRSC Landslide Atlas 2023 & NASA SRTM 30m DEM
Meghalaya,East Khasi Hills (Cherrapunji/Shillong),18,Northeast Hills,Sandstone & Conglomerate,1218.0,34.6,342.5,13.21,5.54,3.0,38.3,0.77,4.2,15.5,69.5,0.857,1,ISRO NRSC Landslide Atlas 2023 & NASA SRTM 30m DEM
Meghalaya,East Khasi Hills (Cherrapunji/Shillong),18,Northeast Hills,Sandstone & Conglomerate,1311.0,36.8,74.9,14.74,4.9,3.3,33.1,0.34,8.8,32.5,105.8,0.9744,1,ISRO NRSC Landslide Atlas 2023 & NASA SRTM 30m DEM
Meghalaya,East Khasi Hills (Cherrapunji/Shillong),18,Northeast Hills,Sandstone & Conglomerate,1345.0,41.4,76.4,16.41,4.58,2.1,31.2,0.62,3.5,22.4,76.0,0.9608,1,ISRO NRSC Landslide Atlas 2023 & NASA SRTM 30m DEM
Meghalaya,East Khasi Hills (Cherrapunji/Shillong),18,Northeast Hills,Sandstone & Conglomerate,1820.0,48.2,234.6,15.68,4.21,2.3,32.7,0.82,1.7,6.2,24.7,0.9316,1,ISRO NRSC Landslide Atlas 2023 & NASA SRTM 30m DEM
Meghalaya,East Khasi Hills (Cherrapunji/Shillong),18,Northeast Hills,Sandstone & Conglomerate,1467.0,36.1,5.5,12.67,5.37,3.1,54.3,0.82,12.3,47.5,186.4,0.9834,1,ISRO NRSC Landslide Atlas 2023 & NASA SRTM 30m DEM
Meghalaya,East Khasi Hills (Cherrapunji/Shillong),18,Northeast Hills,Sandstone & Conglomerate,1309.0,34.0,182.7,12.66,5.3,1.9,40.2,0.24,12.8,40.5,106.4,0.9772,1,ISRO NRSC Landslide Atlas 2023 & NASA SRTM 30m DEM
Meghalaya,East Khasi Hills (Cherrapunji/Shillong),18,Northeast Hills,Sandstone & Conglomerate,1355.0,39.6,151.5,14.07,5.0,3.5,99.0,0.3,26.6,148.7,578.2,1.0,1,ISRO NRSC Landslide Atlas 2023 & NASA SRTM 30m DEM
Meghalaya,East Khasi Hills (Cherrapunji/Shillong),18,Northeast Hills,Sandstone & Conglomerate,1412.0,46.5,265.1,14.41,3.92,2.9,38.5,0.69,6.3,26.5,74.9,0.9731,1,ISRO NRSC Landslide Atlas 2023 & NASA SRTM 30m DEM
Meghalaya,East Khasi Hills (Cherrapunji/Shillong),18,Northeast Hills,Sandstone & Conglomerate,1358.0,39.8,38.1,14.39,4.81,2.3,70.0,0.64,28.5,134.8,295.0,0.9999,1,ISRO NRSC Landslide Atlas 2023 & NASA SRTM 30m DEM
Meghalaya,East Khasi Hills (Cherrapunji/Shillong),18,Northeast Hills,Sandstone & Conglomerate,1459.0,36.3,56.9,11.36,5.51,2.4,40.1,0.75,18.4,69.8,186.0,0.9903,1,ISRO NRSC Landslide Atlas 2023 & NASA SRTM 30m DEM
Meghalaya,East Khasi Hills (Cherrapunji/Shillong),18,Northeast Hills,Sandstone & Conglomerate,1407.0,39.2,328.8,12.78,4.68,1.3,38.3,0.82,14.6,61.3,143.5,0.9861,1,ISRO NRSC Landslide Atlas 2023 & NASA SRTM 30m DEM
Meghalaya,East Khasi Hills (Cherrapunji/Shillong),18,Northeast Hills,Sandstone & Conglomerate,1448.0,32.2,186.7,9.48,5.68,1.6,44.8,0.52,19.6,61.5,129.0,0.9785,1,ISRO NRSC Landslide Atlas 2023 & NASA SRTM 30m DEM
Meghalaya,East Khasi Hills (Cherrapunji/Shillong),18,Northeast Hills,Sandstone & Conglomerate,1552.0,42.4,51.0,14.38,5.38,2.2,52.3,0.63,11.9,49.4,204.4,0.9954,1,ISRO NRSC Landslide Atlas 2023 & NASA SRTM 30m DEM
Meghalaya,East Khasi Hills (Cherrapunji/Shillong),18,Northeast Hills,Sandstone & Conglomerate,1688.0,49.0,301.5,17.2,4.51,2.9,27.6,0.41,1.5,7.5,22.5,0.9703,1,ISRO NRSC Landslide Atlas 2023 & NASA SRTM 30m DEM
Meghalaya,East Khasi Hills (Cherrapunji/Shillong),18,Northeast Hills,Sandstone & Conglomerate,1721.0,49.7,102.4,17.03,5.46,1.5,42.5,0.3,14.4,47.1,111.8,0.9983,1,ISRO NRSC Landslide Atlas 2023 & NASA SRTM 30m DEM
Meghalaya,East Khasi Hills (Cherrapunji/Shillong),18,Northeast Hills,Sandstone & Conglomerate,1434.0,45.2,207.8,14.87,5.16,1.3,99.0,0.58,44.5,198.5,728.7,1.0,1,ISRO NRSC Landslide Atlas 2023 & NASA SRTM 30m DEM
Meghalaya,East Khasi Hills (Cherrapunji/Shillong),18,Northeast Hills,Sandstone & Conglomerate,1665.0,36.0,24.6,13.56,4.99,2.8,43.9,0.49,9.6,28.6,103.2,0.9641,1,ISRO NRSC Landslide Atlas 2023 & NASA SRTM 30m DEM
Meghalaya,East Khasi Hills (Cherrapunji/Shillong),18,Northeast Hills,Sandstone & Conglomerate,1511.0,41.3,210.7,12.89,4.25,1.9,35.9,0.65,6.1,21.2,80.6,0.9374,1,ISRO NRSC Landslide Atlas 2023 & NASA SRTM 30m DEM
Meghalaya,East Khasi Hills (Cherrapunji/Shillong),18,Northeast Hills,Sandstone & Conglomerate,1571.0,35.8,136.6,11.85,4.09,2.8,22.7,0.47,4.2,19.7,41.5,0.8273,1,ISRO NRSC Landslide Atlas 2023 & NASA SRTM 30m DEM
Meghalaya,East Khasi Hills (Cherrapunji/Shillong),18,Northeast Hills,Sandstone & Conglomerate,1334.0,40.9,46.2,14.32,4.77,2.2,25.1,0.38,0.9,3.3,13.2,0.8782,1,ISRO NRSC Landslide Atlas 2023 & NASA SRTM 30m DEM
Meghalaya,East Khasi Hills (Cherrapunji/Shillong),18,Northeast Hills,Sandstone & Conglomerate,1577.0,43.1,138.9,14.9,4.54,1.2,18.7,0.48,0.5,1.5,5.4,0.8674,1,ISRO NRSC Landslide Atlas 2023 & NASA SRTM 30m DEM
Meghalaya,East Khasi Hills (Cherrapunji/Shillong),18,Northeast Hills,Sandstone & Conglomerate,1470.0,44.1,285.0,17.27,3.88,3.3,23.0,0.29,5.9,29.3,68.7,0.984,1,ISRO NRSC Landslide Atlas 2023 & NASA SRTM 30m DEM
Meghalaya,East Khasi Hills (Cherrapunji/Shillong),18,Northeast Hills,Sandstone & Conglomerate,1447.0,44.0,85.1,14.93,4.57,2.1,22.2,0.45,1.8,6.2,18.3,0.9143,1,ISRO NRSC Landslide Atlas 2023 & NASA SRTM 30m DEM
Meghalaya,East Khasi Hills (Cherrapunji/Shillong),18,Northeast Hills,Sandstone & Conglomerate,1477.0,35.6,283.8,12.36,4.45,1.9,21.8,0.57,0.3,1.5,3.2,0.6411,1,ISRO NRSC Landslide Atlas 2023 & NASA SRTM 30m DEM
Meghalaya,East Khasi Hills (Cherrapunji/Shillong),18,Northeast Hills,Sandstone & Conglomerate,1062.0,43.1,114.1,14.73,5.15,3.2,96.7,0.72,29.2,136.2,514.4,1.0,1,ISRO NRSC Landslide Atlas 2023 & NASA SRTM 30m DEM
Meghalaya,East Khasi Hills (Cherrapunji/Shillong),18,Northeast Hills,Sandstone & Conglomerate,1431.0,50.4,142.3,19.79,4.45,2.5,21.9,0.84,1.9,7.2,21.5,0.9661,1,ISRO NRSC Landslide Atlas 2023 & NASA SRTM 30m DEM
Meghalaya,East Khasi Hills (Cherrapunji/Shillong),18,Northeast Hills,Sandstone & Conglomerate,1459.0,39.0,167.5,12.7,4.15,2.3,30.3,0.21,2.4,12.6,37.3,0.9057,1,ISRO NRSC Landslide Atlas 2023 & NASA SRTM 30m DEM
Meghalaya,East Khasi Hills (Cherrapunji/Shillong),18,Northeast Hills,Sandstone & Conglomerate,1388.0,39.8,166.0,13.2,4.61,1.8,34.2,0.83,4.4,25.4,77.5,0.9148,1,ISRO NRSC Landslide Atlas 2023 & NASA SRTM 30m DEM
Meghalaya,East Khasi Hills (Cherrapunji/Shillong),18,Northeast Hills,Sandstone & Conglomerate,1416.0,41.8,140.0,12.24,4.41,2.7,39.5,0.75,9.0,30.9,121.3,0.9625,1,ISRO NRSC Landslide Atlas 2023 & NASA SRTM 30m DEM
Meghalaya,East Khasi Hills (Cherrapunji/Shillong),18,Northeast Hills,Sandstone & Conglomerate,1332.0,35.9,215.9,13.04,4.1,1.2,29.8,0.84,6.3,25.0,73.6,0.8645,1,ISRO NRSC Landslide Atlas 2023 & NASA SRTM 30m DEM
Meghalaya,East Khasi Hills (Cherrapunji/Shillong),18,Northeast Hills,Sandstone & Conglomerate,1545.0,44.2,321.1,16.27,3.5,2.6,33.0,0.46,4.5,24.3,58.4,0.9737,1,ISRO NRSC Landslide Atlas 2023 & NASA SRTM 30m DEM
Meghalaya,East Khasi Hills (Cherrapunji/Shillong),18,Northeast Hills,Sandstone & Conglomerate,1532.0,46.6,38.9,15.7,4.11,1.8,69.4,0.56,36.7,119.4,380.8,1.0,1,ISRO NRSC Landslide Atlas 2023 & NASA SRTM 30m DEM
Meghalaya,East Khasi Hills (Cherrapunji/Shillong),18,Northeast Hills,Sandstone & Conglomerate,1310.0,35.0,169.3,12.71,4.82,2.0,43.9,0.77,7.5,36.1,148.3,0.952,1,ISRO NRSC Landslide Atlas 2023 & NASA SRTM 30m DEM
Meghalaya,East Khasi Hills (Cherrapunji/Shillong),18,Northeast Hills,Sandstone & Conglomerate,1637.0,43.5,157.8,16.18,4.35,3.9,92.1,0.71,23.5,111.1,459.9,1.0,1,ISRO NRSC Landslide Atlas 2023 & NASA SRTM 30m DEM
Meghalaya,East Khasi Hills (Cherrapunji/Shillong),18,Northeast Hills,Sandstone & Conglomerate,1618.0,44.0,56.1,15.0,4.69,2.8,43.1,0.69,9.2,33.4,134.7,0.9867,1,ISRO NRSC Landslide Atlas 2023 & NASA SRTM 30m DEM
Meghalaya,East Khasi Hills (Cherrapunji/Shillong),18,Northeast Hills,Sandstone & Conglomerate,1404.0,36.6,102.5,12.18,5.95,2.7,24.2,0.65,0.8,2.2,6.4,0.6919,1,ISRO NRSC Landslide Atlas 2023 & NASA SRTM 30m DEM
Meghalaya,East Khasi Hills (Cherrapunji/Shillong),18,Northeast Hills,Sandstone & Conglomerate,1332.0,34.6,130.9,12.57,4.7,2.3,37.2,0.46,2.6,16.1,38.1,0.8536,1,ISRO NRSC Landslide Atlas 2023 & NASA SRTM 30m DEM
Meghalaya,East Khasi Hills (Cherrapunji/Shillong),18,Northeast Hills,Sandstone & Conglomerate,1768.0,43.8,117.5,15.64,4.56,2.2,47.7,0.72,13.3,48.3,178.8,0.9952,1,ISRO NRSC Landslide Atlas 2023 & NASA SRTM 30m DEM
Meghalaya,East Khasi Hills (Cherrapunji/Shillong),18,Northeast Hills,Sandstone & Conglomerate,1661.0,49.5,70.8,18.06,4.46,2.8,33.1,0.25,6.7,23.1,80.9,0.9938,1,ISRO NRSC Landslide Atlas 2023 & NASA SRTM 30m DEM
Meghalaya,East Khasi Hills (Cherrapunji/Shillong),18,Northeast Hills,Sandstone & Conglomerate,1431.0,41.7,77.5,13.3,4.39,2.6,31.8,0.27,4.7,24.6,79.2,0.9647,1,ISRO NRSC Landslide Atlas 2023 & NASA SRTM 30m DEM
Meghalaya,East Khasi Hills (Cherrapunji/Shillong),18,Northeast Hills,Sandstone & Conglomerate,1691.0,38.4,266.6,12.57,5.18,2.4,27.9,0.54,6.2,21.0,62.7,0.9123,1,ISRO NRSC Landslide Atlas 2023 & NASA SRTM 30m DEM
Meghalaya,East Khasi Hills (Cherrapunji/Shillong),18,Northeast Hills,Sandstone & Conglomerate,1726.0,33.6,244.7,9.75,4.25,0.3,33.6,0.67,8.0,33.4,115.3,0.8743,1,ISRO NRSC Landslide Atlas 2023 & NASA SRTM 30m DEM
Meghalaya,East Khasi Hills (Cherrapunji/Shillong),18,Northeast Hills,Sandstone & Conglomerate,1522.0,34.7,48.8,12.67,4.66,2.5,56.8,0.25,24.4,79.6,188.2,0.9981,1,ISRO NRSC Landslide Atlas 2023 & NASA SRTM 30m DEM
Meghalaya,East Khasi Hills (Cherrapunji/Shillong),18,Northeast Hills,Sandstone & Conglomerate,1416.0,47.7,261.2,17.27,4.81,0.7,40.0,0.66,10.0,34.0,98.4,0.9928,1,ISRO NRSC Landslide Atlas 2023 & NASA SRTM 30m DEM
Meghalaya,East Khasi Hills (Cherrapunji/Shillong),18,Northeast Hills,Sandstone & Conglomerate,1495.0,36.1,218.9,11.62,5.3,2.6,58.5,0.79,17.7,57.3,203.2,0.9907,1,ISRO NRSC Landslide Atlas 2023 & NASA SRTM 30m DEM
Meghalaya,East Khasi Hills (Cherrapunji/Shillong),18,Northeast Hills,Sandstone & Conglomerate,1584.0,42.4,263.1,14.54,4.08,2.2,54.8,0.8,28.9,101.0,235.7,0.9995,1,ISRO NRSC Landslide Atlas 2023 & NASA SRTM 30m DEM
Meghalaya,East Khasi Hills (Cherrapunji/Shillong),18,Northeast Hills,Sandstone & Conglomerate,1297.0,42.6,204.9,14.28,3.94,1.3,32.1,0.26,5.7,27.8,71.6,0.9745,1,ISRO NRSC Landslide Atlas 2023 & NASA SRTM 30m DEM
Meghalaya,East Khasi Hills (Cherrapunji/Shillong),18,Northeast Hills,Sandstone & Conglomerate,1425.0,47.1,319.7,15.85,4.19,3.0,46.3,0.21,10.6,44.9,110.5,0.9968,1,ISRO NRSC Landslide Atlas 2023 & NASA SRTM 30m DEM
Meghalaya,East Khasi Hills (Cherrapunji/Shillong),18,Northeast Hills,Sandstone & Conglomerate,1430.0,38.7,75.0,13.64,4.84,2.3,30.8,0.72,7.8,28.6,58.4,0.9311,1,ISRO NRSC Landslide Atlas 2023 & NASA SRTM 30m DEM
Meghalaya,East Khasi Hills (Cherrapunji/Shillong),18,Northeast Hills,Sandstone & Conglomerate,1462.0,45.1,136.0,16.04,4.79,2.1,24.8,0.81,0.9,4.7,14.7,0.894,1,ISRO NRSC Landslide Atlas 2023 & NASA SRTM 30m DEM
Meghalaya,East Khasi Hills (Cherrapunji/Shillong),18,Northeast Hills,Sandstone & Conglomerate,1594.0,41.3,68.2,15.56,4.49,1.5,34.6,0.83,5.2,32.2,70.4,0.9583,1,ISRO NRSC Landslide Atlas 2023 & NASA SRTM 30m DEM
Meghalaya,East Khasi Hills (Cherrapunji/Shillong),18,Northeast Hills,Sandstone & Conglomerate,1410.0,48.4,38.6,16.01,5.34,2.5,99.0,0.77,57.8,225.6,881.4,1.0,1,ISRO NRSC Landslide Atlas 2023 & NASA SRTM 30m DEM
Meghalaya,East Khasi Hills (Cherrapunji/Shillong),18,Northeast Hills,Sandstone & Conglomerate,1458.0,44.1,147.1,15.65,4.53,1.6,38.1,0.56,11.0,38.2,114.3,0.9901,1,ISRO NRSC Landslide Atlas 2023 & NASA SRTM 30m DEM
Meghalaya,East Khasi Hills (Cherrapunji/Shillong),18,Northeast Hills,Sandstone & Conglomerate,1424.0,45.2,208.6,15.79,4.63,1.3,50.3,0.26,13.7,72.2,196.1,0.9991,1,ISRO NRSC Landslide Atlas 2023 & NASA SRTM 30m DEM
Meghalaya,East Khasi Hills (Cherrapunji/Shillong),18,Northeast Hills,Sandstone & Conglomerate,1666.0,37.9,218.9,14.0,5.09,1.3,45.8,0.33,12.0,47.6,191.6,0.9934,1,ISRO NRSC Landslide Atlas 2023 & NASA SRTM 30m DEM
Meghalaya,East Khasi Hills (Cherrapunji/Shillong),18,Northeast Hills,Sandstone & Conglomerate,1556.0,37.4,221.6,13.75,5.81,1.7,99.0,0.57,58.9,173.4,712.6,1.0,1,ISRO NRSC Landslide Atlas 2023 & NASA SRTM 30m DEM
Meghalaya,East Khasi Hills (Cherrapunji/Shillong),18,Northeast Hills,Sandstone & Conglomerate,1468.0,42.7,108.6,12.16,5.2,3.1,40.4,0.62,11.4,55.1,142.4,0.9895,1,ISRO NRSC Landslide Atlas 2023 & NASA SRTM 30m DEM
Meghalaya,East Khasi Hills (Cherrapunji/Shillong),18,Northeast Hills,Sandstone & Conglomerate,1397.0,37.0,169.0,12.4,4.5,3.2,21.5,0.66,0.1,0.3,0.9,0.6318,1,ISRO NRSC Landslide Atlas 2023 & NASA SRTM 30m DEM
Meghalaya,East Khasi Hills (Cherrapunji/Shillong),18,Northeast Hills,Sandstone & Conglomerate,1317.0,35.4,279.9,11.98,4.95,2.6,69.2,0.47,18.4,99.7,391.6,0.9995,1,ISRO NRSC Landslide Atlas 2023 & NASA SRTM 30m DEM
Meghalaya,East Khasi Hills (Cherrapunji/Shillong),18,Northeast Hills,Sandstone & Conglomerate,1652.0,44.8,221.6,16.78,5.24,2.6,74.8,0.3,36.0,108.0,346.9,1.0,1,ISRO NRSC Landslide Atlas 2023 & NASA SRTM 30m DEM
Meghalaya,East Khasi Hills (Cherrapunji/Shillong),18,Northeast Hills,Sandstone & Conglomerate,1330.0,54.5,281.9,18.63,3.66,2.2,34.6,0.33,9.5,28.3,69.7,0.9968,1,ISRO NRSC Landslide Atlas 2023 & NASA SRTM 30m DEM
Meghalaya,East Khasi Hills (Cherrapunji/Shillong),18,Northeast Hills,Sandstone & Conglomerate,1199.0,44.7,180.3,14.31,4.93,3.5,99.0,0.41,39.3,254.0,1066.9,1.0,1,ISRO NRSC Landslide Atlas 2023 & NASA SRTM 30m DEM
Meghalaya,East Khasi Hills (Cherrapunji/Shillong),18,Northeast Hills,Sandstone & Conglomerate,1370.0,41.6,319.5,15.33,4.27,1.3,38.0,0.73,11.9,56.7,121.0,0.9904,1,ISRO NRSC Landslide Atlas 2023 & NASA SRTM 30m DEM
Meghalaya,East Khasi Hills (Cherrapunji/Shillong),18,Northeast Hills,Sandstone & Conglomerate,1466.0,40.2,184.7,13.47,5.09,1.8,24.3,0.39,2.4,14.4,30.5,0.9044,1,ISRO NRSC Landslide Atlas 2023 & NASA SRTM 30m DEM
Meghalaya,East Khasi Hills (Cherrapunji/Shillong),18,Northeast Hills,Sandstone & Conglomerate,1544.0,39.7,178.0,13.74,4.38,4.5,20.6,0.7,5.6,16.5,46.0,0.8761,1,ISRO NRSC Landslide Atlas 2023 & NASA SRTM 30m DEM
Meghalaya,East Khasi Hills (Cherrapunji/Shillong),18,Northeast Hills,Sandstone & Conglomerate,1413.0,42.4,110.6,12.84,5.05,1.7,99.0,0.72,34.6,212.2,608.0,1.0,1,ISRO NRSC Landslide Atlas 2023 & NASA SRTM 30m DEM
Meghalaya,East Khasi Hills (Cherrapunji/Shillong),18,Northeast Hills,Sandstone & Conglomerate,1349.0,46.2,147.6,15.9,5.1,2.2,27.7,0.25,2.7,8.1,32.2,0.9677,1,ISRO NRSC Landslide Atlas 2023 & NASA SRTM 30m DEM
Meghalaya,East Khasi Hills (Cherrapunji/Shillong),18,Northeast Hills,Sandstone & Conglomerate,1497.0,40.9,116.6,14.17,5.36,3.0,28.3,0.76,6.0,26.1,107.8,0.9519,1,ISRO NRSC Landslide Atlas 2023 & NASA SRTM 30m DEM
Meghalaya,East Khasi Hills (Cherrapunji/Shillong),18,Northeast Hills,Sandstone & Conglomerate,1483.0,43.8,128.9,15.43,5.1,2.5,99.0,0.34,65.7,203.0,615.5,1.0,1,ISRO NRSC Landslide Atlas 2023 & NASA SRTM 30m DEM
Meghalaya,East Khasi Hills (Cherrapunji/Shillong),18,Northeast Hills,Sandstone & Conglomerate,1387.0,43.6,210.2,15.19,4.57,2.4,80.7,0.7,23.7,94.5,370.9,0.9999,1,ISRO NRSC Landslide Atlas 2023 & NASA SRTM 30m DEM
Meghalaya,East Khasi Hills (Cherrapunji/Shillong),18,Northeast Hills,Sandstone & Conglomerate,1428.0,33.9,169.9,10.93,5.24,2.4,43.1,0.5,5.9,36.8,142.2,0.9468,1,ISRO NRSC Landslide Atlas 2023 & NASA SRTM 30m DEM
Meghalaya,East Khasi Hills (Cherrapunji/Shillong),18,Northeast Hills,Sandstone & Conglomerate,1787.0,36.6,124.3,13.09,5.45,1.3,22.7,0.53,0.5,1.8,5.2,0.7358,1,ISRO NRSC Landslide Atlas 2023 & NASA SRTM 30m DEM
Meghalaya,East Khasi Hills (Cherrapunji/Shillong),18,Northeast Hills,Sandstone & Conglomerate,1750.0,47.2,80.2,15.92,4.45,2.3,22.9,0.6,2.4,15.2,51.7,0.9581,1,ISRO NRSC Landslide Atlas 2023 & NASA SRTM 30m DEM
Meghalaya,East Khasi Hills (Cherrapunji/Shillong),18,Northeast Hills,Sandstone & Conglomerate,1625.0,37.6,293.4,15.1,4.65,1.8,29.7,0.71,7.5,33.0,73.5,0.9489,1,ISRO NRSC Landslide Atlas 2023 & NASA SRTM 30m DEM
Meghalaya,East Khasi Hills (Cherrapunji/Shillong),18,Northeast Hills,Sandstone & Conglomerate,1530.0,44.6,144.4,16.12,5.18,1.8,99.0,0.3,75.9,217.7,861.3,1.0,1,ISRO NRSC Landslide Atlas 2023 & NASA SRTM 30m DEM
Meghalaya,East Khasi Hills (Cherrapunji/Shillong),18,Northeast Hills,Sandstone & Conglomerate,1791.0,40.2,305.3,15.2,5.02,1.8,15.0,0.56,0.8,2.4,8.5,0.826,1,ISRO NRSC Landslide Atlas 2023 & NASA SRTM 30m DEM
Meghalaya,East Khasi Hills (Cherrapunji/Shillong),18,Northeast Hills,Sandstone & Conglomerate,1342.0,45.4,330.5,15.61,5.46,3.6,51.5,0.38,16.1,76.2,217.3,0.9993,1,ISRO NRSC Landslide Atlas 2023 & NASA SRTM 30m DEM
Meghalaya,East Khasi Hills (Cherrapunji/Shillong),18,Northeast Hills,Sandstone & Conglomerate,1317.0,36.3,235.1,13.33,4.49,1.3,17.3,0.33,0.2,1.0,3.9,0.7424,1,ISRO NRSC Landslide Atlas 2023 & NASA SRTM 30m DEM
Meghalaya,East Khasi Hills (Cherrapunji/Shillong),18,Northeast Hills,Sandstone & Conglomerate,1376.0,44.9,94.0,16.29,4.71,1.1,99.0,0.24,63.2,274.4,967.7,1.0,1,ISRO NRSC Landslide Atlas 2023 & NASA SRTM 30m DEM
Meghalaya,East Khasi Hills (Cherrapunji/Shillong),18,Northeast Hills,Sandstone & Conglomerate,1336.0,35.8,121.2,13.09,4.41,3.0,20.7,0.67,4.0,14.7,37.0,0.7883,1,ISRO NRSC Landslide Atlas 2023 & NASA SRTM 30m DEM
Meghalaya,East Khasi Hills (Cherrapunji/Shillong),18,Northeast Hills,Sandstone & Conglomerate,1324.0,48.5,285.9,16.49,4.54,2.2,39.0,0.74,9.4,33.4,92.4,0.9902,1,ISRO NRSC Landslide Atlas 2023 & NASA SRTM 30m DEM
Meghalaya,East Khasi Hills (Cherrapunji/Shillong),18,Northeast Hills,Sandstone & Conglomerate,1306.0,45.4,142.0,16.52,4.08,1.2,41.8,0.32,17.3,68.7,189.7,0.999,1,ISRO NRSC Landslide Atlas 2023 & NASA SRTM 30m DEM
Meghalaya,East Khasi Hills (Cherrapunji/Shillong),18,Northeast Hills,Sandstone & Conglomerate,1371.0,33.6,142.1,11.07,4.08,1.6,38.6,0.28,4.8,25.1,101.0,0.9123,1,ISRO NRSC Landslide Atlas 2023 & NASA SRTM 30m DEM
Meghalaya,East Khasi Hills (Cherrapunji/Shillong),18,Northeast Hills,Sandstone & Conglomerate,1293.0,36.5,195.2,12.76,4.31,1.4,67.5,0.23,54.5,160.2,346.9,1.0,1,ISRO NRSC Landslide Atlas 2023 & NASA SRTM 30m DEM
Meghalaya,East Khasi Hills (Cherrapunji/Shillong),18,Northeast Hills,Sandstone & Conglomerate,1925.0,47.2,357.2,17.23,5.27,2.0,99.0,0.58,48.8,219.1,937.0,1.0,1,ISRO NRSC Landslide Atlas 2023 & NASA SRTM 30m DEM
Meghalaya,East Khasi Hills (Cherrapunji/Shillong),18,Northeast Hills,Sandstone & Conglomerate,1344.0,35.6,336.0,12.81,4.39,3.6,15.8,0.32,0.5,1.4,5.1,0.7111,1,ISRO NRSC Landslide Atlas 2023 & NASA SRTM 30m DEM
Meghalaya,East Khasi Hills (Cherrapunji/Shillong),18,Northeast Hills,Sandstone & Conglomerate,1379.0,32.6,341.8,11.58,5.07,2.2,56.4,0.34,9.5,60.1,201.3,0.9895,1,ISRO NRSC Landslide Atlas 2023 & NASA SRTM 30m DEM
Meghalaya,East Khasi Hills (Cherrapunji/Shillong),18,Northeast Hills,Sandstone & Conglomerate,1498.0,44.0,156.6,14.8,4.35,3.5,35.6,0.22,10.8,55.6,113.3,0.9952,1,ISRO NRSC Landslide Atlas 2023 & NASA SRTM 30m DEM
Meghalaya,East Khasi Hills (Cherrapunji/Shillong),18,Northeast Hills,Sandstone & Conglomerate,1312.0,49.7,31.1,17.74,4.65,2.7,99.0,0.29,65.4,208.9,929.7,1.0,1,ISRO NRSC Landslide Atlas 2023 & NASA SRTM 30m DEM
Meghalaya,East Khasi Hills (Cherrapunji/Shillong),18,Northeast Hills,Sandstone & Conglomerate,1501.0,39.5,5.4,15.52,4.6,2.6,69.5,0.55,17.0,82.3,322.1,0.9995,1,ISRO NRSC Landslide Atlas 2023 & NASA SRTM 30m DEM
Meghalaya,East Khasi Hills (Cherrapunji/Shillong),18,Northeast Hills,Sandstone & Conglomerate,1632.0,39.8,69.1,14.17,4.24,2.5,18.9,0.56,2.6,8.8,28.3,0.8481,1,ISRO NRSC Landslide Atlas 2023 & NASA SRTM 30m DEM
Meghalaya,East Khasi Hills (Cherrapunji/Shillong),18,Northeast Hills,Sandstone & Conglomerate,1382.0,43.1,327.9,14.34,4.68,1.1,24.0,0.24,1.7,7.7,28.7,0.9321,1,ISRO NRSC Landslide Atlas 2023 & NASA SRTM 30m DEM
Meghalaya,East Khasi Hills (Cherrapunji/Shillong),18,Northeast Hills,Sandstone & Conglomerate,1610.0,43.1,283.7,16.33,4.69,2.0,53.8,0.5,17.5,70.9,260.9,0.9992,1,ISRO NRSC Landslide Atlas 2023 & NASA SRTM 30m DEM
Meghalaya,East Khasi Hills (Cherrapunji/Shillong),18,Northeast Hills,Sandstone & Conglomerate,1407.0,40.6,339.6,12.62,4.05,3.3,33.6,0.5,8.9,40.1,92.1,0.97,1,ISRO NRSC Landslide Atlas 2023 & NASA SRTM 30m DEM
Meghalaya,East Khasi Hills (Cherrapunji/Shillong),18,Northeast Hills,Sandstone & Conglomerate,1488.0,47.6,344.3,16.17,4.14,1.5,17.5,0.67,0.8,2.6,6.1,0.906,1,ISRO NRSC Landslide Atlas 2023 & NASA SRTM 30m DEM
Meghalaya,East Khasi Hills (Cherrapunji/Shillong),18,Northeast Hills,Sandstone & Conglomerate,1265.0,52.6,133.8,19.4,4.19,1.9,27.1,0.6,2.8,12.1,49.3,0.9862,1,ISRO NRSC Landslide Atlas 2023 & NASA SRTM 30m DEM
Meghalaya,East Khasi Hills (Cherrapunji/Shillong),18,Northeast Hills,Sandstone & Conglomerate,1135.0,41.3,139.7,14.56,4.06,2.7,49.1,0.45,20.3,62.5,196.9,0.9978,1,ISRO NRSC Landslide Atlas 2023 & NASA SRTM 30m DEM
Meghalaya,East Khasi Hills (Cherrapunji/Shillong),18,Northeast Hills,Sandstone & Conglomerate,1517.0,43.2,300.2,14.26,4.55,3.5,25.2,0.63,4.0,23.1,61.6,0.9434,1,ISRO NRSC Landslide Atlas 2023 & NASA SRTM 30m DEM
Meghalaya,East Khasi Hills (Cherrapunji/Shillong),18,Northeast Hills,Sandstone & Conglomerate,1318.0,29.3,318.9,12.24,5.62,1.0,90.7,0.74,38.3,134.9,480.6,0.9999,1,ISRO NRSC Landslide Atlas 2023 & NASA SRTM 30m DEM
Meghalaya,East Khasi Hills (Cherrapunji/Shillong),18,Northeast Hills,Sandstone & Conglomerate,1184.0,48.4,155.0,16.1,4.32,2.4,99.0,0.6,94.9,315.7,932.1,1.0,1,ISRO NRSC Landslide Atlas 2023 & NASA SRTM 30m DEM
Meghalaya,East Khasi Hills (Cherrapunji/Shillong),18,Northeast Hills,Sandstone & Conglomerate,1446.0,41.1,251.4,14.46,4.68,2.1,39.4,0.27,15.3,58.4,133.4,0.9957,1,ISRO NRSC Landslide Atlas 2023 & NASA SRTM 30m DEM
Meghalaya,East Khasi Hills (Cherrapunji/Shillong),18,Northeast Hills,Sandstone & Conglomerate,1554.0,48.9,112.5,16.1,3.5,3.9,26.5,0.35,2.4,7.4,22.7,0.9636,1,ISRO NRSC Landslide Atlas 2023 & NASA SRTM 30m DEM
Meghalaya,East Khasi Hills (Cherrapunji/Shillong),18,Northeast Hills,Sandstone & Conglomerate,1367.0,48.7,270.7,16.79,5.22,1.5,75.1,0.64,36.7,139.9,369.0,1.0,1,ISRO NRSC Landslide Atlas 2023 & NASA SRTM 30m DEM
Meghalaya,East Khasi Hills (Cherrapunji/Shillong),18,Northeast Hills,Sandstone & Conglomerate,1498.0,40.8,16.0,16.85,4.2,3.0,21.8,0.58,2.0,6.5,24.0,0.9009,1,ISRO NRSC Landslide Atlas 2023 & NASA SRTM 30m DEM
Meghalaya,East Khasi Hills (Cherrapunji/Shillong),18,Northeast Hills,Sandstone & Conglomerate,1469.0,45.8,64.3,15.66,4.1,2.3,36.5,0.76,6.7,42.8,172.1,0.9906,1,ISRO NRSC Landslide Atlas 2023 & NASA SRTM 30m DEM
Meghalaya,East Khasi Hills (Cherrapunji/Shillong),18,Northeast Hills,Sandstone & Conglomerate,1322.0,44.8,212.5,15.88,4.56,1.9,49.1,0.75,13.1,43.0,181.9,0.9951,1,ISRO NRSC Landslide Atlas 2023 & NASA SRTM 30m DEM
Meghalaya,East Khasi Hills (Cherrapunji/Shillong),18,Northeast Hills,Sandstone & Conglomerate,1404.0,48.3,305.7,18.03,4.13,2.3,19.0,0.22,1.1,5.1,18.3,0.9706,1,ISRO NRSC Landslide Atlas 2023 & NASA SRTM 30m DEM
Meghalaya,East Khasi Hills (Cherrapunji/Shillong),18,Northeast Hills,Sandstone & Conglomerate,1457.0,41.8,230.9,13.9,5.36,1.2,28.6,0.56,10.5,30.7,108.1,0.9753,1,ISRO NRSC Landslide Atlas 2023 & NASA SRTM 30m DEM
Meghalaya,East Khasi Hills (Cherrapunji/Shillong),18,Northeast Hills,Sandstone & Conglomerate,1638.0,43.8,243.9,16.5,4.28,2.6,27.8,0.55,8.3,32.4,80.4,0.9821,1,ISRO NRSC Landslide Atlas 2023 & NASA SRTM 30m DEM
Meghalaya,East Khasi Hills (Cherrapunji/Shillong),18,Northeast Hills,Sandstone & Conglomerate,1467.0,40.6,186.7,15.66,4.77,1.7,45.7,0.49,15.6,58.0,151.4,0.9962,1,ISRO NRSC Landslide Atlas 2023 & NASA SRTM 30m DEM
Meghalaya,East Khasi Hills (Cherrapunji/Shillong),18,Northeast Hills,Sandstone & Conglomerate,1497.0,37.8,30.4,14.24,5.44,2.2,85.0,0.59,34.9,179.4,430.8,1.0,1,ISRO NRSC Landslide Atlas 2023 & NASA SRTM 30m DEM
Meghalaya,East Khasi Hills (Cherrapunji/Shillong),18,Northeast Hills,Sandstone & Conglomerate,1487.0,43.3,178.0,15.97,4.5,2.8,50.1,0.51,9.0,38.6,160.2,0.9938,1,ISRO NRSC Landslide Atlas 2023 & NASA SRTM 30m DEM
Meghalaya,East Khasi Hills (Cherrapunji/Shillong),18,Northeast Hills,Sandstone & Conglomerate,1525.0,44.1,43.7,15.68,4.55,2.0,43.9,0.66,14.5,59.4,158.5,0.9964,1,ISRO NRSC Landslide Atlas 2023 & NASA SRTM 30m DEM
Meghalaya,East Khasi Hills (Cherrapunji/Shillong),18,Northeast Hills,Sandstone & Conglomerate,1444.0,37.6,282.6,11.25,4.14,2.5,32.0,0.74,11.4,34.2,101.2,0.9291,1,ISRO NRSC Landslide Atlas 2023 & NASA SRTM 30m DEM
Meghalaya,East Khasi Hills (Cherrapunji/Shillong),18,Northeast Hills,Sandstone & Conglomerate,1618.0,44.2,256.4,15.66,4.54,3.2,23.2,0.24,0.1,0.6,2.6,0.9242,1,ISRO NRSC Landslide Atlas 2023 & NASA SRTM 30m DEM
Meghalaya,East Khasi Hills (Cherrapunji/Shillong),18,Northeast Hills,Sandstone & Conglomerate,1571.0,37.0,52.4,13.91,5.07,2.6,80.5,0.83,23.3,93.2,321.5,0.9995,1,ISRO NRSC Landslide Atlas 2023 & NASA SRTM 30m DEM
Meghalaya,East Khasi Hills (Cherrapunji/Shillong),18,Northeast Hills,Sandstone & Conglomerate,1483.0,44.1,26.5,14.49,4.92,2.9,34.5,0.84,6.5,25.0,102.2,0.9642,1,ISRO NRSC Landslide Atlas 2023 & NASA SRTM 30m DEM
Meghalaya,East Khasi Hills (Cherrapunji/Shillong),18,Northeast Hills,Sandstone & Conglomerate,1495.0,36.2,280.9,12.36,4.88,2.1,20.0,0.8,1.7,10.7,27.5,0.688,1,ISRO NRSC Landslide Atlas 2023 & NASA SRTM 30m DEM
Meghalaya,East Khasi Hills (Cherrapunji/Shillong),18,Northeast Hills,Sandstone & Conglomerate,1562.0,49.7,67.9,15.47,4.28,1.6,30.3,0.45,3.4,14.0,61.7,0.9765,1,ISRO NRSC Landslide Atlas 2023 & NASA SRTM 30m DEM
Meghalaya,East Khasi Hills (Cherrapunji/Shillong),18,Northeast Hills,Sandstone & Conglomerate,1385.0,42.3,55.3,14.46,4.06,2.4,25.1,0.5,2.2,7.1,28.2,0.8958,1,ISRO NRSC Landslide Atlas 2023 & NASA SRTM 30m DEM
Meghalaya,East Khasi Hills (Cherrapunji/Shillong),18,Northeast Hills,Sandstone & Conglomerate,1251.0,42.0,62.0,15.68,3.81,2.3,84.8,0.57,32.6,110.3,462.1,1.0,1,ISRO NRSC Landslide Atlas 2023 & NASA SRTM 30m DEM
Meghalaya,East Khasi Hills (Cherrapunji/Shillong),18,Northeast Hills,Sandstone & Conglomerate,1220.0,47.9,253.4,16.91,3.57,1.5,44.5,0.26,17.4,67.6,188.1,0.9993,1,ISRO NRSC Landslide Atlas 2023 & NASA SRTM 30m DEM
Meghalaya,East Khasi Hills (Cherrapunji/Shillong),18,Northeast Hills,Sandstone & Conglomerate,1512.0,38.2,6.2,12.58,5.12,2.6,70.5,0.42,41.4,130.4,328.5,0.9999,1,ISRO NRSC Landslide Atlas 2023 & NASA SRTM 30m DEM
Meghalaya,East Khasi Hills (Cherrapunji/Shillong),18,Northeast Hills,Sandstone & Conglomerate,1699.0,38.1,218.3,13.88,4.78,3.1,40.4,0.58,7.9,45.3,154.0,0.9823,1,ISRO NRSC Landslide Atlas 2023 & NASA SRTM 30m DEM
Meghalaya,East Khasi Hills (Cherrapunji/Shillong),18,Northeast Hills,Sandstone & Conglomerate,1710.0,40.4,216.8,13.46,4.75,2.6,18.4,0.34,1.1,6.7,17.5,0.8599,1,ISRO NRSC Landslide Atlas 2023 & NASA SRTM 30m DEM
Meghalaya,East Khasi Hills (Cherrapunji/Shillong),18,Northeast Hills,Sandstone & Conglomerate,1520.0,38.7,287.4,13.46,4.97,2.2,41.7,0.52,13.3,57.7,128.7,0.9902,1,ISRO NRSC Landslide Atlas 2023 & NASA SRTM 30m DEM
Meghalaya,East Khasi Hills (Cherrapunji/Shillong),18,Northeast Hills,Sandstone & Conglomerate,1559.0,44.5,125.1,14.32,5.52,1.5,99.0,0.4,24.6,160.2,692.0,1.0,1,ISRO NRSC Landslide Atlas 2023 & NASA SRTM 30m DEM
Meghalaya,East Khasi Hills (Cherrapunji/Shillong),18,Northeast Hills,Sandstone & Conglomerate,1767.0,40.0,284.1,13.22,4.04,2.6,72.8,0.68,35.7,102.5,431.6,0.9999,1,ISRO NRSC Landslide Atlas 2023 & NASA SRTM 30m DEM
Meghalaya,East Khasi Hills (Cherrapunji/Shillong),18,Northeast Hills,Sandstone & Conglomerate,1550.0,42.5,176.0,13.07,5.05,2.0,48.4,0.37,18.0,55.9,226.7,0.9976,1,ISRO NRSC Landslide Atlas 2023 & NASA SRTM 30m DEM
Meghalaya,East Khasi Hills (Cherrapunji/Shillong),18,Northeast Hills,Sandstone & Conglomerate,1321.0,49.0,95.1,17.79,4.27,3.9,43.4,0.6,20.1,79.7,207.0,0.9995,1,ISRO NRSC Landslide Atlas 2023 & NASA SRTM 30m DEM
Meghalaya,East Khasi Hills (Cherrapunji/Shillong),18,Northeast Hills,Sandstone & Conglomerate,1171.0,50.4,81.7,17.5,4.93,3.6,17.6,0.53,3.5,14.8,37.1,0.9766,1,ISRO NRSC Landslide Atlas 2023 & NASA SRTM 30m DEM
Meghalaya,East Khasi Hills (Cherrapunji/Shillong),18,Northeast Hills,Sandstone & Conglomerate,1549.0,44.9,352.1,16.86,4.6,1.6,33.7,0.6,14.7,43.8,102.5,0.9936,1,ISRO NRSC Landslide Atlas 2023 & NASA SRTM 30m DEM
Meghalaya,East Khasi Hills (Cherrapunji/Shillong),18,Northeast Hills,Sandstone & Conglomerate,1445.0,35.9,231.3,12.79,5.03,4.1,23.4,0.21,5.6,17.6,67.9,0.9162,1,ISRO NRSC Landslide Atlas 2023 & NASA SRTM 30m DEM
Meghalaya,East Khasi Hills (Cherrapunji/Shillong),18,Northeast Hills,Sandstone & Conglomerate,1742.0,39.9,68.4,12.69,3.73,2.0,25.0,0.59,8.0,28.4,67.0,0.9276,1,ISRO NRSC Landslide Atlas 2023 & NASA SRTM 30m DEM
Meghalaya,East Khasi Hills (Cherrapunji/Shillong),18,Northeast Hills,Sandstone & Conglomerate,1495.0,43.0,228.3,14.8,4.78,2.9,33.6,0.48,13.4,39.9,92.5,0.9883,1,ISRO NRSC Landslide Atlas 2023 & NASA SRTM 30m DEM
Meghalaya,East Khasi Hills (Cherrapunji/Shillong),18,Northeast Hills,Sandstone & Conglomerate,1585.0,39.7,121.4,13.04,5.2,2.9,26.3,0.74,1.1,3.3,12.3,0.7665,1,ISRO NRSC Landslide Atlas 2023 & NASA SRTM 30m DEM
Meghalaya,East Khasi Hills (Cherrapunji/Shillong),18,Northeast Hills,Sandstone & Conglomerate,1516.0,36.2,90.2,14.38,4.71,2.7,28.6,0.64,1.0,4.2,17.0,0.7799,1,ISRO NRSC Landslide Atlas 2023 & NASA SRTM 30m DEM
Meghalaya,East Khasi Hills (Cherrapunji/Shillong),18,Northeast Hills,Sandstone & Conglomerate,1498.0,56.8,303.2,19.06,3.78,3.4,61.4,0.5,22.1,74.3,265.4,0.9999,1,ISRO NRSC Landslide Atlas 2023 & NASA SRTM 30m DEM
Meghalaya,East Khasi Hills (Cherrapunji/Shillong),18,Northeast Hills,Sandstone & Conglomerate,1751.0,55.6,340.4,18.84,4.81,1.3,44.3,0.43,23.6,81.0,221.9,0.9999,1,ISRO NRSC Landslide Atlas 2023 & NASA SRTM 30m DEM
Meghalaya,East Khasi Hills (Cherrapunji/Shillong),18,Northeast Hills,Sandstone & Conglomerate,1607.0,39.0,99.4,12.31,4.75,0.4,24.9,0.43,1.2,6.0,22.0,0.8162,1,ISRO NRSC Landslide Atlas 2023 & NASA SRTM 30m DEM
Meghalaya,East Khasi Hills (Cherrapunji/Shillong),18,Northeast Hills,Sandstone & Conglomerate,1414.0,42.2,25.9,14.82,4.82,4.1,45.2,0.35,14.8,48.4,163.8,0.996,1,ISRO NRSC Landslide Atlas 2023 & NASA SRTM 30m DEM
Meghalaya,East Khasi Hills (Cherrapunji/Shillong),18,Northeast Hills,Sandstone & Conglomerate,1506.0,41.8,247.8,14.6,3.88,0.9,22.2,0.63,0.6,2.4,7.5,0.8216,1,ISRO NRSC Landslide Atlas 2023 & NASA SRTM 30m DEM
Meghalaya,East Khasi Hills (Cherrapunji/Shillong),18,Northeast Hills,Sandstone & Conglomerate,1474.0,37.4,225.2,14.3,4.56,3.3,20.7,0.42,4.5,13.4,27.4,0.8805,1,ISRO NRSC Landslide Atlas 2023 & NASA SRTM 30m DEM
Meghalaya,East Khasi Hills (Cherrapunji/Shillong),18,Northeast Hills,Sandstone & Conglomerate,1520.0,46.0,69.3,14.16,4.54,2.0,58.3,0.77,16.1,91.9,266.4,0.9993,1,ISRO NRSC Landslide Atlas 2023 & NASA SRTM 30m DEM
Meghalaya,East Khasi Hills (Cherrapunji/Shillong),18,Northeast Hills,Sandstone & Conglomerate,1553.0,40.7,51.7,14.05,5.93,2.0,35.1,0.78,8.0,33.2,144.2,0.9742,1,ISRO NRSC Landslide Atlas 2023 & NASA SRTM 30m DEM
Meghalaya,East Khasi Hills (Cherrapunji/Shillong),18,Northeast Hills,Sandstone & Conglomerate,1706.0,36.5,84.9,12.18,4.99,2.0,36.0,0.44,17.8,57.3,115.2,0.9865,1,ISRO NRSC Landslide Atlas 2023 & NASA SRTM 30m DEM
Meghalaya,East Khasi Hills (Cherrapunji/Shillong),18,Northeast Hills,Sandstone & Conglomerate,1286.0,26.8,272.6,9.54,4.77,1.4,34.7,0.72,2.6,16.2,65.6,0.546,1,ISRO NRSC Landslide Atlas 2023 & NASA SRTM 30m DEM
Meghalaya,East Khasi Hills (Cherrapunji/Shillong),18,Northeast Hills,Sandstone & Conglomerate,1504.0,37.6,311.0,13.43,4.13,3.4,99.0,0.81,53.5,234.5,664.1,1.0,1,ISRO NRSC Landslide Atlas 2023 & NASA SRTM 30m DEM
Meghalaya,East Khasi Hills (Cherrapunji/Shillong),18,Northeast Hills,Sandstone & Conglomerate,1477.0,50.8,313.9,18.27,4.54,1.9,20.7,0.78,0.4,2.5,10.8,0.9488,1,ISRO NRSC Landslide Atlas 2023 & NASA SRTM 30m DEM
Meghalaya,East Khasi Hills (Cherrapunji/Shillong),18,Northeast Hills,Sandstone & Conglomerate,1312.0,56.7,78.7,20.93,4.2,2.5,45.9,0.53,4.5,24.4,91.9,0.9978,1,ISRO NRSC Landslide Atlas 2023 & NASA SRTM 30m DEM
Meghalaya,East Khasi Hills (Cherrapunji/Shillong),18,Northeast Hills,Sandstone & Conglomerate,1488.0,49.4,186.3,16.66,4.64,1.3,52.3,0.43,16.7,62.1,262.2,0.9995,1,ISRO NRSC Landslide Atlas 2023 & NASA SRTM 30m DEM
Meghalaya,East Khasi Hills (Cherrapunji/Shillong),18,Northeast Hills,Sandstone & Conglomerate,1566.0,41.4,81.4,14.09,5.86,0.4,69.5,0.66,25.6,130.0,337.4,0.9999,1,ISRO NRSC Landslide Atlas 2023 & NASA SRTM 30m DEM
Meghalaya,East Khasi Hills (Cherrapunji/Shillong),18,Northeast Hills,Sandstone & Conglomerate,1396.0,45.5,247.7,16.35,3.61,3.3,44.4,0.46,14.2,42.2,149.0,0.996,1,ISRO NRSC Landslide Atlas 2023 & NASA SRTM 30m DEM
Meghalaya,East Khasi Hills (Cherrapunji/Shillong),18,Northeast Hills,Sandstone & Conglomerate,1704.0,45.6,295.8,16.8,4.59,3.4,99.0,0.6,43.8,232.8,990.9,1.0,1,ISRO NRSC Landslide Atlas 2023 & NASA SRTM 30m DEM
Meghalaya,East Khasi Hills (Cherrapunji/Shillong),18,Northeast Hills,Sandstone & Conglomerate,1336.0,40.5,162.1,14.14,4.99,2.0,16.7,0.28,0.7,2.3,6.4,0.8596,1,ISRO NRSC Landslide Atlas 2023 & NASA SRTM 30m DEM
Meghalaya,East Khasi Hills (Cherrapunji/Shillong),18,Northeast Hills,Sandstone & Conglomerate,1295.0,36.9,189.2,13.4,5.17,3.3,43.1,0.27,18.2,70.7,155.8,0.9963,1,ISRO NRSC Landslide Atlas 2023 & NASA SRTM 30m DEM
Meghalaya,East Khasi Hills (Cherrapunji/Shillong),18,Northeast Hills,Sandstone & Conglomerate,1253.0,44.2,68.9,16.91,4.99,2.3,33.8,0.36,10.2,31.8,123.8,0.9927,1,ISRO NRSC Landslide Atlas 2023 & NASA SRTM 30m DEM
Meghalaya,East Khasi Hills (Cherrapunji/Shillong),18,Northeast Hills,Sandstone & Conglomerate,1508.0,42.1,29.8,14.69,4.56,1.4,36.7,0.46,9.3,42.8,122.3,0.9884,1,ISRO NRSC Landslide Atlas 2023 & NASA SRTM 30m DEM
Meghalaya,East Khasi Hills (Cherrapunji/Shillong),18,Northeast Hills,Sandstone & Conglomerate,1173.0,44.3,339.1,14.54,3.69,2.0,39.1,0.72,5.5,36.5,87.6,0.9748,1,ISRO NRSC Landslide Atlas 2023 & NASA SRTM 30m DEM
Sikkim,Gangtok (East Sikkim),15,Eastern Himalayas,Phyllite & Schist,1754.0,37.2,45.3,13.02,5.12,0.3,44.4,0.44,9.8,53.2,220.6,0.9905,1,ISRO NRSC Landslide Atlas 2023 & NASA SRTM 30m DEM
Sikkim,Gangtok (East Sikkim),15,Eastern Himalayas,Phyllite & Schist,1740.0,38.7,145.8,13.4,4.45,4.2,20.0,0.46,1.3,4.1,14.5,0.7756,1,ISRO NRSC Landslide Atlas 2023 & NASA SRTM 30m DEM
Sikkim,Gangtok (East Sikkim),15,Eastern Himalayas,Phyllite & Schist,1325.0,41.3,328.8,14.68,4.77,2.4,25.7,0.62,12.0,47.7,97.9,0.9804,1,ISRO NRSC Landslide Atlas 2023 & NASA SRTM 30m DEM
Sikkim,Gangtok (East Sikkim),15,Eastern Himalayas,Phyllite & Schist,1653.0,38.9,96.3,13.6,4.85,2.2,50.7,0.51,13.7,45.4,183.1,0.9909,1,ISRO NRSC Landslide Atlas 2023 & NASA SRTM 30m DEM
Sikkim,Gangtok (East Sikkim),15,Eastern Himalayas,Phyllite & Schist,1904.0,36.5,293.8,13.46,5.1,2.4,80.7,0.51,26.5,87.5,376.2,0.9997,1,ISRO NRSC Landslide Atlas 2023 & NASA SRTM 30m DEM
Sikkim,Gangtok (East Sikkim),15,Eastern Himalayas,Phyllite & Schist,1520.0,39.8,20.3,12.17,4.59,2.1,26.8,0.53,1.3,7.6,26.3,0.7956,1,ISRO NRSC Landslide Atlas 2023 & NASA SRTM 30m DEM
Sikkim,Gangtok (East Sikkim),15,Eastern Himalayas,Phyllite & Schist,1403.0,40.5,116.4,14.41,5.08,3.5,41.2,0.84,20.5,65.9,251.4,0.9965,1,ISRO NRSC Landslide Atlas 2023 & NASA SRTM 30m DEM
Sikkim,Gangtok (East Sikkim),15,Eastern Himalayas,Phyllite & Schist,1821.0,40.7,355.9,14.63,5.44,2.6,25.2,0.28,3.4,13.5,35.6,0.9327,1,ISRO NRSC Landslide Atlas 2023 & NASA SRTM 30m DEM
Sikkim,Gangtok (East Sikkim),15,Eastern Himalayas,Phyllite & Schist,1569.0,33.2,332.4,11.67,5.01,2.9,15.0,0.51,1.0,3.5,15.2,0.5584,1,ISRO NRSC Landslide Atlas 2023 & NASA SRTM 30m DEM
Sikkim,Gangtok (East Sikkim),15,Eastern Himalayas,Phyllite & Schist,1718.0,43.7,131.8,16.06,3.68,3.2,39.6,0.85,9.0,40.2,168.9,0.9865,1,ISRO NRSC Landslide Atlas 2023 & NASA SRTM 30m DEM
Sikkim,Gangtok (East Sikkim),15,Eastern Himalayas,Phyllite & Schist,1753.0,45.1,226.7,15.36,4.18,2.5,78.4,0.45,29.9,127.7,376.5,1.0,1,ISRO NRSC Landslide Atlas 2023 & NASA SRTM 30m DEM
Sikkim,Gangtok (East Sikkim),15,Eastern Himalayas,Phyllite & Schist,1615.0,34.3,0.7,12.41,5.48,0.8,34.3,0.66,9.8,38.3,111.2,0.9376,1,ISRO NRSC Landslide Atlas 2023 & NASA SRTM 30m DEM
Sikkim,Gangtok (East Sikkim),15,Eastern Himalayas,Phyllite & Schist,1714.0,37.5,18.2,13.11,4.48,2.5,34.6,0.47,2.6,16.2,59.0,0.8845,1,ISRO NRSC Landslide Atlas 2023 & NASA SRTM 30m DEM
Sikkim,Gangtok (East Sikkim),15,Eastern Himalayas,Phyllite & Schist,1913.0,52.0,185.5,17.33,5.04,3.4,24.9,0.44,3.0,8.8,29.7,0.9776,1,ISRO NRSC Landslide Atlas 2023 & NASA SRTM 30m DEM
Sikkim,Gangtok (East Sikkim),15,Eastern Himalayas,Phyllite & Schist,1612.0,39.2,310.0,12.96,4.61,2.5,31.6,0.43,3.0,14.7,63.5,0.8992,1,ISRO NRSC Landslide Atlas 2023 & NASA SRTM 30m DEM
Sikkim,Gangtok (East Sikkim),15,Eastern Himalayas,Phyllite & Schist,1617.0,40.9,350.0,14.04,5.03,3.6,45.3,0.39,15.6,59.8,170.4,0.9958,1,ISRO NRSC Landslide Atlas 2023 & NASA SRTM 30m DEM
Sikkim,Gangtok (East Sikkim),15,Eastern Himalayas,Phyllite & Schist,1796.0,35.7,209.2,11.36,4.77,3.2,51.5,0.29,4.6,26.0,108.2,0.9455,1,ISRO NRSC Landslide Atlas 2023 & NASA SRTM 30m DEM
Sikkim,Gangtok (East Sikkim),15,Eastern Himalayas,Phyllite & Schist,1748.0,42.1,85.2,14.97,4.69,1.9,46.6,0.52,10.4,68.8,164.5,0.9961,1,ISRO NRSC Landslide Atlas 2023 & NASA SRTM 30m DEM
Sikkim,Gangtok (East Sikkim),15,Eastern Himalayas,Phyllite & Schist,1485.0,36.1,230.8,12.95,4.92,3.2,82.3,0.68,55.5,193.0,441.3,1.0,1,ISRO NRSC Landslide Atlas 2023 & NASA SRTM 30m DEM
Sikkim,Gangtok (East Sikkim),15,Eastern Himalayas,Phyllite & Schist,1436.0,34.9,236.8,11.71,4.03,3.8,43.4,0.84,19.8,74.3,166.8,0.9863,1,ISRO NRSC Landslide Atlas 2023 & NASA SRTM 30m DEM
Sikkim,Gangtok (East Sikkim),15,Eastern Himalayas,Phyllite & Schist,1532.0,42.2,71.4,16.08,4.55,2.1,99.0,0.53,50.4,198.1,743.6,1.0,1,ISRO NRSC Landslide Atlas 2023 & NASA SRTM 30m DEM
Sikkim,Gangtok (East Sikkim),15,Eastern Himalayas,Phyllite & Schist,1699.0,46.7,106.3,14.81,5.14,3.9,90.4,0.49,47.1,135.4,366.7,1.0,1,ISRO NRSC Landslide Atlas 2023 & NASA SRTM 30m DEM
Sikkim,Gangtok (East Sikkim),15,Eastern Himalayas,Phyllite & Schist,1689.0,47.4,328.7,14.65,4.38,2.0,26.9,0.53,5.6,20.5,75.9,0.968,1,ISRO NRSC Landslide Atlas 2023 & NASA SRTM 30m DEM
Sikkim,Gangtok (East Sikkim),15,Eastern Himalayas,Phyllite & Schist,1448.0,42.3,100.4,14.63,5.1,1.7,60.3,0.72,27.1,89.0,289.5,0.9995,1,ISRO NRSC Landslide Atlas 2023 & NASA SRTM 30m DEM
Sikkim,Gangtok (East Sikkim),15,Eastern Himalayas,Phyllite & Schist,1929.0,51.5,60.5,19.76,4.27,2.9,99.0,0.79,55.3,191.9,579.9,1.0,1,ISRO NRSC Landslide Atlas 2023 & NASA SRTM 30m DEM
Sikkim,Gangtok (East Sikkim),15,Eastern Himalayas,Phyllite & Schist,1731.0,34.4,77.4,11.18,4.29,2.6,16.4,0.53,6.3,21.3,50.2,0.7623,1,ISRO NRSC Landslide Atlas 2023 & NASA SRTM 30m DEM
Sikkim,Gangtok (East Sikkim),15,Eastern Himalayas,Phyllite & Schist,1830.0,36.3,1.4,11.47,5.05,2.1,35.8,0.59,8.6,30.5,122.5,0.9315,1,ISRO NRSC Landslide Atlas 2023 & NASA SRTM 30m DEM
Sikkim,Gangtok (East Sikkim),15,Eastern Himalayas,Phyllite & Schist,1901.0,32.7,346.9,10.79,4.62,3.3,19.4,0.36,3.1,9.2,19.2,0.6422,1,ISRO NRSC Landslide Atlas 2023 & NASA SRTM 30m DEM
Sikkim,Gangtok (East Sikkim),15,Eastern Himalayas,Phyllite & Schist,1746.0,46.3,323.1,17.74,3.99,2.5,20.4,0.47,1.2,6.1,23.4,0.9439,1,ISRO NRSC Landslide Atlas 2023 & NASA SRTM 30m DEM
Sikkim,Gangtok (East Sikkim),15,Eastern Himalayas,Phyllite & Schist,1563.0,37.0,79.4,13.61,4.87,1.8,99.0,0.36,85.9,288.3,1205.6,1.0,1,ISRO NRSC Landslide Atlas 2023 & NASA SRTM 30m DEM
Sikkim,Gangtok (East Sikkim),15,Eastern Himalayas,Phyllite & Schist,1861.0,42.1,54.4,13.62,4.61,2.0,96.4,0.82,43.1,169.4,522.6,1.0,1,ISRO NRSC Landslide Atlas 2023 & NASA SRTM 30m DEM
Sikkim,Gangtok (East Sikkim),15,Eastern Himalayas,Phyllite & Schist,1767.0,37.5,121.8,14.98,5.0,3.6,38.6,0.66,10.0,44.4,108.7,0.9758,1,ISRO NRSC Landslide Atlas 2023 & NASA SRTM 30m DEM
Sikkim,Gangtok (East Sikkim),15,Eastern Himalayas,Phyllite & Schist,1578.0,36.7,280.1,13.65,4.42,3.1,24.5,0.34,3.1,13.0,56.6,0.8737,1,ISRO NRSC Landslide Atlas 2023 & NASA SRTM 30m DEM
Sikkim,Gangtok (East Sikkim),15,Eastern Himalayas,Phyllite & Schist,1529.0,45.0,87.3,15.31,4.51,2.9,48.9,0.3,6.9,39.9,174.0,0.9949,1,ISRO NRSC Landslide Atlas 2023 & NASA SRTM 30m DEM
Sikkim,Gangtok (East Sikkim),15,Eastern Himalayas,Phyllite & Schist,1652.0,39.2,87.8,13.44,5.09,3.1,99.0,0.57,32.0,136.1,574.2,1.0,1,ISRO NRSC Landslide Atlas 2023 & NASA SRTM 30m DEM
Sikkim,Gangtok (East Sikkim),15,Eastern Himalayas,Phyllite & Schist,1637.0,37.9,284.4,13.0,4.78,3.3,99.0,0.73,40.5,148.9,583.6,1.0,1,ISRO NRSC Landslide Atlas 2023 & NASA SRTM 30m DEM
Sikkim,Gangtok (East Sikkim),15,Eastern Himalayas,Phyllite & Schist,1388.0,46.4,133.4,16.98,4.92,3.7,25.2,0.38,3.9,15.4,42.5,0.9718,1,ISRO NRSC Landslide Atlas 2023 & NASA SRTM 30m DEM
Sikkim,Gangtok (East Sikkim),15,Eastern Himalayas,Phyllite & Schist,1700.0,42.1,196.9,14.21,4.32,2.3,70.9,0.22,14.0,75.0,307.8,0.9994,1,ISRO NRSC Landslide Atlas 2023 & NASA SRTM 30m DEM
Sikkim,Gangtok (East Sikkim),15,Eastern Himalayas,Phyllite & Schist,1608.0,43.6,301.9,15.37,3.93,2.4,89.1,0.64,41.1,125.0,444.3,1.0,1,ISRO NRSC Landslide Atlas 2023 & NASA SRTM 30m DEM
Sikkim,Gangtok (East Sikkim),15,Eastern Himalayas,Phyllite & Schist,1578.0,46.6,347.4,16.85,4.39,2.3,34.3,0.65,6.3,18.4,66.3,0.9742,1,ISRO NRSC Landslide Atlas 2023 & NASA SRTM 30m DEM
Sikkim,Gangtok (East Sikkim),15,Eastern Himalayas,Phyllite & Schist,1512.0,35.5,218.3,11.54,5.58,2.9,39.4,0.32,14.8,45.0,180.2,0.9839,1,ISRO NRSC Landslide Atlas 2023 & NASA SRTM 30m DEM
Sikkim,Gangtok (East Sikkim),15,Eastern Himalayas,Phyllite & Schist,1689.0,45.3,85.6,14.61,3.81,3.4,59.9,0.72,13.9,70.8,235.8,0.9982,1,ISRO NRSC Landslide Atlas 2023 & NASA SRTM 30m DEM
Sikkim,Gangtok (East Sikkim),15,Eastern Himalayas,Phyllite & Schist,1749.0,38.0,315.0,13.59,3.75,2.6,23.4,0.35,2.0,9.0,37.4,0.8409,1,ISRO NRSC Landslide Atlas 2023 & NASA SRTM 30m DEM
Sikkim,Gangtok (East Sikkim),15,Eastern Himalayas,Phyllite & Schist,1745.0,49.1,183.9,17.47,4.54,1.5,28.9,0.22,5.6,16.7,74.0,0.9886,1,ISRO NRSC Landslide Atlas 2023 & NASA SRTM 30m DEM
Sikkim,Gangtok (East Sikkim),15,Eastern Himalayas,Phyllite & Schist,1603.0,36.5,244.1,11.4,4.63,3.5,74.2,0.45,19.6,88.0,374.3,0.9993,1,ISRO NRSC Landslide Atlas 2023 & NASA SRTM 30m DEM
Sikkim,Gangtok (East Sikkim),15,Eastern Himalayas,Phyllite & Schist,1805.0,38.4,106.0,12.72,4.39,1.9,45.4,0.56,10.1,51.9,174.3,0.9853,1,ISRO NRSC Landslide Atlas 2023 & NASA SRTM 30m DEM
Sikkim,Gangtok (East Sikkim),15,Eastern Himalayas,Phyllite & Schist,1523.0,42.6,308.6,16.05,5.27,3.1,26.9,0.53,12.4,43.3,92.0,0.9873,1,ISRO NRSC Landslide Atlas 2023 & NASA SRTM 30m DEM
Sikkim,Gangtok (East Sikkim),15,Eastern Himalayas,Phyllite & Schist,1561.0,46.1,177.1,14.63,3.5,2.6,62.3,0.41,14.6,61.1,225.9,0.9986,1,ISRO NRSC Landslide Atlas 2023 & NASA SRTM 30m DEM
Sikkim,Gangtok (East Sikkim),15,Eastern Himalayas,Phyllite & Schist,1632.0,40.7,151.1,15.47,5.02,3.2,40.1,0.58,13.2,38.1,127.4,0.9872,1,ISRO NRSC Landslide Atlas 2023 & NASA SRTM 30m DEM
Sikkim,Gangtok (East Sikkim),15,Eastern Himalayas,Phyllite & Schist,1749.0,44.1,333.4,15.15,5.24,1.8,39.7,0.55,14.1,52.3,158.7,0.9951,1,ISRO NRSC Landslide Atlas 2023 & NASA SRTM 30m DEM
Sikkim,Gangtok (East Sikkim),15,Eastern Himalayas,Phyllite & Schist,1697.0,42.4,241.7,15.87,4.75,2.4,86.2,0.81,23.0,126.8,388.6,0.9999,1,ISRO NRSC Landslide Atlas 2023 & NASA SRTM 30m DEM
Sikkim,Gangtok (East Sikkim),15,Eastern Himalayas,Phyllite & Schist,1821.0,34.9,35.4,11.99,5.34,0.3,58.4,0.5,31.5,100.1,296.3,0.9993,1,ISRO NRSC Landslide Atlas 2023 & NASA SRTM 30m DEM
Sikkim,Gangtok (East Sikkim),15,Eastern Himalayas,Phyllite & Schist,1484.0,55.0,224.0,19.48,4.46,1.3,17.9,0.54,1.9,6.5,15.9,0.9802,1,ISRO NRSC Landslide Atlas 2023 & NASA SRTM 30m DEM
Sikkim,Gangtok (East Sikkim),15,Eastern Himalayas,Phyllite & Schist,1682.0,44.0,69.2,15.83,4.4,2.4,23.1,0.49,1.1,3.3,11.7,0.8979,1,ISRO NRSC Landslide Atlas 2023 & NASA SRTM 30m DEM
Sikkim,Gangtok (East Sikkim),15,Eastern Himalayas,Phyllite & Schist,1624.0,34.1,331.3,10.93,6.51,3.3,45.7,0.31,16.4,48.7,182.7,0.9868,1,ISRO NRSC Landslide Atlas 2023 & NASA SRTM 30m DEM
Sikkim,Gangtok (East Sikkim),15,Eastern Himalayas,Phyllite & Schist,1671.0,46.4,223.9,14.81,4.4,3.3,50.1,0.32,15.0,47.0,205.9,0.9978,1,ISRO NRSC Landslide Atlas 2023 & NASA SRTM 30m DEM
Sikkim,Gangtok (East Sikkim),15,Eastern Himalayas,Phyllite & Schist,1832.0,35.8,349.9,12.46,4.5,2.7,45.9,0.8,6.1,27.3,111.7,0.9101,1,ISRO NRSC Landslide Atlas 2023 & NASA SRTM 30m DEM
Sikkim,Gangtok (East Sikkim),15,Eastern Himalayas,Phyllite & Schist,1806.0,34.8,24.8,12.23,3.89,2.2,16.2,0.72,0.6,2.1,4.3,0.4945,0,ISRO NRSC Landslide Atlas 2023 & NASA SRTM 30m DEM
Sikkim,Gangtok (East Sikkim),15,Eastern Himalayas,Phyllite & Schist,1769.0,46.8,209.0,15.53,4.76,4.2,52.2,0.44,19.8,110.6,245.2,0.9998,1,ISRO NRSC Landslide Atlas 2023 & NASA SRTM 30m DEM
Sikkim,Gangtok (East Sikkim),15,Eastern Himalayas,Phyllite & Schist,1519.0,42.1,178.2,15.27,4.5,3.7,30.5,0.23,5.6,21.6,58.8,0.969,1,ISRO NRSC Landslide Atlas 2023 & NASA SRTM 30m DEM
Sikkim,Gangtok (East Sikkim),15,Eastern Himalayas,Phyllite & Schist,1848.0,37.9,269.4,12.85,4.74,3.2,25.8,0.73,12.7,49.1,101.0,0.9601,1,ISRO NRSC Landslide Atlas 2023 & NASA SRTM 30m DEM
Sikkim,Gangtok (East Sikkim),15,Eastern Himalayas,Phyllite & Schist,1532.0,35.9,358.8,11.57,4.25,2.4,15.0,0.67,2.1,6.2,26.2,0.5919,1,ISRO NRSC Landslide Atlas 2023 & NASA SRTM 30m DEM
Sikkim,Gangtok (East Sikkim),15,Eastern Himalayas,Phyllite & Schist,1648.0,44.5,145.6,16.35,4.01,4.0,87.9,0.64,17.0,97.1,390.2,0.9999,1,ISRO NRSC Landslide Atlas 2023 & NASA SRTM 30m DEM
Sikkim,Gangtok (East Sikkim),15,Eastern Himalayas,Phyllite & Schist,1926.0,37.8,161.6,12.76,4.88,2.6,58.5,0.22,13.2,61.1,264.2,0.9973,1,ISRO NRSC Landslide Atlas 2023 & NASA SRTM 30m DEM
Sikkim,Gangtok (East Sikkim),15,Eastern Himalayas,Phyllite & Schist,1813.0,40.9,109.2,14.01,4.74,1.4,33.8,0.79,19.9,61.8,127.5,0.9905,1,ISRO NRSC Landslide Atlas 2023 & NASA SRTM 30m DEM
Sikkim,Gangtok (East Sikkim),15,Eastern Himalayas,Phyllite & Schist,1738.0,41.0,195.1,15.35,4.25,2.9,24.2,0.43,3.2,11.6,44.1,0.9175,1,ISRO NRSC Landslide Atlas 2023 & NASA SRTM 30m DEM
Sikkim,Gangtok (East Sikkim),15,Eastern Himalayas,Phyllite & Schist,1785.0,48.4,282.4,17.54,4.57,1.3,22.5,0.83,12.4,37.6,81.9,0.9877,1,ISRO NRSC Landslide Atlas 2023 & NASA SRTM 30m DEM
Sikkim,Gangtok (East Sikkim),15,Eastern Himalayas,Phyllite & Schist,1644.0,40.1,78.8,11.7,4.09,1.5,43.4,0.23,12.2,65.3,191.4,0.9944,1,ISRO NRSC Landslide Atlas 2023 & NASA SRTM 30m DEM
Sikkim,Gangtok (East Sikkim),15,Eastern Himalayas,Phyllite & Schist,1203.0,42.7,284.9,13.37,4.16,2.2,99.0,0.36,38.6,138.9,593.6,1.0,1,ISRO NRSC Landslide Atlas 2023 & NASA SRTM 30m DEM
Sikkim,Gangtok (East Sikkim),15,Eastern Himalayas,Phyllite & Schist,1962.0,38.6,131.1,13.06,4.8,2.9,36.3,0.71,12.2,37.6,104.0,0.9613,1,ISRO NRSC Landslide Atlas 2023 & NASA SRTM 30m DEM
Sikkim,Gangtok (East Sikkim),15,Eastern Himalayas,Phyllite & Schist,1406.0,45.3,80.9,15.65,5.78,1.1,34.1,0.82,6.1,27.2,98.7,0.9738,1,ISRO NRSC Landslide Atlas 2023 & NASA SRTM 30m DEM
Sikkim,Gangtok (East Sikkim),15,Eastern Himalayas,Phyllite & Schist,1617.0,38.7,129.7,15.01,5.04,2.7,19.0,0.24,0.8,2.4,7.2,0.8543,1,ISRO NRSC Landslide Atlas 2023 & NASA SRTM 30m DEM
Sikkim,Gangtok (East Sikkim),15,Eastern Himalayas,Phyllite & Schist,1470.0,38.7,150.5,13.2,4.61,1.2,24.3,0.26,4.5,25.0,53.4,0.9295,1,ISRO NRSC Landslide Atlas 2023 & NASA SRTM 30m DEM
Sikkim,Gangtok (East Sikkim),15,Eastern Himalayas,Phyllite & Schist,1568.0,44.0,238.8,15.74,5.18,3.0,52.1,0.62,16.2,62.8,215.7,0.9982,1,ISRO NRSC Landslide Atlas 2023 & NASA SRTM 30m DEM
Sikkim,Gangtok (East Sikkim),15,Eastern Himalayas,Phyllite & Schist,1762.0,46.9,228.2,17.19,4.5,2.8,25.8,0.7,3.6,10.9,35.9,0.9505,1,ISRO NRSC Landslide Atlas 2023 & NASA SRTM 30m DEM
Sikkim,Gangtok (East Sikkim),15,Eastern Himalayas,Phyllite & Schist,1699.0,42.4,222.3,15.44,4.67,2.4,45.7,0.71,12.2,39.3,147.8,0.9891,1,ISRO NRSC Landslide Atlas 2023 & NASA SRTM 30m DEM
Sikkim,Gangtok (East Sikkim),15,Eastern Himalayas,Phyllite & Schist,1566.0,32.0,68.9,10.78,5.61,0.9,89.9,0.44,28.7,116.6,437.3,0.9998,1,ISRO NRSC Landslide Atlas 2023 & NASA SRTM 30m DEM
Sikkim,Gangtok (East Sikkim),15,Eastern Himalayas,Phyllite & Schist,1748.0,43.1,206.8,15.47,3.9,1.5,40.8,0.43,14.7,45.8,203.2,0.9956,1,ISRO NRSC Landslide Atlas 2023 & NASA SRTM 30m DEM
Sikkim,Gangtok (East Sikkim),15,Eastern Himalayas,Phyllite & Schist,1625.0,42.9,23.3,16.51,4.61,2.1,17.0,0.62,0.8,3.4,11.2,0.8672,1,ISRO NRSC Landslide Atlas 2023 & NASA SRTM 30m DEM
Sikkim,Gangtok (East Sikkim),15,Eastern Himalayas,Phyllite & Schist,2061.0,34.8,237.0,11.11,4.91,3.1,66.0,0.2,30.3,142.4,286.0,0.9998,1,ISRO NRSC Landslide Atlas 2023 & NASA SRTM 30m DEM
Sikkim,Gangtok (East Sikkim),15,Eastern Himalayas,Phyllite & Schist,1795.0,40.6,136.1,17.29,4.94,3.1,99.0,0.49,59.6,234.5,602.2,1.0,1,ISRO NRSC Landslide Atlas 2023 & NASA SRTM 30m DEM
Sikkim,Gangtok (East Sikkim),15,Eastern Himalayas,Phyllite & Schist,1614.0,45.9,92.1,15.39,4.26,4.1,61.5,0.5,14.1,66.4,275.3,0.9991,1,ISRO NRSC Landslide Atlas 2023 & NASA SRTM 30m DEM
Sikkim,Gangtok (East Sikkim),15,Eastern Himalayas,Phyllite & Schist,1613.0,41.6,27.5,14.1,4.67,2.4,34.2,0.61,8.7,42.4,109.9,0.9777,1,ISRO NRSC Landslide Atlas 2023 & NASA SRTM 30m DEM
Sikkim,Gangtok (East Sikkim),15,Eastern Himalayas,Phyllite & Schist,1462.0,40.0,28.2,12.72,4.32,1.9,22.3,0.42,2.6,11.7,23.5,0.8422,1,ISRO NRSC Landslide Atlas 2023 & NASA SRTM 30m DEM
Sikkim,Gangtok (East Sikkim),15,Eastern Himalayas,Phyllite & Schist,1615.0,34.3,336.9,9.39,5.26,1.6,66.9,0.49,23.0,88.7,331.1,0.9984,1,ISRO NRSC Landslide Atlas 2023 & NASA SRTM 30m DEM
Sikkim,Gangtok (East Sikkim),15,Eastern Himalayas,Phyllite & Schist,1566.0,39.5,311.4,16.98,5.98,1.4,80.4,0.46,38.0,111.9,462.6,1.0,1,ISRO NRSC Landslide Atlas 2023 & NASA SRTM 30m DEM
Sikkim,Gangtok (East Sikkim),15,Eastern Himalayas,Phyllite & Schist,1507.0,33.5,115.6,12.69,4.92,1.6,52.7,0.56,25.9,97.1,260.8,0.9985,1,ISRO NRSC Landslide Atlas 2023 & NASA SRTM 30m DEM
Sikkim,Gangtok (East Sikkim),15,Eastern Himalayas,Phyllite & Schist,1659.0,38.3,287.4,14.37,5.34,2.8,37.4,0.85,8.3,38.4,135.6,0.9647,1,ISRO NRSC Landslide Atlas 2023 & NASA SRTM 30m DEM
Sikkim,Gangtok (East Sikkim),15,Eastern Himalayas,Phyllite & Schist,1632.0,42.4,123.4,14.85,4.66,3.7,50.1,0.64,23.5,78.1,176.7,0.9984,1,ISRO NRSC Landslide Atlas 2023 & NASA SRTM 30m DEM
Sikkim,Gangtok (East Sikkim),15,Eastern Himalayas,Phyllite & Schist,2031.0,45.1,207.8,15.22,4.68,1.7,31.2,0.57,9.6,34.5,87.9,0.9823,1,ISRO NRSC Landslide Atlas 2023 & NASA SRTM 30m DEM
Sikkim,Gangtok (East Sikkim),15,Eastern Himalayas,Phyllite & Schist,1440.0,39.9,127.9,12.11,5.02,2.1,48.3,0.63,11.5,53.8,218.3,0.9905,1,ISRO NRSC Landslide Atlas 2023 & NASA SRTM 30m DEM
Sikkim,Gangtok (East Sikkim),15,Eastern Himalayas,Phyllite & Schist,1630.0,51.2,343.3,17.39,3.91,1.5,45.3,0.82,19.1,55.8,162.1,0.9983,1,ISRO NRSC Landslide Atlas 2023 & NASA SRTM 30m DEM
Sikkim,Gangtok (East Sikkim),15,Eastern Himalayas,Phyllite & Schist,1875.0,38.4,349.7,13.56,3.84,2.4,86.3,0.31,57.9,167.9,477.9,1.0,1,ISRO NRSC Landslide Atlas 2023 & NASA SRTM 30m DEM
Sikkim,Gangtok (East Sikkim),15,Eastern Himalayas,Phyllite & Schist,1583.0,36.6,175.3,13.67,5.39,2.4,36.4,0.48,17.7,55.8,146.0,0.9896,1,ISRO NRSC Landslide Atlas 2023 & NASA SRTM 30m DEM
Sikkim,Gangtok (East Sikkim),15,Eastern Himalayas,Phyllite & Schist,1531.0,44.8,299.2,14.02,5.27,2.0,21.6,0.58,2.7,9.6,41.0,0.9081,1,ISRO NRSC Landslide Atlas 2023 & NASA SRTM 30m DEM
Sikkim,Gangtok (East Sikkim),15,Eastern Himalayas,Phyllite & Schist,1693.0,43.3,329.8,13.37,4.27,1.4,24.5,0.39,1.8,7.7,31.2,0.8905,1,ISRO NRSC Landslide Atlas 2023 & NASA SRTM 30m DEM
Sikkim,Gangtok (East Sikkim),15,Eastern Himalayas,Phyllite & Schist,1626.0,38.7,121.7,14.75,5.62,2.5,48.1,0.68,13.6,39.8,173.9,0.9883,1,ISRO NRSC Landslide Atlas 2023 & NASA SRTM 30m DEM
Sikkim,Gangtok (East Sikkim),15,Eastern Himalayas,Phyllite & Schist,1634.0,50.6,112.8,18.39,4.5,2.3,27.2,0.43,8.9,26.5,90.3,0.9932,1,ISRO NRSC Landslide Atlas 2023 & NASA SRTM 30m DEM
Sikkim,Gangtok (East Sikkim),15,Eastern Himalayas,Phyllite & Schist,1657.0,45.9,86.8,15.11,4.59,2.5,31.9,0.65,3.4,12.9,57.3,0.9461,1,ISRO NRSC Landslide Atlas 2023 & NASA SRTM 30m DEM
Sikkim,Gangtok (East Sikkim),15,Eastern Himalayas,Phyllite & Schist,1536.0,41.0,21.3,15.9,4.42,2.5,25.8,0.47,7.8,30.1,71.3,0.9682,1,ISRO NRSC Landslide Atlas 2023 & NASA SRTM 30m DEM
Sikkim,Gangtok (East Sikkim),15,Eastern Himalayas,Phyllite & Schist,1371.0,46.4,185.8,16.29,4.36,2.1,99.0,0.79,42.9,126.4,519.6,1.0,1,ISRO NRSC Landslide Atlas 2023 & NASA SRTM 30m DEM
Sikkim,Gangtok (East Sikkim),15,Eastern Himalayas,Phyllite & Schist,1460.0,41.9,342.4,14.89,5.38,2.6,81.6,0.46,28.4,108.0,350.2,0.9999,1,ISRO NRSC Landslide Atlas 2023 & NASA SRTM 30m DEM
Sikkim,Gangtok (East Sikkim),15,Eastern Himalayas,Phyllite & Schist,1836.0,43.8,15.4,17.07,4.07,1.4,42.7,0.32,18.4,55.4,161.6,0.998,1,ISRO NRSC Landslide Atlas 2023 & NASA SRTM 30m DEM
Sikkim,Gangtok (East Sikkim),15,Eastern Himalayas,Phyllite & Schist,1549.0,45.0,325.6,14.31,4.71,2.8,40.2,0.8,5.6,22.5,95.8,0.9613,1,ISRO NRSC Landslide Atlas 2023 & NASA SRTM 30m DEM
Sikkim,Gangtok (East Sikkim),15,Eastern Himalayas,Phyllite & Schist,1827.0,45.1,306.7,17.53,5.16,1.4,40.2,0.26,16.4,53.4,172.3,0.9985,1,ISRO NRSC Landslide Atlas 2023 & NASA SRTM 30m DEM
Sikkim,Gangtok (East Sikkim),15,Eastern Himalayas,Phyllite & Schist,1654.0,36.7,220.1,13.57,5.55,2.6,26.2,0.64,2.2,13.7,44.0,0.8252,1,ISRO NRSC Landslide Atlas 2023 & NASA SRTM 30m DEM
Sikkim,Gangtok (East Sikkim),15,Eastern Himalayas,Phyllite & Schist,1753.0,45.5,87.8,16.54,4.9,2.1,37.7,0.84,11.0,32.1,103.2,0.9846,1,ISRO NRSC Landslide Atlas 2023 & NASA SRTM 30m DEM
Sikkim,Gangtok (East Sikkim),15,Eastern Himalayas,Phyllite & Schist,1695.0,36.6,129.5,12.19,5.58,3.4,90.5,0.57,41.8,135.6,467.1,1.0,1,ISRO NRSC Landslide Atlas 2023 & NASA SRTM 30m DEM
Sikkim,Gangtok (East Sikkim),15,Eastern Himalayas,Phyllite & Schist,1642.0,35.9,19.4,14.37,5.22,2.2,59.0,0.44,11.6,60.0,246.1,0.996,1,ISRO NRSC Landslide Atlas 2023 & NASA SRTM 30m DEM
Sikkim,Gangtok (East Sikkim),15,Eastern Himalayas,Phyllite & Schist,1599.0,47.3,285.6,16.72,4.25,2.0,31.4,0.63,4.6,17.9,79.2,0.9735,1,ISRO NRSC Landslide Atlas 2023 & NASA SRTM 30m DEM
Sikkim,Gangtok (East Sikkim),15,Eastern Himalayas,Phyllite & Schist,1625.0,44.0,107.7,16.85,5.21,4.3,78.4,0.62,20.1,99.0,335.8,0.9999,1,ISRO NRSC Landslide Atlas 2023 & NASA SRTM 30m DEM
Sikkim,Gangtok (East Sikkim),15,Eastern Himalayas,Phyllite & Schist,1780.0,36.0,256.9,12.74,4.44,2.6,88.5,0.55,34.3,110.4,404.0,0.9999,1,ISRO NRSC Landslide Atlas 2023 & NASA SRTM 30m DEM
Sikkim,Gangtok (East Sikkim),15,Eastern Himalayas,Phyllite & Schist,1491.0,41.3,15.0,16.31,5.07,4.0,69.1,0.59,40.7,119.0,360.0,1.0,1,ISRO NRSC Landslide Atlas 2023 & NASA SRTM 30m DEM
Sikkim,Gangtok (East Sikkim),15,Eastern Himalayas,Phyllite & Schist,1740.0,46.3,249.6,16.6,4.63,2.2,57.2,0.31,12.1,53.4,236.8,0.9989,1,ISRO NRSC Landslide Atlas 2023 & NASA SRTM 30m DEM
Sikkim,Gangtok (East Sikkim),15,Eastern Himalayas,Phyllite & Schist,1588.0,37.4,148.3,14.49,3.85,2.4,97.3,0.72,38.0,152.2,478.0,1.0,1,ISRO NRSC Landslide Atlas 2023 & NASA SRTM 30m DEM
Sikkim,Gangtok (East Sikkim),15,Eastern Himalayas,Phyllite & Schist,1677.0,37.4,258.4,14.19,5.13,1.5,45.0,0.42,8.3,44.5,161.8,0.9861,1,ISRO NRSC Landslide Atlas 2023 & NASA SRTM 30m DEM
Sikkim,Gangtok (East Sikkim),15,Eastern Himalayas,Phyllite & Schist,1782.0,40.4,299.6,13.5,4.63,2.6,31.4,0.29,5.3,18.2,67.5,0.9448,1,ISRO NRSC Landslide Atlas 2023 & NASA SRTM 30m DEM
Sikkim,Gangtok (East Sikkim),15,Eastern Himalayas,Phyllite & Schist,1538.0,37.4,14.9,12.68,4.11,1.9,87.4,0.71,37.2,116.4,480.4,0.9999,1,ISRO NRSC Landslide Atlas 2023 & NASA SRTM 30m DEM
Sikkim,Gangtok (East Sikkim),15,Eastern Himalayas,Phyllite & Schist,1850.0,44.4,263.3,15.7,4.08,1.1,45.7,0.7,19.1,61.4,151.6,0.9967,1,ISRO NRSC Landslide Atlas 2023 & NASA SRTM 30m DEM
Sikkim,Gangtok (East Sikkim),15,Eastern Himalayas,Phyllite & Schist,1647.0,41.9,211.9,14.18,5.46,0.9,28.1,0.39,7.7,22.0,56.5,0.959,1,ISRO NRSC Landslide Atlas 2023 & NASA SRTM 30m DEM
Sikkim,Gangtok (East Sikkim),15,Eastern Himalayas,Phyllite & Schist,1682.0,39.1,282.5,12.47,4.98,2.7,48.2,0.56,18.0,64.8,146.9,0.993,1,ISRO NRSC Landslide Atlas 2023 & NASA SRTM 30m DEM
Sikkim,Gangtok (East Sikkim),15,Eastern Himalayas,Phyllite & Schist,1852.0,39.1,292.0,12.65,4.14,1.8,99.0,0.39,56.6,215.9,719.9,1.0,1,ISRO NRSC Landslide Atlas 2023 & NASA SRTM 30m DEM
Sikkim,Gangtok (East Sikkim),15,Eastern Himalayas,Phyllite & Schist,1778.0,39.3,261.1,15.33,4.88,2.7,19.3,0.54,1.8,7.9,34.1,0.859,1,ISRO NRSC Landslide Atlas 2023 & NASA SRTM 30m DEM
Sikkim,Gangtok (East Sikkim),15,Eastern Himalayas,Phyllite & Schist,1601.0,50.3,147.3,17.22,4.49,2.6,55.5,0.67,19.7,68.8,223.6,0.9995,1,ISRO NRSC Landslide Atlas 2023 & NASA SRTM 30m DEM
Sikkim,Gangtok (East Sikkim),15,Eastern Himalayas,Phyllite & Schist,1682.0,34.3,21.5,12.63,4.35,3.3,45.5,0.35,15.4,78.8,167.7,0.9938,1,ISRO NRSC Landslide Atlas 2023 & NASA SRTM 30m DEM
Sikkim,Gangtok (East Sikkim),15,Eastern Himalayas,Phyllite & Schist,1579.0,39.1,241.6,13.85,4.11,3.6,44.7,0.53,11.0,38.4,154.7,0.9824,1,ISRO NRSC Landslide Atlas 2023 & NASA SRTM 30m DEM
Sikkim,Gangtok (East Sikkim),15,Eastern Himalayas,Phyllite & Schist,1698.0,44.6,303.6,16.22,4.43,3.5,43.5,0.24,7.2,38.8,136.9,0.9942,1,ISRO NRSC Landslide Atlas 2023 & NASA SRTM 30m DEM
Sikkim,Gangtok (East Sikkim),15,Eastern Himalayas,Phyllite & Schist,1934.0,40.2,341.5,16.46,4.57,2.7,15.2,0.83,2.9,18.2,56.9,0.8853,1,ISRO NRSC Landslide Atlas 2023 & NASA SRTM 30m DEM
Sikkim,Gangtok (East Sikkim),15,Eastern Himalayas,Phyllite & Schist,1465.0,34.4,6.2,11.58,5.45,1.1,25.1,0.56,7.3,30.0,107.8,0.894,1,ISRO NRSC Landslide Atlas 2023 & NASA SRTM 30m DEM
Sikkim,Gangtok (East Sikkim),15,Eastern Himalayas,Phyllite & Schist,1571.0,35.5,72.4,11.17,5.02,1.9,46.2,0.64,13.3,43.9,134.8,0.9648,1,ISRO NRSC Landslide Atlas 2023 & NASA SRTM 30m DEM
Sikkim,Gangtok (East Sikkim),15,Eastern Himalayas,Phyllite & Schist,1638.0,44.3,291.7,14.27,5.23,2.0,25.9,0.27,3.6,22.8,83.0,0.9701,1,ISRO NRSC Landslide Atlas 2023 & NASA SRTM 30m DEM
Sikkim,Gangtok (East Sikkim),15,Eastern Himalayas,Phyllite & Schist,1149.0,38.3,245.0,16.04,4.8,2.9,71.4,0.46,22.4,70.9,317.7,0.9995,1,ISRO NRSC Landslide Atlas 2023 & NASA SRTM 30m DEM
Sikkim,Gangtok (East Sikkim),15,Eastern Himalayas,Phyllite & Schist,1679.0,34.0,204.5,12.85,4.47,4.0,38.2,0.43,11.9,39.7,106.2,0.96,1,ISRO NRSC Landslide Atlas 2023 & NASA SRTM 30m DEM
Sikkim,Gangtok (East Sikkim),15,Eastern Himalayas,Phyllite & Schist,1647.0,41.7,205.6,13.62,4.89,2.3,24.2,0.23,0.8,3.6,15.5,0.882,1,ISRO NRSC Landslide Atlas 2023 & NASA SRTM 30m DEM
Sikkim,Gangtok (East Sikkim),15,Eastern Himalayas,Phyllite & Schist,1549.0,45.0,279.1,15.18,3.7,2.3,63.7,0.49,22.5,74.2,325.8,0.9996,1,ISRO NRSC Landslide Atlas 2023 & NASA SRTM 30m DEM
Sikkim,Gangtok (East Sikkim),15,Eastern Himalayas,Phyllite & Schist,1264.0,47.3,87.5,16.32,4.07,3.1,99.0,0.6,37.4,168.0,534.2,1.0,1,ISRO NRSC Landslide Atlas 2023 & NASA SRTM 30m DEM
Sikkim,Gangtok (East Sikkim),15,Eastern Himalayas,Phyllite & Schist,1609.0,28.7,47.0,9.32,5.85,2.9,85.6,0.84,32.2,117.8,408.9,0.9995,1,ISRO NRSC Landslide Atlas 2023 & NASA SRTM 30m DEM
Sikkim,Gangtok (East Sikkim),15,Eastern Himalayas,Phyllite & Schist,1881.0,45.2,4.0,16.16,4.63,1.8,30.9,0.57,3.4,9.7,43.3,0.9483,1,ISRO NRSC Landslide Atlas 2023 & NASA SRTM 30m DEM
Sikkim,Gangtok (East Sikkim),15,Eastern Himalayas,Phyllite & Schist,1697.0,48.4,146.9,15.84,4.6,1.8,42.7,0.59,6.1,21.7,82.6,0.9836,1,ISRO NRSC Landslide Atlas 2023 & NASA SRTM 30m DEM
Sikkim,Gangtok (East Sikkim),15,Eastern Himalayas,Phyllite & Schist,1714.0,44.5,274.8,16.44,4.36,3.5,48.1,0.21,25.4,91.9,191.5,0.9997,1,ISRO NRSC Landslide Atlas 2023 & NASA SRTM 30m DEM
Sikkim,Gangtok (East Sikkim),15,Eastern Himalayas,Phyllite & Schist,1685.0,41.8,258.2,15.48,5.33,1.7,33.6,0.72,3.8,17.0,45.6,0.9313,1,ISRO NRSC Landslide Atlas 2023 & NASA SRTM 30m DEM
Sikkim,Gangtok (East Sikkim),15,Eastern Himalayas,Phyllite & Schist,1540.0,44.8,6.7,15.95,3.95,2.3,46.4,0.38,18.5,66.5,147.7,0.9982,1,ISRO NRSC Landslide Atlas 2023 & NASA SRTM 30m DEM
Sikkim,Gangtok (East Sikkim),15,Eastern Himalayas,Phyllite & Schist,1867.0,50.6,137.6,18.27,3.92,2.5,20.2,0.84,2.5,9.4,22.9,0.9509,1,ISRO NRSC Landslide Atlas 2023 & NASA SRTM 30m DEM
Sikkim,Gangtok (East Sikkim),15,Eastern Himalayas,Phyllite & Schist,1710.0,42.1,346.2,14.85,4.73,2.8,33.9,0.8,5.6,29.5,81.9,0.9529,1,ISRO NRSC Landslide Atlas 2023 & NASA SRTM 30m DEM
Sikkim,Gangtok (East Sikkim),15,Eastern Himalayas,Phyllite & Schist,2145.0,25.3,105.7,8.84,5.15,2.7,30.6,0.28,7.5,43.3,115.0,0.8388,1,ISRO NRSC Landslide Atlas 2023 & NASA SRTM 30m DEM
Sikkim,Gangtok (East Sikkim),15,Eastern Himalayas,Phyllite & Schist,1632.0,41.5,194.3,13.24,4.7,3.4,36.1,0.37,6.8,36.7,107.8,0.9766,1,ISRO NRSC Landslide Atlas 2023 & NASA SRTM 30m DEM
Sikkim,Gangtok (East Sikkim),15,Eastern Himalayas,Phyllite & Schist,1476.0,37.7,154.0,11.9,5.07,2.4,45.2,0.72,9.5,39.8,128.9,0.9605,1,ISRO NRSC Landslide Atlas 2023 & NASA SRTM 30m DEM
Sikkim,Gangtok (East Sikkim),15,Eastern Himalayas,Phyllite & Schist,1590.0,44.4,31.7,16.0,4.32,2.5,72.5,0.47,14.4,82.5,304.9,0.9996,1,ISRO NRSC Landslide Atlas 2023 & NASA SRTM 30m DEM
Sikkim,Gangtok (East Sikkim),15,Eastern Himalayas,Phyllite & Schist,1393.0,39.2,154.7,15.45,6.12,2.6,35.4,0.77,3.4,10.1,32.3,0.891,1,ISRO NRSC Landslide Atlas 2023 & NASA SRTM 30m DEM
Sikkim,Gangtok (East Sikkim),15,Eastern Himalayas,Phyllite & Schist,1826.0,40.9,289.0,13.72,4.51,1.5,26.0,0.72,2.4,9.1,38.2,0.834,1,ISRO NRSC Landslide Atlas 2023 & NASA SRTM 30m DEM
Sikkim,Gangtok (East Sikkim),15,Eastern Himalayas,Phyllite & Schist,1554.0,42.3,175.4,13.66,5.4,3.9,99.0,0.74,64.7,200.8,698.8,1.0,1,ISRO NRSC Landslide Atlas 2023 & NASA SRTM 30m DEM
Sikkim,Gangtok (East Sikkim),15,Eastern Himalayas,Phyllite & Schist,1742.0,32.9,326.3,12.66,5.02,3.6,85.3,0.75,35.6,161.0,446.8,1.0,1,ISRO NRSC Landslide Atlas 2023 & NASA SRTM 30m DEM
Sikkim,Gangtok (East Sikkim),15,Eastern Himalayas,Phyllite & Schist,1518.0,40.2,280.7,14.45,4.6,3.1,46.8,0.34,11.3,48.3,187.6,0.9939,1,ISRO NRSC Landslide Atlas 2023 & NASA SRTM 30m DEM
Sikkim,Gangtok (East Sikkim),15,Eastern Himalayas,Phyllite & Schist,2049.0,36.0,68.8,13.01,4.71,1.3,20.4,0.61,2.9,18.1,66.9,0.8179,1,ISRO NRSC Landslide Atlas 2023 & NASA SRTM 30m DEM
Sikkim,Gangtok (East Sikkim),15,Eastern Himalayas,Phyllite & Schist,1603.0,39.8,260.7,16.14,4.98,3.8,31.5,0.73,4.2,23.5,79.7,0.9442,1,ISRO NRSC Landslide Atlas 2023 & NASA SRTM 30m DEM
Sikkim,Gangtok (East Sikkim),15,Eastern Himalayas,Phyllite & Schist,1362.0,35.8,166.8,13.57,5.22,0.4,15.0,0.56,1.1,3.8,11.2,0.6848,1,ISRO NRSC Landslide Atlas 2023 & NASA SRTM 30m DEM
Sikkim,Gangtok (East Sikkim),15,Eastern Himalayas,Phyllite & Schist,1849.0,46.9,50.5,16.15,4.5,2.4,99.0,0.52,57.2,173.3,569.0,1.0,1,ISRO NRSC Landslide Atlas 2023 & NASA SRTM 30m DEM
Sikkim,Gangtok (East Sikkim),15,Eastern Himalayas,Phyllite & Schist,1674.0,56.2,144.4,19.63,4.19,1.8,33.2,0.68,11.6,33.3,87.6,0.997,1,ISRO NRSC Landslide Atlas 2023 & NASA SRTM 30m DEM
Sikkim,Gangtok (East Sikkim),15,Eastern Himalayas,Phyllite & Schist,1674.0,33.7,261.2,11.6,5.42,0.8,41.7,0.36,11.7,41.8,107.0,0.9629,1,ISRO NRSC Landslide Atlas 2023 & NASA SRTM 30m DEM
Sikkim,Gangtok (East Sikkim),15,Eastern Himalayas,Phyllite & Schist,1668.0,49.3,16.8,17.48,5.2,2.9,76.1,0.84,30.3,99.4,365.7,1.0,1,ISRO NRSC Landslide Atlas 2023 & NASA SRTM 30m DEM
Sikkim,Gangtok (East Sikkim),15,Eastern Himalayas,Phyllite & Schist,1685.0,39.7,57.9,11.85,4.2,3.0,86.4,0.68,28.3,182.9,477.5,1.0,1,ISRO NRSC Landslide Atlas 2023 & NASA SRTM 30m DEM
Sikkim,Gangtok (East Sikkim),15,Eastern Himalayas,Phyllite & Schist,1826.0,44.2,140.7,15.41,4.68,1.5,45.7,0.8,9.6,32.2,122.2,0.9832,1,ISRO NRSC Landslide Atlas 2023 & NASA SRTM 30m DEM
Sikkim,Gangtok (East Sikkim),15,Eastern Himalayas,Phyllite & Schist,1785.0,44.2,199.1,15.99,4.3,2.1,48.8,0.47,25.4,76.7,197.5,0.9992,1,ISRO NRSC Landslide Atlas 2023 & NASA SRTM 30m DEM
Sikkim,Gangtok (East Sikkim),15,Eastern Himalayas,Phyllite & Schist,1704.0,31.8,169.3,11.83,4.32,3.1,55.9,0.57,12.8,60.5,213.5,0.9851,1,ISRO NRSC Landslide Atlas 2023 & NASA SRTM 30m DEM
Sikkim,Gangtok (East Sikkim),15,Eastern Himalayas,Phyllite & Schist,1744.0,37.0,102.0,13.72,4.84,2.0,49.6,0.38,10.7,69.6,215.5,0.9955,1,ISRO NRSC Landslide Atlas 2023 & NASA SRTM 30m DEM
Sikkim,Gangtok (East Sikkim),15,Eastern Himalayas,Phyllite & Schist,1526.0,40.3,111.1,13.99,5.32,2.7,99.0,0.59,48.3,177.0,685.3,1.0,1,ISRO NRSC Landslide Atlas 2023 & NASA SRTM 30m DEM
Sikkim,Gangtok (East Sikkim),15,Eastern Himalayas,Phyllite & Schist,1533.0,40.6,131.0,14.91,4.47,2.7,36.7,0.47,8.3,28.2,117.3,0.9752,1,ISRO NRSC Landslide Atlas 2023 & NASA SRTM 30m DEM
Sikkim,Gangtok (East Sikkim),15,Eastern Himalayas,Phyllite & Schist,1602.0,34.9,9.9,11.27,4.69,1.9,67.4,0.67,10.6,68.4,254.6,0.9926,1,ISRO NRSC Landslide Atlas 2023 & NASA SRTM 30m DEM
Sikkim,Gangtok (East Sikkim),15,Eastern Himalayas,Phyllite & Schist,1420.0,50.0,82.4,16.46,4.21,2.6,27.4,0.33,1.9,9.0,22.9,0.9693,1,ISRO NRSC Landslide Atlas 2023 & NASA SRTM 30m DEM
Sikkim,Gangtok (East Sikkim),15,Eastern Himalayas,Phyllite & Schist,1586.0,49.3,183.3,16.16,5.38,1.7,25.7,0.85,6.4,19.4,47.8,0.9658,1,ISRO NRSC Landslide Atlas 2023 & NASA SRTM 30m DEM
Sikkim,Gangtok (East Sikkim),15,Eastern Himalayas,Phyllite & Schist,1541.0,35.4,350.9,14.29,5.22,4.0,33.6,0.59,9.8,36.5,73.4,0.95,1,ISRO NRSC Landslide Atlas 2023 & NASA SRTM 30m DEM
Sikkim,Gangtok (East Sikkim),15,Eastern Himalayas,Phyllite & Schist,1652.0,44.7,189.2,16.37,5.17,2.6,23.0,0.59,2.0,6.2,12.8,0.9177,1,ISRO NRSC Landslide Atlas 2023 & NASA SRTM 30m DEM
Sikkim,Gangtok (East Sikkim),15,Eastern Himalayas,Phyllite & Schist,1423.0,42.7,195.9,15.53,5.26,3.4,38.4,0.57,6.5,25.4,112.7,0.9776,1,ISRO NRSC Landslide Atlas 2023 & NASA SRTM 30m DEM
Sikkim,Gangtok (East Sikkim),15,Eastern Himalayas,Phyllite & Schist,1725.0,38.0,215.6,13.25,5.34,2.6,20.9,0.23,1.2,6.7,16.0,0.8409,1,ISRO NRSC Landslide Atlas 2023 & NASA SRTM 30m DEM
Sikkim,Gangtok (East Sikkim),15,Eastern Himalayas,Phyllite & Schist,1678.0,44.4,56.7,14.21,5.69,2.0,32.0,0.39,5.1,28.9,83.2,0.9767,1,ISRO NRSC Landslide Atlas 2023 & NASA SRTM 30m DEM
Sikkim,Gangtok (East Sikkim),15,Eastern Himalayas,Phyllite & Schist,1438.0,39.8,245.7,13.23,4.3,2.6,27.0,0.46,2.2,13.8,49.9,0.8785,1,ISRO NRSC Landslide Atlas 2023 & NASA SRTM 30m DEM
Sikkim,Gangtok (East Sikkim),15,Eastern Himalayas,Phyllite & Schist,1808.0,41.3,288.0,15.85,5.6,3.5,82.1,0.82,39.9,152.0,364.2,1.0,1,ISRO NRSC Landslide Atlas 2023 & NASA SRTM 30m DEM
Sikkim,Gangtok (East Sikkim),15,Eastern Himalayas,Phyllite & Schist,1738.0,39.8,35.3,15.5,5.17,4.1,23.9,0.31,4.5,17.8,42.1,0.9432,1,ISRO NRSC Landslide Atlas 2023 & NASA SRTM 30m DEM
Sikkim,Gangtok (East Sikkim),15,Eastern Himalayas,Phyllite & Schist,1669.0,42.4,342.6,14.79,5.25,2.9,91.7,0.54,38.4,112.5,460.2,1.0,1,ISRO NRSC Landslide Atlas 2023 & NASA SRTM 30m DEM
Sikkim,Gangtok (East Sikkim),15,Eastern Himalayas,Phyllite & Schist,1873.0,44.0,279.5,15.17,4.87,2.5,62.0,0.84,16.3,70.4,215.4,0.9981,1,ISRO NRSC Landslide Atlas 2023 & NASA SRTM 30m DEM
Sikkim,Gangtok (East Sikkim),15,Eastern Himalayas,Phyllite & Schist,1521.0,42.6,290.2,13.52,4.6,2.4,96.7,0.82,39.2,205.8,539.6,1.0,1,ISRO NRSC Landslide Atlas 2023 & NASA SRTM 30m DEM
Sikkim,Gangtok (East Sikkim),15,Eastern Himalayas,Phyllite & Schist,1520.0,38.0,78.2,13.07,5.52,1.6,27.4,0.63,6.5,19.1,82.8,0.9021,1,ISRO NRSC Landslide Atlas 2023 & NASA SRTM 30m DEM
Sikkim,Gangtok (East Sikkim),15,Eastern Himalayas,Phyllite & Schist,1758.0,47.3,314.3,15.25,4.14,2.2,34.9,0.66,12.2,57.7,138.4,0.9946,1,ISRO NRSC Landslide Atlas 2023 & NASA SRTM 30m DEM
Sikkim,Gangtok (East Sikkim),15,Eastern Himalayas,Phyllite & Schist,1410.0,40.4,359.9,14.76,4.08,3.0,33.2,0.75,4.6,29.6,108.5,0.9485,1,ISRO NRSC Landslide Atlas 2023 & NASA SRTM 30m DEM
Sikkim,Gangtok (East Sikkim),15,Eastern Himalayas,Phyllite & Schist,1700.0,43.2,198.8,16.18,5.47,1.9,70.1,0.32,23.1,82.4,348.6,0.9999,1,ISRO NRSC Landslide Atlas 2023 & NASA SRTM 30m DEM
Sikkim,Gangtok (East Sikkim),15,Eastern Himalayas,Phyllite & Schist,1526.0,43.3,245.0,14.51,4.93,2.7,17.6,0.72,1.6,8.2,24.3,0.8475,1,ISRO NRSC Landslide Atlas 2023 & NASA SRTM 30m DEM
Sikkim,Gangtok (East Sikkim),15,Eastern Himalayas,Phyllite & Schist,1742.0,52.7,113.2,17.46,3.63,1.7,47.1,0.66,9.0,52.0,170.6,0.998,1,ISRO NRSC Landslide Atlas 2023 & NASA SRTM 30m DEM
Sikkim,Gangtok (East Sikkim),15,Eastern Himalayas,Phyllite & Schist,1687.0,41.8,322.5,15.79,4.4,1.2,99.0,0.85,34.8,201.5,588.3,1.0,1,ISRO NRSC Landslide Atlas 2023 & NASA SRTM 30m DEM
Sikkim,Gangtok (East Sikkim),15,Eastern Himalayas,Phyllite & Schist,1459.0,43.4,273.6,13.77,4.52,2.4,53.0,0.68,18.3,69.1,211.5,0.9976,1,ISRO NRSC Landslide Atlas 2023 & NASA SRTM 30m DEM
Sikkim,Gangtok (East Sikkim),15,Eastern Himalayas,Phyllite & Schist,1451.0,49.9,358.1,18.31,4.53,3.3,37.3,0.45,6.6,20.8,89.0,0.9918,1,ISRO NRSC Landslide Atlas 2023 & NASA SRTM 30m DEM
Sikkim,Gangtok (East Sikkim),15,Eastern Himalayas,Phyllite & Schist,1458.0,36.4,358.8,12.87,5.17,2.2,38.6,0.53,12.8,40.9,114.8,0.9704,1,ISRO NRSC Landslide Atlas 2023 & NASA SRTM 30m DEM
Sikkim,Gangtok (East Sikkim),15,Eastern Himalayas,Phyllite & Schist,1850.0,45.5,126.6,15.85,4.73,3.7,67.1,0.26,21.2,106.2,331.1,0.9999,1,ISRO NRSC Landslide Atlas 2023 & NASA SRTM 30m DEM
Sikkim,Gangtok (East Sikkim),15,Eastern Himalayas,Phyllite & Schist,1358.0,36.4,222.4,13.94,6.07,3.1,19.1,0.61,3.5,10.1,33.5,0.808,1,ISRO NRSC Landslide Atlas 2023 & NASA SRTM 30m DEM
Sikkim,Gangtok (East Sikkim),15,Eastern Himalayas,Phyllite & Schist,1689.0,39.6,174.9,12.97,4.91,1.6,35.6,0.43,10.9,41.7,131.8,0.9802,1,ISRO NRSC Landslide Atlas 2023 & NASA SRTM 30m DEM
Sikkim,Gangtok (East Sikkim),15,Eastern Himalayas,Phyllite & Schist,1917.0,42.1,33.0,15.25,5.32,2.8,26.0,0.71,5.4,33.9,87.6,0.9627,1,ISRO NRSC Landslide Atlas 2023 & NASA SRTM 30m DEM
Sikkim,Gangtok (East Sikkim),15,Eastern Himalayas,Phyllite & Schist,1610.0,40.8,174.8,13.04,4.89,3.2,40.0,0.66,10.6,37.9,114.1,0.9728,1,ISRO NRSC Landslide Atlas 2023 & NASA SRTM 30m DEM
Sikkim,Gangtok (East Sikkim),15,Eastern Himalayas,Phyllite & Schist,1501.0,48.0,328.8,15.34,4.9,4.1,31.3,0.68,3.9,19.6,58.6,0.965,1,ISRO NRSC Landslide Atlas 2023 & NASA SRTM 30m DEM
Sikkim,Gangtok (East Sikkim),15,Eastern Himalayas,Phyllite & Schist,1732.0,28.0,192.6,9.39,4.47,3.1,30.8,0.37,2.9,13.2,42.5,0.5785,1,ISRO NRSC Landslide Atlas 2023 & NASA SRTM 30m DEM
Sikkim,Gangtok (East Sikkim),15,Eastern Himalayas,Phyllite & Schist,1619.0,44.7,159.9,15.59,4.99,2.0,28.6,0.49,8.5,40.9,92.1,0.9864,1,ISRO NRSC Landslide Atlas 2023 & NASA SRTM 30m DEM
Sikkim,Gangtok (East Sikkim),15,Eastern Himalayas,Phyllite & Schist,1655.0,42.3,33.9,14.55,4.95,4.3,17.7,0.31,0.8,2.5,7.9,0.8717,1,ISRO NRSC Landslide Atlas 2023 & NASA SRTM 30m DEM
Sikkim,Gangtok (East Sikkim),15,Eastern Himalayas,Phyllite & Schist,1757.0,41.2,52.6,12.77,4.56,3.5,53.3,0.59,24.2,78.7,247.0,0.9985,1,ISRO NRSC Landslide Atlas 2023 & NASA SRTM 30m DEM
Sikkim,Gangtok (East Sikkim),15,Eastern Himalayas,Phyllite & Schist,1565.0,45.2,0.9,14.22,4.89,2.4,44.3,0.46,15.8,64.1,178.8,0.9975,1,ISRO NRSC Landslide Atlas 2023 & NASA SRTM 30m DEM
Sikkim,Gangtok (East Sikkim),15,Eastern Himalayas,Phyllite & Schist,1533.0,48.1,341.5,15.58,5.16,3.7,68.1,0.26,20.5,68.4,288.6,0.9998,1,ISRO NRSC Landslide Atlas 2023 & NASA SRTM 30m DEM
Sikkim,Gangtok (East Sikkim),15,Eastern Himalayas,Phyllite & Schist,1449.0,35.3,250.8,11.28,4.28,4.1,36.7,0.72,16.7,54.0,112.1,0.9624,1,ISRO NRSC Landslide Atlas 2023 & NASA SRTM 30m DEM
Sikkim,Gangtok (East Sikkim),15,Eastern Himalayas,Phyllite & Schist,1600.0,31.4,220.2,10.65,5.68,2.6,99.0,0.31,54.7,277.8,735.1,1.0,1,ISRO NRSC Landslide Atlas 2023 & NASA SRTM 30m DEM
Sikkim,Gangtok (East Sikkim),15,Eastern Himalayas,Phyllite & Schist,1701.0,48.7,142.3,19.17,3.93,3.0,71.0,0.44,30.0,113.5,395.5,1.0,1,ISRO NRSC Landslide Atlas 2023 & NASA SRTM 30m DEM
Sikkim,Gangtok (East Sikkim),15,Eastern Himalayas,Phyllite & Schist,1797.0,41.9,293.2,14.73,4.14,3.0,51.6,0.35,22.4,73.7,161.8,0.9985,1,ISRO NRSC Landslide Atlas 2023 & NASA SRTM 30m DEM
Sikkim,Gangtok (East Sikkim),15,Eastern Himalayas,Phyllite & Schist,1707.0,34.0,316.8,11.57,5.53,1.7,29.0,0.81,3.1,15.5,49.8,0.7047,1,ISRO NRSC Landslide Atlas 2023 & NASA SRTM 30m DEM
Sikkim,Gangtok (East Sikkim),15,Eastern Himalayas,Phyllite & Schist,1836.0,35.8,11.0,12.2,5.08,2.7,25.4,0.34,1.0,3.2,12.4,0.7385,1,ISRO NRSC Landslide Atlas 2023 & NASA SRTM 30m DEM
Sikkim,Gangtok (East Sikkim),15,Eastern Himalayas,Phyllite & Schist,1530.0,45.3,230.0,15.16,5.42,2.1,70.0,0.77,39.0,112.6,290.3,0.9999,1,ISRO NRSC Landslide Atlas 2023 & NASA SRTM 30m DEM
Sikkim,Gangtok (East Sikkim),15,Eastern Himalayas,Phyllite & Schist,1876.0,37.8,55.2,12.32,3.9,1.9,49.0,0.49,14.4,43.6,168.1,0.9843,1,ISRO NRSC Landslide Atlas 2023 & NASA SRTM 30m DEM
Sikkim,Gangtok (East Sikkim),15,Eastern Himalayas,Phyllite & Schist,1539.0,38.3,6.9,16.12,4.2,2.1,94.7,0.78,33.5,118.7,501.9,1.0,1,ISRO NRSC Landslide Atlas 2023 & NASA SRTM 30m DEM
Sikkim,Gangtok (East Sikkim),15,Eastern Himalayas,Phyllite & Schist,1642.0,42.7,188.1,15.44,4.44,3.4,27.8,0.52,3.5,13.5,41.7,0.9321,1,ISRO NRSC Landslide Atlas 2023 & NASA SRTM 30m DEM
Sikkim,Gangtok (East Sikkim),15,Eastern Himalayas,Phyllite & Schist,1381.0,45.0,82.5,15.52,4.27,0.8,22.9,0.4,1.0,6.9,20.0,0.9223,1,ISRO NRSC Landslide Atlas 2023 & NASA SRTM 30m DEM
Sikkim,Gangtok (East Sikkim),15,Eastern Himalayas,Phyllite & Schist,1655.0,41.4,347.9,12.32,4.16,3.1,22.3,0.67,0.6,1.7,7.3,0.7091,1,ISRO NRSC Landslide Atlas 2023 & NASA SRTM 30m DEM
Sikkim,Gangtok (East Sikkim),15,Eastern Himalayas,Phyllite & Schist,1534.0,37.1,151.9,13.07,3.81,3.0,60.7,0.66,14.6,59.2,253.3,0.9942,1,ISRO NRSC Landslide Atlas 2023 & NASA SRTM 30m DEM
Sikkim,Gangtok (East Sikkim),15,Eastern Himalayas,Phyllite & Schist,1683.0,43.2,33.4,15.36,4.73,2.4,54.2,0.74,18.8,57.8,199.9,0.9972,1,ISRO NRSC Landslide Atlas 2023 & NASA SRTM 30m DEM
Sikkim,Gangtok (East Sikkim),15,Eastern Himalayas,Phyllite & Schist,1743.0,33.3,209.8,12.81,4.52,3.1,55.4,0.82,21.7,75.2,207.4,0.9933,1,ISRO NRSC Landslide Atlas 2023 & NASA SRTM 30m DEM
Sikkim,Gangtok (East Sikkim),15,Eastern Himalayas,Phyllite & Schist,1779.0,36.5,205.5,12.83,4.65,2.8,41.9,0.51,11.3,38.8,173.0,0.9767,1,ISRO NRSC Landslide Atlas 2023 & NASA SRTM 30m DEM
Sikkim,Gangtok (East Sikkim),15,Eastern Himalayas,Phyllite & Schist,1760.0,36.4,16.5,12.75,4.84,2.0,55.5,0.75,15.9,82.5,209.7,0.9954,1,ISRO NRSC Landslide Atlas 2023 & NASA SRTM 30m DEM
Himachal Pradesh,Mandi,16,Northwest Himalayas,Granite & Sandstone,773.0,31.7,10.2,10.24,5.34,2.5,26.3,0.38,18.7,55.9,117.1,0.9582,1,ISRO NRSC Landslide Atlas 2023 & NASA SRTM 30m DEM
Himachal Pradesh,Mandi,16,Northwest Himalayas,Granite & Sandstone,1176.0,40.1,157.2,14.78,4.52,2.6,58.1,0.27,19.3,69.9,289.5,0.999,1,ISRO NRSC Landslide Atlas 2023 & NASA SRTM 30m DEM
Himachal Pradesh,Mandi,16,Northwest Himalayas,Granite & Sandstone,1148.0,40.6,248.1,14.83,4.23,2.5,83.5,0.63,28.1,137.9,442.8,1.0,1,ISRO NRSC Landslide Atlas 2023 & NASA SRTM 30m DEM
Himachal Pradesh,Mandi,16,Northwest Himalayas,Granite & Sandstone,943.0,35.0,124.8,13.36,3.89,1.9,61.8,0.45,20.0,73.4,329.1,0.9982,1,ISRO NRSC Landslide Atlas 2023 & NASA SRTM 30m DEM
Himachal Pradesh,Mandi,16,Northwest Himalayas,Granite & Sandstone,1087.0,39.0,322.5,13.36,5.39,2.1,27.2,0.57,2.4,14.4,49.6,0.8564,1,ISRO NRSC Landslide Atlas 2023 & NASA SRTM 30m DEM
Himachal Pradesh,Mandi,16,Northwest Himalayas,Granite & Sandstone,956.0,35.5,305.3,11.3,4.95,1.1,47.9,0.77,19.1,59.0,125.6,0.9764,1,ISRO NRSC Landslide Atlas 2023 & NASA SRTM 30m DEM
Himachal Pradesh,Mandi,16,Northwest Himalayas,Granite & Sandstone,945.0,41.9,334.2,13.95,5.41,1.8,25.4,0.27,5.3,18.3,47.7,0.9437,1,ISRO NRSC Landslide Atlas 2023 & NASA SRTM 30m DEM
Himachal Pradesh,Mandi,16,Northwest Himalayas,Granite & Sandstone,1045.0,36.5,228.7,13.34,4.56,2.5,99.0,0.57,22.0,136.2,549.5,1.0,1,ISRO NRSC Landslide Atlas 2023 & NASA SRTM 30m DEM
Himachal Pradesh,Mandi,16,Northwest Himalayas,Granite & Sandstone,1146.0,33.0,299.1,10.98,5.68,2.4,77.7,0.45,25.1,128.1,446.0,0.9998,1,ISRO NRSC Landslide Atlas 2023 & NASA SRTM 30m DEM
Himachal Pradesh,Mandi,16,Northwest Himalayas,Granite & Sandstone,1122.0,39.3,154.9,13.9,4.41,2.2,65.4,0.4,29.6,168.2,355.2,1.0,1,ISRO NRSC Landslide Atlas 2023 & NASA SRTM 30m DEM
Himachal Pradesh,Mandi,16,Northwest Himalayas,Granite & Sandstone,863.0,41.2,162.5,14.12,4.13,1.7,29.2,0.32,8.2,30.9,66.9,0.9633,1,ISRO NRSC Landslide Atlas 2023 & NASA SRTM 30m DEM
Himachal Pradesh,Mandi,16,Northwest Himalayas,Granite & Sandstone,786.0,36.5,61.4,13.88,4.79,2.3,22.2,0.34,0.5,1.9,6.7,0.7481,1,ISRO NRSC Landslide Atlas 2023 & NASA SRTM 30m DEM
Himachal Pradesh,Mandi,16,Northwest Himalayas,Granite & Sandstone,971.0,38.8,39.5,14.3,4.4,2.8,42.9,0.23,9.2,42.6,168.3,0.9887,1,ISRO NRSC Landslide Atlas 2023 & NASA SRTM 30m DEM
Himachal Pradesh,Mandi,16,Northwest Himalayas,Granite & Sandstone,1213.0,38.1,58.5,11.62,4.67,1.2,37.7,0.62,13.6,54.5,115.8,0.972,1,ISRO NRSC Landslide Atlas 2023 & NASA SRTM 30m DEM
Himachal Pradesh,Mandi,16,Northwest Himalayas,Granite & Sandstone,952.0,32.1,64.6,12.77,5.91,2.6,46.7,0.85,8.6,37.8,127.4,0.9232,1,ISRO NRSC Landslide Atlas 2023 & NASA SRTM 30m DEM
Himachal Pradesh,Mandi,16,Northwest Himalayas,Granite & Sandstone,839.0,42.5,109.0,14.97,3.99,1.8,86.9,0.21,35.1,117.0,438.7,1.0,1,ISRO NRSC Landslide Atlas 2023 & NASA SRTM 30m DEM
Himachal Pradesh,Mandi,16,Northwest Himalayas,Granite & Sandstone,994.0,37.1,51.6,11.64,4.74,1.6,99.0,0.42,44.2,177.5,747.4,1.0,1,ISRO NRSC Landslide Atlas 2023 & NASA SRTM 30m DEM
Himachal Pradesh,Mandi,16,Northwest Himalayas,Granite & Sandstone,840.0,48.0,358.5,16.97,4.78,1.9,16.9,0.84,1.3,7.3,24.9,0.9055,1,ISRO NRSC Landslide Atlas 2023 & NASA SRTM 30m DEM
Himachal Pradesh,Mandi,16,Northwest Himalayas,Granite & Sandstone,1079.0,38.5,124.2,14.26,4.93,3.1,78.4,0.23,34.6,165.2,380.8,1.0,1,ISRO NRSC Landslide Atlas 2023 & NASA SRTM 30m DEM
Himachal Pradesh,Mandi,16,Northwest Himalayas,Granite & Sandstone,1187.0,45.2,255.6,15.71,4.57,3.7,99.0,0.79,47.5,151.0,592.7,1.0,1,ISRO NRSC Landslide Atlas 2023 & NASA SRTM 30m DEM
Himachal Pradesh,Mandi,16,Northwest Himalayas,Granite & Sandstone,936.0,49.3,130.4,17.16,4.5,2.8,99.0,0.66,100.3,300.8,836.7,1.0,1,ISRO NRSC Landslide Atlas 2023 & NASA SRTM 30m DEM
Himachal Pradesh,Mandi,16,Northwest Himalayas,Granite & Sandstone,789.0,40.2,8.1,15.09,5.17,1.5,15.0,0.26,1.5,4.3,8.8,0.8589,1,ISRO NRSC Landslide Atlas 2023 & NASA SRTM 30m DEM
Himachal Pradesh,Mandi,16,Northwest Himalayas,Granite & Sandstone,1350.0,37.8,223.9,13.04,5.68,3.6,68.9,0.61,16.5,73.8,270.6,0.9979,1,ISRO NRSC Landslide Atlas 2023 & NASA SRTM 30m DEM
Himachal Pradesh,Mandi,16,Northwest Himalayas,Granite & Sandstone,948.0,41.8,306.4,14.34,4.56,2.0,27.9,0.59,4.0,16.9,60.2,0.913,1,ISRO NRSC Landslide Atlas 2023 & NASA SRTM 30m DEM
Himachal Pradesh,Mandi,16,Northwest Himalayas,Granite & Sandstone,1064.0,33.3,106.1,9.87,4.74,2.5,49.5,0.41,12.1,47.1,202.9,0.9714,1,ISRO NRSC Landslide Atlas 2023 & NASA SRTM 30m DEM
Himachal Pradesh,Mandi,16,Northwest Himalayas,Granite & Sandstone,979.0,31.7,330.1,9.69,4.74,3.1,24.2,0.63,4.9,17.7,56.6,0.6083,1,ISRO NRSC Landslide Atlas 2023 & NASA SRTM 30m DEM
Himachal Pradesh,Mandi,16,Northwest Himalayas,Granite & Sandstone,1084.0,47.5,347.2,15.91,4.15,2.1,17.0,0.35,1.6,5.0,17.9,0.9285,1,ISRO NRSC Landslide Atlas 2023 & NASA SRTM 30m DEM
Himachal Pradesh,Mandi,16,Northwest Himalayas,Granite & Sandstone,1033.0,41.9,30.6,14.49,4.96,2.3,36.6,0.5,22.8,75.4,151.2,0.9972,1,ISRO NRSC Landslide Atlas 2023 & NASA SRTM 30m DEM
Himachal Pradesh,Mandi,16,Northwest Himalayas,Granite & Sandstone,938.0,33.6,355.7,11.17,4.04,2.4,52.1,0.42,8.9,46.0,205.2,0.9727,1,ISRO NRSC Landslide Atlas 2023 & NASA SRTM 30m DEM
Himachal Pradesh,Mandi,16,Northwest Himalayas,Granite & Sandstone,861.0,35.4,18.3,12.29,4.69,1.1,31.9,0.59,2.7,9.2,24.3,0.7219,1,ISRO NRSC Landslide Atlas 2023 & NASA SRTM 30m DEM
Himachal Pradesh,Mandi,16,Northwest Himalayas,Granite & Sandstone,879.0,39.7,6.8,13.82,3.78,1.7,18.0,0.59,1.2,4.2,13.6,0.7276,1,ISRO NRSC Landslide Atlas 2023 & NASA SRTM 30m DEM
Himachal Pradesh,Mandi,16,Northwest Himalayas,Granite & Sandstone,958.0,33.9,323.4,13.64,4.57,3.1,42.2,0.82,8.7,31.0,128.7,0.9201,1,ISRO NRSC Landslide Atlas 2023 & NASA SRTM 30m DEM
Himachal Pradesh,Mandi,16,Northwest Himalayas,Granite & Sandstone,1001.0,41.6,132.7,14.15,4.41,2.7,43.3,0.6,19.9,63.1,169.4,0.9952,1,ISRO NRSC Landslide Atlas 2023 & NASA SRTM 30m DEM
Himachal Pradesh,Mandi,16,Northwest Himalayas,Granite & Sandstone,857.0,38.5,331.2,14.04,4.58,2.8,61.9,0.84,16.3,66.4,192.6,0.9941,1,ISRO NRSC Landslide Atlas 2023 & NASA SRTM 30m DEM
Himachal Pradesh,Mandi,16,Northwest Himalayas,Granite & Sandstone,1279.0,36.1,32.2,13.01,4.97,2.9,72.6,0.65,15.4,87.5,359.9,0.9988,1,ISRO NRSC Landslide Atlas 2023 & NASA SRTM 30m DEM
Himachal Pradesh,Mandi,16,Northwest Himalayas,Granite & Sandstone,1047.0,42.6,110.9,14.39,4.18,3.8,34.9,0.35,8.7,42.3,108.0,0.9841,1,ISRO NRSC Landslide Atlas 2023 & NASA SRTM 30m DEM
Himachal Pradesh,Mandi,16,Northwest Himalayas,Granite & Sandstone,921.0,43.7,287.6,16.78,4.89,2.4,71.9,0.65,29.4,168.1,363.7,1.0,1,ISRO NRSC Landslide Atlas 2023 & NASA SRTM 30m DEM
Himachal Pradesh,Mandi,16,Northwest Himalayas,Granite & Sandstone,1037.0,35.0,205.8,12.52,5.08,3.8,34.9,0.6,11.6,35.1,93.0,0.9324,1,ISRO NRSC Landslide Atlas 2023 & NASA SRTM 30m DEM
Himachal Pradesh,Mandi,16,Northwest Himalayas,Granite & Sandstone,1025.0,37.9,327.3,13.43,5.04,2.8,27.6,0.64,2.8,16.9,35.5,0.8278,1,ISRO NRSC Landslide Atlas 2023 & NASA SRTM 30m DEM
Himachal Pradesh,Mandi,16,Northwest Himalayas,Granite & Sandstone,843.0,34.3,48.2,10.92,5.3,2.4,29.8,0.36,0.5,3.3,9.0,0.6416,1,ISRO NRSC Landslide Atlas 2023 & NASA SRTM 30m DEM
Himachal Pradesh,Mandi,16,Northwest Himalayas,Granite & Sandstone,1154.0,39.3,148.5,15.27,5.33,3.4,33.2,0.29,2.7,16.6,65.8,0.9453,1,ISRO NRSC Landslide Atlas 2023 & NASA SRTM 30m DEM
Himachal Pradesh,Mandi,16,Northwest Himalayas,Granite & Sandstone,792.0,42.4,299.3,13.51,5.05,3.7,35.6,0.36,11.6,39.7,137.0,0.9863,1,ISRO NRSC Landslide Atlas 2023 & NASA SRTM 30m DEM
Himachal Pradesh,Mandi,16,Northwest Himalayas,Granite & Sandstone,1332.0,39.4,289.2,14.72,5.02,2.9,33.7,0.37,5.8,30.5,111.9,0.9689,1,ISRO NRSC Landslide Atlas 2023 & NASA SRTM 30m DEM
Himachal Pradesh,Mandi,16,Northwest Himalayas,Granite & Sandstone,976.0,41.8,146.8,14.75,4.32,1.7,15.9,0.83,2.3,12.8,43.1,0.8173,1,ISRO NRSC Landslide Atlas 2023 & NASA SRTM 30m DEM
Himachal Pradesh,Mandi,16,Northwest Himalayas,Granite & Sandstone,1139.0,47.1,230.7,17.94,4.93,3.0,21.6,0.31,2.8,13.6,49.8,0.9738,1,ISRO NRSC Landslide Atlas 2023 & NASA SRTM 30m DEM
Himachal Pradesh,Mandi,16,Northwest Himalayas,Granite & Sandstone,1023.0,40.7,281.1,15.05,4.53,2.6,38.7,0.53,18.4,53.3,150.2,0.993,1,ISRO NRSC Landslide Atlas 2023 & NASA SRTM 30m DEM
Himachal Pradesh,Mandi,16,Northwest Himalayas,Granite & Sandstone,1221.0,42.6,225.4,15.81,5.54,2.9,83.6,0.72,24.8,108.9,454.7,0.9999,1,ISRO NRSC Landslide Atlas 2023 & NASA SRTM 30m DEM
Himachal Pradesh,Mandi,16,Northwest Himalayas,Granite & Sandstone,1201.0,35.9,265.3,13.32,5.09,3.3,78.5,0.26,27.4,83.4,362.1,0.9997,1,ISRO NRSC Landslide Atlas 2023 & NASA SRTM 30m DEM
Himachal Pradesh,Mandi,16,Northwest Himalayas,Granite & Sandstone,1027.0,33.4,204.9,12.68,5.24,3.9,41.8,0.56,10.9,36.9,143.7,0.9535,1,ISRO NRSC Landslide Atlas 2023 & NASA SRTM 30m DEM
Himachal Pradesh,Mandi,16,Northwest Himalayas,Granite & Sandstone,1269.0,43.1,130.4,16.78,4.64,2.0,32.1,0.31,3.5,11.2,36.3,0.9565,1,ISRO NRSC Landslide Atlas 2023 & NASA SRTM 30m DEM
Himachal Pradesh,Mandi,16,Northwest Himalayas,Granite & Sandstone,944.0,34.5,353.0,12.1,4.97,3.4,77.2,0.37,36.7,112.2,364.9,0.9998,1,ISRO NRSC Landslide Atlas 2023 & NASA SRTM 30m DEM
Himachal Pradesh,Mandi,16,Northwest Himalayas,Granite & Sandstone,980.0,42.9,68.3,15.15,4.96,3.0,46.1,0.49,9.6,36.0,124.5,0.9876,1,ISRO NRSC Landslide Atlas 2023 & NASA SRTM 30m DEM
Himachal Pradesh,Mandi,16,Northwest Himalayas,Granite & Sandstone,1092.0,36.3,87.7,9.88,4.56,1.8,23.7,0.81,4.7,16.0,66.5,0.6559,1,ISRO NRSC Landslide Atlas 2023 & NASA SRTM 30m DEM
Himachal Pradesh,Mandi,16,Northwest Himalayas,Granite & Sandstone,1015.0,32.4,259.5,9.0,5.54,1.6,20.4,0.42,0.2,1.2,3.0,0.4203,0,ISRO NRSC Landslide Atlas 2023 & NASA SRTM 30m DEM
Himachal Pradesh,Mandi,16,Northwest Himalayas,Granite & Sandstone,930.0,43.4,25.0,15.76,4.71,2.4,39.7,0.52,9.5,28.2,116.0,0.9829,1,ISRO NRSC Landslide Atlas 2023 & NASA SRTM 30m DEM
Himachal Pradesh,Mandi,16,Northwest Himalayas,Granite & Sandstone,1166.0,51.6,7.3,18.18,3.9,2.8,34.2,0.25,12.1,44.0,92.1,0.9973,1,ISRO NRSC Landslide Atlas 2023 & NASA SRTM 30m DEM
Himachal Pradesh,Mandi,16,Northwest Himalayas,Granite & Sandstone,1255.0,46.7,311.9,15.76,4.71,2.2,22.3,0.22,1.3,7.0,18.8,0.946,1,ISRO NRSC Landslide Atlas 2023 & NASA SRTM 30m DEM
Himachal Pradesh,Mandi,16,Northwest Himalayas,Granite & Sandstone,986.0,40.8,64.7,14.77,5.36,2.3,37.6,0.82,9.4,31.8,92.6,0.9598,1,ISRO NRSC Landslide Atlas 2023 & NASA SRTM 30m DEM
Himachal Pradesh,Mandi,16,Northwest Himalayas,Granite & Sandstone,1083.0,46.5,173.8,17.13,4.0,2.1,74.5,0.25,54.8,169.6,383.7,1.0,1,ISRO NRSC Landslide Atlas 2023 & NASA SRTM 30m DEM
Himachal Pradesh,Mandi,16,Northwest Himalayas,Granite & Sandstone,1141.0,32.7,37.1,10.19,5.49,2.9,56.1,0.82,16.3,68.4,245.5,0.9855,1,ISRO NRSC Landslide Atlas 2023 & NASA SRTM 30m DEM
Himachal Pradesh,Mandi,16,Northwest Himalayas,Granite & Sandstone,837.0,37.5,324.7,12.22,3.94,3.2,29.0,0.38,2.7,11.2,42.8,0.8133,1,ISRO NRSC Landslide Atlas 2023 & NASA SRTM 30m DEM
Himachal Pradesh,Mandi,16,Northwest Himalayas,Granite & Sandstone,1005.0,40.5,290.4,13.76,3.89,2.7,18.4,0.35,0.1,0.3,1.1,0.7645,1,ISRO NRSC Landslide Atlas 2023 & NASA SRTM 30m DEM
Himachal Pradesh,Mandi,16,Northwest Himalayas,Granite & Sandstone,1336.0,42.8,144.8,16.24,5.07,1.8,62.6,0.57,28.1,83.4,240.5,0.9996,1,ISRO NRSC Landslide Atlas 2023 & NASA SRTM 30m DEM
Himachal Pradesh,Mandi,16,Northwest Himalayas,Granite & Sandstone,975.0,40.8,237.6,14.31,4.99,2.9,45.8,0.69,7.5,29.8,115.3,0.9674,1,ISRO NRSC Landslide Atlas 2023 & NASA SRTM 30m DEM
Himachal Pradesh,Mandi,16,Northwest Himalayas,Granite & Sandstone,781.0,40.2,188.5,13.99,4.67,2.6,88.5,0.61,57.5,173.6,469.6,1.0,1,ISRO NRSC Landslide Atlas 2023 & NASA SRTM 30m DEM
Himachal Pradesh,Mandi,16,Northwest Himalayas,Granite & Sandstone,1280.0,36.6,326.9,12.7,3.95,1.4,24.5,0.54,1.4,4.9,14.8,0.6767,1,ISRO NRSC Landslide Atlas 2023 & NASA SRTM 30m DEM
Himachal Pradesh,Mandi,16,Northwest Himalayas,Granite & Sandstone,1005.0,38.2,169.3,14.82,4.5,1.9,83.5,0.75,38.0,121.6,429.2,0.9999,1,ISRO NRSC Landslide Atlas 2023 & NASA SRTM 30m DEM
Himachal Pradesh,Mandi,16,Northwest Himalayas,Granite & Sandstone,767.0,31.4,275.4,10.23,5.17,2.6,40.0,0.45,6.0,30.7,100.9,0.8615,1,ISRO NRSC Landslide Atlas 2023 & NASA SRTM 30m DEM
Himachal Pradesh,Mandi,16,Northwest Himalayas,Granite & Sandstone,872.0,36.0,145.2,12.8,5.12,1.6,24.7,0.46,1.1,4.9,19.7,0.7218,1,ISRO NRSC Landslide Atlas 2023 & NASA SRTM 30m DEM
Himachal Pradesh,Mandi,16,Northwest Himalayas,Granite & Sandstone,1291.0,36.4,315.7,11.72,5.19,3.4,56.1,0.41,12.5,54.9,240.0,0.9919,1,ISRO NRSC Landslide Atlas 2023 & NASA SRTM 30m DEM
Himachal Pradesh,Mandi,16,Northwest Himalayas,Granite & Sandstone,1095.0,31.5,109.5,11.13,4.85,3.5,23.5,0.7,1.3,4.7,19.2,0.4524,0,ISRO NRSC Landslide Atlas 2023 & NASA SRTM 30m DEM
Himachal Pradesh,Mandi,16,Northwest Himalayas,Granite & Sandstone,816.0,29.1,39.3,8.08,5.29,1.8,69.9,0.41,43.0,125.4,353.6,0.9996,1,ISRO NRSC Landslide Atlas 2023 & NASA SRTM 30m DEM
Himachal Pradesh,Mandi,16,Northwest Himalayas,Granite & Sandstone,817.0,41.1,125.2,16.27,4.76,3.1,99.0,0.84,66.0,210.3,824.6,1.0,1,ISRO NRSC Landslide Atlas 2023 & NASA SRTM 30m DEM
Himachal Pradesh,Mandi,16,Northwest Himalayas,Granite & Sandstone,1063.0,42.3,154.7,15.27,4.52,2.7,30.2,0.6,1.6,9.6,25.9,0.8882,1,ISRO NRSC Landslide Atlas 2023 & NASA SRTM 30m DEM
Himachal Pradesh,Mandi,16,Northwest Himalayas,Granite & Sandstone,1029.0,47.7,154.1,15.61,4.75,2.7,38.9,0.77,10.8,41.0,121.2,0.9895,1,ISRO NRSC Landslide Atlas 2023 & NASA SRTM 30m DEM
Himachal Pradesh,Mandi,16,Northwest Himalayas,Granite & Sandstone,1092.0,36.9,263.7,11.87,4.35,3.0,17.6,0.31,3.3,17.1,57.4,0.8221,1,ISRO NRSC Landslide Atlas 2023 & NASA SRTM 30m DEM
Himachal Pradesh,Mandi,16,Northwest Himalayas,Granite & Sandstone,1225.0,42.4,245.9,16.51,3.96,1.8,47.7,0.49,22.0,93.3,232.2,0.9994,1,ISRO NRSC Landslide Atlas 2023 & NASA SRTM 30m DEM
Himachal Pradesh,Mandi,16,Northwest Himalayas,Granite & Sandstone,1226.0,35.2,356.9,13.23,4.88,3.3,20.8,0.43,1.9,8.8,26.5,0.7453,1,ISRO NRSC Landslide Atlas 2023 & NASA SRTM 30m DEM
Himachal Pradesh,Mandi,16,Northwest Himalayas,Granite & Sandstone,1231.0,45.2,45.8,15.96,3.74,1.9,47.6,0.8,23.5,69.5,177.8,0.9979,1,ISRO NRSC Landslide Atlas 2023 & NASA SRTM 30m DEM
Himachal Pradesh,Mandi,16,Northwest Himalayas,Granite & Sandstone,1034.0,43.3,153.8,17.56,4.52,2.7,29.8,0.63,7.2,47.9,104.9,0.9873,1,ISRO NRSC Landslide Atlas 2023 & NASA SRTM 30m DEM
Himachal Pradesh,Mandi,16,Northwest Himalayas,Granite & Sandstone,1091.0,31.0,101.0,11.47,4.97,1.4,36.2,0.5,10.5,33.1,124.6,0.9059,1,ISRO NRSC Landslide Atlas 2023 & NASA SRTM 30m DEM
Himachal Pradesh,Mandi,16,Northwest Himalayas,Granite & Sandstone,1027.0,42.1,230.2,13.9,4.0,2.4,32.6,0.4,2.8,9.0,30.1,0.8963,1,ISRO NRSC Landslide Atlas 2023 & NASA SRTM 30m DEM
Himachal Pradesh,Mandi,16,Northwest Himalayas,Granite & Sandstone,1095.0,48.5,240.6,17.84,4.93,3.1,38.0,0.75,5.4,21.8,76.1,0.9815,1,ISRO NRSC Landslide Atlas 2023 & NASA SRTM 30m DEM
Himachal Pradesh,Mandi,16,Northwest Himalayas,Granite & Sandstone,1061.0,40.3,184.3,15.27,4.94,3.4,66.2,0.39,13.6,80.9,338.6,0.9994,1,ISRO NRSC Landslide Atlas 2023 & NASA SRTM 30m DEM
Himachal Pradesh,Mandi,16,Northwest Himalayas,Granite & Sandstone,1198.0,37.9,163.1,12.54,4.94,2.4,34.8,0.72,12.0,41.2,114.4,0.9546,1,ISRO NRSC Landslide Atlas 2023 & NASA SRTM 30m DEM
Himachal Pradesh,Mandi,16,Northwest Himalayas,Granite & Sandstone,1196.0,43.1,31.8,14.85,4.41,2.8,44.9,0.65,15.4,47.7,205.3,0.994,1,ISRO NRSC Landslide Atlas 2023 & NASA SRTM 30m DEM
Himachal Pradesh,Mandi,16,Northwest Himalayas,Granite & Sandstone,1195.0,43.4,219.9,14.04,4.54,3.0,64.8,0.45,16.5,80.8,337.6,0.9994,1,ISRO NRSC Landslide Atlas 2023 & NASA SRTM 30m DEM
Himachal Pradesh,Mandi,16,Northwest Himalayas,Granite & Sandstone,1147.0,45.7,161.9,16.06,4.81,2.0,99.0,0.67,38.4,145.5,608.9,1.0,1,ISRO NRSC Landslide Atlas 2023 & NASA SRTM 30m DEM
Himachal Pradesh,Mandi,16,Northwest Himalayas,Granite & Sandstone,1196.0,42.1,203.4,16.18,3.89,2.3,99.0,0.64,62.2,201.2,883.3,1.0,1,ISRO NRSC Landslide Atlas 2023 & NASA SRTM 30m DEM
Himachal Pradesh,Mandi,16,Northwest Himalayas,Granite & Sandstone,803.0,34.7,272.1,13.32,4.58,3.0,25.1,0.79,2.8,10.3,42.9,0.6829,1,ISRO NRSC Landslide Atlas 2023 & NASA SRTM 30m DEM
Himachal Pradesh,Mandi,16,Northwest Himalayas,Granite & Sandstone,890.0,47.7,279.9,16.16,4.09,3.0,40.6,0.65,4.2,26.6,114.8,0.982,1,ISRO NRSC Landslide Atlas 2023 & NASA SRTM 30m DEM
Himachal Pradesh,Mandi,16,Northwest Himalayas,Granite & Sandstone,965.0,47.8,107.2,16.2,4.98,1.6,33.4,0.68,2.5,16.3,67.0,0.9632,1,ISRO NRSC Landslide Atlas 2023 & NASA SRTM 30m DEM
Himachal Pradesh,Mandi,16,Northwest Himalayas,Granite & Sandstone,998.0,36.5,145.9,12.73,4.57,1.7,54.5,0.29,10.2,67.3,209.5,0.9942,1,ISRO NRSC Landslide Atlas 2023 & NASA SRTM 30m DEM
Himachal Pradesh,Mandi,16,Northwest Himalayas,Granite & Sandstone,1298.0,44.3,248.4,15.98,4.55,2.9,19.5,0.46,1.5,10.0,39.3,0.921,1,ISRO NRSC Landslide Atlas 2023 & NASA SRTM 30m DEM
Himachal Pradesh,Mandi,16,Northwest Himalayas,Granite & Sandstone,740.0,42.3,201.5,15.53,4.72,2.3,30.7,0.78,7.1,21.7,70.3,0.9409,1,ISRO NRSC Landslide Atlas 2023 & NASA SRTM 30m DEM
Himachal Pradesh,Mandi,16,Northwest Himalayas,Granite & Sandstone,1037.0,32.6,334.9,10.3,4.95,4.3,33.8,0.8,4.0,17.8,56.6,0.6416,1,ISRO NRSC Landslide Atlas 2023 & NASA SRTM 30m DEM
Himachal Pradesh,Mandi,16,Northwest Himalayas,Granite & Sandstone,781.0,41.4,120.9,16.79,4.58,2.0,57.5,0.34,13.0,44.3,187.6,0.9967,1,ISRO NRSC Landslide Atlas 2023 & NASA SRTM 30m DEM
Himachal Pradesh,Mandi,16,Northwest Himalayas,Granite & Sandstone,1087.0,46.0,345.1,13.89,4.74,1.8,39.9,0.69,7.3,43.3,110.4,0.9825,1,ISRO NRSC Landslide Atlas 2023 & NASA SRTM 30m DEM
Himachal Pradesh,Mandi,16,Northwest Himalayas,Granite & Sandstone,769.0,35.2,275.0,12.22,5.91,1.6,20.2,0.54,1.7,10.1,36.3,0.7144,1,ISRO NRSC Landslide Atlas 2023 & NASA SRTM 30m DEM
Himachal Pradesh,Mandi,16,Northwest Himalayas,Granite & Sandstone,1213.0,41.2,156.0,13.11,5.24,2.6,19.6,0.62,4.9,22.0,58.3,0.8912,1,ISRO NRSC Landslide Atlas 2023 & NASA SRTM 30m DEM
Himachal Pradesh,Mandi,16,Northwest Himalayas,Granite & Sandstone,970.0,47.7,70.5,15.99,4.61,1.0,29.4,0.54,2.7,17.0,54.5,0.9626,1,ISRO NRSC Landslide Atlas 2023 & NASA SRTM 30m DEM
Himachal Pradesh,Mandi,16,Northwest Himalayas,Granite & Sandstone,908.0,37.2,116.4,15.71,5.08,2.3,41.2,0.42,6.8,29.9,118.5,0.9724,1,ISRO NRSC Landslide Atlas 2023 & NASA SRTM 30m DEM
Himachal Pradesh,Mandi,16,Northwest Himalayas,Granite & Sandstone,813.0,37.9,357.6,14.23,5.15,1.9,21.8,0.49,0.8,2.7,8.5,0.7604,1,ISRO NRSC Landslide Atlas 2023 & NASA SRTM 30m DEM
Himachal Pradesh,Mandi,16,Northwest Himalayas,Granite & Sandstone,895.0,41.9,71.1,15.56,5.27,3.1,34.1,0.7,4.3,18.9,61.3,0.9375,1,ISRO NRSC Landslide Atlas 2023 & NASA SRTM 30m DEM
Himachal Pradesh,Mandi,16,Northwest Himalayas,Granite & Sandstone,941.0,38.4,308.8,13.42,4.9,2.9,45.6,0.31,18.7,54.7,158.8,0.9936,1,ISRO NRSC Landslide Atlas 2023 & NASA SRTM 30m DEM
Himachal Pradesh,Mandi,16,Northwest Himalayas,Granite & Sandstone,828.0,35.9,102.3,11.33,5.49,3.8,22.3,0.24,3.2,20.2,64.2,0.8557,1,ISRO NRSC Landslide Atlas 2023 & NASA SRTM 30m DEM
Himachal Pradesh,Mandi,16,Northwest Himalayas,Granite & Sandstone,798.0,45.8,183.0,14.08,4.27,4.0,21.2,0.31,1.7,10.1,29.7,0.9203,1,ISRO NRSC Landslide Atlas 2023 & NASA SRTM 30m DEM
Himachal Pradesh,Mandi,16,Northwest Himalayas,Granite & Sandstone,988.0,30.4,223.2,10.88,4.64,3.0,60.5,0.23,14.8,79.2,264.9,0.9951,1,ISRO NRSC Landslide Atlas 2023 & NASA SRTM 30m DEM
Himachal Pradesh,Mandi,16,Northwest Himalayas,Granite & Sandstone,979.0,41.1,184.0,16.03,3.67,3.0,33.8,0.56,3.2,9.3,37.7,0.9064,1,ISRO NRSC Landslide Atlas 2023 & NASA SRTM 30m DEM
Himachal Pradesh,Mandi,16,Northwest Himalayas,Granite & Sandstone,1083.0,31.5,222.0,12.18,4.83,2.7,36.6,0.35,10.4,32.3,91.2,0.9191,1,ISRO NRSC Landslide Atlas 2023 & NASA SRTM 30m DEM
Himachal Pradesh,Mandi,16,Northwest Himalayas,Granite & Sandstone,799.0,40.8,237.4,14.26,4.57,2.0,50.3,0.24,7.3,40.8,174.6,0.9912,1,ISRO NRSC Landslide Atlas 2023 & NASA SRTM 30m DEM
Himachal Pradesh,Mandi,16,Northwest Himalayas,Granite & Sandstone,819.0,34.7,294.8,11.6,4.81,3.2,49.7,0.65,20.5,61.6,199.1,0.9885,1,ISRO NRSC Landslide Atlas 2023 & NASA SRTM 30m DEM
Himachal Pradesh,Mandi,16,Northwest Himalayas,Granite & Sandstone,1222.0,28.9,157.4,12.45,5.54,2.5,43.6,0.22,8.6,54.7,192.0,0.9772,1,ISRO NRSC Landslide Atlas 2023 & NASA SRTM 30m DEM
Himachal Pradesh,Mandi,16,Northwest Himalayas,Granite & Sandstone,823.0,37.0,206.2,12.56,4.91,3.1,99.0,0.26,104.4,301.3,1207.8,1.0,1,ISRO NRSC Landslide Atlas 2023 & NASA SRTM 30m DEM
Himachal Pradesh,Mandi,16,Northwest Himalayas,Granite & Sandstone,1191.0,44.0,337.9,14.73,5.0,3.8,71.2,0.42,17.7,77.7,325.0,0.9996,1,ISRO NRSC Landslide Atlas 2023 & NASA SRTM 30m DEM
Himachal Pradesh,Mandi,16,Northwest Himalayas,Granite & Sandstone,1119.0,39.1,294.8,14.53,4.01,3.3,37.5,0.46,20.2,62.4,144.7,0.9936,1,ISRO NRSC Landslide Atlas 2023 & NASA SRTM 30m DEM
Himachal Pradesh,Mandi,16,Northwest Himalayas,Granite & Sandstone,1017.0,42.3,259.4,16.29,3.84,1.5,93.8,0.23,40.2,136.2,491.7,1.0,1,ISRO NRSC Landslide Atlas 2023 & NASA SRTM 30m DEM
Himachal Pradesh,Mandi,16,Northwest Himalayas,Granite & Sandstone,1031.0,47.7,101.2,17.38,4.67,2.7,43.1,0.47,28.3,93.9,198.9,0.9997,1,ISRO NRSC Landslide Atlas 2023 & NASA SRTM 30m DEM
Himachal Pradesh,Mandi,16,Northwest Himalayas,Granite & Sandstone,1040.0,36.5,45.1,13.7,5.12,2.5,45.6,0.44,12.0,79.3,201.7,0.9953,1,ISRO NRSC Landslide Atlas 2023 & NASA SRTM 30m DEM
Himachal Pradesh,Mandi,16,Northwest Himalayas,Granite & Sandstone,1216.0,35.2,193.2,13.56,4.85,2.0,35.8,0.83,1.6,9.1,35.9,0.7165,1,ISRO NRSC Landslide Atlas 2023 & NASA SRTM 30m DEM
Himachal Pradesh,Mandi,16,Northwest Himalayas,Granite & Sandstone,1167.0,43.0,29.6,14.22,5.67,2.6,27.8,0.21,2.1,6.9,18.5,0.9234,1,ISRO NRSC Landslide Atlas 2023 & NASA SRTM 30m DEM
Himachal Pradesh,Mandi,16,Northwest Himalayas,Granite & Sandstone,895.0,34.4,306.6,11.48,5.1,3.7,36.1,0.38,7.8,44.5,141.2,0.9558,1,ISRO NRSC Landslide Atlas 2023 & NASA SRTM 30m DEM
Himachal Pradesh,Mandi,16,Northwest Himalayas,Granite & Sandstone,1118.0,36.6,216.9,12.38,4.44,1.0,41.5,0.81,11.7,36.9,157.3,0.9505,1,ISRO NRSC Landslide Atlas 2023 & NASA SRTM 30m DEM
Himachal Pradesh,Mandi,16,Northwest Himalayas,Granite & Sandstone,1339.0,37.0,323.2,12.55,4.33,3.1,24.2,0.53,0.4,1.7,4.0,0.645,1,ISRO NRSC Landslide Atlas 2023 & NASA SRTM 30m DEM
Himachal Pradesh,Mandi,16,Northwest Himalayas,Granite & Sandstone,1031.0,35.9,15.9,14.97,4.76,3.1,43.7,0.2,5.4,29.9,104.5,0.9702,1,ISRO NRSC Landslide Atlas 2023 & NASA SRTM 30m DEM
Himachal Pradesh,Mandi,16,Northwest Himalayas,Granite & Sandstone,734.0,32.3,228.4,10.98,5.33,1.2,99.0,0.59,80.7,285.0,1078.1,1.0,1,ISRO NRSC Landslide Atlas 2023 & NASA SRTM 30m DEM
Himachal Pradesh,Mandi,16,Northwest Himalayas,Granite & Sandstone,1113.0,34.5,6.2,12.44,4.61,2.8,58.3,0.52,13.9,55.3,238.3,0.9905,1,ISRO NRSC Landslide Atlas 2023 & NASA SRTM 30m DEM
Himachal Pradesh,Mandi,16,Northwest Himalayas,Granite & Sandstone,904.0,42.9,103.4,13.98,3.86,2.8,87.2,0.37,61.7,186.6,392.7,1.0,1,ISRO NRSC Landslide Atlas 2023 & NASA SRTM 30m DEM
Himachal Pradesh,Mandi,16,Northwest Himalayas,Granite & Sandstone,1158.0,39.3,108.6,13.38,4.82,3.5,29.6,0.84,5.4,22.0,76.5,0.8749,1,ISRO NRSC Landslide Atlas 2023 & NASA SRTM 30m DEM
Himachal Pradesh,Mandi,16,Northwest Himalayas,Granite & Sandstone,1055.0,43.1,230.2,14.62,3.84,2.7,48.5,0.51,5.2,33.5,131.0,0.9811,1,ISRO NRSC Landslide Atlas 2023 & NASA SRTM 30m DEM
Himachal Pradesh,Mandi,16,Northwest Himalayas,Granite & Sandstone,972.0,42.7,191.5,14.77,4.68,3.3,99.0,0.35,100.9,438.1,1848.8,1.0,1,ISRO NRSC Landslide Atlas 2023 & NASA SRTM 30m DEM
Himachal Pradesh,Mandi,16,Northwest Himalayas,Granite & Sandstone,1024.0,41.4,35.4,15.1,3.58,1.4,29.4,0.56,6.2,34.6,126.1,0.968,1,ISRO NRSC Landslide Atlas 2023 & NASA SRTM 30m DEM
Himachal Pradesh,Mandi,16,Northwest Himalayas,Granite & Sandstone,1094.0,38.4,303.9,12.88,4.09,2.2,79.6,0.61,15.2,92.2,364.5,0.9993,1,ISRO NRSC Landslide Atlas 2023 & NASA SRTM 30m DEM
Himachal Pradesh,Mandi,16,Northwest Himalayas,Granite & Sandstone,1081.0,41.0,47.0,14.23,4.91,2.3,40.1,0.67,6.8,38.5,118.5,0.9714,1,ISRO NRSC Landslide Atlas 2023 & NASA SRTM 30m DEM
Himachal Pradesh,Mandi,16,Northwest Himalayas,Granite & Sandstone,1070.0,33.7,120.3,11.61,4.32,3.4,48.2,0.44,8.2,53.6,152.4,0.9696,1,ISRO NRSC Landslide Atlas 2023 & NASA SRTM 30m DEM
Himachal Pradesh,Mandi,16,Northwest Himalayas,Granite & Sandstone,773.0,35.4,197.9,13.22,4.69,2.0,17.9,0.74,0.6,2.7,5.5,0.5517,1,ISRO NRSC Landslide Atlas 2023 & NASA SRTM 30m DEM
Himachal Pradesh,Mandi,16,Northwest Himalayas,Granite & Sandstone,1192.0,32.1,359.4,10.67,5.03,2.2,55.2,0.52,23.8,108.3,224.7,0.9975,1,ISRO NRSC Landslide Atlas 2023 & NASA SRTM 30m DEM
Himachal Pradesh,Mandi,16,Northwest Himalayas,Granite & Sandstone,902.0,37.6,18.9,13.26,4.35,2.7,24.7,0.34,3.2,10.7,48.0,0.8477,1,ISRO NRSC Landslide Atlas 2023 & NASA SRTM 30m DEM
Himachal Pradesh,Mandi,16,Northwest Himalayas,Granite & Sandstone,933.0,32.0,59.9,9.77,4.64,2.4,21.9,0.56,1.5,8.7,21.1,0.4736,0,ISRO NRSC Landslide Atlas 2023 & NASA SRTM 30m DEM
Himachal Pradesh,Mandi,16,Northwest Himalayas,Granite & Sandstone,1203.0,33.6,194.5,10.13,4.24,1.9,28.3,0.67,4.7,15.4,57.1,0.6486,1,ISRO NRSC Landslide Atlas 2023 & NASA SRTM 30m DEM
Himachal Pradesh,Mandi,16,Northwest Himalayas,Granite & Sandstone,975.0,36.8,262.6,13.25,4.83,2.1,28.8,0.37,1.7,4.9,11.5,0.7828,1,ISRO NRSC Landslide Atlas 2023 & NASA SRTM 30m DEM
Himachal Pradesh,Mandi,16,Northwest Himalayas,Granite & Sandstone,1302.0,53.2,194.7,19.65,4.03,3.3,15.5,0.31,0.5,1.4,3.4,0.9727,1,ISRO NRSC Landslide Atlas 2023 & NASA SRTM 30m DEM
Himachal Pradesh,Mandi,16,Northwest Himalayas,Granite & Sandstone,1077.0,41.4,87.4,17.09,4.26,2.8,46.1,0.46,22.7,101.1,202.6,0.9994,1,ISRO NRSC Landslide Atlas 2023 & NASA SRTM 30m DEM
Himachal Pradesh,Mandi,16,Northwest Himalayas,Granite & Sandstone,1043.0,34.4,150.1,11.19,3.78,3.1,30.6,0.27,9.5,40.1,83.8,0.9277,1,ISRO NRSC Landslide Atlas 2023 & NASA SRTM 30m DEM
Himachal Pradesh,Mandi,16,Northwest Himalayas,Granite & Sandstone,1082.0,49.5,246.8,18.39,4.6,2.4,25.9,0.68,3.6,10.5,27.3,0.9639,1,ISRO NRSC Landslide Atlas 2023 & NASA SRTM 30m DEM
Himachal Pradesh,Mandi,16,Northwest Himalayas,Granite & Sandstone,1074.0,43.6,275.1,15.57,4.8,2.7,25.6,0.32,4.3,25.1,96.9,0.9726,1,ISRO NRSC Landslide Atlas 2023 & NASA SRTM 30m DEM
Himachal Pradesh,Mandi,16,Northwest Himalayas,Granite & Sandstone,1144.0,38.1,154.2,12.66,5.34,2.8,25.6,0.21,2.5,12.3,27.2,0.8656,1,ISRO NRSC Landslide Atlas 2023 & NASA SRTM 30m DEM
Himachal Pradesh,Mandi,16,Northwest Himalayas,Granite & Sandstone,1147.0,34.2,31.3,13.19,4.7,2.0,47.3,0.32,11.4,52.5,189.1,0.9869,1,ISRO NRSC Landslide Atlas 2023 & NASA SRTM 30m DEM
Himachal Pradesh,Mandi,16,Northwest Himalayas,Granite & Sandstone,1009.0,43.3,145.4,13.92,4.88,0.4,33.5,0.39,2.8,16.3,58.7,0.9416,1,ISRO NRSC Landslide Atlas 2023 & NASA SRTM 30m DEM
Himachal Pradesh,Mandi,16,Northwest Himalayas,Granite & Sandstone,1042.0,44.7,316.5,14.65,4.44,3.3,18.0,0.4,2.2,7.9,16.8,0.8954,1,ISRO NRSC Landslide Atlas 2023 & NASA SRTM 30m DEM
Himachal Pradesh,Mandi,16,Northwest Himalayas,Granite & Sandstone,1333.0,33.2,130.6,12.26,4.89,2.0,21.4,0.73,0.1,0.2,0.8,0.451,0,ISRO NRSC Landslide Atlas 2023 & NASA SRTM 30m DEM
Himachal Pradesh,Mandi,16,Northwest Himalayas,Granite & Sandstone,1089.0,36.4,74.5,13.83,4.55,3.2,99.0,0.21,49.3,175.9,639.8,1.0,1,ISRO NRSC Landslide Atlas 2023 & NASA SRTM 30m DEM
Himachal Pradesh,Mandi,16,Northwest Himalayas,Granite & Sandstone,1096.0,43.6,88.7,16.11,4.37,3.5,24.3,0.21,2.4,9.0,21.2,0.9407,1,ISRO NRSC Landslide Atlas 2023 & NASA SRTM 30m DEM
Himachal Pradesh,Mandi,16,Northwest Himalayas,Granite & Sandstone,1052.0,37.6,228.6,13.56,5.12,2.5,36.1,0.26,5.8,18.0,73.4,0.9367,1,ISRO NRSC Landslide Atlas 2023 & NASA SRTM 30m DEM
Himachal Pradesh,Mandi,16,Northwest Himalayas,Granite & Sandstone,1244.0,37.0,147.9,12.75,5.32,2.8,46.0,0.52,9.1,43.8,157.3,0.9767,1,ISRO NRSC Landslide Atlas 2023 & NASA SRTM 30m DEM
Himachal Pradesh,Mandi,16,Northwest Himalayas,Granite & Sandstone,829.0,37.7,154.9,13.69,5.59,2.7,60.3,0.26,37.3,107.7,346.3,0.9999,1,ISRO NRSC Landslide Atlas 2023 & NASA SRTM 30m DEM
Himachal Pradesh,Mandi,16,Northwest Himalayas,Granite & Sandstone,1026.0,41.3,225.9,13.43,4.18,2.8,55.1,0.34,11.0,55.6,217.8,0.9955,1,ISRO NRSC Landslide Atlas 2023 & NASA SRTM 30m DEM
Himachal Pradesh,Mandi,16,Northwest Himalayas,Granite & Sandstone,1034.0,38.3,105.0,13.89,5.65,2.6,41.3,0.54,8.3,42.9,154.0,0.98,1,ISRO NRSC Landslide Atlas 2023 & NASA SRTM 30m DEM
Himachal Pradesh,Mandi,16,Northwest Himalayas,Granite & Sandstone,1015.0,40.9,358.8,14.08,5.07,1.6,42.1,0.77,17.5,56.5,134.3,0.9895,1,ISRO NRSC Landslide Atlas 2023 & NASA SRTM 30m DEM
Himachal Pradesh,Mandi,16,Northwest Himalayas,Granite & Sandstone,1104.0,44.6,178.1,16.89,4.52,2.0,44.7,0.73,8.6,32.9,111.8,0.9856,1,ISRO NRSC Landslide Atlas 2023 & NASA SRTM 30m DEM
Himachal Pradesh,Mandi,16,Northwest Himalayas,Granite & Sandstone,793.0,38.6,6.2,11.64,5.28,2.2,86.1,0.77,19.0,107.2,439.5,0.9997,1,ISRO NRSC Landslide Atlas 2023 & NASA SRTM 30m DEM
Himachal Pradesh,Mandi,16,Northwest Himalayas,Granite & Sandstone,1072.0,40.5,290.6,14.18,4.33,1.7,29.5,0.3,3.9,21.0,84.5,0.9462,1,ISRO NRSC Landslide Atlas 2023 & NASA SRTM 30m DEM
Himachal Pradesh,Mandi,16,Northwest Himalayas,Granite & Sandstone,996.0,37.0,256.0,14.03,4.73,3.8,23.8,0.25,4.4,17.9,47.6,0.9009,1,ISRO NRSC Landslide Atlas 2023 & NASA SRTM 30m DEM
Himachal Pradesh,Mandi,16,Northwest Himalayas,Granite & Sandstone,886.0,35.8,286.0,12.24,4.95,2.8,15.2,0.67,5.1,17.6,44.3,0.734,1,ISRO NRSC Landslide Atlas 2023 & NASA SRTM 30m DEM
Himachal Pradesh,Mandi,16,Northwest Himalayas,Granite & Sandstone,975.0,35.5,275.4,12.51,5.0,2.2,45.8,0.54,8.3,30.1,94.3,0.936,1,ISRO NRSC Landslide Atlas 2023 & NASA SRTM 30m DEM
Himachal Pradesh,Mandi,16,Northwest Himalayas,Granite & Sandstone,1104.0,36.6,174.6,13.58,4.83,2.9,38.5,0.29,6.2,34.6,77.2,0.9566,1,ISRO NRSC Landslide Atlas 2023 & NASA SRTM 30m DEM
Himachal Pradesh,Mandi,16,Northwest Himalayas,Granite & Sandstone,925.0,34.4,167.2,11.31,5.08,3.7,28.0,0.39,2.0,13.4,52.3,0.7627,1,ISRO NRSC Landslide Atlas 2023 & NASA SRTM 30m DEM
Himachal Pradesh,Mandi,16,Northwest Himalayas,Granite & Sandstone,1243.0,40.5,170.3,13.55,5.19,1.1,91.0,0.46,32.9,131.1,438.3,1.0,1,ISRO NRSC Landslide Atlas 2023 & NASA SRTM 30m DEM
Himachal Pradesh,Mandi,16,Northwest Himalayas,Granite & Sandstone,980.0,48.2,116.1,15.38,3.66,2.7,18.1,0.5,0.1,0.4,1.7,0.8805,1,ISRO NRSC Landslide Atlas 2023 & NASA SRTM 30m DEM
Himachal Pradesh,Mandi,16,Northwest Himalayas,Granite & Sandstone,932.0,38.8,191.7,11.86,4.78,2.6,23.6,0.75,3.6,13.0,45.5,0.7493,1,ISRO NRSC Landslide Atlas 2023 & NASA SRTM 30m DEM
Himachal Pradesh,Mandi,16,Northwest Himalayas,Granite & Sandstone,930.0,36.3,15.9,13.47,4.59,3.5,99.0,0.55,66.2,205.5,861.5,1.0,1,ISRO NRSC Landslide Atlas 2023 & NASA SRTM 30m DEM
Himachal Pradesh,Mandi,16,Northwest Himalayas,Granite & Sandstone,910.0,34.0,276.0,12.42,5.05,3.4,85.6,0.68,29.8,123.6,434.2,0.9999,1,ISRO NRSC Landslide Atlas 2023 & NASA SRTM 30m DEM
Himachal Pradesh,Mandi,16,Northwest Himalayas,Granite & Sandstone,1105.0,47.1,330.4,16.93,4.81,2.0,44.7,0.47,3.3,20.0,86.2,0.9838,1,ISRO NRSC Landslide Atlas 2023 & NASA SRTM 30m DEM
Himachal Pradesh,Mandi,16,Northwest Himalayas,Granite & Sandstone,1002.0,33.8,292.3,12.01,5.24,3.7,17.0,0.61,1.6,6.3,22.2,0.5757,1,ISRO NRSC Landslide Atlas 2023 & NASA SRTM 30m DEM
Himachal Pradesh,Mandi,16,Northwest Himalayas,Granite & Sandstone,1071.0,37.8,213.4,14.0,4.64,3.3,41.0,0.55,18.8,80.3,166.9,0.9955,1,ISRO NRSC Landslide Atlas 2023 & NASA SRTM 30m DEM
Himachal Pradesh,Mandi,16,Northwest Himalayas,Granite & Sandstone,807.0,36.9,295.7,12.6,5.66,1.7,27.2,0.33,8.4,32.6,84.5,0.9444,1,ISRO NRSC Landslide Atlas 2023 & NASA SRTM 30m DEM
Himachal Pradesh,Mandi,16,Northwest Himalayas,Granite & Sandstone,898.0,22.3,145.4,8.27,5.95,3.8,39.5,0.45,8.3,42.4,137.1,0.7853,1,ISRO NRSC Landslide Atlas 2023 & NASA SRTM 30m DEM
Himachal Pradesh,Mandi,16,Northwest Himalayas,Granite & Sandstone,1170.0,33.0,53.2,11.75,5.56,3.2,53.1,0.49,23.0,75.6,212.4,0.995,1,ISRO NRSC Landslide Atlas 2023 & NASA SRTM 30m DEM
Himachal Pradesh,Mandi,16,Northwest Himalayas,Granite & Sandstone,944.0,42.0,172.4,14.03,4.91,3.0,95.7,0.3,45.4,158.8,473.6,1.0,1,ISRO NRSC Landslide Atlas 2023 & NASA SRTM 30m DEM
Himachal Pradesh,Mandi,16,Northwest Himalayas,Granite & Sandstone,1301.0,31.8,96.4,9.56,5.71,3.3,28.3,0.79,9.6,31.9,65.9,0.7473,1,ISRO NRSC Landslide Atlas 2023 & NASA SRTM 30m DEM
Himachal Pradesh,Mandi,16,Northwest Himalayas,Granite & Sandstone,1081.0,41.9,84.8,14.27,3.95,1.5,41.0,0.21,6.9,28.6,120.1,0.9807,1,ISRO NRSC Landslide Atlas 2023 & NASA SRTM 30m DEM
Himachal Pradesh,Mandi,16,Northwest Himalayas,Granite & Sandstone,1075.0,37.9,171.4,14.02,5.5,2.1,26.6,0.71,3.1,19.2,54.0,0.8569,1,ISRO NRSC Landslide Atlas 2023 & NASA SRTM 30m DEM
Himachal Pradesh,Mandi,16,Northwest Himalayas,Granite & Sandstone,878.0,42.6,112.0,15.6,4.54,1.8,43.6,0.44,8.7,33.1,145.0,0.9877,1,ISRO NRSC Landslide Atlas 2023 & NASA SRTM 30m DEM
Himachal Pradesh,Mandi,16,Northwest Himalayas,Granite & Sandstone,966.0,43.2,32.5,15.89,4.56,2.7,71.2,0.54,26.7,79.4,343.6,0.9998,1,ISRO NRSC Landslide Atlas 2023 & NASA SRTM 30m DEM
Himachal Pradesh,Mandi,16,Northwest Himalayas,Granite & Sandstone,801.0,34.1,152.2,13.3,5.42,2.5,72.7,0.7,48.0,143.8,317.6,0.9999,1,ISRO NRSC Landslide Atlas 2023 & NASA SRTM 30m DEM
Himachal Pradesh,Mandi,16,Northwest Himalayas,Granite & Sandstone,1137.0,30.0,7.9,9.33,5.43,2.5,17.4,0.34,1.7,8.6,24.9,0.4868,0,ISRO NRSC Landslide Atlas 2023 & NASA SRTM 30m DEM
Himachal Pradesh,Mandi,16,Northwest Himalayas,Granite & Sandstone,1091.0,41.7,186.0,14.19,5.27,2.3,20.0,0.41,2.0,9.8,25.5,0.8783,1,ISRO NRSC Landslide Atlas 2023 & NASA SRTM 30m DEM
Himachal Pradesh,Mandi,16,Northwest Himalayas,Granite & Sandstone,977.0,44.6,139.6,16.35,5.05,1.9,57.0,0.4,14.6,59.5,232.3,0.9987,1,ISRO NRSC Landslide Atlas 2023 & NASA SRTM 30m DEM
Himachal Pradesh,Mandi,16,Northwest Himalayas,Granite & Sandstone,1087.0,38.0,176.4,13.38,5.04,3.4,28.4,0.78,3.1,9.9,34.9,0.7686,1,ISRO NRSC Landslide Atlas 2023 & NASA SRTM 30m DEM
Himachal Pradesh,Mandi,16,Northwest Himalayas,Granite & Sandstone,753.0,49.0,253.3,17.5,4.88,2.7,32.5,0.22,4.8,26.7,90.5,0.9918,1,ISRO NRSC Landslide Atlas 2023 & NASA SRTM 30m DEM
Himachal Pradesh,Mandi,16,Northwest Himalayas,Granite & Sandstone,792.0,39.5,163.2,13.41,5.54,3.7,24.8,0.83,1.2,4.0,9.0,0.7003,1,ISRO NRSC Landslide Atlas 2023 & NASA SRTM 30m DEM
Himachal Pradesh,Mandi,16,Northwest Himalayas,Granite & Sandstone,922.0,37.7,133.8,13.47,5.51,3.8,52.2,0.48,6.6,44.1,185.8,0.9851,1,ISRO NRSC Landslide Atlas 2023 & NASA SRTM 30m DEM
Himachal Pradesh,Mandi,16,Northwest Himalayas,Granite & Sandstone,1001.0,41.0,139.6,13.61,6.02,1.9,65.8,0.22,19.3,82.0,329.1,0.9996,1,ISRO NRSC Landslide Atlas 2023 & NASA SRTM 30m DEM
Himachal Pradesh,Mandi,16,Northwest Himalayas,Granite & Sandstone,1235.0,42.6,23.2,13.18,5.23,1.5,28.3,0.61,6.9,25.7,82.9,0.9427,1,ISRO NRSC Landslide Atlas 2023 & NASA SRTM 30m DEM
Himachal Pradesh,Mandi,16,Northwest Himalayas,Granite & Sandstone,1120.0,47.4,170.7,18.2,4.7,0.7,28.0,0.56,6.2,19.5,64.9,0.9796,1,ISRO NRSC Landslide Atlas 2023 & NASA SRTM 30m DEM
Himachal Pradesh,Mandi,16,Northwest Himalayas,Granite & Sandstone,932.0,37.8,338.8,12.77,4.36,2.6,19.2,0.38,2.2,6.7,24.9,0.7648,1,ISRO NRSC Landslide Atlas 2023 & NASA SRTM 30m DEM
Himachal Pradesh,Mandi,16,Northwest Himalayas,Granite & Sandstone,1052.0,39.9,71.6,12.48,4.04,1.8,15.0,0.65,1.0,6.2,20.1,0.6738,1,ISRO NRSC Landslide Atlas 2023 & NASA SRTM 30m DEM
Himachal Pradesh,Mandi,16,Northwest Himalayas,Granite & Sandstone,918.0,31.0,185.9,7.97,4.71,2.4,50.4,0.37,11.7,34.1,109.6,0.8913,1,ISRO NRSC Landslide Atlas 2023 & NASA SRTM 30m DEM
Himachal Pradesh,Mandi,16,Northwest Himalayas,Granite & Sandstone,1026.0,24.9,327.2,10.2,5.48,3.0,99.0,0.28,58.4,321.9,1340.1,1.0,1,ISRO NRSC Landslide Atlas 2023 & NASA SRTM 30m DEM
Himachal Pradesh,Mandi,16,Northwest Himalayas,Granite & Sandstone,1088.0,39.7,198.7,14.51,3.53,3.0,36.7,0.75,17.8,51.9,105.8,0.9815,1,ISRO NRSC Landslide Atlas 2023 & NASA SRTM 30m DEM
Himachal Pradesh,Mandi,16,Northwest Himalayas,Granite & Sandstone,1145.0,31.8,30.2,11.3,4.91,3.7,28.9,0.56,1.1,7.1,27.7,0.5741,1,ISRO NRSC Landslide Atlas 2023 & NASA SRTM 30m DEM
Himachal Pradesh,Mandi,16,Northwest Himalayas,Granite & Sandstone,993.0,47.2,245.2,15.61,4.45,1.5,84.2,0.6,25.4,111.4,427.6,1.0,1,ISRO NRSC Landslide Atlas 2023 & NASA SRTM 30m DEM
Himachal Pradesh,Mandi,16,Northwest Himalayas,Granite & Sandstone,1377.0,42.2,35.4,14.87,5.55,1.8,38.0,0.46,4.4,15.7,57.7,0.951,1,ISRO NRSC Landslide Atlas 2023 & NASA SRTM 30m DEM
Himachal Pradesh,Mandi,16,Northwest Himalayas,Granite & Sandstone,983.0,42.3,252.7,13.71,4.34,2.7,88.6,0.49,57.7,184.3,499.9,1.0,1,ISRO NRSC Landslide Atlas 2023 & NASA SRTM 30m DEM
Himachal Pradesh,Mandi,16,Northwest Himalayas,Granite & Sandstone,1161.0,38.4,246.5,13.28,5.21,3.1,48.5,0.65,12.0,56.6,198.6,0.9898,1,ISRO NRSC Landslide Atlas 2023 & NASA SRTM 30m DEM
Himachal Pradesh,Mandi,16,Northwest Himalayas,Granite & Sandstone,951.0,42.3,244.5,17.15,4.76,2.7,16.3,0.61,1.0,4.4,14.4,0.8673,1,ISRO NRSC Landslide Atlas 2023 & NASA SRTM 30m DEM
Himachal Pradesh,Mandi,16,Northwest Himalayas,Granite & Sandstone,1145.0,41.9,232.3,15.17,4.52,2.9,99.0,0.21,89.8,341.7,1275.6,1.0,1,ISRO NRSC Landslide Atlas 2023 & NASA SRTM 30m DEM
Himachal Pradesh,Mandi,16,Northwest Himalayas,Granite & Sandstone,1110.0,41.1,115.9,14.26,5.17,3.0,80.4,0.35,29.9,101.2,445.9,0.9999,1,ISRO NRSC Landslide Atlas 2023 & NASA SRTM 30m DEM
Himachal Pradesh,Mandi,16,Northwest Himalayas,Granite & Sandstone,1124.0,38.9,18.6,14.12,4.64,2.0,34.8,0.54,4.2,13.4,55.8,0.8942,1,ISRO NRSC Landslide Atlas 2023 & NASA SRTM 30m DEM
Himachal Pradesh,Mandi,16,Northwest Himalayas,Granite & Sandstone,822.0,39.6,220.0,13.44,3.84,2.3,44.8,0.28,6.5,38.7,110.2,0.9766,1,ISRO NRSC Landslide Atlas 2023 & NASA SRTM 30m DEM
Himachal Pradesh,Mandi,16,Northwest Himalayas,Granite & Sandstone,1007.0,48.0,282.5,17.94,3.5,3.4,63.4,0.36,28.2,90.3,305.3,0.9999,1,ISRO NRSC Landslide Atlas 2023 & NASA SRTM 30m DEM
Himachal Pradesh,Mandi,16,Northwest Himalayas,Granite & Sandstone,800.0,40.6,4.7,13.43,5.54,1.5,27.2,0.43,2.0,7.7,33.7,0.8667,1,ISRO NRSC Landslide Atlas 2023 & NASA SRTM 30m DEM
Himachal Pradesh,Mandi,16,Northwest Himalayas,Granite & Sandstone,1063.0,32.5,176.3,10.31,5.51,3.1,26.2,0.27,4.3,25.3,52.0,0.8071,1,ISRO NRSC Landslide Atlas 2023 & NASA SRTM 30m DEM
Himachal Pradesh,Mandi,16,Northwest Himalayas,Granite & Sandstone,1297.0,40.3,62.7,12.8,4.79,3.1,15.0,0.82,0.2,1.2,5.3,0.597,1,ISRO NRSC Landslide Atlas 2023 & NASA SRTM 30m DEM
Himachal Pradesh,Mandi,16,Northwest Himalayas,Granite & Sandstone,1123.0,48.1,90.6,18.1,4.7,2.7,99.0,0.64,30.0,150.6,580.5,1.0,1,ISRO NRSC Landslide Atlas 2023 & NASA SRTM 30m DEM
Himachal Pradesh,Mandi,16,Northwest Himalayas,Granite & Sandstone,978.0,46.2,39.7,16.45,4.56,2.1,40.9,0.45,9.6,51.2,151.9,0.9956,1,ISRO NRSC Landslide Atlas 2023 & NASA SRTM 30m DEM
Himachal Pradesh,Mandi,16,Northwest Himalayas,Granite & Sandstone,1030.0,33.5,266.7,10.9,5.25,3.1,28.1,0.81,8.7,33.4,116.3,0.8452,1,ISRO NRSC Landslide Atlas 2023 & NASA SRTM 30m DEM
Himachal Pradesh,Mandi,16,Northwest Himalayas,Granite & Sandstone,1253.0,42.4,65.8,14.44,5.03,3.0,75.5,0.66,23.0,95.3,388.4,0.9998,1,ISRO NRSC Landslide Atlas 2023 & NASA SRTM 30m DEM
Himachal Pradesh,Mandi,16,Northwest Himalayas,Granite & Sandstone,880.0,34.8,277.6,11.28,4.84,2.0,43.7,0.46,14.8,53.5,123.5,0.9736,1,ISRO NRSC Landslide Atlas 2023 & NASA SRTM 30m DEM
Himachal Pradesh,Mandi,16,Northwest Himalayas,Granite & Sandstone,926.0,47.2,356.1,17.8,3.96,2.3,15.1,0.66,2.8,11.8,38.2,0.9392,1,ISRO NRSC Landslide Atlas 2023 & NASA SRTM 30m DEM
Himachal Pradesh,Shimla,20,Northwest Himalayas,Quartzite,2287.0,36.3,293.1,10.96,4.38,2.6,55.8,0.34,18.9,82.5,263.5,0.9972,1,ISRO NRSC Landslide Atlas 2023 & NASA SRTM 30m DEM
Himachal Pradesh,Shimla,20,Northwest Himalayas,Quartzite,2175.0,32.8,105.4,11.02,5.66,3.5,99.0,0.77,34.1,173.8,721.0,1.0,1,ISRO NRSC Landslide Atlas 2023 & NASA SRTM 30m DEM
Himachal Pradesh,Shimla,20,Northwest Himalayas,Quartzite,2274.0,45.5,133.3,16.39,5.12,3.6,40.3,0.84,5.6,26.5,68.8,0.9679,1,ISRO NRSC Landslide Atlas 2023 & NASA SRTM 30m DEM
Himachal Pradesh,Shimla,20,Northwest Himalayas,Quartzite,2346.0,37.7,192.2,13.87,5.73,2.3,90.9,0.29,14.6,91.7,401.1,0.9998,1,ISRO NRSC Landslide Atlas 2023 & NASA SRTM 30m DEM
Himachal Pradesh,Shimla,20,Northwest Himalayas,Quartzite,2493.0,39.9,132.4,13.88,4.13,2.8,35.4,0.25,6.8,22.5,73.5,0.9526,1,ISRO NRSC Landslide Atlas 2023 & NASA SRTM 30m DEM
Himachal Pradesh,Shimla,20,Northwest Himalayas,Quartzite,2130.0,32.0,323.9,10.28,3.91,2.4,42.1,0.62,13.0,42.2,94.3,0.8958,1,ISRO NRSC Landslide Atlas 2023 & NASA SRTM 30m DEM
Himachal Pradesh,Shimla,20,Northwest Himalayas,Quartzite,2315.0,34.6,216.1,12.18,5.19,4.5,51.1,0.5,11.3,73.5,189.5,0.9901,1,ISRO NRSC Landslide Atlas 2023 & NASA SRTM 30m DEM
Himachal Pradesh,Shimla,20,Northwest Himalayas,Quartzite,2358.0,37.5,81.6,12.3,4.53,2.7,56.0,0.33,18.3,67.6,261.8,0.9969,1,ISRO NRSC Landslide Atlas 2023 & NASA SRTM 30m DEM
Himachal Pradesh,Shimla,20,Northwest Himalayas,Quartzite,2326.0,40.0,314.7,12.46,5.47,2.6,99.0,0.69,44.6,131.8,551.6,1.0,1,ISRO NRSC Landslide Atlas 2023 & NASA SRTM 30m DEM
Himachal Pradesh,Shimla,20,Northwest Himalayas,Quartzite,1953.0,40.4,14.2,14.82,5.37,2.3,44.7,0.55,12.6,60.6,257.7,0.9961,1,ISRO NRSC Landslide Atlas 2023 & NASA SRTM 30m DEM
Himachal Pradesh,Shimla,20,Northwest Himalayas,Quartzite,2399.0,38.3,20.0,11.77,5.07,3.1,57.8,0.21,11.0,68.1,275.6,0.9969,1,ISRO NRSC Landslide Atlas 2023 & NASA SRTM 30m DEM
Himachal Pradesh,Shimla,20,Northwest Himalayas,Quartzite,2195.0,31.0,85.3,9.62,5.12,2.5,56.6,0.7,16.4,47.5,211.8,0.9628,1,ISRO NRSC Landslide Atlas 2023 & NASA SRTM 30m DEM
Himachal Pradesh,Shimla,20,Northwest Himalayas,Quartzite,2143.0,38.4,25.0,13.21,4.06,3.3,99.0,0.31,34.1,178.1,682.1,1.0,1,ISRO NRSC Landslide Atlas 2023 & NASA SRTM 30m DEM
Himachal Pradesh,Shimla,20,Northwest Himalayas,Quartzite,2359.0,32.9,229.2,11.73,4.57,2.3,40.9,0.65,5.4,19.9,88.6,0.8104,1,ISRO NRSC Landslide Atlas 2023 & NASA SRTM 30m DEM
Himachal Pradesh,Shimla,20,Northwest Himalayas,Quartzite,2045.0,38.5,53.6,14.77,3.98,2.2,43.1,0.78,11.2,35.4,146.4,0.9682,1,ISRO NRSC Landslide Atlas 2023 & NASA SRTM 30m DEM
Himachal Pradesh,Shimla,20,Northwest Himalayas,Quartzite,2250.0,30.1,243.5,10.01,4.93,3.1,87.6,0.31,16.7,111.2,431.1,0.9995,1,ISRO NRSC Landslide Atlas 2023 & NASA SRTM 30m DEM
Himachal Pradesh,Shimla,20,Northwest Himalayas,Quartzite,2160.0,35.5,157.1,11.04,5.21,1.8,17.6,0.71,1.1,6.4,16.8,0.5155,1,ISRO NRSC Landslide Atlas 2023 & NASA SRTM 30m DEM
Himachal Pradesh,Shimla,20,Northwest Himalayas,Quartzite,2295.0,38.6,179.8,14.89,4.35,3.4,40.5,0.65,16.8,101.4,210.0,0.9979,1,ISRO NRSC Landslide Atlas 2023 & NASA SRTM 30m DEM
Himachal Pradesh,Shimla,20,Northwest Himalayas,Quartzite,2178.0,43.9,144.7,14.32,4.62,2.1,22.8,0.62,0.3,1.2,5.4,0.8039,1,ISRO NRSC Landslide Atlas 2023 & NASA SRTM 30m DEM
Himachal Pradesh,Shimla,20,Northwest Himalayas,Quartzite,2092.0,43.0,186.8,16.6,4.24,3.8,23.6,0.36,3.0,9.4,28.9,0.9295,1,ISRO NRSC Landslide Atlas 2023 & NASA SRTM 30m DEM
Himachal Pradesh,Shimla,20,Northwest Himalayas,Quartzite,2453.0,25.9,242.1,9.67,4.74,2.2,80.2,0.62,32.6,127.8,376.8,0.9994,1,ISRO NRSC Landslide Atlas 2023 & NASA SRTM 30m DEM
Himachal Pradesh,Shimla,20,Northwest Himalayas,Quartzite,2332.0,43.4,40.5,17.51,4.78,2.8,22.8,0.5,1.2,4.0,11.9,0.9073,1,ISRO NRSC Landslide Atlas 2023 & NASA SRTM 30m DEM
Himachal Pradesh,Shimla,20,Northwest Himalayas,Quartzite,2102.0,31.1,151.2,11.08,3.82,1.7,95.3,0.58,38.1,120.1,449.6,0.9999,1,ISRO NRSC Landslide Atlas 2023 & NASA SRTM 30m DEM
Himachal Pradesh,Shimla,20,Northwest Himalayas,Quartzite,2145.0,49.9,197.1,17.64,3.53,1.6,31.1,0.48,6.6,20.1,79.5,0.9844,1,ISRO NRSC Landslide Atlas 2023 & NASA SRTM 30m DEM
Himachal Pradesh,Shimla,20,Northwest Himalayas,Quartzite,2172.0,43.0,187.9,16.55,5.23,2.0,37.6,0.27,6.3,38.1,86.3,0.9881,1,ISRO NRSC Landslide Atlas 2023 & NASA SRTM 30m DEM
Himachal Pradesh,Shimla,20,Northwest Himalayas,Quartzite,2438.0,30.8,110.8,11.03,5.19,2.3,38.8,0.79,10.5,54.0,156.2,0.9279,1,ISRO NRSC Landslide Atlas 2023 & NASA SRTM 30m DEM
Himachal Pradesh,Shimla,20,Northwest Himalayas,Quartzite,2431.0,27.8,262.3,10.8,4.89,1.9,88.7,0.81,46.4,171.1,451.8,1.0,1,ISRO NRSC Landslide Atlas 2023 & NASA SRTM 30m DEM
Himachal Pradesh,Shimla,20,Northwest Himalayas,Quartzite,1843.0,30.6,58.4,10.14,4.98,3.2,32.0,0.79,6.6,26.3,91.4,0.7007,1,ISRO NRSC Landslide Atlas 2023 & NASA SRTM 30m DEM
Himachal Pradesh,Shimla,20,Northwest Himalayas,Quartzite,2211.0,37.8,358.8,12.89,5.01,1.7,29.8,0.73,1.5,8.4,24.7,0.7223,1,ISRO NRSC Landslide Atlas 2023 & NASA SRTM 30m DEM
Himachal Pradesh,Shimla,20,Northwest Himalayas,Quartzite,2358.0,43.6,141.3,14.31,5.84,1.3,99.0,0.68,53.0,163.3,583.1,1.0,1,ISRO NRSC Landslide Atlas 2023 & NASA SRTM 30m DEM
Himachal Pradesh,Shimla,20,Northwest Himalayas,Quartzite,2368.0,36.6,147.4,13.94,4.87,4.6,64.9,0.25,12.4,74.0,225.2,0.9976,1,ISRO NRSC Landslide Atlas 2023 & NASA SRTM 30m DEM
Himachal Pradesh,Shimla,20,Northwest Himalayas,Quartzite,2125.0,37.7,50.9,13.11,5.48,3.2,24.5,0.81,0.9,2.7,6.8,0.6255,1,ISRO NRSC Landslide Atlas 2023 & NASA SRTM 30m DEM
Himachal Pradesh,Shimla,20,Northwest Himalayas,Quartzite,2225.0,26.6,285.1,8.52,5.38,2.3,26.6,0.27,1.7,7.8,32.6,0.4309,0,ISRO NRSC Landslide Atlas 2023 & NASA SRTM 30m DEM
Himachal Pradesh,Shimla,20,Northwest Himalayas,Quartzite,2175.0,31.7,273.4,10.26,4.64,0.8,42.7,0.8,17.5,58.0,174.9,0.9564,1,ISRO NRSC Landslide Atlas 2023 & NASA SRTM 30m DEM
Himachal Pradesh,Shimla,20,Northwest Himalayas,Quartzite,2086.0,41.1,97.5,15.15,4.2,2.2,72.8,0.34,19.7,82.1,281.6,0.9995,1,ISRO NRSC Landslide Atlas 2023 & NASA SRTM 30m DEM
Himachal Pradesh,Shimla,20,Northwest Himalayas,Quartzite,1912.0,31.2,118.1,9.8,5.78,2.3,94.6,0.28,28.3,117.9,519.0,0.9999,1,ISRO NRSC Landslide Atlas 2023 & NASA SRTM 30m DEM
Himachal Pradesh,Shimla,20,Northwest Himalayas,Quartzite,1905.0,32.2,18.0,11.41,4.91,3.9,82.5,0.33,30.3,111.2,383.9,0.9997,1,ISRO NRSC Landslide Atlas 2023 & NASA SRTM 30m DEM
Himachal Pradesh,Shimla,20,Northwest Himalayas,Quartzite,1885.0,30.3,250.4,11.87,5.03,2.4,22.3,0.84,0.3,1.4,6.1,0.3412,0,ISRO NRSC Landslide Atlas 2023 & NASA SRTM 30m DEM
Himachal Pradesh,Shimla,20,Northwest Himalayas,Quartzite,2252.0,37.3,338.6,11.72,5.69,3.7,52.2,0.61,22.1,73.7,233.1,0.996,1,ISRO NRSC Landslide Atlas 2023 & NASA SRTM 30m DEM
Himachal Pradesh,Shimla,20,Northwest Himalayas,Quartzite,2104.0,33.1,257.6,11.81,4.83,1.5,26.4,0.57,1.4,7.3,26.0,0.5989,1,ISRO NRSC Landslide Atlas 2023 & NASA SRTM 30m DEM
Himachal Pradesh,Shimla,20,Northwest Himalayas,Quartzite,2075.0,24.4,212.6,10.29,5.83,1.0,30.5,0.77,0.7,4.2,18.6,0.2695,0,ISRO NRSC Landslide Atlas 2023 & NASA SRTM 30m DEM
Himachal Pradesh,Shimla,20,Northwest Himalayas,Quartzite,2176.0,42.8,206.2,14.63,4.7,1.9,47.3,0.38,14.4,43.3,178.1,0.9941,1,ISRO NRSC Landslide Atlas 2023 & NASA SRTM 30m DEM
Himachal Pradesh,Shimla,20,Northwest Himalayas,Quartzite,2235.0,31.4,35.3,12.11,4.98,2.1,30.4,0.23,3.6,23.4,65.9,0.8415,1,ISRO NRSC Landslide Atlas 2023 & NASA SRTM 30m DEM
Himachal Pradesh,Shimla,20,Northwest Himalayas,Quartzite,2269.0,41.1,91.5,14.83,4.76,2.8,22.8,0.43,3.6,11.9,30.7,0.8932,1,ISRO NRSC Landslide Atlas 2023 & NASA SRTM 30m DEM
Himachal Pradesh,Shimla,20,Northwest Himalayas,Quartzite,1949.0,39.3,146.6,12.88,4.17,1.6,44.9,0.27,12.3,39.8,162.4,0.9855,1,ISRO NRSC Landslide Atlas 2023 & NASA SRTM 30m DEM
Himachal Pradesh,Shimla,20,Northwest Himalayas,Quartzite,2231.0,31.2,240.9,13.08,5.44,3.3,25.5,0.61,3.5,10.0,43.8,0.6705,1,ISRO NRSC Landslide Atlas 2023 & NASA SRTM 30m DEM
Himachal Pradesh,Shimla,20,Northwest Himalayas,Quartzite,2232.0,43.9,180.0,15.45,5.37,1.8,69.2,0.36,16.7,85.8,343.8,0.9997,1,ISRO NRSC Landslide Atlas 2023 & NASA SRTM 30m DEM
Himachal Pradesh,Shimla,20,Northwest Himalayas,Quartzite,2379.0,35.7,354.5,12.46,4.51,3.1,29.1,0.27,5.5,16.6,69.9,0.8755,1,ISRO NRSC Landslide Atlas 2023 & NASA SRTM 30m DEM
Himachal Pradesh,Shimla,20,Northwest Himalayas,Quartzite,2415.0,28.3,272.4,8.24,5.42,3.7,99.0,0.58,49.4,171.9,606.0,1.0,1,ISRO NRSC Landslide Atlas 2023 & NASA SRTM 30m DEM
Himachal Pradesh,Shimla,20,Northwest Himalayas,Quartzite,2276.0,39.9,165.2,13.09,3.98,3.8,88.9,0.31,72.4,207.3,426.0,1.0,1,ISRO NRSC Landslide Atlas 2023 & NASA SRTM 30m DEM
Himachal Pradesh,Shimla,20,Northwest Himalayas,Quartzite,2086.0,35.5,161.1,11.83,5.04,2.6,79.8,0.23,24.8,112.7,402.1,0.9998,1,ISRO NRSC Landslide Atlas 2023 & NASA SRTM 30m DEM
Himachal Pradesh,Shimla,20,Northwest Himalayas,Quartzite,2024.0,33.3,317.7,10.78,4.51,2.0,28.4,0.59,5.3,24.1,64.8,0.7528,1,ISRO NRSC Landslide Atlas 2023 & NASA SRTM 30m DEM
Himachal Pradesh,Shimla,20,Northwest Himalayas,Quartzite,2329.0,34.6,12.1,11.86,5.33,2.6,38.8,0.69,5.5,19.3,63.2,0.8127,1,ISRO NRSC Landslide Atlas 2023 & NASA SRTM 30m DEM
Himachal Pradesh,Shimla,20,Northwest Himalayas,Quartzite,1973.0,40.7,81.7,11.81,4.28,3.0,18.7,0.58,2.6,11.5,50.7,0.7762,1,ISRO NRSC Landslide Atlas 2023 & NASA SRTM 30m DEM
Himachal Pradesh,Shimla,20,Northwest Himalayas,Quartzite,2050.0,35.5,337.9,11.61,5.87,1.5,17.0,0.71,2.0,10.9,23.3,0.6065,1,ISRO NRSC Landslide Atlas 2023 & NASA SRTM 30m DEM
Himachal Pradesh,Shimla,20,Northwest Himalayas,Quartzite,2105.0,39.7,257.3,11.71,4.98,0.9,29.2,0.48,3.2,15.7,68.1,0.8603,1,ISRO NRSC Landslide Atlas 2023 & NASA SRTM 30m DEM
Himachal Pradesh,Shimla,20,Northwest Himalayas,Quartzite,1931.0,39.1,18.3,13.96,4.61,2.4,58.6,0.57,21.1,73.1,295.5,0.9984,1,ISRO NRSC Landslide Atlas 2023 & NASA SRTM 30m DEM
Himachal Pradesh,Shimla,20,Northwest Himalayas,Quartzite,2095.0,40.2,279.7,12.91,4.84,3.3,27.0,0.33,0.7,2.9,8.9,0.8031,1,ISRO NRSC Landslide Atlas 2023 & NASA SRTM 30m DEM
Himachal Pradesh,Shimla,20,Northwest Himalayas,Quartzite,2383.0,36.2,77.1,14.34,5.28,3.5,23.7,0.49,5.4,18.0,53.2,0.8731,1,ISRO NRSC Landslide Atlas 2023 & NASA SRTM 30m DEM
Himachal Pradesh,Shimla,20,Northwest Himalayas,Quartzite,2088.0,40.7,45.5,13.59,5.38,2.8,25.0,0.71,0.9,4.8,18.8,0.7631,1,ISRO NRSC Landslide Atlas 2023 & NASA SRTM 30m DEM
Himachal Pradesh,Shimla,20,Northwest Himalayas,Quartzite,2039.0,24.5,263.1,8.72,5.26,1.9,99.0,0.6,76.8,378.2,1139.5,1.0,1,ISRO NRSC Landslide Atlas 2023 & NASA SRTM 30m DEM
Himachal Pradesh,Shimla,20,Northwest Himalayas,Quartzite,2215.0,31.0,62.1,11.01,4.47,1.6,43.9,0.42,6.0,30.4,133.9,0.8914,1,ISRO NRSC Landslide Atlas 2023 & NASA SRTM 30m DEM
Himachal Pradesh,Shimla,20,Northwest Himalayas,Quartzite,2062.0,43.9,331.5,14.21,4.97,1.6,41.3,0.24,8.3,27.7,108.9,0.984,1,ISRO NRSC Landslide Atlas 2023 & NASA SRTM 30m DEM
Himachal Pradesh,Shimla,20,Northwest Himalayas,Quartzite,2402.0,45.6,66.0,18.07,3.86,2.5,34.7,0.21,9.9,31.3,74.1,0.9914,1,ISRO NRSC Landslide Atlas 2023 & NASA SRTM 30m DEM
Himachal Pradesh,Shimla,20,Northwest Himalayas,Quartzite,2060.0,35.2,190.1,10.99,4.94,3.7,47.9,0.41,23.8,101.0,238.8,0.9979,1,ISRO NRSC Landslide Atlas 2023 & NASA SRTM 30m DEM
Himachal Pradesh,Shimla,20,Northwest Himalayas,Quartzite,2216.0,27.7,94.3,11.8,5.36,3.0,35.3,0.84,3.1,10.5,25.2,0.4732,0,ISRO NRSC Landslide Atlas 2023 & NASA SRTM 30m DEM
Himachal Pradesh,Shimla,20,Northwest Himalayas,Quartzite,2278.0,47.9,297.9,17.84,4.26,3.1,34.2,0.29,11.1,34.9,123.9,0.995,1,ISRO NRSC Landslide Atlas 2023 & NASA SRTM 30m DEM
Himachal Pradesh,Shimla,20,Northwest Himalayas,Quartzite,2310.0,39.4,141.2,13.3,5.29,2.5,25.5,0.26,0.2,1.0,3.0,0.8019,1,ISRO NRSC Landslide Atlas 2023 & NASA SRTM 30m DEM
Himachal Pradesh,Shimla,20,Northwest Himalayas,Quartzite,2188.0,41.1,137.0,12.82,4.87,2.2,99.0,0.59,39.6,168.3,728.8,1.0,1,ISRO NRSC Landslide Atlas 2023 & NASA SRTM 30m DEM
Himachal Pradesh,Shimla,20,Northwest Himalayas,Quartzite,2003.0,37.3,30.5,12.71,4.93,3.1,45.7,0.26,7.8,40.4,114.7,0.9739,1,ISRO NRSC Landslide Atlas 2023 & NASA SRTM 30m DEM
Himachal Pradesh,Shimla,20,Northwest Himalayas,Quartzite,2114.0,26.3,289.6,8.41,6.06,2.8,55.9,0.76,26.7,76.8,221.3,0.9815,1,ISRO NRSC Landslide Atlas 2023 & NASA SRTM 30m DEM
Himachal Pradesh,Shimla,20,Northwest Himalayas,Quartzite,2525.0,39.7,191.4,14.65,4.95,3.2,87.3,0.65,19.6,97.1,405.9,0.9998,1,ISRO NRSC Landslide Atlas 2023 & NASA SRTM 30m DEM
Himachal Pradesh,Shimla,20,Northwest Himalayas,Quartzite,2220.0,34.3,76.3,12.13,4.84,3.2,79.3,0.79,34.6,135.6,368.5,0.9998,1,ISRO NRSC Landslide Atlas 2023 & NASA SRTM 30m DEM
Himachal Pradesh,Shimla,20,Northwest Himalayas,Quartzite,2075.0,34.9,344.9,13.0,5.38,2.2,32.7,0.79,19.3,57.9,121.5,0.9723,1,ISRO NRSC Landslide Atlas 2023 & NASA SRTM 30m DEM
Himachal Pradesh,Shimla,20,Northwest Himalayas,Quartzite,2107.0,32.1,130.2,12.23,5.11,1.9,15.0,0.66,1.5,6.6,22.1,0.4989,0,ISRO NRSC Landslide Atlas 2023 & NASA SRTM 30m DEM
Himachal Pradesh,Shimla,20,Northwest Himalayas,Quartzite,1980.0,32.9,216.5,12.04,4.44,2.1,46.4,0.71,13.9,84.4,209.3,0.9888,1,ISRO NRSC Landslide Atlas 2023 & NASA SRTM 30m DEM
Himachal Pradesh,Shimla,20,Northwest Himalayas,Quartzite,2274.0,37.8,335.2,13.11,4.81,2.1,99.0,0.46,39.9,181.5,756.2,1.0,1,ISRO NRSC Landslide Atlas 2023 & NASA SRTM 30m DEM
Himachal Pradesh,Shimla,20,Northwest Himalayas,Quartzite,2081.0,37.1,82.9,13.04,4.29,2.1,87.0,0.82,44.0,128.8,463.5,1.0,1,ISRO NRSC Landslide Atlas 2023 & NASA SRTM 30m DEM
Himachal Pradesh,Shimla,20,Northwest Himalayas,Quartzite,2270.0,33.4,121.1,11.84,5.04,1.9,44.8,0.78,20.7,65.1,141.8,0.9788,1,ISRO NRSC Landslide Atlas 2023 & NASA SRTM 30m DEM
Himachal Pradesh,Shimla,20,Northwest Himalayas,Quartzite,2119.0,28.6,176.4,9.77,4.07,1.8,60.1,0.76,20.1,95.9,321.9,0.994,1,ISRO NRSC Landslide Atlas 2023 & NASA SRTM 30m DEM
Himachal Pradesh,Shimla,20,Northwest Himalayas,Quartzite,2287.0,38.0,88.5,14.07,5.05,2.5,43.3,0.72,9.5,53.7,203.7,0.9854,1,ISRO NRSC Landslide Atlas 2023 & NASA SRTM 30m DEM
Himachal Pradesh,Shimla,20,Northwest Himalayas,Quartzite,2205.0,33.1,20.7,9.78,5.45,3.3,22.1,0.58,11.2,35.6,80.4,0.8331,1,ISRO NRSC Landslide Atlas 2023 & NASA SRTM 30m DEM
Himachal Pradesh,Shimla,20,Northwest Himalayas,Quartzite,2391.0,36.2,32.3,11.68,4.44,2.6,33.1,0.21,14.2,41.7,92.7,0.9647,1,ISRO NRSC Landslide Atlas 2023 & NASA SRTM 30m DEM
Himachal Pradesh,Shimla,20,Northwest Himalayas,Quartzite,1947.0,44.4,34.6,16.66,5.0,3.4,19.3,0.69,0.7,2.2,9.5,0.8601,1,ISRO NRSC Landslide Atlas 2023 & NASA SRTM 30m DEM
Himachal Pradesh,Shimla,20,Northwest Himalayas,Quartzite,2121.0,45.0,155.3,15.95,4.51,1.9,75.1,0.61,16.0,86.5,319.2,0.9996,1,ISRO NRSC Landslide Atlas 2023 & NASA SRTM 30m DEM
Himachal Pradesh,Shimla,20,Northwest Himalayas,Quartzite,2140.0,36.0,263.9,12.68,5.45,2.3,99.0,0.49,82.9,245.2,974.0,1.0,1,ISRO NRSC Landslide Atlas 2023 & NASA SRTM 30m DEM
Himachal Pradesh,Shimla,20,Northwest Himalayas,Quartzite,2387.0,41.0,157.4,14.64,4.58,3.8,25.5,0.66,0.4,2.3,5.4,0.7705,1,ISRO NRSC Landslide Atlas 2023 & NASA SRTM 30m DEM
Himachal Pradesh,Shimla,20,Northwest Himalayas,Quartzite,1894.0,33.1,350.3,10.69,4.56,2.3,53.5,0.82,37.4,111.5,225.3,0.9982,1,ISRO NRSC Landslide Atlas 2023 & NASA SRTM 30m DEM
Himachal Pradesh,Shimla,20,Northwest Himalayas,Quartzite,2362.0,36.7,228.2,14.3,5.13,1.8,83.0,0.41,21.7,91.9,377.8,0.9997,1,ISRO NRSC Landslide Atlas 2023 & NASA SRTM 30m DEM
Himachal Pradesh,Shimla,20,Northwest Himalayas,Quartzite,2002.0,52.2,75.2,19.5,4.37,3.5,34.3,0.8,3.9,25.7,77.5,0.9881,1,ISRO NRSC Landslide Atlas 2023 & NASA SRTM 30m DEM
Himachal Pradesh,Shimla,20,Northwest Himalayas,Quartzite,2347.0,34.1,146.7,9.35,4.38,2.1,40.3,0.82,10.9,41.0,120.7,0.8736,1,ISRO NRSC Landslide Atlas 2023 & NASA SRTM 30m DEM
Himachal Pradesh,Shimla,20,Northwest Himalayas,Quartzite,2032.0,26.5,112.2,8.91,5.41,2.2,37.7,0.63,9.8,28.3,113.2,0.7231,1,ISRO NRSC Landslide Atlas 2023 & NASA SRTM 30m DEM
Himachal Pradesh,Shimla,20,Northwest Himalayas,Quartzite,1848.0,42.1,133.8,14.5,5.52,1.3,21.3,0.28,0.9,2.8,6.6,0.8694,1,ISRO NRSC Landslide Atlas 2023 & NASA SRTM 30m DEM
Himachal Pradesh,Shimla,20,Northwest Himalayas,Quartzite,2241.0,39.0,177.1,13.02,5.27,2.9,55.4,0.47,25.2,114.5,268.5,0.9995,1,ISRO NRSC Landslide Atlas 2023 & NASA SRTM 30m DEM
Himachal Pradesh,Shimla,20,Northwest Himalayas,Quartzite,2232.0,37.2,111.1,12.97,3.62,2.7,93.9,0.43,25.7,132.0,470.7,0.9999,1,ISRO NRSC Landslide Atlas 2023 & NASA SRTM 30m DEM
Himachal Pradesh,Shimla,20,Northwest Himalayas,Quartzite,2231.0,33.5,203.8,11.88,4.75,3.7,68.6,0.3,30.1,93.3,318.2,0.9993,1,ISRO NRSC Landslide Atlas 2023 & NASA SRTM 30m DEM
Himachal Pradesh,Shimla,20,Northwest Himalayas,Quartzite,2224.0,33.3,334.3,12.05,6.34,0.8,40.2,0.44,9.0,51.0,121.5,0.9638,1,ISRO NRSC Landslide Atlas 2023 & NASA SRTM 30m DEM
Himachal Pradesh,Shimla,20,Northwest Himalayas,Quartzite,1973.0,38.0,46.1,15.0,4.94,2.3,51.5,0.35,16.7,58.7,167.7,0.9954,1,ISRO NRSC Landslide Atlas 2023 & NASA SRTM 30m DEM
Himachal Pradesh,Shimla,20,Northwest Himalayas,Quartzite,2115.0,36.5,296.0,11.82,4.35,1.7,33.6,0.26,1.7,5.0,15.1,0.7641,1,ISRO NRSC Landslide Atlas 2023 & NASA SRTM 30m DEM
Himachal Pradesh,Shimla,20,Northwest Himalayas,Quartzite,1954.0,34.3,275.9,11.75,3.81,2.5,99.0,0.5,46.2,237.1,719.3,1.0,1,ISRO NRSC Landslide Atlas 2023 & NASA SRTM 30m DEM
Himachal Pradesh,Shimla,20,Northwest Himalayas,Quartzite,2142.0,34.8,328.8,12.65,4.77,2.9,22.3,0.38,1.8,9.4,39.4,0.7416,1,ISRO NRSC Landslide Atlas 2023 & NASA SRTM 30m DEM
Himachal Pradesh,Shimla,20,Northwest Himalayas,Quartzite,2325.0,39.1,36.4,13.88,4.4,3.3,99.0,0.79,23.7,143.9,592.4,1.0,1,ISRO NRSC Landslide Atlas 2023 & NASA SRTM 30m DEM
Himachal Pradesh,Shimla,20,Northwest Himalayas,Quartzite,2009.0,41.2,183.1,14.94,4.44,3.0,26.4,0.52,3.0,11.2,43.7,0.8901,1,ISRO NRSC Landslide Atlas 2023 & NASA SRTM 30m DEM
Himachal Pradesh,Shimla,20,Northwest Himalayas,Quartzite,2199.0,39.8,109.1,13.56,4.64,3.1,45.4,0.27,9.1,55.9,158.6,0.9912,1,ISRO NRSC Landslide Atlas 2023 & NASA SRTM 30m DEM
Himachal Pradesh,Shimla,20,Northwest Himalayas,Quartzite,2067.0,37.8,265.5,14.54,5.6,2.4,23.4,0.58,4.6,13.3,27.2,0.8456,1,ISRO NRSC Landslide Atlas 2023 & NASA SRTM 30m DEM
Himachal Pradesh,Shimla,20,Northwest Himalayas,Quartzite,1986.0,41.7,268.5,13.93,3.82,2.0,49.5,0.48,31.6,92.2,200.1,0.9992,1,ISRO NRSC Landslide Atlas 2023 & NASA SRTM 30m DEM
Himachal Pradesh,Shimla,20,Northwest Himalayas,Quartzite,2155.0,33.2,296.5,12.39,5.05,3.1,40.6,0.31,5.6,26.2,110.6,0.9203,1,ISRO NRSC Landslide Atlas 2023 & NASA SRTM 30m DEM
Himachal Pradesh,Shimla,20,Northwest Himalayas,Quartzite,2544.0,36.4,56.1,11.62,4.26,3.9,41.2,0.48,16.8,53.0,128.8,0.9769,1,ISRO NRSC Landslide Atlas 2023 & NASA SRTM 30m DEM
Himachal Pradesh,Shimla,20,Northwest Himalayas,Quartzite,2211.0,27.3,172.6,10.0,5.02,2.9,19.3,0.48,0.6,2.1,6.5,0.3088,0,ISRO NRSC Landslide Atlas 2023 & NASA SRTM 30m DEM
Himachal Pradesh,Shimla,20,Northwest Himalayas,Quartzite,2344.0,38.0,103.0,14.41,5.46,2.7,65.3,0.27,32.8,114.7,292.8,0.9999,1,ISRO NRSC Landslide Atlas 2023 & NASA SRTM 30m DEM
Himachal Pradesh,Shimla,20,Northwest Himalayas,Quartzite,2221.0,31.7,242.2,12.26,5.18,2.4,40.2,0.82,7.9,23.6,62.8,0.7889,1,ISRO NRSC Landslide Atlas 2023 & NASA SRTM 30m DEM
Himachal Pradesh,Shimla,20,Northwest Himalayas,Quartzite,2333.0,47.6,314.7,16.8,3.5,2.8,27.1,0.65,5.9,22.1,44.3,0.9628,1,ISRO NRSC Landslide Atlas 2023 & NASA SRTM 30m DEM
Himachal Pradesh,Shimla,20,Northwest Himalayas,Quartzite,2116.0,29.3,9.5,11.4,5.31,3.6,57.6,0.29,18.7,69.1,279.3,0.9942,1,ISRO NRSC Landslide Atlas 2023 & NASA SRTM 30m DEM
Himachal Pradesh,Shimla,20,Northwest Himalayas,Quartzite,2131.0,33.6,194.4,11.52,4.72,3.5,92.5,0.73,29.3,158.6,520.8,1.0,1,ISRO NRSC Landslide Atlas 2023 & NASA SRTM 30m DEM
Himachal Pradesh,Shimla,20,Northwest Himalayas,Quartzite,2478.0,33.8,11.9,11.84,5.69,2.3,40.3,0.56,11.5,62.3,129.0,0.972,1,ISRO NRSC Landslide Atlas 2023 & NASA SRTM 30m DEM
Himachal Pradesh,Shimla,20,Northwest Himalayas,Quartzite,2053.0,38.6,265.5,12.42,5.02,2.0,25.2,0.29,1.5,9.0,39.2,0.8297,1,ISRO NRSC Landslide Atlas 2023 & NASA SRTM 30m DEM
Himachal Pradesh,Shimla,20,Northwest Himalayas,Quartzite,2353.0,31.6,347.0,11.55,4.35,2.0,76.5,0.83,30.2,163.6,400.7,0.9999,1,ISRO NRSC Landslide Atlas 2023 & NASA SRTM 30m DEM
Himachal Pradesh,Shimla,20,Northwest Himalayas,Quartzite,2288.0,31.0,145.3,12.2,4.42,2.7,20.0,0.7,0.2,0.7,2.0,0.3794,0,ISRO NRSC Landslide Atlas 2023 & NASA SRTM 30m DEM
Himachal Pradesh,Shimla,20,Northwest Himalayas,Quartzite,2155.0,40.6,355.9,13.5,4.41,2.5,16.0,0.44,0.8,2.4,10.6,0.7526,1,ISRO NRSC Landslide Atlas 2023 & NASA SRTM 30m DEM
Himachal Pradesh,Shimla,20,Northwest Himalayas,Quartzite,2009.0,35.7,36.2,12.8,4.87,2.9,41.6,0.27,5.8,31.8,107.6,0.9518,1,ISRO NRSC Landslide Atlas 2023 & NASA SRTM 30m DEM
Himachal Pradesh,Shimla,20,Northwest Himalayas,Quartzite,2037.0,27.4,357.8,9.66,5.04,2.3,40.3,0.69,15.3,52.1,151.4,0.9078,1,ISRO NRSC Landslide Atlas 2023 & NASA SRTM 30m DEM
Himachal Pradesh,Shimla,20,Northwest Himalayas,Quartzite,2071.0,27.0,319.4,8.82,5.69,2.1,99.0,0.58,46.9,270.3,823.3,1.0,1,ISRO NRSC Landslide Atlas 2023 & NASA SRTM 30m DEM
Himachal Pradesh,Shimla,20,Northwest Himalayas,Quartzite,2482.0,37.4,85.0,14.69,4.14,3.8,53.5,0.72,17.4,71.3,232.5,0.9957,1,ISRO NRSC Landslide Atlas 2023 & NASA SRTM 30m DEM
Himachal Pradesh,Shimla,20,Northwest Himalayas,Quartzite,2066.0,26.9,9.1,9.7,5.4,2.9,48.5,0.42,10.9,44.5,198.6,0.9357,1,ISRO NRSC Landslide Atlas 2023 & NASA SRTM 30m DEM
Himachal Pradesh,Shimla,20,Northwest Himalayas,Quartzite,2216.0,36.0,126.0,11.39,5.16,2.6,46.5,0.63,21.3,72.9,154.9,0.9901,1,ISRO NRSC Landslide Atlas 2023 & NASA SRTM 30m DEM
Himachal Pradesh,Shimla,20,Northwest Himalayas,Quartzite,2127.0,41.6,335.0,14.73,4.06,2.3,45.2,0.75,8.6,40.3,134.7,0.9772,1,ISRO NRSC Landslide Atlas 2023 & NASA SRTM 30m DEM
Himachal Pradesh,Shimla,20,Northwest Himalayas,Quartzite,1966.0,39.8,228.3,13.76,5.22,3.3,16.4,0.65,1.4,5.5,21.8,0.7421,1,ISRO NRSC Landslide Atlas 2023 & NASA SRTM 30m DEM
Himachal Pradesh,Shimla,20,Northwest Himalayas,Quartzite,2237.0,35.5,286.4,10.48,5.33,1.0,46.1,0.78,8.1,43.4,168.5,0.9405,1,ISRO NRSC Landslide Atlas 2023 & NASA SRTM 30m DEM
Himachal Pradesh,Shimla,20,Northwest Himalayas,Quartzite,2140.0,35.4,146.7,13.84,4.74,3.2,52.0,0.34,13.1,46.8,207.3,0.9901,1,ISRO NRSC Landslide Atlas 2023 & NASA SRTM 30m DEM
Himachal Pradesh,Shimla,20,Northwest Himalayas,Quartzite,2289.0,36.7,205.6,12.62,5.29,1.9,15.0,0.84,1.7,8.2,28.1,0.5932,1,ISRO NRSC Landslide Atlas 2023 & NASA SRTM 30m DEM
Himachal Pradesh,Shimla,20,Northwest Himalayas,Quartzite,2033.0,39.3,239.3,13.91,5.17,1.9,46.5,0.76,14.0,53.4,134.8,0.9846,1,ISRO NRSC Landslide Atlas 2023 & NASA SRTM 30m DEM
Himachal Pradesh,Shimla,20,Northwest Himalayas,Quartzite,2292.0,31.9,116.6,9.38,4.84,1.2,26.4,0.58,2.1,13.2,52.9,0.5476,1,ISRO NRSC Landslide Atlas 2023 & NASA SRTM 30m DEM
Himachal Pradesh,Shimla,20,Northwest Himalayas,Quartzite,2398.0,40.9,305.5,13.62,4.16,3.0,57.3,0.82,18.4,57.7,238.9,0.9947,1,ISRO NRSC Landslide Atlas 2023 & NASA SRTM 30m DEM
Himachal Pradesh,Shimla,20,Northwest Himalayas,Quartzite,2458.0,36.0,43.3,12.07,4.8,3.5,24.4,0.37,1.0,4.1,10.0,0.6844,1,ISRO NRSC Landslide Atlas 2023 & NASA SRTM 30m DEM
Himachal Pradesh,Shimla,20,Northwest Himalayas,Quartzite,1993.0,33.8,45.7,10.78,4.38,2.4,39.0,0.4,17.8,56.3,177.2,0.9789,1,ISRO NRSC Landslide Atlas 2023 & NASA SRTM 30m DEM
Himachal Pradesh,Shimla,20,Northwest Himalayas,Quartzite,2025.0,37.7,224.3,11.9,4.86,1.3,43.1,0.27,14.2,69.1,148.7,0.9916,1,ISRO NRSC Landslide Atlas 2023 & NASA SRTM 30m DEM
Himachal Pradesh,Shimla,20,Northwest Himalayas,Quartzite,2390.0,39.8,247.0,12.44,5.39,3.5,32.7,0.58,1.1,5.8,14.9,0.776,1,ISRO NRSC Landslide Atlas 2023 & NASA SRTM 30m DEM
Himachal Pradesh,Shimla,20,Northwest Himalayas,Quartzite,2117.0,41.4,159.0,13.88,5.67,3.3,17.9,0.84,0.1,0.5,1.7,0.6736,1,ISRO NRSC Landslide Atlas 2023 & NASA SRTM 30m DEM
Himachal Pradesh,Shimla,20,Northwest Himalayas,Quartzite,2180.0,40.3,3.5,14.53,4.86,2.7,27.6,0.65,10.8,40.9,114.0,0.9693,1,ISRO NRSC Landslide Atlas 2023 & NASA SRTM 30m DEM
Himachal Pradesh,Shimla,20,Northwest Himalayas,Quartzite,2119.0,38.8,255.6,13.37,5.68,2.2,36.3,0.6,9.6,34.1,76.1,0.9513,1,ISRO NRSC Landslide Atlas 2023 & NASA SRTM 30m DEM
Himachal Pradesh,Shimla,20,Northwest Himalayas,Quartzite,2269.0,39.7,228.2,13.09,5.23,3.2,43.2,0.8,22.7,78.8,208.0,0.996,1,ISRO NRSC Landslide Atlas 2023 & NASA SRTM 30m DEM
Himachal Pradesh,Shimla,20,Northwest Himalayas,Quartzite,2244.0,42.2,327.4,15.13,3.79,2.0,43.1,0.62,8.6,29.4,125.4,0.9744,1,ISRO NRSC Landslide Atlas 2023 & NASA SRTM 30m DEM
Himachal Pradesh,Shimla,20,Northwest Himalayas,Quartzite,2431.0,37.2,90.7,12.56,4.87,1.4,26.3,0.24,4.1,13.4,28.3,0.8508,1,ISRO NRSC Landslide Atlas 2023 & NASA SRTM 30m DEM
Himachal Pradesh,Shimla,20,Northwest Himalayas,Quartzite,1932.0,45.3,25.7,15.55,3.64,3.2,81.5,0.43,30.6,142.7,385.7,1.0,1,ISRO NRSC Landslide Atlas 2023 & NASA SRTM 30m DEM
Himachal Pradesh,Shimla,20,Northwest Himalayas,Quartzite,2167.0,33.2,306.9,11.34,4.47,3.0,31.8,0.69,4.4,14.5,56.9,0.6824,1,ISRO NRSC Landslide Atlas 2023 & NASA SRTM 30m DEM
Himachal Pradesh,Shimla,20,Northwest Himalayas,Quartzite,2144.0,30.4,265.7,8.04,5.03,1.8,27.3,0.62,0.9,4.4,12.7,0.3193,0,ISRO NRSC Landslide Atlas 2023 & NASA SRTM 30m DEM
Himachal Pradesh,Shimla,20,Northwest Himalayas,Quartzite,2355.0,31.3,152.8,11.46,5.38,3.1,20.1,0.72,1.7,4.9,20.2,0.4455,0,ISRO NRSC Landslide Atlas 2023 & NASA SRTM 30m DEM
Himachal Pradesh,Shimla,20,Northwest Himalayas,Quartzite,2357.0,29.0,155.9,10.38,5.07,0.9,25.7,0.77,2.4,11.8,35.7,0.4242,0,ISRO NRSC Landslide Atlas 2023 & NASA SRTM 30m DEM
Himachal Pradesh,Shimla,20,Northwest Himalayas,Quartzite,2098.0,29.7,51.3,10.6,5.08,1.8,63.2,0.67,22.7,148.9,310.5,0.9993,1,ISRO NRSC Landslide Atlas 2023 & NASA SRTM 30m DEM
Himachal Pradesh,Shimla,20,Northwest Himalayas,Quartzite,2282.0,46.1,303.2,17.18,4.83,2.9,26.7,0.24,6.4,27.7,97.8,0.9876,1,ISRO NRSC Landslide Atlas 2023 & NASA SRTM 30m DEM
Himachal Pradesh,Shimla,20,Northwest Himalayas,Quartzite,2274.0,39.7,317.1,14.07,3.96,3.3,68.6,0.5,16.1,104.7,287.2,0.9994,1,ISRO NRSC Landslide Atlas 2023 & NASA SRTM 30m DEM
Himachal Pradesh,Shimla,20,Northwest Himalayas,Quartzite,2078.0,38.4,111.8,13.54,4.42,3.5,99.0,0.46,53.6,174.8,688.7,1.0,1,ISRO NRSC Landslide Atlas 2023 & NASA SRTM 30m DEM
Himachal Pradesh,Shimla,20,Northwest Himalayas,Quartzite,2393.0,30.4,275.6,10.35,5.73,1.7,30.7,0.68,1.2,6.0,13.6,0.4461,0,ISRO NRSC Landslide Atlas 2023 & NASA SRTM 30m DEM
Himachal Pradesh,Shimla,20,Northwest Himalayas,Quartzite,2098.0,30.9,103.6,10.5,4.81,3.3,23.2,0.64,6.5,19.4,58.0,0.6364,1,ISRO NRSC Landslide Atlas 2023 & NASA SRTM 30m DEM
Himachal Pradesh,Shimla,20,Northwest Himalayas,Quartzite,2055.0,42.9,107.3,15.42,3.83,1.9,54.6,0.28,28.9,110.6,250.5,0.9998,1,ISRO NRSC Landslide Atlas 2023 & NASA SRTM 30m DEM
Himachal Pradesh,Shimla,20,Northwest Himalayas,Quartzite,2217.0,25.0,239.1,8.72,5.46,2.1,42.5,0.5,8.8,45.6,201.0,0.8824,1,ISRO NRSC Landslide Atlas 2023 & NASA SRTM 30m DEM
Himachal Pradesh,Shimla,20,Northwest Himalayas,Quartzite,2308.0,43.9,193.6,14.6,4.72,2.8,15.9,0.6,1.3,4.5,12.4,0.823,1,ISRO NRSC Landslide Atlas 2023 & NASA SRTM 30m DEM
Himachal Pradesh,Shimla,20,Northwest Himalayas,Quartzite,2301.0,39.5,13.1,14.34,5.58,2.5,99.0,0.75,136.6,546.8,1579.5,1.0,1,ISRO NRSC Landslide Atlas 2023 & NASA SRTM 30m DEM
Himachal Pradesh,Shimla,20,Northwest Himalayas,Quartzite,2138.0,29.0,11.2,10.29,5.4,3.0,49.3,0.49,16.3,48.6,206.3,0.9658,1,ISRO NRSC Landslide Atlas 2023 & NASA SRTM 30m DEM
Himachal Pradesh,Shimla,20,Northwest Himalayas,Quartzite,2345.0,37.5,288.1,12.84,4.25,3.1,48.4,0.73,12.6,48.8,122.6,0.9708,1,ISRO NRSC Landslide Atlas 2023 & NASA SRTM 30m DEM
Himachal Pradesh,Shimla,20,Northwest Himalayas,Quartzite,1996.0,39.0,226.1,12.96,4.73,1.4,99.0,0.57,58.4,291.4,890.6,1.0,1,ISRO NRSC Landslide Atlas 2023 & NASA SRTM 30m DEM
Himachal Pradesh,Shimla,20,Northwest Himalayas,Quartzite,2410.0,36.0,162.8,13.47,4.98,3.8,68.7,0.68,26.3,142.0,297.0,0.9998,1,ISRO NRSC Landslide Atlas 2023 & NASA SRTM 30m DEM
Himachal Pradesh,Shimla,20,Northwest Himalayas,Quartzite,2390.0,33.5,336.7,10.6,5.77,2.9,28.9,0.36,2.6,8.2,31.7,0.6894,1,ISRO NRSC Landslide Atlas 2023 & NASA SRTM 30m DEM
Himachal Pradesh,Shimla,20,Northwest Himalayas,Quartzite,2107.0,38.6,153.2,13.81,5.49,2.7,32.6,0.84,3.2,17.1,62.1,0.8458,1,ISRO NRSC Landslide Atlas 2023 & NASA SRTM 30m DEM
Himachal Pradesh,Shimla,20,Northwest Himalayas,Quartzite,2139.0,36.4,96.8,14.11,4.78,2.1,25.7,0.32,6.6,31.4,88.4,0.9418,1,ISRO NRSC Landslide Atlas 2023 & NASA SRTM 30m DEM
Himachal Pradesh,Shimla,20,Northwest Himalayas,Quartzite,2132.0,32.5,170.9,11.67,5.47,2.6,88.3,0.66,26.7,155.4,451.0,0.9999,1,ISRO NRSC Landslide Atlas 2023 & NASA SRTM 30m DEM
Himachal Pradesh,Shimla,20,Northwest Himalayas,Quartzite,2017.0,35.7,1.2,11.86,4.74,1.9,28.3,0.73,4.1,12.1,46.7,0.7032,1,ISRO NRSC Landslide Atlas 2023 & NASA SRTM 30m DEM
Himachal Pradesh,Shimla,20,Northwest Himalayas,Quartzite,2469.0,36.8,85.2,11.1,5.24,2.4,51.8,0.8,18.7,79.2,250.6,0.994,1,ISRO NRSC Landslide Atlas 2023 & NASA SRTM 30m DEM
Himachal Pradesh,Shimla,20,Northwest Himalayas,Quartzite,2101.0,42.7,118.5,14.99,4.71,2.4,28.0,0.69,0.4,2.6,11.2,0.819,1,ISRO NRSC Landslide Atlas 2023 & NASA SRTM 30m DEM
Himachal Pradesh,Shimla,20,Northwest Himalayas,Quartzite,2159.0,39.7,281.7,14.96,5.31,1.8,18.9,0.71,2.8,11.2,30.4,0.8206,1,ISRO NRSC Landslide Atlas 2023 & NASA SRTM 30m DEM
Himachal Pradesh,Shimla,20,Northwest Himalayas,Quartzite,2282.0,38.1,326.6,13.09,5.3,3.0,61.5,0.23,38.4,135.0,309.2,0.9999,1,ISRO NRSC Landslide Atlas 2023 & NASA SRTM 30m DEM
Himachal Pradesh,Shimla,20,Northwest Himalayas,Quartzite,2190.0,38.1,27.9,14.06,5.18,1.9,32.7,0.69,12.7,41.8,87.2,0.961,1,ISRO NRSC Landslide Atlas 2023 & NASA SRTM 30m DEM
Himachal Pradesh,Shimla,20,Northwest Himalayas,Quartzite,2250.0,38.6,43.8,15.17,5.23,1.7,52.7,0.43,24.1,69.5,209.7,0.9982,1,ISRO NRSC Landslide Atlas 2023 & NASA SRTM 30m DEM
Himachal Pradesh,Shimla,20,Northwest Himalayas,Quartzite,1956.0,40.8,253.2,13.07,5.13,1.6,99.0,0.63,51.5,222.4,836.7,1.0,1,ISRO NRSC Landslide Atlas 2023 & NASA SRTM 30m DEM
Himachal Pradesh,Shimla,20,Northwest Himalayas,Quartzite,2219.0,43.1,30.8,15.57,4.77,2.9,32.3,0.2,6.7,33.4,98.2,0.9844,1,ISRO NRSC Landslide Atlas 2023 & NASA SRTM 30m DEM
Himachal Pradesh,Shimla,20,Northwest Himalayas,Quartzite,2266.0,34.9,126.5,13.05,5.3,1.8,21.6,0.71,0.8,2.8,9.9,0.5742,1,ISRO NRSC Landslide Atlas 2023 & NASA SRTM 30m DEM
Himachal Pradesh,Shimla,20,Northwest Himalayas,Quartzite,2401.0,35.2,48.7,13.14,4.39,3.1,27.4,0.54,0.5,2.6,11.7,0.6467,1,ISRO NRSC Landslide Atlas 2023 & NASA SRTM 30m DEM
Himachal Pradesh,Shimla,20,Northwest Himalayas,Quartzite,2153.0,48.5,231.8,16.41,4.39,1.3,32.5,0.2,7.1,38.5,109.5,0.9935,1,ISRO NRSC Landslide Atlas 2023 & NASA SRTM 30m DEM
Himachal Pradesh,Shimla,20,Northwest Himalayas,Quartzite,2154.0,39.4,203.4,15.38,4.49,2.8,35.9,0.84,5.1,31.9,72.9,0.9312,1,ISRO NRSC Landslide Atlas 2023 & NASA SRTM 30m DEM
Himachal Pradesh,Shimla,20,Northwest Himalayas,Quartzite,2051.0,33.6,30.7,12.98,4.72,1.4,36.8,0.3,5.6,23.7,64.8,0.8963,1,ISRO NRSC Landslide Atlas 2023 & NASA SRTM 30m DEM
Himachal Pradesh,Shimla,20,Northwest Himalayas,Quartzite,1876.0,35.3,254.9,12.54,5.58,2.1,84.4,0.72,26.2,101.1,441.2,0.9997,1,ISRO NRSC Landslide Atlas 2023 & NASA SRTM 30m DEM
Himachal Pradesh,Shimla,20,Northwest Himalayas,Quartzite,2195.0,45.6,333.9,17.12,3.71,2.4,43.0,0.67,10.0,35.5,127.2,0.9891,1,ISRO NRSC Landslide Atlas 2023 & NASA SRTM 30m DEM
Himachal Pradesh,Shimla,20,Northwest Himalayas,Quartzite,2740.0,25.7,152.4,9.11,5.74,2.2,23.4,0.23,2.4,8.8,34.1,0.4593,0,ISRO NRSC Landslide Atlas 2023 & NASA SRTM 30m DEM
Himachal Pradesh,Shimla,20,Northwest Himalayas,Quartzite,2235.0,41.2,351.6,13.88,3.95,3.4,51.3,0.54,7.8,45.9,149.5,0.9851,1,ISRO NRSC Landslide Atlas 2023 & NASA SRTM 30m DEM
Himachal Pradesh,Shimla,20,Northwest Himalayas,Quartzite,2111.0,35.6,30.5,13.06,5.38,2.5,99.0,0.82,62.3,190.0,749.1,1.0,1,ISRO NRSC Landslide Atlas 2023 & NASA SRTM 30m DEM
Himachal Pradesh,Shimla,20,Northwest Himalayas,Quartzite,2070.0,28.7,293.3,10.73,5.22,2.7,83.7,0.2,47.3,140.5,475.1,1.0,1,ISRO NRSC Landslide Atlas 2023 & NASA SRTM 30m DEM
Himachal Pradesh,Shimla,20,Northwest Himalayas,Quartzite,2337.0,33.1,347.6,12.0,4.64,1.8,26.2,0.34,5.2,16.4,56.4,0.7961,1,ISRO NRSC Landslide Atlas 2023 & NASA SRTM 30m DEM
Himachal Pradesh,Shimla,20,Northwest Himalayas,Quartzite,2293.0,38.4,78.7,12.58,4.11,2.0,38.0,0.23,10.1,36.1,89.4,0.966,1,ISRO NRSC Landslide Atlas 2023 & NASA SRTM 30m DEM
Himachal Pradesh,Shimla,20,Northwest Himalayas,Quartzite,2221.0,35.1,313.8,12.59,5.17,2.2,36.2,0.46,9.1,26.1,102.5,0.9243,1,ISRO NRSC Landslide Atlas 2023 & NASA SRTM 30m DEM
Himachal Pradesh,Shimla,20,Northwest Himalayas,Quartzite,2304.0,38.4,227.0,13.7,5.18,1.9,40.0,0.75,4.3,21.0,89.4,0.9037,1,ISRO NRSC Landslide Atlas 2023 & NASA SRTM 30m DEM
Himachal Pradesh,Shimla,20,Northwest Himalayas,Quartzite,2246.0,38.2,349.4,14.35,5.31,2.7,93.1,0.59,29.1,114.8,465.8,0.9999,1,ISRO NRSC Landslide Atlas 2023 & NASA SRTM 30m DEM
Himachal Pradesh,Shimla,20,Northwest Himalayas,Quartzite,2349.0,39.1,127.3,13.79,5.82,3.7,26.6,0.78,6.8,24.8,51.0,0.8887,1,ISRO NRSC Landslide Atlas 2023 & NASA SRTM 30m DEM
Himachal Pradesh,Shimla,20,Northwest Himalayas,Quartzite,2355.0,38.9,2.5,11.03,4.28,3.7,47.7,0.57,16.9,54.5,129.1,0.9811,1,ISRO NRSC Landslide Atlas 2023 & NASA SRTM 30m DEM
Himachal Pradesh,Shimla,20,Northwest Himalayas,Quartzite,1965.0,33.5,65.9,13.74,5.2,1.6,99.0,0.77,23.3,154.3,597.5,1.0,1,ISRO NRSC Landslide Atlas 2023 & NASA SRTM 30m DEM
Himachal Pradesh,Shimla,20,Northwest Himalayas,Quartzite,2076.0,28.9,37.5,11.06,4.94,1.7,55.6,0.77,14.0,60.4,269.3,0.9767,1,ISRO NRSC Landslide Atlas 2023 & NASA SRTM 30m DEM
Himachal Pradesh,Shimla,20,Northwest Himalayas,Quartzite,2179.0,42.4,268.4,14.28,4.67,2.2,26.3,0.84,1.0,5.3,19.0,0.7772,1,ISRO NRSC Landslide Atlas 2023 & NASA SRTM 30m DEM
Himachal Pradesh,Shimla,20,Northwest Himalayas,Quartzite,2410.0,20.4,66.0,5.4,6.01,2.7,20.8,0.84,1.0,5.3,14.7,0.0734,0,ISRO NRSC Landslide Atlas 2023 & NASA SRTM 30m DEM
Himachal Pradesh,Shimla,20,Northwest Himalayas,Quartzite,2086.0,36.5,304.1,13.2,4.21,2.5,22.3,0.82,0.6,3.2,12.3,0.5602,1,ISRO NRSC Landslide Atlas 2023 & NASA SRTM 30m DEM
Himachal Pradesh,Shimla,20,Northwest Himalayas,Quartzite,2113.0,40.9,309.6,13.41,4.34,3.6,41.3,0.71,12.7,41.3,163.9,0.9793,1,ISRO NRSC Landslide Atlas 2023 & NASA SRTM 30m DEM
Himachal Pradesh,Shimla,20,Northwest Himalayas,Quartzite,2153.0,41.0,79.3,15.19,5.58,1.5,99.0,0.68,67.8,209.9,588.0,1.0,1,ISRO NRSC Landslide Atlas 2023 & NASA SRTM 30m DEM
Himachal Pradesh,Shimla,20,Northwest Himalayas,Quartzite,2260.0,22.6,250.2,7.33,5.22,3.8,62.4,0.23,32.7,96.7,256.9,0.995,1,ISRO NRSC Landslide Atlas 2023 & NASA SRTM 30m DEM
Himachal Pradesh,Shimla,20,Northwest Himalayas,Quartzite,2247.0,40.3,146.1,13.61,5.54,2.1,99.0,0.81,32.3,142.2,570.3,1.0,1,ISRO NRSC Landslide Atlas 2023 & NASA SRTM 30m DEM
Himachal Pradesh,Shimla,20,Northwest Himalayas,Quartzite,2063.0,38.1,243.3,13.4,4.58,3.4,27.4,0.68,2.5,10.8,32.0,0.7706,1,ISRO NRSC Landslide Atlas 2023 & NASA SRTM 30m DEM
Himachal Pradesh,Shimla,20,Northwest Himalayas,Quartzite,2310.0,37.2,128.1,15.0,4.23,0.8,33.6,0.68,4.6,19.3,53.0,0.8776,1,ISRO NRSC Landslide Atlas 2023 & NASA SRTM 30m DEM
Himachal Pradesh,Shimla,20,Northwest Himalayas,Quartzite,2129.0,39.6,209.4,13.45,5.06,1.5,36.2,0.77,5.7,17.9,70.9,0.8876,1,ISRO NRSC Landslide Atlas 2023 & NASA SRTM 30m DEM
Himachal Pradesh,Shimla,20,Northwest Himalayas,Quartzite,2221.0,32.3,64.8,10.9,4.39,1.8,52.8,0.27,14.3,46.0,168.8,0.9752,1,ISRO NRSC Landslide Atlas 2023 & NASA SRTM 30m DEM
Himachal Pradesh,Shimla,20,Northwest Himalayas,Quartzite,2222.0,37.4,284.8,11.05,4.96,1.3,99.0,0.55,34.9,164.2,558.5,1.0,1,ISRO NRSC Landslide Atlas 2023 & NASA SRTM 30m DEM
Himachal Pradesh,Shimla,20,Northwest Himalayas,Quartzite,2078.0,26.4,75.3,9.39,5.9,2.4,24.6,0.77,5.0,17.9,41.8,0.4163,0,ISRO NRSC Landslide Atlas 2023 & NASA SRTM 30m DEM
Himachal Pradesh,Shimla,20,Northwest Himalayas,Quartzite,2058.0,32.2,36.0,10.53,5.81,2.9,49.6,0.65,27.9,102.7,256.1,0.9974,1,ISRO NRSC Landslide Atlas 2023 & NASA SRTM 30m DEM
Himachal Pradesh,Shimla,20,Northwest Himalayas,Quartzite,2054.0,42.6,346.7,15.41,3.82,3.5,45.5,0.37,7.8,50.0,174.2,0.9931,1,ISRO NRSC Landslide Atlas 2023 & NASA SRTM 30m DEM
Himachal Pradesh,Shimla,20,Northwest Himalayas,Quartzite,2079.0,29.1,152.1,10.24,5.71,3.1,21.5,0.31,0.2,0.9,3.3,0.4276,0,ISRO NRSC Landslide Atlas 2023 & NASA SRTM 30m DEM
Himachal Pradesh,Shimla,20,Northwest Himalayas,Quartzite,2170.0,41.7,339.6,14.12,5.69,1.1,34.4,0.7,4.5,15.5,56.9,0.9103,1,ISRO NRSC Landslide Atlas 2023 & NASA SRTM 30m DEM
Himachal Pradesh,Shimla,20,Northwest Himalayas,Quartzite,2133.0,40.9,266.7,13.82,3.68,1.7,25.3,0.5,1.0,6.3,16.5,0.8006,1,ISRO NRSC Landslide Atlas 2023 & NASA SRTM 30m DEM
Himachal Pradesh,Shimla,20,Northwest Himalayas,Quartzite,2164.0,41.0,166.0,14.27,5.32,1.8,33.6,0.24,6.5,19.2,65.5,0.9581,1,ISRO NRSC Landslide Atlas 2023 & NASA SRTM 30m DEM
Himachal Pradesh,Shimla,20,Northwest Himalayas,Quartzite,2310.0,31.7,263.9,11.56,4.13,1.9,36.9,0.26,7.8,34.1,79.9,0.9005,1,ISRO NRSC Landslide Atlas 2023 & NASA SRTM 30m DEM
Himachal Pradesh,Shimla,20,Northwest Himalayas,Quartzite,1934.0,38.3,20.9,15.22,5.18,2.6,73.9,0.47,30.9,185.8,390.4,1.0,1,ISRO NRSC Landslide Atlas 2023 & NASA SRTM 30m DEM
Himachal Pradesh,Shimla,20,Northwest Himalayas,Quartzite,2543.0,30.1,84.5,10.25,5.36,2.7,78.5,0.84,28.9,84.1,354.8,0.9977,1,ISRO NRSC Landslide Atlas 2023 & NASA SRTM 30m DEM
Himachal Pradesh,Shimla,20,Northwest Himalayas,Quartzite,2445.0,29.6,41.6,10.18,4.9,0.9,49.6,0.61,17.9,91.1,224.0,0.9896,1,ISRO NRSC Landslide Atlas 2023 & NASA SRTM 30m DEM
Himachal Pradesh,Shimla,20,Northwest Himalayas,Quartzite,2326.0,30.2,65.5,11.73,5.93,3.5,21.2,0.46,0.4,2.6,10.0,0.4961,0,ISRO NRSC Landslide Atlas 2023 & NASA SRTM 30m DEM
Himachal Pradesh,Shimla,20,Northwest Himalayas,Quartzite,2346.0,27.2,46.6,9.54,5.5,2.6,22.0,0.67,3.6,10.9,37.0,0.3812,0,ISRO NRSC Landslide Atlas 2023 & NASA SRTM 30m DEM
