location,zone_id,ward,rainfall_1h,rainfall_6h,rainfall_24h,previous_rainfall,elevation,slope,drainage_density,built_up_percentage,distance_to_waterbody,historical_flood_frequency,flooded,water_depth_cm,data_source
Fancy Bazaar / Panbazar,ZONE-NE01,Ward 14,55.5,189.4,495.0,259.9,52.29,0.31,1.32,92.4,0.11,19,1,78.3,Northeast India (Brahmaputra River Basin & Assam Telemetry)
Fancy Bazaar / Panbazar,ZONE-NE01,Ward 14,56.2,264.1,394.5,274.1,51.8,0.29,1.36,92.7,0.11,19,1,85.6,Northeast India (Brahmaputra River Basin & Assam Telemetry)
Fancy Bazaar / Panbazar,ZONE-NE01,Ward 14,69.4,213.0,497.3,267.5,51.46,0.37,1.41,92.3,0.09,19,1,79.6,Northeast India (Brahmaputra River Basin & Assam Telemetry)
Fancy Bazaar / Panbazar,ZONE-NE01,Ward 14,73.8,235.3,476.3,252.2,51.86,0.32,1.29,94.6,0.11,19,1,78.6,Northeast India (Brahmaputra River Basin & Assam Telemetry)
Fancy Bazaar / Panbazar,ZONE-NE01,Ward 14,58.0,218.5,487.0,255.7,52.0,0.31,1.55,92.8,0.12,19,1,82.6,Northeast India (Brahmaputra River Basin & Assam Telemetry)
Fancy Bazaar / Panbazar,ZONE-NE01,Ward 14,67.7,191.9,511.8,264.4,51.59,0.3,1.17,92.3,0.1,19,1,83.5,Northeast India (Brahmaputra River Basin & Assam Telemetry)
Fancy Bazaar / Panbazar,ZONE-NE01,Ward 14,61.3,235.7,514.4,255.6,52.07,0.31,1.32,93.5,0.11,19,1,84.7,Northeast India (Brahmaputra River Basin & Assam Telemetry)
Fancy Bazaar / Panbazar,ZONE-NE01,Ward 14,54.9,224.3,440.5,261.4,51.88,0.33,1.43,94.4,0.1,19,1,81.4,Northeast India (Brahmaputra River Basin & Assam Telemetry)
Fancy Bazaar / Panbazar,ZONE-NE01,Ward 14,64.5,189.5,547.5,271.9,51.85,0.4,1.42,94.5,0.13,19,1,85.5,Northeast India (Brahmaputra River Basin & Assam Telemetry)
Fancy Bazaar / Panbazar,ZONE-NE01,Ward 14,54.4,217.0,451.3,270.9,52.22,0.27,1.41,93.6,0.11,19,1,80.6,Northeast India (Brahmaputra River Basin & Assam Telemetry)
Fancy Bazaar / Panbazar,ZONE-NE01,Ward 14,59.9,219.5,476.7,246.4,52.14,0.33,1.37,96.7,0.08,19,1,79.4,Northeast India (Brahmaputra River Basin & Assam Telemetry)
Fancy Bazaar / Panbazar,ZONE-NE01,Ward 14,63.9,241.6,424.0,250.0,51.85,0.31,1.37,94.4,0.08,19,1,84.5,Northeast India (Brahmaputra River Basin & Assam Telemetry)
Fancy Bazaar / Panbazar,ZONE-NE01,Ward 14,65.5,250.6,461.5,263.7,52.19,0.33,1.42,95.6,0.1,19,1,81.2,Northeast India (Brahmaputra River Basin & Assam Telemetry)
Fancy Bazaar / Panbazar,ZONE-NE01,Ward 14,57.2,238.7,460.2,239.7,52.12,0.28,1.32,93.7,0.09,19,1,80.1,Northeast India (Brahmaputra River Basin & Assam Telemetry)
Fancy Bazaar / Panbazar,ZONE-NE01,Ward 14,58.8,216.0,461.7,264.6,52.0,0.32,1.48,93.4,0.09,19,1,84.3,Northeast India (Brahmaputra River Basin & Assam Telemetry)
Fancy Bazaar / Panbazar,ZONE-NE01,Ward 14,60.5,226.0,528.1,267.5,52.48,0.29,1.39,91.8,0.07,19,1,81.4,Northeast India (Brahmaputra River Basin & Assam Telemetry)
Fancy Bazaar / Panbazar,ZONE-NE01,Ward 14,56.9,211.8,494.0,257.7,52.16,0.35,1.34,93.5,0.13,19,1,82.4,Northeast India (Brahmaputra River Basin & Assam Telemetry)
Fancy Bazaar / Panbazar,ZONE-NE01,Ward 14,53.3,258.2,499.2,252.2,52.45,0.29,1.4,96.3,0.04,19,1,83.3,Northeast India (Brahmaputra River Basin & Assam Telemetry)
Fancy Bazaar / Panbazar,ZONE-NE01,Ward 14,49.9,232.3,496.5,273.2,51.66,0.34,1.51,93.4,0.08,19,1,83.4,Northeast India (Brahmaputra River Basin & Assam Telemetry)
Fancy Bazaar / Panbazar,ZONE-NE01,Ward 14,54.4,234.4,502.5,252.7,51.63,0.28,1.52,94.4,0.12,19,1,85.9,Northeast India (Brahmaputra River Basin & Assam Telemetry)
Fancy Bazaar / Panbazar,ZONE-NE01,Ward 14,56.0,217.3,494.7,239.5,51.79,0.21,1.46,95.3,0.13,19,1,79.1,Northeast India (Brahmaputra River Basin & Assam Telemetry)
Fancy Bazaar / Panbazar,ZONE-NE01,Ward 14,46.6,187.0,484.0,257.9,52.15,0.32,1.26,94.6,0.1,19,1,78.7,Northeast India (Brahmaputra River Basin & Assam Telemetry)
Fancy Bazaar / Panbazar,ZONE-NE01,Ward 14,49.4,198.1,471.3,260.5,52.0,0.25,1.42,94.3,0.11,19,1,80.3,Northeast India (Brahmaputra River Basin & Assam Telemetry)
Fancy Bazaar / Panbazar,ZONE-NE01,Ward 14,56.9,250.0,514.7,265.8,52.07,0.32,1.47,94.8,0.12,19,1,80.4,Northeast India (Brahmaputra River Basin & Assam Telemetry)
Fancy Bazaar / Panbazar,ZONE-NE01,Ward 14,59.2,245.4,498.9,250.1,51.78,0.32,1.51,92.5,0.09,19,1,78.8,Northeast India (Brahmaputra River Basin & Assam Telemetry)
Fancy Bazaar / Panbazar,ZONE-NE01,Ward 14,64.1,221.9,471.5,275.3,51.95,0.35,1.51,95.8,0.09,19,1,84.8,Northeast India (Brahmaputra River Basin & Assam Telemetry)
Fancy Bazaar / Panbazar,ZONE-NE01,Ward 14,62.6,227.1,548.1,259.5,51.96,0.29,1.43,94.1,0.06,19,1,80.5,Northeast India (Brahmaputra River Basin & Assam Telemetry)
Fancy Bazaar / Panbazar,ZONE-NE01,Ward 14,64.7,209.3,472.5,257.7,51.75,0.34,1.16,92.8,0.15,19,1,83.7,Northeast India (Brahmaputra River Basin & Assam Telemetry)
Fancy Bazaar / Panbazar,ZONE-NE01,Ward 14,65.4,216.3,460.7,242.2,51.99,0.29,1.18,93.1,0.09,19,1,80.7,Northeast India (Brahmaputra River Basin & Assam Telemetry)
Fancy Bazaar / Panbazar,ZONE-NE01,Ward 14,51.5,190.6,499.6,254.2,52.02,0.29,1.43,93.9,0.13,19,1,79.9,Northeast India (Brahmaputra River Basin & Assam Telemetry)
Fancy Bazaar / Panbazar,ZONE-NE01,Ward 14,60.9,229.6,403.3,260.5,52.21,0.27,1.4,94.1,0.1,19,1,79.3,Northeast India (Brahmaputra River Basin & Assam Telemetry)
Fancy Bazaar / Panbazar,ZONE-NE01,Ward 14,64.7,268.9,531.5,260.1,51.78,0.33,1.37,95.3,0.11,19,1,85.4,Northeast India (Brahmaputra River Basin & Assam Telemetry)
Fancy Bazaar / Panbazar,ZONE-NE01,Ward 14,55.9,222.4,446.2,252.5,52.2,0.28,1.44,95.2,0.13,19,1,78.3,Northeast India (Brahmaputra River Basin & Assam Telemetry)
Fancy Bazaar / Panbazar,ZONE-NE01,Ward 14,66.7,217.1,469.0,272.6,51.92,0.23,1.34,96.0,0.1,19,1,82.2,Northeast India (Brahmaputra River Basin & Assam Telemetry)
Fancy Bazaar / Panbazar,ZONE-NE01,Ward 14,68.6,234.0,516.0,252.5,51.91,0.39,1.44,95.3,0.1,19,1,79.8,Northeast India (Brahmaputra River Basin & Assam Telemetry)
Fancy Bazaar / Panbazar,ZONE-NE01,Ward 14,69.0,291.8,584.9,306.4,52.28,0.3,1.29,94.4,0.1,19,1,84.0,Northeast India (Brahmaputra River Basin & Assam Telemetry)
Fancy Bazaar / Panbazar,ZONE-NE01,Ward 14,73.3,257.9,475.8,302.1,51.7,0.23,1.37,93.3,0.07,19,1,84.2,Northeast India (Brahmaputra River Basin & Assam Telemetry)
Fancy Bazaar / Panbazar,ZONE-NE01,Ward 14,59.9,271.2,477.6,310.5,52.13,0.27,1.64,94.7,0.08,19,1,81.5,Northeast India (Brahmaputra River Basin & Assam Telemetry)
Fancy Bazaar / Panbazar,ZONE-NE01,Ward 14,68.9,278.4,532.6,314.2,52.31,0.27,1.53,92.5,0.11,19,1,83.6,Northeast India (Brahmaputra River Basin & Assam Telemetry)
Fancy Bazaar / Panbazar,ZONE-NE01,Ward 14,71.7,271.6,552.8,309.6,51.94,0.32,1.27,94.8,0.11,19,1,84.4,Northeast India (Brahmaputra River Basin & Assam Telemetry)
Fancy Bazaar / Panbazar,ZONE-NE01,Ward 14,61.1,241.5,566.5,309.1,51.97,0.27,1.43,94.9,0.1,19,1,85.4,Northeast India (Brahmaputra River Basin & Assam Telemetry)
Fancy Bazaar / Panbazar,ZONE-NE01,Ward 14,69.7,271.9,619.9,327.0,52.0,0.25,1.58,93.6,0.1,19,1,81.3,Northeast India (Brahmaputra River Basin & Assam Telemetry)
Fancy Bazaar / Panbazar,ZONE-NE01,Ward 14,51.1,250.9,627.7,314.7,52.11,0.34,1.38,95.2,0.1,19,1,79.7,Northeast India (Brahmaputra River Basin & Assam Telemetry)
Fancy Bazaar / Panbazar,ZONE-NE01,Ward 14,69.5,260.1,543.0,300.2,52.25,0.36,1.33,94.3,0.11,19,1,84.4,Northeast India (Brahmaputra River Basin & Assam Telemetry)
Fancy Bazaar / Panbazar,ZONE-NE01,Ward 14,77.7,268.5,587.1,313.7,52.03,0.28,1.46,94.1,0.08,19,1,82.5,Northeast India (Brahmaputra River Basin & Assam Telemetry)
Fancy Bazaar / Panbazar,ZONE-NE01,Ward 14,66.2,270.2,496.1,303.5,52.25,0.29,1.17,92.5,0.08,19,1,81.9,Northeast India (Brahmaputra River Basin & Assam Telemetry)
Fancy Bazaar / Panbazar,ZONE-NE01,Ward 14,60.8,213.9,504.8,321.5,52.03,0.36,1.47,93.5,0.13,19,1,81.5,Northeast India (Brahmaputra River Basin & Assam Telemetry)
Fancy Bazaar / Panbazar,ZONE-NE01,Ward 14,70.7,239.7,462.3,299.4,52.06,0.28,1.51,93.7,0.12,19,1,85.3,Northeast India (Brahmaputra River Basin & Assam Telemetry)
Fancy Bazaar / Panbazar,ZONE-NE01,Ward 14,73.2,262.2,510.2,297.4,52.03,0.28,1.54,94.6,0.11,19,1,79.5,Northeast India (Brahmaputra River Basin & Assam Telemetry)
Fancy Bazaar / Panbazar,ZONE-NE01,Ward 14,63.0,251.5,617.3,326.4,51.79,0.35,1.4,94.1,0.12,19,1,84.8,Northeast India (Brahmaputra River Basin & Assam Telemetry)
Fancy Bazaar / Panbazar,ZONE-NE01,Ward 14,63.1,252.6,537.7,307.9,52.28,0.23,1.51,93.6,0.08,19,1,84.4,Northeast India (Brahmaputra River Basin & Assam Telemetry)
Fancy Bazaar / Panbazar,ZONE-NE01,Ward 14,60.9,305.4,526.7,324.4,51.88,0.37,1.27,91.6,0.09,19,1,85.1,Northeast India (Brahmaputra River Basin & Assam Telemetry)
Fancy Bazaar / Panbazar,ZONE-NE01,Ward 14,76.4,264.4,478.2,307.0,51.73,0.25,1.5,94.3,0.08,19,1,79.5,Northeast India (Brahmaputra River Basin & Assam Telemetry)
Fancy Bazaar / Panbazar,ZONE-NE01,Ward 14,68.1,270.2,487.9,313.4,52.48,0.37,1.28,94.1,0.15,19,1,85.2,Northeast India (Brahmaputra River Basin & Assam Telemetry)
Fancy Bazaar / Panbazar,ZONE-NE01,Ward 14,64.4,208.7,497.2,306.6,51.71,0.23,1.33,92.4,0.1,19,1,78.6,Northeast India (Brahmaputra River Basin & Assam Telemetry)
Fancy Bazaar / Panbazar,ZONE-NE01,Ward 14,54.6,228.8,625.1,313.4,51.85,0.29,1.38,93.4,0.09,19,1,84.1,Northeast India (Brahmaputra River Basin & Assam Telemetry)
Fancy Bazaar / Panbazar,ZONE-NE01,Ward 14,50.1,251.8,520.0,318.3,52.3,0.4,1.34,94.8,0.11,19,1,81.5,Northeast India (Brahmaputra River Basin & Assam Telemetry)
Fancy Bazaar / Panbazar,ZONE-NE01,Ward 14,53.2,242.4,536.5,287.1,52.19,0.32,1.52,93.8,0.13,19,1,82.1,Northeast India (Brahmaputra River Basin & Assam Telemetry)
Fancy Bazaar / Panbazar,ZONE-NE01,Ward 14,71.1,250.0,558.9,316.1,51.87,0.26,1.55,94.5,0.12,19,1,82.0,Northeast India (Brahmaputra River Basin & Assam Telemetry)
Fancy Bazaar / Panbazar,ZONE-NE01,Ward 14,74.7,309.4,593.7,307.7,51.84,0.31,1.42,93.8,0.11,19,1,81.5,Northeast India (Brahmaputra River Basin & Assam Telemetry)
Fancy Bazaar / Panbazar,ZONE-NE01,Ward 14,66.5,258.4,519.8,317.3,52.02,0.32,1.7,95.2,0.1,19,1,83.3,Northeast India (Brahmaputra River Basin & Assam Telemetry)
Fancy Bazaar / Panbazar,ZONE-NE01,Ward 14,65.8,261.8,501.8,312.1,51.82,0.27,1.2,92.8,0.12,19,1,80.4,Northeast India (Brahmaputra River Basin & Assam Telemetry)
Fancy Bazaar / Panbazar,ZONE-NE01,Ward 14,68.9,276.3,593.0,288.9,52.29,0.29,1.51,95.9,0.09,19,1,84.8,Northeast India (Brahmaputra River Basin & Assam Telemetry)
Fancy Bazaar / Panbazar,ZONE-NE01,Ward 14,68.6,257.2,481.7,317.9,52.2,0.32,1.54,95.5,0.11,19,1,83.4,Northeast India (Brahmaputra River Basin & Assam Telemetry)
Fancy Bazaar / Panbazar,ZONE-NE01,Ward 14,76.6,275.4,484.7,326.4,52.06,0.37,1.12,95.6,0.11,19,1,83.5,Northeast India (Brahmaputra River Basin & Assam Telemetry)
Fancy Bazaar / Panbazar,ZONE-NE01,Ward 14,65.5,291.9,584.7,300.7,52.18,0.35,1.32,94.1,0.11,19,1,81.0,Northeast India (Brahmaputra River Basin & Assam Telemetry)
Fancy Bazaar / Panbazar,ZONE-NE01,Ward 14,63.1,247.5,545.4,318.2,51.77,0.3,1.55,93.4,0.15,19,1,84.8,Northeast India (Brahmaputra River Basin & Assam Telemetry)
Fancy Bazaar / Panbazar,ZONE-NE01,Ward 14,71.3,204.8,577.5,320.8,52.08,0.37,1.28,91.8,0.1,19,1,85.0,Northeast India (Brahmaputra River Basin & Assam Telemetry)
Fancy Bazaar / Panbazar,ZONE-NE01,Ward 14,64.3,243.8,563.9,309.7,51.98,0.34,1.34,93.7,0.09,19,1,83.7,Northeast India (Brahmaputra River Basin & Assam Telemetry)
Fancy Bazaar / Panbazar,ZONE-NE01,Ward 14,64.6,260.6,537.6,298.4,52.25,0.29,1.6,91.2,0.1,19,1,82.8,Northeast India (Brahmaputra River Basin & Assam Telemetry)
Fancy Bazaar / Panbazar,ZONE-NE01,Ward 14,82.5,356.6,726.5,442.8,52.17,0.36,1.36,94.2,0.07,19,1,82.8,Northeast India (Brahmaputra River Basin & Assam Telemetry)
Fancy Bazaar / Panbazar,ZONE-NE01,Ward 14,83.8,335.9,743.2,447.6,51.97,0.33,1.35,93.8,0.1,19,1,81.4,Northeast India (Brahmaputra River Basin & Assam Telemetry)
Fancy Bazaar / Panbazar,ZONE-NE01,Ward 14,92.5,369.8,726.6,454.2,52.12,0.41,1.5,94.0,0.07,19,1,78.3,Northeast India (Brahmaputra River Basin & Assam Telemetry)
Fancy Bazaar / Panbazar,ZONE-NE01,Ward 14,78.0,373.0,679.8,455.0,51.97,0.33,1.51,95.6,0.09,19,1,78.2,Northeast India (Brahmaputra River Basin & Assam Telemetry)
Fancy Bazaar / Panbazar,ZONE-NE01,Ward 14,108.4,324.0,674.9,458.8,52.18,0.32,1.49,92.8,0.09,19,1,84.6,Northeast India (Brahmaputra River Basin & Assam Telemetry)
Fancy Bazaar / Panbazar,ZONE-NE01,Ward 14,89.9,324.6,756.8,465.5,51.98,0.35,1.38,94.9,0.09,19,1,80.7,Northeast India (Brahmaputra River Basin & Assam Telemetry)
Fancy Bazaar / Panbazar,ZONE-NE01,Ward 14,98.2,312.4,765.6,431.2,51.78,0.3,1.46,94.0,0.11,19,1,85.5,Northeast India (Brahmaputra River Basin & Assam Telemetry)
Fancy Bazaar / Panbazar,ZONE-NE01,Ward 14,90.2,338.7,703.7,446.0,52.18,0.25,1.28,95.6,0.09,19,1,82.8,Northeast India (Brahmaputra River Basin & Assam Telemetry)
Fancy Bazaar / Panbazar,ZONE-NE01,Ward 14,79.7,301.4,847.9,449.3,52.04,0.33,1.41,94.0,0.11,19,1,79.3,Northeast India (Brahmaputra River Basin & Assam Telemetry)
Fancy Bazaar / Panbazar,ZONE-NE01,Ward 14,83.8,318.7,707.9,435.9,52.09,0.31,1.43,93.5,0.1,19,1,78.8,Northeast India (Brahmaputra River Basin & Assam Telemetry)
Fancy Bazaar / Panbazar,ZONE-NE01,Ward 14,79.6,412.6,774.4,463.4,52.1,0.23,1.39,92.7,0.09,19,1,78.7,Northeast India (Brahmaputra River Basin & Assam Telemetry)
Fancy Bazaar / Panbazar,ZONE-NE01,Ward 14,98.4,409.4,688.1,456.9,52.14,0.25,1.51,94.7,0.07,19,1,80.9,Northeast India (Brahmaputra River Basin & Assam Telemetry)
Fancy Bazaar / Panbazar,ZONE-NE01,Ward 14,105.2,327.3,708.3,447.3,51.95,0.29,1.43,94.5,0.12,19,1,79.6,Northeast India (Brahmaputra River Basin & Assam Telemetry)
Fancy Bazaar / Panbazar,ZONE-NE01,Ward 14,82.7,376.9,769.7,435.2,51.77,0.25,1.23,93.9,0.08,19,1,85.4,Northeast India (Brahmaputra River Basin & Assam Telemetry)
Fancy Bazaar / Panbazar,ZONE-NE01,Ward 14,97.9,370.1,739.6,464.6,51.93,0.2,1.46,94.0,0.14,19,1,78.6,Northeast India (Brahmaputra River Basin & Assam Telemetry)
Fancy Bazaar / Panbazar,ZONE-NE01,Ward 14,97.4,353.8,872.8,448.6,52.38,0.35,1.47,95.2,0.08,19,1,78.3,Northeast India (Brahmaputra River Basin & Assam Telemetry)
Fancy Bazaar / Panbazar,ZONE-NE01,Ward 14,100.1,340.9,710.7,450.6,51.89,0.29,1.41,94.2,0.1,19,1,78.3,Northeast India (Brahmaputra River Basin & Assam Telemetry)
Fancy Bazaar / Panbazar,ZONE-NE01,Ward 14,66.3,344.0,836.1,451.1,52.0,0.32,1.4,93.2,0.1,19,1,79.2,Northeast India (Brahmaputra River Basin & Assam Telemetry)
Fancy Bazaar / Panbazar,ZONE-NE01,Ward 14,99.1,338.3,797.5,448.2,51.85,0.34,1.4,94.4,0.14,19,1,82.8,Northeast India (Brahmaputra River Basin & Assam Telemetry)
Fancy Bazaar / Panbazar,ZONE-NE01,Ward 14,88.7,297.0,626.7,442.3,51.77,0.25,1.62,93.2,0.12,19,1,83.6,Northeast India (Brahmaputra River Basin & Assam Telemetry)
Fancy Bazaar / Panbazar,ZONE-NE01,Ward 14,97.3,373.0,774.2,450.2,52.04,0.36,1.42,93.0,0.1,19,1,79.4,Northeast India (Brahmaputra River Basin & Assam Telemetry)
Fancy Bazaar / Panbazar,ZONE-NE01,Ward 14,77.2,375.6,730.8,464.0,52.2,0.32,1.43,95.3,0.1,19,1,83.4,Northeast India (Brahmaputra River Basin & Assam Telemetry)
Fancy Bazaar / Panbazar,ZONE-NE01,Ward 14,77.8,320.0,620.8,455.7,52.21,0.36,1.27,95.9,0.09,19,1,82.7,Northeast India (Brahmaputra River Basin & Assam Telemetry)
Fancy Bazaar / Panbazar,ZONE-NE01,Ward 14,70.8,332.6,787.6,434.7,51.86,0.24,1.33,90.9,0.09,19,1,82.5,Northeast India (Brahmaputra River Basin & Assam Telemetry)
Fancy Bazaar / Panbazar,ZONE-NE01,Ward 14,87.3,337.3,584.2,436.7,51.81,0.24,1.49,92.7,0.09,19,1,82.4,Northeast India (Brahmaputra River Basin & Assam Telemetry)
Fancy Bazaar / Panbazar,ZONE-NE01,Ward 14,96.3,296.8,719.5,437.0,52.39,0.23,1.47,93.1,0.12,19,1,81.2,Northeast India (Brahmaputra River Basin & Assam Telemetry)
Fancy Bazaar / Panbazar,ZONE-NE01,Ward 14,93.6,307.8,606.5,440.3,52.07,0.27,1.56,94.0,0.09,19,1,85.3,Northeast India (Brahmaputra River Basin & Assam Telemetry)
Fancy Bazaar / Panbazar,ZONE-NE01,Ward 14,87.5,332.8,646.5,456.8,51.73,0.28,1.59,91.6,0.09,19,1,82.4,Northeast India (Brahmaputra River Basin & Assam Telemetry)
Fancy Bazaar / Panbazar,ZONE-NE01,Ward 14,87.6,351.8,725.3,443.3,52.35,0.29,1.21,94.0,0.11,19,1,83.2,Northeast India (Brahmaputra River Basin & Assam Telemetry)
Fancy Bazaar / Panbazar,ZONE-NE01,Ward 14,81.7,302.3,785.5,442.7,52.02,0.32,1.5,94.7,0.13,19,1,84.3,Northeast India (Brahmaputra River Basin & Assam Telemetry)
Fancy Bazaar / Panbazar,ZONE-NE01,Ward 14,83.5,366.7,783.9,452.7,52.02,0.26,1.28,94.9,0.11,19,1,79.8,Northeast India (Brahmaputra River Basin & Assam Telemetry)
Fancy Bazaar / Panbazar,ZONE-NE01,Ward 14,78.8,314.5,713.7,469.6,51.85,0.34,1.44,93.0,0.04,19,1,81.6,Northeast India (Brahmaputra River Basin & Assam Telemetry)
Fancy Bazaar / Panbazar,ZONE-NE01,Ward 14,81.7,333.0,831.7,443.8,52.02,0.33,1.36,91.1,0.11,19,1,82.7,Northeast India (Brahmaputra River Basin & Assam Telemetry)
Fancy Bazaar / Panbazar,ZONE-NE01,Ward 14,64.2,347.3,719.3,443.6,51.86,0.33,1.34,92.5,0.11,19,1,78.5,Northeast India (Brahmaputra River Basin & Assam Telemetry)
Fancy Bazaar / Panbazar,ZONE-NE01,Ward 14,55.5,329.9,597.6,457.2,51.97,0.36,1.18,93.4,0.15,19,1,80.1,Northeast India (Brahmaputra River Basin & Assam Telemetry)
Fancy Bazaar / Panbazar,ZONE-NE01,Ward 14,43.7,177.3,351.8,206.4,52.05,0.29,1.29,93.0,0.11,19,1,81.6,Northeast India (Brahmaputra River Basin & Assam Telemetry)
Fancy Bazaar / Panbazar,ZONE-NE01,Ward 14,47.3,228.1,343.5,199.0,51.92,0.25,1.42,94.7,0.09,19,1,83.1,Northeast India (Brahmaputra River Basin & Assam Telemetry)
Fancy Bazaar / Panbazar,ZONE-NE01,Ward 14,44.6,179.4,376.0,194.6,52.04,0.37,1.4,94.0,0.11,19,1,82.1,Northeast India (Brahmaputra River Basin & Assam Telemetry)
Fancy Bazaar / Panbazar,ZONE-NE01,Ward 14,44.7,155.7,270.1,173.5,52.14,0.28,1.3,93.8,0.09,19,1,78.8,Northeast India (Brahmaputra River Basin & Assam Telemetry)
Fancy Bazaar / Panbazar,ZONE-NE01,Ward 14,39.5,160.0,320.5,184.8,52.06,0.3,1.22,95.3,0.1,19,1,80.9,Northeast India (Brahmaputra River Basin & Assam Telemetry)
Fancy Bazaar / Panbazar,ZONE-NE01,Ward 14,36.2,161.6,425.2,204.6,51.98,0.34,1.27,94.2,0.1,19,1,84.4,Northeast India (Brahmaputra River Basin & Assam Telemetry)
Fancy Bazaar / Panbazar,ZONE-NE01,Ward 14,41.0,197.8,356.8,176.5,52.02,0.34,1.31,94.3,0.08,19,1,81.9,Northeast India (Brahmaputra River Basin & Assam Telemetry)
Fancy Bazaar / Panbazar,ZONE-NE01,Ward 14,41.7,166.4,355.6,191.6,52.18,0.33,1.13,94.9,0.12,19,1,78.6,Northeast India (Brahmaputra River Basin & Assam Telemetry)
Fancy Bazaar / Panbazar,ZONE-NE01,Ward 14,40.6,147.9,368.0,190.1,51.93,0.28,1.34,94.0,0.07,19,1,79.3,Northeast India (Brahmaputra River Basin & Assam Telemetry)
Fancy Bazaar / Panbazar,ZONE-NE01,Ward 14,42.3,160.4,409.2,195.5,52.02,0.23,1.4,93.6,0.1,19,1,85.3,Northeast India (Brahmaputra River Basin & Assam Telemetry)
Fancy Bazaar / Panbazar,ZONE-NE01,Ward 14,41.1,204.3,403.4,191.4,51.95,0.29,1.46,94.7,0.08,19,1,83.3,Northeast India (Brahmaputra River Basin & Assam Telemetry)
Fancy Bazaar / Panbazar,ZONE-NE01,Ward 14,49.5,195.5,399.7,189.6,52.08,0.34,1.33,93.7,0.09,19,1,85.7,Northeast India (Brahmaputra River Basin & Assam Telemetry)
Fancy Bazaar / Panbazar,ZONE-NE01,Ward 14,45.3,187.9,391.8,189.1,52.24,0.26,1.26,94.9,0.11,19,1,79.6,Northeast India (Brahmaputra River Basin & Assam Telemetry)
Fancy Bazaar / Panbazar,ZONE-NE01,Ward 14,46.2,183.0,348.9,167.7,51.58,0.29,1.3,94.6,0.12,19,1,78.8,Northeast India (Brahmaputra River Basin & Assam Telemetry)
Fancy Bazaar / Panbazar,ZONE-NE01,Ward 14,47.1,189.4,379.5,205.1,51.89,0.26,1.42,93.5,0.1,19,1,82.6,Northeast India (Brahmaputra River Basin & Assam Telemetry)
Fancy Bazaar / Panbazar,ZONE-NE01,Ward 14,38.9,174.9,356.8,189.2,51.58,0.37,1.45,93.9,0.1,19,1,81.8,Northeast India (Brahmaputra River Basin & Assam Telemetry)
Fancy Bazaar / Panbazar,ZONE-NE01,Ward 14,44.5,193.9,439.0,194.6,52.34,0.23,1.49,93.9,0.1,19,1,78.4,Northeast India (Brahmaputra River Basin & Assam Telemetry)
Fancy Bazaar / Panbazar,ZONE-NE01,Ward 14,42.8,181.9,390.2,197.2,52.0,0.32,1.32,93.2,0.08,19,1,81.4,Northeast India (Brahmaputra River Basin & Assam Telemetry)
Fancy Bazaar / Panbazar,ZONE-NE01,Ward 14,40.0,162.2,403.2,171.1,51.98,0.26,1.48,94.3,0.09,19,1,78.3,Northeast India (Brahmaputra River Basin & Assam Telemetry)
Fancy Bazaar / Panbazar,ZONE-NE01,Ward 14,55.3,185.0,398.0,167.1,51.88,0.35,1.38,93.1,0.11,19,1,82.1,Northeast India (Brahmaputra River Basin & Assam Telemetry)
Fancy Bazaar / Panbazar,ZONE-NE01,Ward 14,39.6,177.1,398.9,193.2,51.77,0.25,1.39,94.0,0.13,19,1,79.5,Northeast India (Brahmaputra River Basin & Assam Telemetry)
Fancy Bazaar / Panbazar,ZONE-NE01,Ward 14,41.7,157.1,320.0,185.2,52.03,0.36,1.39,94.6,0.13,19,1,80.5,Northeast India (Brahmaputra River Basin & Assam Telemetry)
Fancy Bazaar / Panbazar,ZONE-NE01,Ward 14,31.9,152.8,330.1,198.1,52.39,0.25,1.33,93.5,0.09,19,1,80.4,Northeast India (Brahmaputra River Basin & Assam Telemetry)
Fancy Bazaar / Panbazar,ZONE-NE01,Ward 14,43.2,186.2,420.3,171.5,52.06,0.35,1.35,94.2,0.09,19,1,82.4,Northeast India (Brahmaputra River Basin & Assam Telemetry)
Fancy Bazaar / Panbazar,ZONE-NE01,Ward 14,39.3,193.2,370.2,195.5,51.58,0.26,1.32,92.5,0.09,19,1,84.1,Northeast India (Brahmaputra River Basin & Assam Telemetry)
Fancy Bazaar / Panbazar,ZONE-NE01,Ward 14,38.0,164.7,359.6,186.8,52.12,0.29,1.28,95.5,0.13,19,1,82.0,Northeast India (Brahmaputra River Basin & Assam Telemetry)
Fancy Bazaar / Panbazar,ZONE-NE01,Ward 14,38.2,191.8,299.2,204.5,51.85,0.32,1.33,93.3,0.1,19,1,80.9,Northeast India (Brahmaputra River Basin & Assam Telemetry)
Fancy Bazaar / Panbazar,ZONE-NE01,Ward 14,40.1,189.9,432.6,208.2,51.92,0.3,1.44,94.1,0.13,19,1,81.4,Northeast India (Brahmaputra River Basin & Assam Telemetry)
Fancy Bazaar / Panbazar,ZONE-NE01,Ward 14,47.7,164.6,403.1,193.2,52.12,0.24,1.43,93.0,0.13,19,1,78.7,Northeast India (Brahmaputra River Basin & Assam Telemetry)
Fancy Bazaar / Panbazar,ZONE-NE01,Ward 14,47.7,183.3,419.3,185.5,51.73,0.29,1.46,95.3,0.11,19,1,79.6,Northeast India (Brahmaputra River Basin & Assam Telemetry)
Fancy Bazaar / Panbazar,ZONE-NE01,Ward 14,45.7,190.2,397.5,184.6,51.9,0.36,1.33,95.0,0.08,19,1,77.9,Northeast India (Brahmaputra River Basin & Assam Telemetry)
Fancy Bazaar / Panbazar,ZONE-NE01,Ward 14,39.3,172.1,376.5,170.8,52.07,0.25,1.13,95.3,0.09,19,1,82.1,Northeast India (Brahmaputra River Basin & Assam Telemetry)
Fancy Bazaar / Panbazar,ZONE-NE01,Ward 14,33.8,151.9,385.8,179.8,51.68,0.22,1.43,94.5,0.09,19,1,82.5,Northeast India (Brahmaputra River Basin & Assam Telemetry)
Fancy Bazaar / Panbazar,ZONE-NE01,Ward 14,43.3,175.9,346.3,185.9,52.31,0.32,1.36,94.5,0.09,19,1,83.1,Northeast India (Brahmaputra River Basin & Assam Telemetry)
Fancy Bazaar / Panbazar,ZONE-NE01,Ward 14,43.0,147.6,278.1,194.7,51.89,0.21,1.48,94.5,0.09,19,1,82.0,Northeast India (Brahmaputra River Basin & Assam Telemetry)
Fancy Bazaar / Panbazar,ZONE-NE01,Ward 14,38.2,112.4,254.2,142.9,52.03,0.26,1.46,94.1,0.08,19,1,80.0,Northeast India (Brahmaputra River Basin & Assam Telemetry)
Fancy Bazaar / Panbazar,ZONE-NE01,Ward 14,32.4,115.5,285.1,134.4,52.15,0.29,1.34,95.0,0.08,19,1,84.1,Northeast India (Brahmaputra River Basin & Assam Telemetry)
Fancy Bazaar / Panbazar,ZONE-NE01,Ward 14,31.7,115.4,279.2,128.6,52.28,0.26,1.33,94.3,0.11,19,1,79.9,Northeast India (Brahmaputra River Basin & Assam Telemetry)
Fancy Bazaar / Panbazar,ZONE-NE01,Ward 14,31.5,125.3,237.9,101.7,52.0,0.3,1.4,92.3,0.07,19,1,82.1,Northeast India (Brahmaputra River Basin & Assam Telemetry)
Fancy Bazaar / Panbazar,ZONE-NE01,Ward 14,23.1,133.7,229.5,131.1,51.95,0.3,1.3,94.1,0.06,19,1,85.3,Northeast India (Brahmaputra River Basin & Assam Telemetry)
Fancy Bazaar / Panbazar,ZONE-NE01,Ward 14,29.1,129.5,270.4,122.2,51.69,0.33,1.57,94.2,0.09,19,1,81.2,Northeast India (Brahmaputra River Basin & Assam Telemetry)
Fancy Bazaar / Panbazar,ZONE-NE01,Ward 14,29.9,112.5,236.1,102.7,52.13,0.25,1.45,95.1,0.1,19,1,82.0,Northeast India (Brahmaputra River Basin & Assam Telemetry)
Fancy Bazaar / Panbazar,ZONE-NE01,Ward 14,28.7,111.5,285.7,120.1,52.17,0.34,1.46,94.1,0.14,19,1,79.3,Northeast India (Brahmaputra River Basin & Assam Telemetry)
Fancy Bazaar / Panbazar,ZONE-NE01,Ward 14,35.9,97.4,248.3,128.8,52.09,0.33,1.34,94.0,0.1,19,1,81.3,Northeast India (Brahmaputra River Basin & Assam Telemetry)
Fancy Bazaar / Panbazar,ZONE-NE01,Ward 14,31.5,112.6,239.0,98.3,52.0,0.35,1.43,93.1,0.16,19,1,85.1,Northeast India (Brahmaputra River Basin & Assam Telemetry)
Fancy Bazaar / Panbazar,ZONE-NE01,Ward 14,27.2,124.4,248.3,114.1,51.94,0.29,1.35,92.9,0.1,19,1,83.4,Northeast India (Brahmaputra River Basin & Assam Telemetry)
Fancy Bazaar / Panbazar,ZONE-NE01,Ward 14,29.8,140.4,287.6,133.3,52.2,0.3,1.51,94.6,0.07,19,1,83.5,Northeast India (Brahmaputra River Basin & Assam Telemetry)
Fancy Bazaar / Panbazar,ZONE-NE01,Ward 14,30.7,123.2,239.8,129.4,52.13,0.3,1.29,94.0,0.13,19,1,84.1,Northeast India (Brahmaputra River Basin & Assam Telemetry)
Fancy Bazaar / Panbazar,ZONE-NE01,Ward 14,31.5,114.1,285.0,119.5,52.04,0.33,1.35,94.7,0.11,19,1,81.4,Northeast India (Brahmaputra River Basin & Assam Telemetry)
Fancy Bazaar / Panbazar,ZONE-NE01,Ward 14,33.1,113.7,271.2,99.5,52.06,0.3,1.36,93.4,0.1,19,1,78.0,Northeast India (Brahmaputra River Basin & Assam Telemetry)
Fancy Bazaar / Panbazar,ZONE-NE01,Ward 14,28.4,111.1,246.8,122.8,51.99,0.37,1.54,95.5,0.09,19,1,82.7,Northeast India (Brahmaputra River Basin & Assam Telemetry)
Fancy Bazaar / Panbazar,ZONE-NE01,Ward 14,28.8,109.2,273.1,140.5,51.6,0.25,1.2,92.7,0.1,19,1,81.6,Northeast India (Brahmaputra River Basin & Assam Telemetry)
Fancy Bazaar / Panbazar,ZONE-NE01,Ward 14,33.0,121.5,277.6,120.1,51.91,0.27,1.36,93.9,0.1,19,1,79.7,Northeast India (Brahmaputra River Basin & Assam Telemetry)
Fancy Bazaar / Panbazar,ZONE-NE01,Ward 14,31.6,129.5,274.6,116.8,51.94,0.32,1.38,92.7,0.12,19,1,85.7,Northeast India (Brahmaputra River Basin & Assam Telemetry)
Fancy Bazaar / Panbazar,ZONE-NE01,Ward 14,28.6,114.0,296.7,131.3,51.94,0.38,1.29,94.2,0.13,19,1,79.2,Northeast India (Brahmaputra River Basin & Assam Telemetry)
Fancy Bazaar / Panbazar,ZONE-NE01,Ward 14,33.9,106.0,251.9,114.8,52.44,0.35,1.47,95.9,0.11,19,1,81.8,Northeast India (Brahmaputra River Basin & Assam Telemetry)
Fancy Bazaar / Panbazar,ZONE-NE01,Ward 14,30.7,129.8,294.5,132.0,51.85,0.37,1.18,92.8,0.09,19,1,84.4,Northeast India (Brahmaputra River Basin & Assam Telemetry)
Fancy Bazaar / Panbazar,ZONE-NE01,Ward 14,29.2,127.4,258.2,123.2,51.99,0.31,1.47,92.4,0.1,19,1,78.2,Northeast India (Brahmaputra River Basin & Assam Telemetry)
Fancy Bazaar / Panbazar,ZONE-NE01,Ward 14,31.0,130.0,231.9,100.3,51.83,0.31,1.37,94.9,0.08,19,1,82.2,Northeast India (Brahmaputra River Basin & Assam Telemetry)
Fancy Bazaar / Panbazar,ZONE-NE01,Ward 14,27.7,107.5,258.4,122.6,52.2,0.33,1.34,93.8,0.09,19,1,83.2,Northeast India (Brahmaputra River Basin & Assam Telemetry)
Fancy Bazaar / Panbazar,ZONE-NE01,Ward 14,34.6,135.0,241.2,117.3,52.29,0.24,1.27,96.2,0.12,19,1,83.1,Northeast India (Brahmaputra River Basin & Assam Telemetry)
Fancy Bazaar / Panbazar,ZONE-NE01,Ward 14,27.8,135.5,253.8,113.6,52.37,0.35,1.34,94.0,0.12,19,1,78.8,Northeast India (Brahmaputra River Basin & Assam Telemetry)
Fancy Bazaar / Panbazar,ZONE-NE01,Ward 14,30.2,137.6,257.0,127.1,52.0,0.26,1.45,95.0,0.1,19,1,85.1,Northeast India (Brahmaputra River Basin & Assam Telemetry)
Fancy Bazaar / Panbazar,ZONE-NE01,Ward 14,30.7,119.9,281.3,123.5,51.95,0.23,1.59,93.6,0.11,19,1,77.9,Northeast India (Brahmaputra River Basin & Assam Telemetry)
Fancy Bazaar / Panbazar,ZONE-NE01,Ward 14,30.3,157.7,255.1,113.6,51.93,0.31,1.31,93.6,0.09,19,1,83.3,Northeast India (Brahmaputra River Basin & Assam Telemetry)
Fancy Bazaar / Panbazar,ZONE-NE01,Ward 14,32.4,120.4,260.8,116.6,51.77,0.42,1.59,93.3,0.06,19,1,79.4,Northeast India (Brahmaputra River Basin & Assam Telemetry)
Fancy Bazaar / Panbazar,ZONE-NE01,Ward 14,34.6,111.3,267.2,114.2,51.7,0.33,1.35,94.3,0.11,19,1,85.3,Northeast India (Brahmaputra River Basin & Assam Telemetry)
Fancy Bazaar / Panbazar,ZONE-NE01,Ward 14,25.7,120.1,226.5,123.7,51.99,0.28,1.4,93.7,0.09,19,1,80.1,Northeast India (Brahmaputra River Basin & Assam Telemetry)
Fancy Bazaar / Panbazar,ZONE-NE01,Ward 14,31.5,126.0,315.9,126.7,52.23,0.31,1.26,94.2,0.13,19,1,79.1,Northeast India (Brahmaputra River Basin & Assam Telemetry)
Fancy Bazaar / Panbazar,ZONE-NE01,Ward 14,28.9,116.8,263.9,118.6,51.98,0.25,1.52,93.2,0.12,19,1,85.3,Northeast India (Brahmaputra River Basin & Assam Telemetry)
Fancy Bazaar / Panbazar,ZONE-NE01,Ward 14,12.2,43.1,89.2,31.9,52.35,0.29,1.36,93.9,0.13,19,1,78.7,Northeast India (Brahmaputra River Basin & Assam Telemetry)
Fancy Bazaar / Panbazar,ZONE-NE01,Ward 14,11.8,44.1,89.5,43.6,52.1,0.26,1.49,93.3,0.08,19,1,84.2,Northeast India (Brahmaputra River Basin & Assam Telemetry)
Fancy Bazaar / Panbazar,ZONE-NE01,Ward 14,12.0,36.1,88.2,29.7,51.85,0.25,1.32,95.0,0.08,19,1,77.9,Northeast India (Brahmaputra River Basin & Assam Telemetry)
Fancy Bazaar / Panbazar,ZONE-NE01,Ward 14,10.5,51.7,97.0,28.6,52.22,0.35,1.42,93.5,0.08,19,1,84.2,Northeast India (Brahmaputra River Basin & Assam Telemetry)
Fancy Bazaar / Panbazar,ZONE-NE01,Ward 14,10.9,44.8,98.1,49.7,51.91,0.2,1.44,95.6,0.1,19,1,77.9,Northeast India (Brahmaputra River Basin & Assam Telemetry)
Fancy Bazaar / Panbazar,ZONE-NE01,Ward 14,11.1,50.8,87.5,50.6,52.06,0.33,1.34,93.4,0.05,19,1,80.4,Northeast India (Brahmaputra River Basin & Assam Telemetry)
Fancy Bazaar / Panbazar,ZONE-NE01,Ward 14,13.3,49.8,104.3,41.3,51.69,0.27,1.4,94.0,0.1,19,1,81.1,Northeast India (Brahmaputra River Basin & Assam Telemetry)
Fancy Bazaar / Panbazar,ZONE-NE01,Ward 14,11.5,47.2,92.9,25.8,51.82,0.37,1.44,92.1,0.11,19,1,83.8,Northeast India (Brahmaputra River Basin & Assam Telemetry)
Fancy Bazaar / Panbazar,ZONE-NE01,Ward 14,13.8,41.9,94.6,24.1,52.14,0.31,1.48,91.6,0.1,19,1,80.9,Northeast India (Brahmaputra River Basin & Assam Telemetry)
Fancy Bazaar / Panbazar,ZONE-NE01,Ward 14,11.4,42.5,95.7,39.1,51.92,0.25,1.49,94.0,0.07,19,1,78.3,Northeast India (Brahmaputra River Basin & Assam Telemetry)
Fancy Bazaar / Panbazar,ZONE-NE01,Ward 14,12.8,48.8,101.4,39.5,51.87,0.3,1.4,93.1,0.13,19,1,79.0,Northeast India (Brahmaputra River Basin & Assam Telemetry)
Fancy Bazaar / Panbazar,ZONE-NE01,Ward 14,14.4,39.1,97.3,25.0,52.16,0.34,1.52,94.0,0.1,19,1,85.0,Northeast India (Brahmaputra River Basin & Assam Telemetry)
Fancy Bazaar / Panbazar,ZONE-NE01,Ward 14,11.4,46.1,103.2,34.3,51.96,0.29,1.4,94.1,0.09,19,1,85.2,Northeast India (Brahmaputra River Basin & Assam Telemetry)
Fancy Bazaar / Panbazar,ZONE-NE01,Ward 14,12.4,50.8,79.9,28.4,51.74,0.33,1.38,94.5,0.1,19,1,79.2,Northeast India (Brahmaputra River Basin & Assam Telemetry)
Fancy Bazaar / Panbazar,ZONE-NE01,Ward 14,13.3,52.5,105.7,38.1,51.98,0.28,1.36,94.6,0.09,19,1,83.3,Northeast India (Brahmaputra River Basin & Assam Telemetry)
Fancy Bazaar / Panbazar,ZONE-NE01,Ward 14,12.6,45.8,102.4,40.9,52.16,0.31,1.43,95.4,0.1,19,1,80.2,Northeast India (Brahmaputra River Basin & Assam Telemetry)
Fancy Bazaar / Panbazar,ZONE-NE01,Ward 14,10.9,56.9,97.0,50.3,52.16,0.29,1.15,95.2,0.1,19,1,79.9,Northeast India (Brahmaputra River Basin & Assam Telemetry)
Fancy Bazaar / Panbazar,ZONE-NE01,Ward 14,9.7,53.6,90.7,38.1,52.03,0.29,1.32,94.0,0.12,19,1,78.6,Northeast India (Brahmaputra River Basin & Assam Telemetry)
Fancy Bazaar / Panbazar,ZONE-NE01,Ward 14,11.3,42.9,95.1,30.7,51.92,0.26,1.38,94.1,0.12,19,1,80.0,Northeast India (Brahmaputra River Basin & Assam Telemetry)
Fancy Bazaar / Panbazar,ZONE-NE01,Ward 14,11.2,44.0,73.9,41.1,51.81,0.35,1.45,95.7,0.08,19,1,84.5,Northeast India (Brahmaputra River Basin & Assam Telemetry)
Fancy Bazaar / Panbazar,ZONE-NE01,Ward 14,11.2,51.0,99.3,37.2,51.93,0.31,1.47,92.5,0.09,19,1,80.0,Northeast India (Brahmaputra River Basin & Assam Telemetry)
Fancy Bazaar / Panbazar,ZONE-NE01,Ward 14,11.2,41.9,98.3,25.6,51.78,0.24,1.39,93.5,0.06,19,1,85.2,Northeast India (Brahmaputra River Basin & Assam Telemetry)
Fancy Bazaar / Panbazar,ZONE-NE01,Ward 14,10.4,48.9,93.1,42.2,52.05,0.28,1.43,94.8,0.11,19,1,79.4,Northeast India (Brahmaputra River Basin & Assam Telemetry)
Fancy Bazaar / Panbazar,ZONE-NE01,Ward 14,11.0,45.8,111.5,32.4,52.23,0.26,1.46,92.3,0.07,19,1,82.5,Northeast India (Brahmaputra River Basin & Assam Telemetry)
Fancy Bazaar / Panbazar,ZONE-NE01,Ward 14,12.8,49.0,101.1,27.2,52.33,0.31,1.55,94.3,0.11,19,1,85.1,Northeast India (Brahmaputra River Basin & Assam Telemetry)
Fancy Bazaar / Panbazar,ZONE-NE01,Ward 14,12.6,47.3,86.6,40.8,51.86,0.25,1.54,93.3,0.12,19,1,84.2,Northeast India (Brahmaputra River Basin & Assam Telemetry)
Fancy Bazaar / Panbazar,ZONE-NE01,Ward 14,12.8,48.2,102.7,57.4,51.89,0.28,1.46,95.2,0.09,19,1,80.0,Northeast India (Brahmaputra River Basin & Assam Telemetry)
Fancy Bazaar / Panbazar,ZONE-NE01,Ward 14,12.3,39.4,105.9,34.7,51.97,0.27,1.23,93.5,0.08,19,1,81.9,Northeast India (Brahmaputra River Basin & Assam Telemetry)
Fancy Bazaar / Panbazar,ZONE-NE01,Ward 14,10.9,48.9,95.0,38.1,52.03,0.34,1.49,93.3,0.08,19,1,80.2,Northeast India (Brahmaputra River Basin & Assam Telemetry)
Fancy Bazaar / Panbazar,ZONE-NE01,Ward 14,9.9,51.3,90.6,48.1,52.07,0.24,1.41,94.2,0.12,19,1,78.7,Northeast India (Brahmaputra River Basin & Assam Telemetry)
Fancy Bazaar / Panbazar,ZONE-NE01,Ward 14,11.8,40.0,98.3,54.9,51.64,0.24,1.39,95.9,0.1,19,1,79.2,Northeast India (Brahmaputra River Basin & Assam Telemetry)
Fancy Bazaar / Panbazar,ZONE-NE01,Ward 14,12.2,44.4,91.3,50.3,51.94,0.28,1.46,92.5,0.09,19,1,82.9,Northeast India (Brahmaputra River Basin & Assam Telemetry)
Fancy Bazaar / Panbazar,ZONE-NE01,Ward 14,11.9,39.3,93.0,30.7,52.0,0.33,1.33,94.3,0.09,19,1,79.1,Northeast India (Brahmaputra River Basin & Assam Telemetry)
Fancy Bazaar / Panbazar,ZONE-NE01,Ward 14,12.7,44.8,99.5,62.1,52.04,0.29,1.41,94.6,0.12,19,1,84.1,Northeast India (Brahmaputra River Basin & Assam Telemetry)
Fancy Bazaar / Panbazar,ZONE-NE01,Ward 14,13.4,52.0,103.1,30.9,52.45,0.27,1.37,95.5,0.11,19,1,85.8,Northeast India (Brahmaputra River Basin & Assam Telemetry)
Fancy Bazaar / Panbazar,ZONE-NE01,Ward 14,3.0,11.8,29.2,0.0,51.9,0.31,1.29,94.9,0.09,19,1,77.9,Northeast India (Brahmaputra River Basin & Assam Telemetry)
Fancy Bazaar / Panbazar,ZONE-NE01,Ward 14,3.1,13.1,23.3,11.1,51.66,0.32,1.29,93.2,0.11,19,1,79.9,Northeast India (Brahmaputra River Basin & Assam Telemetry)
Fancy Bazaar / Panbazar,ZONE-NE01,Ward 14,2.8,11.0,28.9,0.0,52.38,0.31,1.59,94.6,0.1,19,1,77.6,Northeast India (Brahmaputra River Basin & Assam Telemetry)
Fancy Bazaar / Panbazar,ZONE-NE01,Ward 14,3.3,14.1,28.0,25.6,51.96,0.33,1.14,93.8,0.1,19,1,82.0,Northeast India (Brahmaputra River Basin & Assam Telemetry)
Fancy Bazaar / Panbazar,ZONE-NE01,Ward 14,3.5,12.9,27.8,0.0,52.25,0.3,1.24,94.9,0.13,19,1,73.8,Northeast India (Brahmaputra River Basin & Assam Telemetry)
Fancy Bazaar / Panbazar,ZONE-NE01,Ward 14,3.0,11.4,26.4,0.0,52.28,0.33,1.27,93.1,0.1,19,1,76.2,Northeast India (Brahmaputra River Basin & Assam Telemetry)
Fancy Bazaar / Panbazar,ZONE-NE01,Ward 14,2.6,11.7,23.5,0.0,51.87,0.35,1.48,95.3,0.12,19,1,77.2,Northeast India (Brahmaputra River Basin & Assam Telemetry)
Fancy Bazaar / Panbazar,ZONE-NE01,Ward 14,3.1,15.5,27.7,0.0,52.15,0.3,1.45,94.8,0.14,19,1,73.9,Northeast India (Brahmaputra River Basin & Assam Telemetry)
Fancy Bazaar / Panbazar,ZONE-NE01,Ward 14,3.2,12.3,26.1,24.7,52.08,0.28,1.39,95.5,0.1,19,1,79.6,Northeast India (Brahmaputra River Basin & Assam Telemetry)
Fancy Bazaar / Panbazar,ZONE-NE01,Ward 14,3.0,13.5,21.7,27.4,52.04,0.36,1.44,93.9,0.11,19,1,74.5,Northeast India (Brahmaputra River Basin & Assam Telemetry)
Fancy Bazaar / Panbazar,ZONE-NE01,Ward 14,2.9,14.0,26.7,5.9,51.97,0.34,1.3,93.0,0.09,19,1,75.6,Northeast India (Brahmaputra River Basin & Assam Telemetry)
Fancy Bazaar / Panbazar,ZONE-NE01,Ward 14,2.8,13.6,24.9,0.0,51.58,0.35,1.44,93.8,0.1,19,1,79.8,Northeast India (Brahmaputra River Basin & Assam Telemetry)
Fancy Bazaar / Panbazar,ZONE-NE01,Ward 14,2.7,11.9,26.6,2.1,51.98,0.33,1.27,94.4,0.08,19,1,79.7,Northeast India (Brahmaputra River Basin & Assam Telemetry)
Fancy Bazaar / Panbazar,ZONE-NE01,Ward 14,3.5,13.0,26.4,0.0,51.71,0.33,1.31,94.6,0.07,19,1,79.3,Northeast India (Brahmaputra River Basin & Assam Telemetry)
Fancy Bazaar / Panbazar,ZONE-NE01,Ward 14,3.4,14.5,19.8,3.0,52.37,0.36,1.5,93.1,0.09,19,1,71.6,Northeast India (Brahmaputra River Basin & Assam Telemetry)
Fancy Bazaar / Panbazar,ZONE-NE01,Ward 14,3.0,11.3,22.5,0.0,52.18,0.28,1.4,95.3,0.06,19,1,76.5,Northeast India (Brahmaputra River Basin & Assam Telemetry)
Fancy Bazaar / Panbazar,ZONE-NE01,Ward 14,3.0,15.5,28.4,2.0,52.09,0.26,1.38,94.5,0.11,19,1,79.7,Northeast India (Brahmaputra River Basin & Assam Telemetry)
Fancy Bazaar / Panbazar,ZONE-NE01,Ward 14,3.2,13.8,26.1,0.0,52.16,0.27,1.24,92.9,0.09,19,1,75.9,Northeast India (Brahmaputra River Basin & Assam Telemetry)
Fancy Bazaar / Panbazar,ZONE-NE01,Ward 14,2.6,13.7,23.9,0.0,52.11,0.28,1.49,94.5,0.1,19,1,79.3,Northeast India (Brahmaputra River Basin & Assam Telemetry)
Fancy Bazaar / Panbazar,ZONE-NE01,Ward 14,2.9,11.7,25.0,0.0,52.32,0.26,1.5,95.4,0.11,19,1,77.4,Northeast India (Brahmaputra River Basin & Assam Telemetry)
Fancy Bazaar / Panbazar,ZONE-NE01,Ward 14,3.3,11.0,26.2,7.0,52.16,0.32,1.4,94.2,0.12,19,1,73.2,Northeast India (Brahmaputra River Basin & Assam Telemetry)
Fancy Bazaar / Panbazar,ZONE-NE01,Ward 14,3.4,14.5,21.9,3.7,51.9,0.3,1.42,95.4,0.11,19,1,79.7,Northeast India (Brahmaputra River Basin & Assam Telemetry)
Fancy Bazaar / Panbazar,ZONE-NE01,Ward 14,3.5,12.1,25.3,4.9,52.09,0.28,1.5,92.7,0.08,19,1,77.2,Northeast India (Brahmaputra River Basin & Assam Telemetry)
Fancy Bazaar / Panbazar,ZONE-NE01,Ward 14,3.0,10.7,28.7,24.0,52.18,0.21,1.43,93.9,0.07,19,1,78.3,Northeast India (Brahmaputra River Basin & Assam Telemetry)
Fancy Bazaar / Panbazar,ZONE-NE01,Ward 14,2.6,13.3,22.0,9.6,52.19,0.27,1.29,94.0,0.12,19,1,80.9,Northeast India (Brahmaputra River Basin & Assam Telemetry)
Fancy Bazaar / Panbazar,ZONE-NE01,Ward 14,3.0,12.0,24.0,0.0,52.0,0.3,1.42,93.9,0.1,19,1,77.4,Northeast India (Brahmaputra River Basin & Assam Telemetry)
Fancy Bazaar / Panbazar,ZONE-NE01,Ward 14,3.0,13.0,23.1,13.4,52.11,0.32,1.3,92.7,0.08,19,1,80.9,Northeast India (Brahmaputra River Basin & Assam Telemetry)
Fancy Bazaar / Panbazar,ZONE-NE01,Ward 14,2.8,11.5,27.8,0.0,51.43,0.28,1.36,94.0,0.12,19,1,76.2,Northeast India (Brahmaputra River Basin & Assam Telemetry)
Fancy Bazaar / Panbazar,ZONE-NE01,Ward 14,3.0,14.4,23.4,21.1,52.26,0.3,1.35,93.4,0.08,19,1,80.8,Northeast India (Brahmaputra River Basin & Assam Telemetry)
Fancy Bazaar / Panbazar,ZONE-NE01,Ward 14,2.8,9.8,34.2,0.0,51.87,0.27,1.46,93.0,0.09,19,1,77.8,Northeast India (Brahmaputra River Basin & Assam Telemetry)
Fancy Bazaar / Panbazar,ZONE-NE01,Ward 14,3.1,12.0,24.3,0.0,51.9,0.26,1.47,93.2,0.12,19,1,74.7,Northeast India (Brahmaputra River Basin & Assam Telemetry)
Fancy Bazaar / Panbazar,ZONE-NE01,Ward 14,3.2,12.6,23.1,0.0,51.66,0.33,1.41,95.6,0.1,19,1,78.9,Northeast India (Brahmaputra River Basin & Assam Telemetry)
Fancy Bazaar / Panbazar,ZONE-NE01,Ward 14,3.6,13.0,19.4,0.0,51.38,0.28,1.59,93.1,0.09,19,1,75.7,Northeast India (Brahmaputra River Basin & Assam Telemetry)
Fancy Bazaar / Panbazar,ZONE-NE01,Ward 14,3.0,14.1,26.7,0.0,51.81,0.29,1.31,93.2,0.07,19,1,75.7,Northeast India (Brahmaputra River Basin & Assam Telemetry)
Fancy Bazaar / Panbazar,ZONE-NE01,Ward 14,2.6,12.1,23.0,23.2,51.84,0.27,1.46,95.8,0.11,19,1,74.2,Northeast India (Brahmaputra River Basin & Assam Telemetry)
Fancy Bazaar / Panbazar,ZONE-NE01,Ward 14,0.0,0.0,0.0,0.0,51.69,0.29,1.29,92.0,0.07,19,1,69.6,Northeast India (Brahmaputra River Basin & Assam Telemetry)
Fancy Bazaar / Panbazar,ZONE-NE01,Ward 14,0.0,0.0,0.0,0.0,52.06,0.3,1.18,95.6,0.15,19,1,62.2,Northeast India (Brahmaputra River Basin & Assam Telemetry)
Fancy Bazaar / Panbazar,ZONE-NE01,Ward 14,0.0,0.0,0.0,4.5,51.74,0.25,1.36,94.6,0.14,19,1,65.9,Northeast India (Brahmaputra River Basin & Assam Telemetry)
Fancy Bazaar / Panbazar,ZONE-NE01,Ward 14,0.0,0.0,0.0,6.9,52.29,0.34,1.61,93.6,0.13,19,1,62.7,Northeast India (Brahmaputra River Basin & Assam Telemetry)
Fancy Bazaar / Panbazar,ZONE-NE01,Ward 14,0.0,0.0,0.0,0.0,51.95,0.36,1.39,93.2,0.11,19,1,65.7,Northeast India (Brahmaputra River Basin & Assam Telemetry)
Fancy Bazaar / Panbazar,ZONE-NE01,Ward 14,0.0,0.0,0.0,9.4,52.08,0.26,1.58,93.6,0.08,19,1,61.9,Northeast India (Brahmaputra River Basin & Assam Telemetry)
Fancy Bazaar / Panbazar,ZONE-NE01,Ward 14,0.0,0.0,0.0,0.0,52.02,0.32,1.46,94.7,0.11,19,1,64.5,Northeast India (Brahmaputra River Basin & Assam Telemetry)
Fancy Bazaar / Panbazar,ZONE-NE01,Ward 14,0.0,0.0,0.0,0.0,51.93,0.27,1.35,95.0,0.13,19,1,61.0,Northeast India (Brahmaputra River Basin & Assam Telemetry)
Fancy Bazaar / Panbazar,ZONE-NE01,Ward 14,0.0,0.0,0.0,8.2,51.86,0.29,1.51,92.3,0.09,19,1,64.8,Northeast India (Brahmaputra River Basin & Assam Telemetry)
Fancy Bazaar / Panbazar,ZONE-NE01,Ward 14,0.0,0.0,0.0,6.9,52.17,0.33,1.27,93.3,0.11,19,1,65.5,Northeast India (Brahmaputra River Basin & Assam Telemetry)
Fancy Bazaar / Panbazar,ZONE-NE01,Ward 14,0.0,0.0,0.0,0.0,52.12,0.29,1.49,94.4,0.11,19,1,62.7,Northeast India (Brahmaputra River Basin & Assam Telemetry)
Fancy Bazaar / Panbazar,ZONE-NE01,Ward 14,0.0,0.0,0.0,0.0,51.96,0.36,1.44,92.8,0.06,19,1,60.5,Northeast India (Brahmaputra River Basin & Assam Telemetry)
Fancy Bazaar / Panbazar,ZONE-NE01,Ward 14,0.0,0.0,0.0,0.0,51.8,0.3,1.41,94.2,0.09,19,1,68.3,Northeast India (Brahmaputra River Basin & Assam Telemetry)
Fancy Bazaar / Panbazar,ZONE-NE01,Ward 14,0.0,0.0,0.0,0.0,52.03,0.33,1.47,93.9,0.06,19,1,67.2,Northeast India (Brahmaputra River Basin & Assam Telemetry)
Fancy Bazaar / Panbazar,ZONE-NE01,Ward 14,0.0,0.0,0.0,8.7,51.81,0.3,1.4,94.9,0.11,19,1,70.1,Northeast India (Brahmaputra River Basin & Assam Telemetry)
Fancy Bazaar / Panbazar,ZONE-NE01,Ward 14,0.0,0.0,0.0,0.0,52.16,0.29,1.45,94.4,0.1,19,1,60.5,Northeast India (Brahmaputra River Basin & Assam Telemetry)
Fancy Bazaar / Panbazar,ZONE-NE01,Ward 14,0.0,0.0,0.0,0.0,52.0,0.34,1.5,94.2,0.11,19,1,61.0,Northeast India (Brahmaputra River Basin & Assam Telemetry)
Fancy Bazaar / Panbazar,ZONE-NE01,Ward 14,0.0,0.0,0.0,0.0,52.31,0.28,1.45,92.8,0.13,19,1,64.2,Northeast India (Brahmaputra River Basin & Assam Telemetry)
Fancy Bazaar / Panbazar,ZONE-NE01,Ward 14,0.0,0.0,0.0,10.9,52.06,0.31,1.5,93.7,0.06,19,1,69.4,Northeast India (Brahmaputra River Basin & Assam Telemetry)
Fancy Bazaar / Panbazar,ZONE-NE01,Ward 14,0.0,0.0,0.0,20.0,51.9,0.27,1.47,93.9,0.08,19,1,71.5,Northeast India (Brahmaputra River Basin & Assam Telemetry)
Fancy Bazaar / Panbazar,ZONE-NE01,Ward 14,0.0,0.0,0.0,2.1,51.92,0.22,1.58,95.8,0.11,19,1,65.9,Northeast India (Brahmaputra River Basin & Assam Telemetry)
Fancy Bazaar / Panbazar,ZONE-NE01,Ward 14,0.0,0.0,0.0,0.0,52.03,0.37,1.55,93.1,0.11,19,1,61.1,Northeast India (Brahmaputra River Basin & Assam Telemetry)
Fancy Bazaar / Panbazar,ZONE-NE01,Ward 14,0.0,0.0,0.0,3.5,52.16,0.32,1.38,92.9,0.11,19,1,63.9,Northeast India (Brahmaputra River Basin & Assam Telemetry)
Fancy Bazaar / Panbazar,ZONE-NE01,Ward 14,0.0,0.0,0.0,2.7,51.85,0.34,1.34,94.6,0.09,19,1,64.0,Northeast India (Brahmaputra River Basin & Assam Telemetry)
Fancy Bazaar / Panbazar,ZONE-NE01,Ward 14,0.0,0.0,0.0,0.0,51.92,0.32,1.39,94.9,0.08,19,1,66.4,Northeast India (Brahmaputra River Basin & Assam Telemetry)
Fancy Bazaar / Panbazar,ZONE-NE01,Ward 14,0.0,0.0,0.0,0.0,51.92,0.3,1.54,94.6,0.13,19,1,63.2,Northeast India (Brahmaputra River Basin & Assam Telemetry)
Fancy Bazaar / Panbazar,ZONE-NE01,Ward 14,0.0,0.0,0.0,2.2,52.02,0.3,1.51,93.6,0.1,19,1,65.8,Northeast India (Brahmaputra River Basin & Assam Telemetry)
Fancy Bazaar / Panbazar,ZONE-NE01,Ward 14,0.0,0.0,0.0,13.9,52.14,0.21,1.5,94.0,0.09,19,1,68.5,Northeast India (Brahmaputra River Basin & Assam Telemetry)
Fancy Bazaar / Panbazar,ZONE-NE01,Ward 14,0.0,0.0,0.0,11.3,51.91,0.29,1.27,93.9,0.12,19,1,69.3,Northeast India (Brahmaputra River Basin & Assam Telemetry)
Fancy Bazaar / Panbazar,ZONE-NE01,Ward 14,0.0,0.0,0.0,0.0,51.9,0.3,1.39,95.7,0.09,19,1,68.6,Northeast India (Brahmaputra River Basin & Assam Telemetry)
Fancy Bazaar / Panbazar,ZONE-NE01,Ward 14,0.0,0.0,0.0,0.0,51.93,0.3,1.48,96.0,0.09,19,1,65.9,Northeast India (Brahmaputra River Basin & Assam Telemetry)
Fancy Bazaar / Panbazar,ZONE-NE01,Ward 14,0.0,0.0,0.0,7.2,51.88,0.31,1.42,92.7,0.13,19,1,64.4,Northeast India (Brahmaputra River Basin & Assam Telemetry)
Fancy Bazaar / Panbazar,ZONE-NE01,Ward 14,0.0,0.0,0.0,0.0,52.13,0.29,1.48,94.6,0.07,19,1,62.2,Northeast India (Brahmaputra River Basin & Assam Telemetry)
Fancy Bazaar / Panbazar,ZONE-NE01,Ward 14,0.0,0.0,0.0,18.9,52.2,0.25,1.25,94.6,0.09,19,1,70.8,Northeast India (Brahmaputra River Basin & Assam Telemetry)
Fancy Bazaar / Panbazar,ZONE-NE01,Ward 14,0.0,0.0,0.0,0.0,52.24,0.36,1.43,94.2,0.1,19,1,66.2,Northeast India (Brahmaputra River Basin & Assam Telemetry)
Dispur Capital Zone,ZONE-NE02,Ward 22,56.3,207.0,498.3,241.4,57.85,0.57,2.06,88.5,0.6,14,1,85.8,Northeast India (Brahmaputra River Basin & Assam Telemetry)
Dispur Capital Zone,ZONE-NE02,Ward 22,45.7,213.2,577.4,263.7,58.09,0.5,2.27,90.7,0.61,14,1,83.2,Northeast India (Brahmaputra River Basin & Assam Telemetry)
Dispur Capital Zone,ZONE-NE02,Ward 22,52.1,207.6,531.4,253.1,58.09,0.49,2.04,89.1,0.58,14,1,81.6,Northeast India (Brahmaputra River Basin & Assam Telemetry)
Dispur Capital Zone,ZONE-NE02,Ward 22,63.7,229.2,460.1,251.5,57.77,0.54,2.12,87.5,0.59,14,1,80.4,Northeast India (Brahmaputra River Basin & Assam Telemetry)
Dispur Capital Zone,ZONE-NE02,Ward 22,60.5,232.6,502.7,254.4,57.96,0.48,2.13,89.1,0.64,14,1,82.0,Northeast India (Brahmaputra River Basin & Assam Telemetry)
Dispur Capital Zone,ZONE-NE02,Ward 22,46.4,214.9,471.5,248.8,58.09,0.44,2.09,88.7,0.6,14,1,79.9,Northeast India (Brahmaputra River Basin & Assam Telemetry)
Dispur Capital Zone,ZONE-NE02,Ward 22,61.5,214.0,503.7,236.3,57.97,0.48,2.2,88.7,0.59,14,1,80.7,Northeast India (Brahmaputra River Basin & Assam Telemetry)
Dispur Capital Zone,ZONE-NE02,Ward 22,61.8,250.6,490.4,247.3,57.88,0.47,2.08,89.1,0.6,14,1,78.2,Northeast India (Brahmaputra River Basin & Assam Telemetry)
Dispur Capital Zone,ZONE-NE02,Ward 22,62.5,224.4,478.2,251.5,58.06,0.48,2.23,88.1,0.65,14,1,78.9,Northeast India (Brahmaputra River Basin & Assam Telemetry)
Dispur Capital Zone,ZONE-NE02,Ward 22,56.5,204.4,488.4,268.6,58.07,0.53,2.03,86.5,0.63,14,1,85.1,Northeast India (Brahmaputra River Basin & Assam Telemetry)
Dispur Capital Zone,ZONE-NE02,Ward 22,62.3,201.2,487.5,267.3,57.92,0.43,2.07,86.7,0.57,14,1,85.7,Northeast India (Brahmaputra River Basin & Assam Telemetry)
Dispur Capital Zone,ZONE-NE02,Ward 22,53.5,245.0,444.8,257.3,58.08,0.49,2.18,87.9,0.64,14,1,79.0,Northeast India (Brahmaputra River Basin & Assam Telemetry)
Dispur Capital Zone,ZONE-NE02,Ward 22,50.2,210.3,491.5,259.6,58.26,0.48,2.18,86.8,0.6,14,1,82.0,Northeast India (Brahmaputra River Basin & Assam Telemetry)
Dispur Capital Zone,ZONE-NE02,Ward 22,63.2,208.9,507.9,275.8,57.72,0.53,2.23,86.5,0.59,14,1,81.1,Northeast India (Brahmaputra River Basin & Assam Telemetry)
Dispur Capital Zone,ZONE-NE02,Ward 22,60.8,219.8,524.6,256.5,57.79,0.44,2.08,86.8,0.61,14,1,79.7,Northeast India (Brahmaputra River Basin & Assam Telemetry)
Dispur Capital Zone,ZONE-NE02,Ward 22,59.5,197.6,540.3,264.5,58.1,0.53,2.06,86.2,0.6,14,1,81.5,Northeast India (Brahmaputra River Basin & Assam Telemetry)
Dispur Capital Zone,ZONE-NE02,Ward 22,54.5,176.6,480.6,274.3,58.2,0.43,2.14,88.5,0.61,14,1,83.0,Northeast India (Brahmaputra River Basin & Assam Telemetry)
Dispur Capital Zone,ZONE-NE02,Ward 22,56.7,262.2,504.5,268.5,58.07,0.47,2.02,88.7,0.6,14,1,78.1,Northeast India (Brahmaputra River Basin & Assam Telemetry)
Dispur Capital Zone,ZONE-NE02,Ward 22,50.1,222.3,560.3,245.9,57.91,0.57,2.13,88.0,0.6,14,1,80.7,Northeast India (Brahmaputra River Basin & Assam Telemetry)
Dispur Capital Zone,ZONE-NE02,Ward 22,54.4,193.1,446.2,254.6,58.16,0.5,2.09,89.7,0.62,14,1,78.5,Northeast India (Brahmaputra River Basin & Assam Telemetry)
Dispur Capital Zone,ZONE-NE02,Ward 22,60.6,199.9,499.2,264.1,57.84,0.54,1.98,86.9,0.6,14,1,84.1,Northeast India (Brahmaputra River Basin & Assam Telemetry)
Dispur Capital Zone,ZONE-NE02,Ward 22,61.3,209.4,483.4,260.3,58.07,0.54,2.13,86.7,0.62,14,1,83.3,Northeast India (Brahmaputra River Basin & Assam Telemetry)
Dispur Capital Zone,ZONE-NE02,Ward 22,45.7,228.3,465.4,264.2,58.41,0.53,2.09,87.1,0.63,14,1,78.7,Northeast India (Brahmaputra River Basin & Assam Telemetry)
Dispur Capital Zone,ZONE-NE02,Ward 22,48.8,199.3,456.2,259.5,57.79,0.49,2.12,88.7,0.58,14,1,82.6,Northeast India (Brahmaputra River Basin & Assam Telemetry)
Dispur Capital Zone,ZONE-NE02,Ward 22,50.9,202.1,498.3,263.8,58.23,0.47,2.19,88.1,0.6,14,1,81.0,Northeast India (Brahmaputra River Basin & Assam Telemetry)
Dispur Capital Zone,ZONE-NE02,Ward 22,62.5,218.7,469.5,253.9,57.91,0.53,2.22,87.8,0.62,14,1,80.1,Northeast India (Brahmaputra River Basin & Assam Telemetry)
Dispur Capital Zone,ZONE-NE02,Ward 22,52.6,240.6,590.7,269.0,58.17,0.55,2.06,88.6,0.59,14,1,81.7,Northeast India (Brahmaputra River Basin & Assam Telemetry)
Dispur Capital Zone,ZONE-NE02,Ward 22,46.1,228.2,425.4,258.1,58.12,0.54,2.04,87.6,0.62,14,1,84.7,Northeast India (Brahmaputra River Basin & Assam Telemetry)
Dispur Capital Zone,ZONE-NE02,Ward 22,53.1,221.6,522.1,262.0,57.8,0.54,2.09,86.1,0.58,14,1,82.3,Northeast India (Brahmaputra River Basin & Assam Telemetry)
Dispur Capital Zone,ZONE-NE02,Ward 22,57.5,213.7,400.1,260.3,58.11,0.47,1.99,86.2,0.57,14,1,81.4,Northeast India (Brahmaputra River Basin & Assam Telemetry)
Dispur Capital Zone,ZONE-NE02,Ward 22,67.5,221.6,535.2,246.6,58.04,0.42,2.08,88.4,0.59,14,1,78.6,Northeast India (Brahmaputra River Basin & Assam Telemetry)
Dispur Capital Zone,ZONE-NE02,Ward 22,57.5,215.1,496.5,280.0,57.95,0.52,2.06,88.1,0.61,14,1,84.7,Northeast India (Brahmaputra River Basin & Assam Telemetry)
Dispur Capital Zone,ZONE-NE02,Ward 22,54.0,208.8,409.7,258.9,58.28,0.45,2.02,88.1,0.58,14,1,81.4,Northeast India (Brahmaputra River Basin & Assam Telemetry)
Dispur Capital Zone,ZONE-NE02,Ward 22,51.0,232.9,511.2,260.6,58.08,0.52,2.14,88.6,0.58,14,1,84.5,Northeast India (Brahmaputra River Basin & Assam Telemetry)
Dispur Capital Zone,ZONE-NE02,Ward 22,54.0,227.2,495.1,269.8,57.84,0.5,2.13,88.1,0.61,14,1,83.9,Northeast India (Brahmaputra River Basin & Assam Telemetry)
Dispur Capital Zone,ZONE-NE02,Ward 22,58.4,263.3,509.6,323.1,58.07,0.55,2.17,87.3,0.6,14,1,85.7,Northeast India (Brahmaputra River Basin & Assam Telemetry)
Dispur Capital Zone,ZONE-NE02,Ward 22,62.7,273.8,496.7,307.7,58.06,0.51,2.11,88.5,0.63,14,1,84.3,Northeast India (Brahmaputra River Basin & Assam Telemetry)
Dispur Capital Zone,ZONE-NE02,Ward 22,72.3,285.5,584.6,334.1,57.95,0.5,2.08,88.6,0.63,14,1,82.0,Northeast India (Brahmaputra River Basin & Assam Telemetry)
Dispur Capital Zone,ZONE-NE02,Ward 22,60.3,238.1,447.0,316.1,57.77,0.46,2.05,88.3,0.59,14,1,85.9,Northeast India (Brahmaputra River Basin & Assam Telemetry)
Dispur Capital Zone,ZONE-NE02,Ward 22,73.0,253.7,625.5,318.7,58.31,0.45,1.97,87.7,0.62,14,1,84.1,Northeast India (Brahmaputra River Basin & Assam Telemetry)
Dispur Capital Zone,ZONE-NE02,Ward 22,80.7,312.1,451.8,322.0,57.32,0.42,2.18,88.1,0.61,14,1,79.8,Northeast India (Brahmaputra River Basin & Assam Telemetry)
Dispur Capital Zone,ZONE-NE02,Ward 22,65.2,286.1,510.4,305.5,57.72,0.39,2.06,86.9,0.58,14,1,85.2,Northeast India (Brahmaputra River Basin & Assam Telemetry)
Dispur Capital Zone,ZONE-NE02,Ward 22,66.4,270.1,544.8,318.6,57.93,0.52,2.13,89.3,0.6,14,1,84.9,Northeast India (Brahmaputra River Basin & Assam Telemetry)
Dispur Capital Zone,ZONE-NE02,Ward 22,56.2,209.2,436.2,320.5,58.3,0.44,2.15,88.1,0.6,14,1,84.1,Northeast India (Brahmaputra River Basin & Assam Telemetry)
Dispur Capital Zone,ZONE-NE02,Ward 22,68.4,246.0,475.9,306.2,57.75,0.49,2.18,89.1,0.58,14,1,81.3,Northeast India (Brahmaputra River Basin & Assam Telemetry)
Dispur Capital Zone,ZONE-NE02,Ward 22,55.9,277.5,583.1,305.4,58.0,0.48,2.04,88.4,0.64,14,1,83.3,Northeast India (Brahmaputra River Basin & Assam Telemetry)
Dispur Capital Zone,ZONE-NE02,Ward 22,61.1,290.2,532.0,314.4,58.09,0.54,2.16,87.2,0.63,14,1,78.1,Northeast India (Brahmaputra River Basin & Assam Telemetry)
Dispur Capital Zone,ZONE-NE02,Ward 22,63.5,207.0,590.7,309.6,57.87,0.49,1.96,90.0,0.59,14,1,81.6,Northeast India (Brahmaputra River Basin & Assam Telemetry)
Dispur Capital Zone,ZONE-NE02,Ward 22,76.7,267.3,444.4,294.1,58.13,0.52,1.88,88.7,0.63,14,1,80.4,Northeast India (Brahmaputra River Basin & Assam Telemetry)
Dispur Capital Zone,ZONE-NE02,Ward 22,63.5,247.5,531.8,329.0,58.03,0.55,2.07,89.5,0.59,14,1,78.6,Northeast India (Brahmaputra River Basin & Assam Telemetry)
Dispur Capital Zone,ZONE-NE02,Ward 22,82.0,263.8,503.8,308.5,58.04,0.47,2.26,87.5,0.59,14,1,80.4,Northeast India (Brahmaputra River Basin & Assam Telemetry)
Dispur Capital Zone,ZONE-NE02,Ward 22,72.9,277.9,541.1,301.8,58.05,0.49,2.1,89.4,0.6,14,1,85.1,Northeast India (Brahmaputra River Basin & Assam Telemetry)
Dispur Capital Zone,ZONE-NE02,Ward 22,66.3,289.6,512.2,313.9,57.61,0.5,1.98,89.1,0.6,14,1,81.9,Northeast India (Brahmaputra River Basin & Assam Telemetry)
Dispur Capital Zone,ZONE-NE02,Ward 22,53.0,262.9,496.7,306.6,57.85,0.45,2.07,88.0,0.6,14,1,78.9,Northeast India (Brahmaputra River Basin & Assam Telemetry)
Dispur Capital Zone,ZONE-NE02,Ward 22,69.0,234.7,564.2,299.2,57.97,0.47,2.23,87.8,0.59,14,1,80.7,Northeast India (Brahmaputra River Basin & Assam Telemetry)
Dispur Capital Zone,ZONE-NE02,Ward 22,69.1,257.3,609.0,293.4,57.67,0.5,2.32,88.7,0.62,14,1,84.5,Northeast India (Brahmaputra River Basin & Assam Telemetry)
Dispur Capital Zone,ZONE-NE02,Ward 22,58.4,261.5,590.9,316.9,58.17,0.58,2.21,87.9,0.57,14,1,78.7,Northeast India (Brahmaputra River Basin & Assam Telemetry)
Dispur Capital Zone,ZONE-NE02,Ward 22,68.7,244.5,475.3,304.8,57.95,0.5,2.02,86.4,0.56,14,1,85.0,Northeast India (Brahmaputra River Basin & Assam Telemetry)
Dispur Capital Zone,ZONE-NE02,Ward 22,59.0,251.0,582.3,298.7,57.7,0.45,2.29,87.3,0.61,14,1,84.3,Northeast India (Brahmaputra River Basin & Assam Telemetry)
Dispur Capital Zone,ZONE-NE02,Ward 22,58.3,298.0,537.8,312.3,58.15,0.55,1.95,88.7,0.59,14,1,80.7,Northeast India (Brahmaputra River Basin & Assam Telemetry)
Dispur Capital Zone,ZONE-NE02,Ward 22,64.2,206.5,517.5,317.6,57.81,0.52,2.18,87.9,0.58,14,1,82.6,Northeast India (Brahmaputra River Basin & Assam Telemetry)
Dispur Capital Zone,ZONE-NE02,Ward 22,60.3,223.2,535.8,303.7,58.07,0.55,1.81,89.3,0.61,14,1,79.8,Northeast India (Brahmaputra River Basin & Assam Telemetry)
Dispur Capital Zone,ZONE-NE02,Ward 22,86.3,244.4,535.8,309.2,57.85,0.49,2.1,88.3,0.61,14,1,82.0,Northeast India (Brahmaputra River Basin & Assam Telemetry)
Dispur Capital Zone,ZONE-NE02,Ward 22,64.8,244.1,522.6,315.6,58.01,0.51,2.15,89.1,0.6,14,1,80.4,Northeast India (Brahmaputra River Basin & Assam Telemetry)
Dispur Capital Zone,ZONE-NE02,Ward 22,64.3,276.2,582.3,316.8,57.93,0.47,1.98,88.1,0.57,14,1,78.9,Northeast India (Brahmaputra River Basin & Assam Telemetry)
Dispur Capital Zone,ZONE-NE02,Ward 22,71.6,258.4,428.6,336.2,57.92,0.49,1.99,87.4,0.58,14,1,78.1,Northeast India (Brahmaputra River Basin & Assam Telemetry)
Dispur Capital Zone,ZONE-NE02,Ward 22,62.7,236.4,530.3,313.6,57.71,0.54,2.25,87.3,0.6,14,1,80.5,Northeast India (Brahmaputra River Basin & Assam Telemetry)
Dispur Capital Zone,ZONE-NE02,Ward 22,60.9,253.4,603.4,294.0,57.7,0.5,2.0,87.9,0.64,14,1,85.3,Northeast India (Brahmaputra River Basin & Assam Telemetry)
Dispur Capital Zone,ZONE-NE02,Ward 22,59.2,304.9,500.8,299.4,57.95,0.48,2.1,89.8,0.58,14,1,78.0,Northeast India (Brahmaputra River Basin & Assam Telemetry)
Dispur Capital Zone,ZONE-NE02,Ward 22,70.0,284.5,562.8,328.7,58.0,0.5,2.11,87.5,0.58,14,1,80.4,Northeast India (Brahmaputra River Basin & Assam Telemetry)
Dispur Capital Zone,ZONE-NE02,Ward 22,87.1,370.0,740.5,445.2,57.88,0.51,2.1,87.4,0.59,14,1,83.3,Northeast India (Brahmaputra River Basin & Assam Telemetry)
Dispur Capital Zone,ZONE-NE02,Ward 22,91.2,378.8,586.0,440.5,57.98,0.5,2.0,88.8,0.58,14,1,82.7,Northeast India (Brahmaputra River Basin & Assam Telemetry)
Dispur Capital Zone,ZONE-NE02,Ward 22,93.2,382.4,610.3,443.8,57.86,0.52,2.05,88.4,0.61,14,1,80.7,Northeast India (Brahmaputra River Basin & Assam Telemetry)
Dispur Capital Zone,ZONE-NE02,Ward 22,61.7,350.5,706.5,433.5,57.89,0.48,2.07,87.3,0.61,14,1,78.0,Northeast India (Brahmaputra River Basin & Assam Telemetry)
Dispur Capital Zone,ZONE-NE02,Ward 22,74.2,400.5,711.5,443.6,58.2,0.43,2.21,88.1,0.59,14,1,84.1,Northeast India (Brahmaputra River Basin & Assam Telemetry)
Dispur Capital Zone,ZONE-NE02,Ward 22,79.1,374.9,793.5,444.4,57.78,0.48,2.17,87.9,0.61,14,1,80.7,Northeast India (Brahmaputra River Basin & Assam Telemetry)
Dispur Capital Zone,ZONE-NE02,Ward 22,91.6,344.8,626.9,442.6,57.89,0.52,2.15,87.1,0.6,14,1,79.5,Northeast India (Brahmaputra River Basin & Assam Telemetry)
Dispur Capital Zone,ZONE-NE02,Ward 22,94.8,367.8,630.2,439.2,58.26,0.53,2.1,88.1,0.62,14,1,81.3,Northeast India (Brahmaputra River Basin & Assam Telemetry)
Dispur Capital Zone,ZONE-NE02,Ward 22,74.9,323.9,737.2,448.1,57.68,0.49,2.03,88.6,0.62,14,1,83.4,Northeast India (Brahmaputra River Basin & Assam Telemetry)
Dispur Capital Zone,ZONE-NE02,Ward 22,92.1,298.3,722.3,469.0,57.75,0.44,2.18,87.6,0.63,14,1,84.8,Northeast India (Brahmaputra River Basin & Assam Telemetry)
Dispur Capital Zone,ZONE-NE02,Ward 22,89.3,307.2,754.1,448.1,57.91,0.56,1.96,86.0,0.61,14,1,81.9,Northeast India (Brahmaputra River Basin & Assam Telemetry)
Dispur Capital Zone,ZONE-NE02,Ward 22,91.5,263.1,726.5,450.8,58.02,0.48,1.97,86.6,0.6,14,1,82.1,Northeast India (Brahmaputra River Basin & Assam Telemetry)
Dispur Capital Zone,ZONE-NE02,Ward 22,98.3,311.1,745.0,461.4,57.96,0.51,2.28,86.6,0.6,14,1,83.1,Northeast India (Brahmaputra River Basin & Assam Telemetry)
Dispur Capital Zone,ZONE-NE02,Ward 22,99.7,359.0,695.2,451.1,57.67,0.47,2.17,88.8,0.61,14,1,80.8,Northeast India (Brahmaputra River Basin & Assam Telemetry)
Dispur Capital Zone,ZONE-NE02,Ward 22,90.7,316.8,720.7,443.2,58.01,0.56,2.01,87.8,0.58,14,1,81.2,Northeast India (Brahmaputra River Basin & Assam Telemetry)
Dispur Capital Zone,ZONE-NE02,Ward 22,79.3,332.8,759.1,453.8,58.08,0.44,2.03,88.1,0.6,14,1,80.9,Northeast India (Brahmaputra River Basin & Assam Telemetry)
Dispur Capital Zone,ZONE-NE02,Ward 22,93.4,331.7,790.3,422.8,58.37,0.53,2.06,88.7,0.59,14,1,85.0,Northeast India (Brahmaputra River Basin & Assam Telemetry)
Dispur Capital Zone,ZONE-NE02,Ward 22,78.7,329.8,707.6,451.2,57.51,0.49,2.11,87.1,0.57,14,1,84.0,Northeast India (Brahmaputra River Basin & Assam Telemetry)
Dispur Capital Zone,ZONE-NE02,Ward 22,84.8,328.6,743.6,472.4,57.9,0.51,2.21,89.5,0.61,14,1,83.1,Northeast India (Brahmaputra River Basin & Assam Telemetry)
Dispur Capital Zone,ZONE-NE02,Ward 22,78.6,344.0,689.1,436.3,58.0,0.57,2.23,86.9,0.58,14,1,82.7,Northeast India (Brahmaputra River Basin & Assam Telemetry)
Dispur Capital Zone,ZONE-NE02,Ward 22,81.7,354.4,744.7,462.9,57.63,0.49,1.93,88.2,0.59,14,1,79.4,Northeast India (Brahmaputra River Basin & Assam Telemetry)
Dispur Capital Zone,ZONE-NE02,Ward 22,91.7,362.4,629.4,433.6,58.23,0.58,2.1,88.1,0.63,14,1,83.6,Northeast India (Brahmaputra River Basin & Assam Telemetry)
Dispur Capital Zone,ZONE-NE02,Ward 22,98.4,411.6,778.4,450.5,57.85,0.52,2.11,89.4,0.61,14,1,80.1,Northeast India (Brahmaputra River Basin & Assam Telemetry)
Dispur Capital Zone,ZONE-NE02,Ward 22,84.5,339.1,855.9,432.9,58.27,0.45,2.17,88.3,0.62,14,1,78.6,Northeast India (Brahmaputra River Basin & Assam Telemetry)
Dispur Capital Zone,ZONE-NE02,Ward 22,96.4,317.3,833.4,465.0,57.98,0.48,2.02,86.4,0.63,14,1,85.1,Northeast India (Brahmaputra River Basin & Assam Telemetry)
Dispur Capital Zone,ZONE-NE02,Ward 22,90.7,328.8,664.0,454.4,57.98,0.52,2.06,89.7,0.61,14,1,84.5,Northeast India (Brahmaputra River Basin & Assam Telemetry)
Dispur Capital Zone,ZONE-NE02,Ward 22,90.3,273.7,692.3,449.2,58.01,0.44,2.08,88.6,0.55,14,1,82.3,Northeast India (Brahmaputra River Basin & Assam Telemetry)
Dispur Capital Zone,ZONE-NE02,Ward 22,80.9,329.4,768.1,446.0,58.12,0.53,2.09,88.1,0.59,14,1,84.2,Northeast India (Brahmaputra River Basin & Assam Telemetry)
Dispur Capital Zone,ZONE-NE02,Ward 22,88.0,297.2,831.2,457.4,58.16,0.57,2.3,87.3,0.59,14,1,78.2,Northeast India (Brahmaputra River Basin & Assam Telemetry)
Dispur Capital Zone,ZONE-NE02,Ward 22,79.5,335.7,644.4,457.4,57.91,0.51,2.17,88.6,0.6,14,1,78.3,Northeast India (Brahmaputra River Basin & Assam Telemetry)
Dispur Capital Zone,ZONE-NE02,Ward 22,92.3,342.2,597.1,448.1,58.25,0.46,1.99,87.9,0.59,14,1,85.2,Northeast India (Brahmaputra River Basin & Assam Telemetry)
Dispur Capital Zone,ZONE-NE02,Ward 22,94.4,296.3,722.5,442.3,57.84,0.5,2.07,88.7,0.62,14,1,79.2,Northeast India (Brahmaputra River Basin & Assam Telemetry)
Dispur Capital Zone,ZONE-NE02,Ward 22,92.9,368.7,673.0,452.4,58.04,0.54,1.98,88.4,0.61,14,1,85.1,Northeast India (Brahmaputra River Basin & Assam Telemetry)
Dispur Capital Zone,ZONE-NE02,Ward 22,79.0,297.7,751.5,467.1,57.75,0.46,1.96,89.6,0.61,14,1,83.9,Northeast India (Brahmaputra River Basin & Assam Telemetry)
Dispur Capital Zone,ZONE-NE02,Ward 22,89.5,282.0,704.0,463.0,58.18,0.53,2.14,86.8,0.59,14,1,82.8,Northeast India (Brahmaputra River Basin & Assam Telemetry)
Dispur Capital Zone,ZONE-NE02,Ward 22,44.2,187.1,431.3,195.6,58.16,0.46,1.98,86.4,0.59,14,1,79.9,Northeast India (Brahmaputra River Basin & Assam Telemetry)
Dispur Capital Zone,ZONE-NE02,Ward 22,42.7,145.2,342.8,188.9,58.14,0.48,2.13,88.4,0.58,14,1,81.6,Northeast India (Brahmaputra River Basin & Assam Telemetry)
Dispur Capital Zone,ZONE-NE02,Ward 22,47.7,148.2,374.3,207.7,58.04,0.5,2.01,88.2,0.58,14,1,79.2,Northeast India (Brahmaputra River Basin & Assam Telemetry)
Dispur Capital Zone,ZONE-NE02,Ward 22,47.1,178.4,471.1,181.8,57.88,0.53,2.15,88.1,0.58,14,1,82.6,Northeast India (Brahmaputra River Basin & Assam Telemetry)
Dispur Capital Zone,ZONE-NE02,Ward 22,38.5,216.0,448.5,174.3,57.95,0.51,2.11,88.2,0.57,14,1,78.2,Northeast India (Brahmaputra River Basin & Assam Telemetry)
Dispur Capital Zone,ZONE-NE02,Ward 22,40.1,179.5,334.5,190.4,58.11,0.51,2.12,88.2,0.6,14,1,80.2,Northeast India (Brahmaputra River Basin & Assam Telemetry)
Dispur Capital Zone,ZONE-NE02,Ward 22,42.9,157.7,350.2,184.1,58.19,0.41,2.16,86.0,0.63,14,1,79.9,Northeast India (Brahmaputra River Basin & Assam Telemetry)
Dispur Capital Zone,ZONE-NE02,Ward 22,38.4,169.6,372.9,217.2,57.3,0.56,1.98,89.8,0.61,14,1,80.5,Northeast India (Brahmaputra River Basin & Assam Telemetry)
Dispur Capital Zone,ZONE-NE02,Ward 22,36.6,171.0,389.1,194.7,57.92,0.45,2.2,87.1,0.55,14,1,79.1,Northeast India (Brahmaputra River Basin & Assam Telemetry)
Dispur Capital Zone,ZONE-NE02,Ward 22,39.2,161.0,444.6,194.0,58.29,0.43,2.03,87.6,0.62,14,1,78.6,Northeast India (Brahmaputra River Basin & Assam Telemetry)
Dispur Capital Zone,ZONE-NE02,Ward 22,41.7,164.2,265.6,188.4,57.7,0.6,2.19,86.3,0.61,14,1,83.1,Northeast India (Brahmaputra River Basin & Assam Telemetry)
Dispur Capital Zone,ZONE-NE02,Ward 22,45.5,170.0,330.2,179.5,57.58,0.43,2.08,88.2,0.59,14,1,79.0,Northeast India (Brahmaputra River Basin & Assam Telemetry)
Dispur Capital Zone,ZONE-NE02,Ward 22,37.6,184.5,344.7,207.3,58.14,0.51,2.19,87.5,0.58,14,1,80.3,Northeast India (Brahmaputra River Basin & Assam Telemetry)
Dispur Capital Zone,ZONE-NE02,Ward 22,48.5,169.2,431.8,178.9,58.3,0.53,2.06,87.0,0.63,14,1,84.2,Northeast India (Brahmaputra River Basin & Assam Telemetry)
Dispur Capital Zone,ZONE-NE02,Ward 22,41.0,192.6,300.1,185.9,58.03,0.54,2.09,87.1,0.63,14,1,78.5,Northeast India (Brahmaputra River Basin & Assam Telemetry)
Dispur Capital Zone,ZONE-NE02,Ward 22,44.2,181.2,353.8,178.3,58.12,0.41,2.04,89.7,0.56,14,1,81.4,Northeast India (Brahmaputra River Basin & Assam Telemetry)
Dispur Capital Zone,ZONE-NE02,Ward 22,39.3,183.2,433.1,186.4,58.01,0.48,2.1,89.3,0.6,14,1,85.6,Northeast India (Brahmaputra River Basin & Assam Telemetry)
Dispur Capital Zone,ZONE-NE02,Ward 22,42.0,168.2,422.9,198.8,57.94,0.56,2.17,86.9,0.62,14,1,80.7,Northeast India (Brahmaputra River Basin & Assam Telemetry)
Dispur Capital Zone,ZONE-NE02,Ward 22,46.3,180.2,434.5,207.2,58.03,0.52,2.22,88.7,0.56,14,1,78.4,Northeast India (Brahmaputra River Basin & Assam Telemetry)
Dispur Capital Zone,ZONE-NE02,Ward 22,43.1,154.2,374.9,171.2,58.03,0.52,2.11,85.9,0.57,14,1,83.4,Northeast India (Brahmaputra River Basin & Assam Telemetry)
Dispur Capital Zone,ZONE-NE02,Ward 22,38.1,194.8,413.9,200.1,57.98,0.48,2.03,87.9,0.59,14,1,83.8,Northeast India (Brahmaputra River Basin & Assam Telemetry)
Dispur Capital Zone,ZONE-NE02,Ward 22,45.9,173.2,312.4,174.9,58.23,0.49,2.29,90.0,0.56,14,1,78.9,Northeast India (Brahmaputra River Basin & Assam Telemetry)
Dispur Capital Zone,ZONE-NE02,Ward 22,49.8,161.2,390.5,195.7,57.85,0.46,2.03,87.9,0.58,14,1,80.8,Northeast India (Brahmaputra River Basin & Assam Telemetry)
Dispur Capital Zone,ZONE-NE02,Ward 22,33.1,153.9,376.5,207.1,57.7,0.5,2.03,88.6,0.59,14,1,85.6,Northeast India (Brahmaputra River Basin & Assam Telemetry)
Dispur Capital Zone,ZONE-NE02,Ward 22,43.4,183.6,361.3,212.2,57.91,0.56,2.15,87.5,0.6,14,1,80.6,Northeast India (Brahmaputra River Basin & Assam Telemetry)
Dispur Capital Zone,ZONE-NE02,Ward 22,49.2,186.4,399.8,198.3,58.03,0.46,2.01,89.4,0.6,14,1,84.9,Northeast India (Brahmaputra River Basin & Assam Telemetry)
Dispur Capital Zone,ZONE-NE02,Ward 22,39.8,195.5,232.8,180.1,58.12,0.54,2.11,86.8,0.6,14,1,80.7,Northeast India (Brahmaputra River Basin & Assam Telemetry)
Dispur Capital Zone,ZONE-NE02,Ward 22,43.3,143.9,386.7,186.8,57.97,0.47,2.19,87.6,0.6,14,1,78.6,Northeast India (Brahmaputra River Basin & Assam Telemetry)
Dispur Capital Zone,ZONE-NE02,Ward 22,45.9,177.6,428.0,195.0,58.15,0.55,2.27,89.1,0.59,14,1,80.0,Northeast India (Brahmaputra River Basin & Assam Telemetry)
Dispur Capital Zone,ZONE-NE02,Ward 22,36.2,142.8,337.9,193.3,58.25,0.47,2.11,90.2,0.58,14,1,81.6,Northeast India (Brahmaputra River Basin & Assam Telemetry)
Dispur Capital Zone,ZONE-NE02,Ward 22,43.6,155.1,402.4,192.9,57.68,0.42,2.12,88.7,0.61,14,1,78.3,Northeast India (Brahmaputra River Basin & Assam Telemetry)
Dispur Capital Zone,ZONE-NE02,Ward 22,43.9,147.4,359.2,196.9,58.1,0.49,2.1,88.8,0.6,14,1,85.2,Northeast India (Brahmaputra River Basin & Assam Telemetry)
Dispur Capital Zone,ZONE-NE02,Ward 22,36.3,169.0,380.4,199.3,58.07,0.52,2.4,89.3,0.64,14,1,84.0,Northeast India (Brahmaputra River Basin & Assam Telemetry)
Dispur Capital Zone,ZONE-NE02,Ward 22,40.2,177.0,331.8,194.1,57.95,0.48,2.1,89.9,0.61,14,1,80.3,Northeast India (Brahmaputra River Basin & Assam Telemetry)
Dispur Capital Zone,ZONE-NE02,Ward 22,37.8,144.6,390.8,189.0,58.02,0.46,2.1,89.0,0.6,14,1,79.2,Northeast India (Brahmaputra River Basin & Assam Telemetry)
Dispur Capital Zone,ZONE-NE02,Ward 22,34.7,122.4,277.6,129.2,58.1,0.49,2.1,87.9,0.61,14,1,78.7,Northeast India (Brahmaputra River Basin & Assam Telemetry)
Dispur Capital Zone,ZONE-NE02,Ward 22,30.0,122.3,274.3,120.1,58.04,0.53,2.27,88.6,0.62,14,1,85.2,Northeast India (Brahmaputra River Basin & Assam Telemetry)
Dispur Capital Zone,ZONE-NE02,Ward 22,25.3,105.2,303.2,123.5,57.31,0.53,2.25,89.6,0.59,14,1,85.5,Northeast India (Brahmaputra River Basin & Assam Telemetry)
Dispur Capital Zone,ZONE-NE02,Ward 22,29.1,124.1,266.5,139.0,57.35,0.52,2.23,86.7,0.59,14,1,80.8,Northeast India (Brahmaputra River Basin & Assam Telemetry)
Dispur Capital Zone,ZONE-NE02,Ward 22,31.5,125.3,229.1,143.2,58.51,0.49,2.13,89.0,0.64,14,1,78.8,Northeast India (Brahmaputra River Basin & Assam Telemetry)
Dispur Capital Zone,ZONE-NE02,Ward 22,29.0,118.0,240.9,111.5,57.75,0.51,2.05,87.3,0.59,14,1,82.9,Northeast India (Brahmaputra River Basin & Assam Telemetry)
Dispur Capital Zone,ZONE-NE02,Ward 22,27.6,112.8,251.7,109.3,57.9,0.46,2.17,88.5,0.64,14,1,81.9,Northeast India (Brahmaputra River Basin & Assam Telemetry)
Dispur Capital Zone,ZONE-NE02,Ward 22,29.6,123.4,269.8,124.1,58.09,0.44,2.0,87.8,0.58,14,1,80.7,Northeast India (Brahmaputra River Basin & Assam Telemetry)
Dispur Capital Zone,ZONE-NE02,Ward 22,36.2,116.7,304.8,107.1,58.03,0.53,2.03,87.3,0.62,14,1,81.5,Northeast India (Brahmaputra River Basin & Assam Telemetry)
Dispur Capital Zone,ZONE-NE02,Ward 22,26.4,122.2,274.9,143.2,58.14,0.51,2.07,88.7,0.6,14,1,79.8,Northeast India (Brahmaputra River Basin & Assam Telemetry)
Dispur Capital Zone,ZONE-NE02,Ward 22,30.6,113.3,246.0,127.4,58.17,0.52,2.17,88.6,0.57,14,1,79.3,Northeast India (Brahmaputra River Basin & Assam Telemetry)
Dispur Capital Zone,ZONE-NE02,Ward 22,32.5,122.1,349.7,137.8,58.02,0.54,2.05,86.4,0.61,14,1,79.2,Northeast India (Brahmaputra River Basin & Assam Telemetry)
Dispur Capital Zone,ZONE-NE02,Ward 22,28.0,142.2,258.8,117.7,57.78,0.48,2.07,88.0,0.6,14,1,78.9,Northeast India (Brahmaputra River Basin & Assam Telemetry)
Dispur Capital Zone,ZONE-NE02,Ward 22,30.3,130.0,210.0,132.0,57.9,0.47,2.01,87.0,0.63,14,1,79.2,Northeast India (Brahmaputra River Basin & Assam Telemetry)
Dispur Capital Zone,ZONE-NE02,Ward 22,28.2,124.5,252.1,123.0,58.35,0.48,2.11,87.6,0.61,14,1,82.8,Northeast India (Brahmaputra River Basin & Assam Telemetry)
Dispur Capital Zone,ZONE-NE02,Ward 22,34.8,120.2,243.5,89.1,58.16,0.42,2.09,87.5,0.62,14,1,82.0,Northeast India (Brahmaputra River Basin & Assam Telemetry)
Dispur Capital Zone,ZONE-NE02,Ward 22,28.7,127.3,255.1,122.8,57.82,0.58,2.14,89.6,0.58,14,1,84.0,Northeast India (Brahmaputra River Basin & Assam Telemetry)
Dispur Capital Zone,ZONE-NE02,Ward 22,29.2,119.9,285.4,116.4,58.14,0.44,1.88,89.2,0.6,14,1,82.6,Northeast India (Brahmaputra River Basin & Assam Telemetry)
Dispur Capital Zone,ZONE-NE02,Ward 22,31.1,124.1,273.0,112.7,57.98,0.41,2.1,89.2,0.6,14,1,81.1,Northeast India (Brahmaputra River Basin & Assam Telemetry)
Dispur Capital Zone,ZONE-NE02,Ward 22,24.8,114.1,239.0,111.0,58.03,0.51,2.11,89.8,0.62,14,1,80.5,Northeast India (Brahmaputra River Basin & Assam Telemetry)
Dispur Capital Zone,ZONE-NE02,Ward 22,26.9,126.8,244.9,108.9,58.27,0.42,2.01,86.3,0.61,14,1,82.4,Northeast India (Brahmaputra River Basin & Assam Telemetry)
Dispur Capital Zone,ZONE-NE02,Ward 22,29.4,98.0,235.0,123.0,58.04,0.55,2.16,89.5,0.58,14,1,79.6,Northeast India (Brahmaputra River Basin & Assam Telemetry)
Dispur Capital Zone,ZONE-NE02,Ward 22,25.5,134.3,284.8,141.3,57.79,0.43,2.1,86.9,0.57,14,1,84.2,Northeast India (Brahmaputra River Basin & Assam Telemetry)
Dispur Capital Zone,ZONE-NE02,Ward 22,33.2,118.0,231.5,119.1,58.06,0.6,2.23,88.2,0.63,14,1,79.9,Northeast India (Brahmaputra River Basin & Assam Telemetry)
Dispur Capital Zone,ZONE-NE02,Ward 22,35.0,119.5,239.5,120.9,57.78,0.58,2.1,88.2,0.63,14,1,78.9,Northeast India (Brahmaputra River Basin & Assam Telemetry)
Dispur Capital Zone,ZONE-NE02,Ward 22,33.3,116.6,285.6,124.5,58.1,0.43,2.14,90.3,0.6,14,1,83.7,Northeast India (Brahmaputra River Basin & Assam Telemetry)
Dispur Capital Zone,ZONE-NE02,Ward 22,31.9,104.4,255.9,123.8,58.05,0.48,2.1,89.4,0.59,14,1,85.3,Northeast India (Brahmaputra River Basin & Assam Telemetry)
Dispur Capital Zone,ZONE-NE02,Ward 22,27.9,141.6,217.4,129.7,58.1,0.5,2.0,88.7,0.6,14,1,78.5,Northeast India (Brahmaputra River Basin & Assam Telemetry)
Dispur Capital Zone,ZONE-NE02,Ward 22,29.9,108.0,230.1,123.5,57.8,0.53,1.98,88.1,0.6,14,1,80.4,Northeast India (Brahmaputra River Basin & Assam Telemetry)
Dispur Capital Zone,ZONE-NE02,Ward 22,26.6,138.5,237.6,119.6,57.96,0.52,2.25,88.4,0.56,14,1,78.9,Northeast India (Brahmaputra River Basin & Assam Telemetry)
Dispur Capital Zone,ZONE-NE02,Ward 22,32.3,138.9,302.5,119.0,58.15,0.56,1.92,89.0,0.63,14,1,85.5,Northeast India (Brahmaputra River Basin & Assam Telemetry)
Dispur Capital Zone,ZONE-NE02,Ward 22,31.0,114.9,250.3,111.1,57.87,0.5,2.17,88.9,0.61,14,1,82.2,Northeast India (Brahmaputra River Basin & Assam Telemetry)
Dispur Capital Zone,ZONE-NE02,Ward 22,26.8,121.0,284.3,117.1,58.03,0.49,2.16,90.0,0.58,14,1,80.5,Northeast India (Brahmaputra River Basin & Assam Telemetry)
Dispur Capital Zone,ZONE-NE02,Ward 22,29.3,109.5,262.2,125.4,58.11,0.53,2.0,88.4,0.63,14,1,79.3,Northeast India (Brahmaputra River Basin & Assam Telemetry)
Dispur Capital Zone,ZONE-NE02,Ward 22,25.4,118.8,257.6,113.4,57.83,0.58,2.08,88.0,0.63,14,1,79.6,Northeast India (Brahmaputra River Basin & Assam Telemetry)
Dispur Capital Zone,ZONE-NE02,Ward 22,12.9,46.3,79.2,40.4,58.15,0.55,2.01,90.1,0.61,14,1,71.9,Northeast India (Brahmaputra River Basin & Assam Telemetry)
Dispur Capital Zone,ZONE-NE02,Ward 22,12.0,37.6,88.0,35.2,57.65,0.56,2.01,88.1,0.63,14,1,73.2,Northeast India (Brahmaputra River Basin & Assam Telemetry)
Dispur Capital Zone,ZONE-NE02,Ward 22,11.6,42.9,103.6,33.0,57.92,0.48,2.19,89.4,0.63,14,1,82.4,Northeast India (Brahmaputra River Basin & Assam Telemetry)
Dispur Capital Zone,ZONE-NE02,Ward 22,12.2,46.7,86.0,34.9,58.1,0.52,2.23,86.4,0.64,14,1,71.2,Northeast India (Brahmaputra River Basin & Assam Telemetry)
Dispur Capital Zone,ZONE-NE02,Ward 22,14.0,55.5,79.2,32.3,58.03,0.45,1.97,89.2,0.62,14,1,77.2,Northeast India (Brahmaputra River Basin & Assam Telemetry)
Dispur Capital Zone,ZONE-NE02,Ward 22,12.2,40.8,101.1,46.0,58.18,0.46,1.95,87.1,0.59,14,1,77.1,Northeast India (Brahmaputra River Basin & Assam Telemetry)
Dispur Capital Zone,ZONE-NE02,Ward 22,13.5,47.6,93.7,49.1,57.97,0.54,2.07,87.1,0.58,14,1,78.2,Northeast India (Brahmaputra River Basin & Assam Telemetry)
Dispur Capital Zone,ZONE-NE02,Ward 22,13.1,40.7,100.2,21.7,58.07,0.48,2.06,86.0,0.59,14,1,73.7,Northeast India (Brahmaputra River Basin & Assam Telemetry)
Dispur Capital Zone,ZONE-NE02,Ward 22,12.3,51.2,86.4,46.9,58.24,0.53,2.06,86.8,0.6,14,1,76.0,Northeast India (Brahmaputra River Basin & Assam Telemetry)
Dispur Capital Zone,ZONE-NE02,Ward 22,12.5,58.5,100.7,39.4,57.79,0.54,2.06,87.3,0.58,14,1,76.7,Northeast India (Brahmaputra River Basin & Assam Telemetry)
Dispur Capital Zone,ZONE-NE02,Ward 22,15.4,41.3,86.4,47.2,58.1,0.55,2.35,86.9,0.62,14,1,76.1,Northeast India (Brahmaputra River Basin & Assam Telemetry)
Dispur Capital Zone,ZONE-NE02,Ward 22,12.4,48.1,87.5,35.8,58.1,0.46,2.15,87.8,0.61,14,1,72.8,Northeast India (Brahmaputra River Basin & Assam Telemetry)
Dispur Capital Zone,ZONE-NE02,Ward 22,12.5,42.0,103.7,56.2,58.13,0.47,2.12,85.9,0.62,14,1,81.2,Northeast India (Brahmaputra River Basin & Assam Telemetry)
Dispur Capital Zone,ZONE-NE02,Ward 22,12.0,43.2,81.1,39.1,57.86,0.54,2.21,88.2,0.6,14,1,71.2,Northeast India (Brahmaputra River Basin & Assam Telemetry)
Dispur Capital Zone,ZONE-NE02,Ward 22,11.7,45.3,108.6,65.1,57.9,0.51,2.25,87.8,0.63,14,1,81.0,Northeast India (Brahmaputra River Basin & Assam Telemetry)
Dispur Capital Zone,ZONE-NE02,Ward 22,11.6,47.6,90.4,41.7,57.93,0.52,2.07,88.6,0.59,14,1,78.7,Northeast India (Brahmaputra River Basin & Assam Telemetry)
Dispur Capital Zone,ZONE-NE02,Ward 22,11.7,44.6,98.2,47.4,57.9,0.53,2.27,87.4,0.6,14,1,82.0,Northeast India (Brahmaputra River Basin & Assam Telemetry)
Dispur Capital Zone,ZONE-NE02,Ward 22,11.8,48.6,98.2,49.5,57.84,0.51,2.11,88.6,0.58,14,1,78.7,Northeast India (Brahmaputra River Basin & Assam Telemetry)
Dispur Capital Zone,ZONE-NE02,Ward 22,12.1,40.9,101.2,23.4,58.03,0.51,2.24,86.4,0.59,14,1,76.0,Northeast India (Brahmaputra River Basin & Assam Telemetry)
Dispur Capital Zone,ZONE-NE02,Ward 22,13.9,35.8,100.3,51.5,58.06,0.47,2.09,87.4,0.62,14,1,81.9,Northeast India (Brahmaputra River Basin & Assam Telemetry)
Dispur Capital Zone,ZONE-NE02,Ward 22,10.9,48.9,91.8,39.0,57.78,0.6,2.0,89.8,0.57,14,1,79.2,Northeast India (Brahmaputra River Basin & Assam Telemetry)
Dispur Capital Zone,ZONE-NE02,Ward 22,11.7,46.1,93.5,43.5,57.78,0.48,2.07,89.1,0.59,14,1,78.8,Northeast India (Brahmaputra River Basin & Assam Telemetry)
Dispur Capital Zone,ZONE-NE02,Ward 22,13.4,40.1,93.4,21.8,58.06,0.5,2.06,86.8,0.6,14,1,75.5,Northeast India (Brahmaputra River Basin & Assam Telemetry)
Dispur Capital Zone,ZONE-NE02,Ward 22,12.0,42.4,103.5,40.2,57.95,0.52,2.01,87.0,0.64,14,1,78.4,Northeast India (Brahmaputra River Basin & Assam Telemetry)
Dispur Capital Zone,ZONE-NE02,Ward 22,14.9,44.8,85.5,35.3,58.05,0.47,2.09,87.7,0.61,14,1,79.3,Northeast India (Brahmaputra River Basin & Assam Telemetry)
Dispur Capital Zone,ZONE-NE02,Ward 22,10.5,39.9,93.8,45.3,57.88,0.53,2.15,87.8,0.59,14,1,81.6,Northeast India (Brahmaputra River Basin & Assam Telemetry)
Dispur Capital Zone,ZONE-NE02,Ward 22,13.3,45.3,103.1,38.4,58.15,0.52,2.18,87.2,0.6,14,1,78.1,Northeast India (Brahmaputra River Basin & Assam Telemetry)
Dispur Capital Zone,ZONE-NE02,Ward 22,10.8,47.2,98.8,42.9,57.76,0.54,2.02,87.7,0.56,14,1,75.7,Northeast India (Brahmaputra River Basin & Assam Telemetry)
Dispur Capital Zone,ZONE-NE02,Ward 22,13.2,46.0,101.2,39.5,58.05,0.49,2.12,86.5,0.64,14,1,79.6,Northeast India (Brahmaputra River Basin & Assam Telemetry)
Dispur Capital Zone,ZONE-NE02,Ward 22,12.4,48.0,100.4,36.1,58.27,0.57,2.04,88.1,0.63,14,1,74.6,Northeast India (Brahmaputra River Basin & Assam Telemetry)
Dispur Capital Zone,ZONE-NE02,Ward 22,13.4,49.2,78.8,37.4,58.05,0.55,2.36,87.6,0.61,14,1,72.4,Northeast India (Brahmaputra River Basin & Assam Telemetry)
Dispur Capital Zone,ZONE-NE02,Ward 22,12.3,40.4,99.5,40.6,57.86,0.49,2.3,86.3,0.58,14,1,79.6,Northeast India (Brahmaputra River Basin & Assam Telemetry)
Dispur Capital Zone,ZONE-NE02,Ward 22,8.1,41.5,93.9,51.9,57.99,0.51,2.0,87.3,0.64,14,1,79.7,Northeast India (Brahmaputra River Basin & Assam Telemetry)
Dispur Capital Zone,ZONE-NE02,Ward 22,14.4,52.5,102.0,28.4,57.83,0.47,2.02,88.5,0.56,14,1,77.2,Northeast India (Brahmaputra River Basin & Assam Telemetry)
Dispur Capital Zone,ZONE-NE02,Ward 22,13.0,41.9,89.7,49.4,58.09,0.55,2.15,86.1,0.59,14,1,73.1,Northeast India (Brahmaputra River Basin & Assam Telemetry)
Dispur Capital Zone,ZONE-NE02,Ward 22,2.9,13.8,25.5,9.7,58.07,0.51,2.14,87.6,0.59,14,0,0.0,Northeast India (Brahmaputra River Basin & Assam Telemetry)
Dispur Capital Zone,ZONE-NE02,Ward 22,3.3,12.0,28.1,8.4,57.88,0.59,2.08,87.4,0.63,14,0,0.0,Northeast India (Brahmaputra River Basin & Assam Telemetry)
Dispur Capital Zone,ZONE-NE02,Ward 22,2.7,11.6,23.9,6.8,58.38,0.5,2.03,88.1,0.62,14,0,0.0,Northeast India (Brahmaputra River Basin & Assam Telemetry)
Dispur Capital Zone,ZONE-NE02,Ward 22,3.2,11.9,29.1,17.9,58.17,0.53,2.18,86.8,0.59,14,0,0.0,Northeast India (Brahmaputra River Basin & Assam Telemetry)
Dispur Capital Zone,ZONE-NE02,Ward 22,3.0,10.8,28.5,0.0,58.06,0.52,2.11,88.1,0.57,14,0,0.0,Northeast India (Brahmaputra River Basin & Assam Telemetry)
Dispur Capital Zone,ZONE-NE02,Ward 22,3.0,11.1,24.5,0.0,57.99,0.56,1.98,87.9,0.6,14,0,0.0,Northeast India (Brahmaputra River Basin & Assam Telemetry)
Dispur Capital Zone,ZONE-NE02,Ward 22,2.7,11.6,23.5,0.0,57.82,0.49,2.11,88.9,0.57,14,0,0.0,Northeast India (Brahmaputra River Basin & Assam Telemetry)
Dispur Capital Zone,ZONE-NE02,Ward 22,2.4,10.7,23.7,10.2,57.9,0.45,1.83,88.0,0.54,14,0,0.0,Northeast India (Brahmaputra River Basin & Assam Telemetry)
Dispur Capital Zone,ZONE-NE02,Ward 22,3.3,12.6,26.0,10.8,58.19,0.45,2.02,88.3,0.61,14,0,0.0,Northeast India (Brahmaputra River Basin & Assam Telemetry)
Dispur Capital Zone,ZONE-NE02,Ward 22,2.8,13.7,26.0,0.0,57.87,0.61,2.15,87.9,0.57,14,0,0.0,Northeast India (Brahmaputra River Basin & Assam Telemetry)
Dispur Capital Zone,ZONE-NE02,Ward 22,2.7,12.1,20.5,8.1,57.76,0.51,2.18,88.0,0.58,14,0,0.0,Northeast India (Brahmaputra River Basin & Assam Telemetry)
Dispur Capital Zone,ZONE-NE02,Ward 22,2.8,11.9,25.5,6.1,57.82,0.45,2.26,87.8,0.57,14,0,0.0,Northeast India (Brahmaputra River Basin & Assam Telemetry)
Dispur Capital Zone,ZONE-NE02,Ward 22,2.7,10.7,25.3,0.9,58.12,0.55,2.0,87.7,0.57,14,0,0.0,Northeast India (Brahmaputra River Basin & Assam Telemetry)
Dispur Capital Zone,ZONE-NE02,Ward 22,3.0,12.2,28.5,0.0,58.1,0.47,2.17,88.6,0.6,14,0,0.0,Northeast India (Brahmaputra River Basin & Assam Telemetry)
Dispur Capital Zone,ZONE-NE02,Ward 22,2.8,12.6,25.7,10.1,58.03,0.46,2.26,87.3,0.61,14,0,0.0,Northeast India (Brahmaputra River Basin & Assam Telemetry)
Dispur Capital Zone,ZONE-NE02,Ward 22,3.2,12.5,22.3,13.2,58.21,0.52,2.46,88.8,0.58,14,0,0.0,Northeast India (Brahmaputra River Basin & Assam Telemetry)
Dispur Capital Zone,ZONE-NE02,Ward 22,2.6,12.0,24.5,6.8,58.03,0.49,2.08,88.4,0.58,14,0,0.0,Northeast India (Brahmaputra River Basin & Assam Telemetry)
Dispur Capital Zone,ZONE-NE02,Ward 22,2.3,12.9,23.8,0.0,58.09,0.48,2.1,88.7,0.57,14,0,0.0,Northeast India (Brahmaputra River Basin & Assam Telemetry)
Dispur Capital Zone,ZONE-NE02,Ward 22,3.3,11.4,23.3,0.0,58.26,0.54,2.05,88.4,0.61,14,0,0.0,Northeast India (Brahmaputra River Basin & Assam Telemetry)
Dispur Capital Zone,ZONE-NE02,Ward 22,2.5,13.2,28.3,7.3,58.08,0.49,2.04,88.3,0.59,14,0,0.0,Northeast India (Brahmaputra River Basin & Assam Telemetry)
Dispur Capital Zone,ZONE-NE02,Ward 22,3.4,12.5,31.7,7.3,58.06,0.48,2.25,89.6,0.6,14,0,0.0,Northeast India (Brahmaputra River Basin & Assam Telemetry)
Dispur Capital Zone,ZONE-NE02,Ward 22,3.3,11.9,24.9,2.0,58.14,0.52,2.21,87.0,0.58,14,0,0.0,Northeast India (Brahmaputra River Basin & Assam Telemetry)
Dispur Capital Zone,ZONE-NE02,Ward 22,3.1,13.7,21.0,15.6,57.82,0.49,2.17,87.6,0.57,14,0,0.0,Northeast India (Brahmaputra River Basin & Assam Telemetry)
Dispur Capital Zone,ZONE-NE02,Ward 22,2.9,11.2,26.6,17.4,57.95,0.52,2.29,87.6,0.64,14,0,0.0,Northeast India (Brahmaputra River Basin & Assam Telemetry)
Dispur Capital Zone,ZONE-NE02,Ward 22,2.5,10.1,22.6,3.4,58.06,0.48,2.2,89.3,0.58,14,0,0.0,Northeast India (Brahmaputra River Basin & Assam Telemetry)
Dispur Capital Zone,ZONE-NE02,Ward 22,3.1,14.6,28.7,0.0,58.16,0.44,2.18,88.1,0.6,14,0,0.0,Northeast India (Brahmaputra River Basin & Assam Telemetry)
Dispur Capital Zone,ZONE-NE02,Ward 22,2.9,12.2,19.9,10.5,57.63,0.53,2.19,88.0,0.62,14,0,0.0,Northeast India (Brahmaputra River Basin & Assam Telemetry)
Dispur Capital Zone,ZONE-NE02,Ward 22,2.8,11.1,25.4,0.0,58.01,0.53,2.24,88.3,0.59,14,0,0.0,Northeast India (Brahmaputra River Basin & Assam Telemetry)
Dispur Capital Zone,ZONE-NE02,Ward 22,2.9,10.1,22.2,0.0,57.67,0.57,1.97,89.3,0.62,14,0,0.0,Northeast India (Brahmaputra River Basin & Assam Telemetry)
Dispur Capital Zone,ZONE-NE02,Ward 22,2.9,13.1,24.8,10.2,57.81,0.5,2.23,89.0,0.62,14,0,0.0,Northeast India (Brahmaputra River Basin & Assam Telemetry)
Dispur Capital Zone,ZONE-NE02,Ward 22,3.4,14.6,23.8,6.1,57.94,0.56,1.99,86.5,0.59,14,0,0.0,Northeast India (Brahmaputra River Basin & Assam Telemetry)
Dispur Capital Zone,ZONE-NE02,Ward 22,3.1,12.2,20.5,0.0,57.89,0.41,2.23,87.5,0.59,14,0,0.0,Northeast India (Brahmaputra River Basin & Assam Telemetry)
Dispur Capital Zone,ZONE-NE02,Ward 22,3.3,10.7,30.3,19.6,57.98,0.48,2.16,87.0,0.58,14,0,0.0,Northeast India (Brahmaputra River Basin & Assam Telemetry)
Dispur Capital Zone,ZONE-NE02,Ward 22,2.7,13.3,21.1,13.1,58.02,0.56,2.18,90.2,0.58,14,0,0.0,Northeast India (Brahmaputra River Basin & Assam Telemetry)
Dispur Capital Zone,ZONE-NE02,Ward 22,2.8,13.2,21.1,0.0,57.9,0.43,2.18,87.3,0.59,14,0,0.0,Northeast India (Brahmaputra River Basin & Assam Telemetry)
Dispur Capital Zone,ZONE-NE02,Ward 22,0.0,0.0,0.0,0.8,58.11,0.47,2.12,85.4,0.63,14,0,0.0,Northeast India (Brahmaputra River Basin & Assam Telemetry)
Dispur Capital Zone,ZONE-NE02,Ward 22,0.0,0.0,0.0,8.1,58.13,0.54,1.97,88.4,0.58,14,0,0.0,Northeast India (Brahmaputra River Basin & Assam Telemetry)
Dispur Capital Zone,ZONE-NE02,Ward 22,0.0,0.0,0.0,9.8,58.28,0.51,2.14,87.8,0.6,14,0,0.0,Northeast India (Brahmaputra River Basin & Assam Telemetry)
Dispur Capital Zone,ZONE-NE02,Ward 22,0.0,0.0,0.0,0.0,57.96,0.56,2.13,87.6,0.61,14,0,0.0,Northeast India (Brahmaputra River Basin & Assam Telemetry)
Dispur Capital Zone,ZONE-NE02,Ward 22,0.0,0.0,0.0,11.2,57.74,0.54,2.0,87.8,0.59,14,0,0.0,Northeast India (Brahmaputra River Basin & Assam Telemetry)
Dispur Capital Zone,ZONE-NE02,Ward 22,0.0,0.0,0.0,0.0,58.19,0.47,2.03,87.4,0.62,14,0,0.0,Northeast India (Brahmaputra River Basin & Assam Telemetry)
Dispur Capital Zone,ZONE-NE02,Ward 22,0.0,0.0,0.0,0.0,58.32,0.53,2.14,86.9,0.6,14,0,0.0,Northeast India (Brahmaputra River Basin & Assam Telemetry)
Dispur Capital Zone,ZONE-NE02,Ward 22,0.0,0.0,0.0,7.0,57.71,0.55,2.2,86.1,0.57,14,0,0.0,Northeast India (Brahmaputra River Basin & Assam Telemetry)
Dispur Capital Zone,ZONE-NE02,Ward 22,0.0,0.0,0.0,0.0,58.43,0.58,2.27,87.5,0.63,14,0,0.0,Northeast India (Brahmaputra River Basin & Assam Telemetry)
Dispur Capital Zone,ZONE-NE02,Ward 22,0.0,0.0,0.0,3.0,58.32,0.51,2.0,88.9,0.58,14,0,0.0,Northeast India (Brahmaputra River Basin & Assam Telemetry)
Dispur Capital Zone,ZONE-NE02,Ward 22,0.0,0.0,0.0,25.2,58.19,0.49,1.95,89.0,0.62,14,0,0.0,Northeast India (Brahmaputra River Basin & Assam Telemetry)
Dispur Capital Zone,ZONE-NE02,Ward 22,0.0,0.0,0.0,0.0,57.99,0.52,2.2,88.1,0.6,14,0,0.0,Northeast India (Brahmaputra River Basin & Assam Telemetry)
Dispur Capital Zone,ZONE-NE02,Ward 22,0.0,0.0,0.0,0.0,57.93,0.51,2.06,87.8,0.61,14,0,0.0,Northeast India (Brahmaputra River Basin & Assam Telemetry)
Dispur Capital Zone,ZONE-NE02,Ward 22,0.0,0.0,0.0,8.4,57.57,0.48,2.22,87.5,0.57,14,0,0.0,Northeast India (Brahmaputra River Basin & Assam Telemetry)
Dispur Capital Zone,ZONE-NE02,Ward 22,0.0,0.0,0.0,20.1,58.13,0.52,2.17,87.8,0.58,14,0,0.0,Northeast India (Brahmaputra River Basin & Assam Telemetry)
Dispur Capital Zone,ZONE-NE02,Ward 22,0.0,0.0,0.0,0.0,57.7,0.52,2.07,88.6,0.59,14,0,0.0,Northeast India (Brahmaputra River Basin & Assam Telemetry)
Dispur Capital Zone,ZONE-NE02,Ward 22,0.0,0.0,0.0,0.0,57.84,0.52,2.08,88.8,0.59,14,0,0.0,Northeast India (Brahmaputra River Basin & Assam Telemetry)
Dispur Capital Zone,ZONE-NE02,Ward 22,0.0,0.0,0.0,0.0,57.91,0.56,2.1,89.4,0.61,14,0,0.0,Northeast India (Brahmaputra River Basin & Assam Telemetry)
Dispur Capital Zone,ZONE-NE02,Ward 22,0.0,0.0,0.0,0.0,58.06,0.52,2.04,87.9,0.54,14,0,0.0,Northeast India (Brahmaputra River Basin & Assam Telemetry)
Dispur Capital Zone,ZONE-NE02,Ward 22,0.0,0.0,0.0,6.8,57.86,0.5,2.12,88.9,0.59,14,0,0.0,Northeast India (Brahmaputra River Basin & Assam Telemetry)
Dispur Capital Zone,ZONE-NE02,Ward 22,0.0,0.0,0.0,1.1,57.89,0.54,2.18,87.7,0.61,14,0,0.0,Northeast India (Brahmaputra River Basin & Assam Telemetry)
Dispur Capital Zone,ZONE-NE02,Ward 22,0.0,0.0,0.0,8.3,57.84,0.59,2.07,88.8,0.58,14,0,0.0,Northeast India (Brahmaputra River Basin & Assam Telemetry)
Dispur Capital Zone,ZONE-NE02,Ward 22,0.0,0.0,0.0,1.1,57.66,0.54,2.0,88.5,0.56,14,0,0.0,Northeast India (Brahmaputra River Basin & Assam Telemetry)
Dispur Capital Zone,ZONE-NE02,Ward 22,0.0,0.0,0.0,0.0,58.14,0.52,2.12,89.5,0.58,14,0,0.0,Northeast India (Brahmaputra River Basin & Assam Telemetry)
Dispur Capital Zone,ZONE-NE02,Ward 22,0.0,0.0,0.0,4.6,58.33,0.5,2.31,87.8,0.54,14,0,0.0,Northeast India (Brahmaputra River Basin & Assam Telemetry)
Dispur Capital Zone,ZONE-NE02,Ward 22,0.0,0.0,0.0,0.0,58.46,0.47,2.16,87.2,0.59,14,0,0.0,Northeast India (Brahmaputra River Basin & Assam Telemetry)
Dispur Capital Zone,ZONE-NE02,Ward 22,0.0,0.0,0.0,10.3,58.08,0.5,2.04,86.2,0.63,14,0,0.0,Northeast India (Brahmaputra River Basin & Assam Telemetry)
Dispur Capital Zone,ZONE-NE02,Ward 22,0.0,0.0,0.0,0.0,57.85,0.56,2.17,88.1,0.56,14,0,0.0,Northeast India (Brahmaputra River Basin & Assam Telemetry)
Dispur Capital Zone,ZONE-NE02,Ward 22,0.0,0.0,0.0,2.7,57.42,0.54,2.21,87.8,0.6,14,0,0.0,Northeast India (Brahmaputra River Basin & Assam Telemetry)
Dispur Capital Zone,ZONE-NE02,Ward 22,0.0,0.0,0.0,1.8,58.13,0.55,2.23,89.0,0.61,14,0,0.0,Northeast India (Brahmaputra River Basin & Assam Telemetry)
Dispur Capital Zone,ZONE-NE02,Ward 22,0.0,0.0,0.0,0.0,57.82,0.44,1.98,89.3,0.58,14,0,0.0,Northeast India (Brahmaputra River Basin & Assam Telemetry)
Dispur Capital Zone,ZONE-NE02,Ward 22,0.0,0.0,0.0,5.4,57.78,0.49,2.18,87.8,0.63,14,0,0.0,Northeast India (Brahmaputra River Basin & Assam Telemetry)
Dispur Capital Zone,ZONE-NE02,Ward 22,0.0,0.0,0.0,0.0,58.16,0.48,2.17,89.2,0.63,14,0,0.0,Northeast India (Brahmaputra River Basin & Assam Telemetry)
Dispur Capital Zone,ZONE-NE02,Ward 22,0.0,0.0,0.0,0.0,57.82,0.54,2.07,88.4,0.61,14,0,0.0,Northeast India (Brahmaputra River Basin & Assam Telemetry)
Dispur Capital Zone,ZONE-NE02,Ward 22,0.0,0.0,0.0,0.0,57.89,0.44,2.09,87.2,0.62,14,0,0.0,Northeast India (Brahmaputra River Basin & Assam Telemetry)
Brahmaputra River Bank,ZONE-NE03,Ward 08,55.5,232.8,488.3,263.7,51.49,0.24,0.98,82.6,0.06,22,1,85.7,Northeast India (Brahmaputra River Basin & Assam Telemetry)
Brahmaputra River Bank,ZONE-NE03,Ward 08,58.4,232.1,485.4,254.6,51.84,0.23,1.1,83.2,0.06,22,1,81.1,Northeast India (Brahmaputra River Basin & Assam Telemetry)
Brahmaputra River Bank,ZONE-NE03,Ward 08,51.2,223.6,461.3,262.8,51.32,0.19,0.95,80.8,0.05,22,1,79.5,Northeast India (Brahmaputra River Basin & Assam Telemetry)
Brahmaputra River Bank,ZONE-NE03,Ward 08,54.8,211.9,525.3,235.5,51.52,0.29,0.89,82.0,0.06,22,1,82.3,Northeast India (Brahmaputra River Basin & Assam Telemetry)
Brahmaputra River Bank,ZONE-NE03,Ward 08,59.9,202.5,494.6,271.4,51.54,0.24,1.21,80.7,0.06,22,1,84.0,Northeast India (Brahmaputra River Basin & Assam Telemetry)
Brahmaputra River Bank,ZONE-NE03,Ward 08,53.0,227.1,468.0,251.5,51.58,0.16,1.17,81.8,0.05,22,1,85.3,Northeast India (Brahmaputra River Basin & Assam Telemetry)
Brahmaputra River Bank,ZONE-NE03,Ward 08,55.5,224.7,400.0,265.9,51.65,0.15,1.21,81.4,0.05,22,1,80.3,Northeast India (Brahmaputra River Basin & Assam Telemetry)
Brahmaputra River Bank,ZONE-NE03,Ward 08,60.8,226.1,521.2,268.3,51.7,0.14,0.8,80.9,0.11,22,1,84.3,Northeast India (Brahmaputra River Basin & Assam Telemetry)
Brahmaputra River Bank,ZONE-NE03,Ward 08,59.2,209.7,487.6,264.0,51.48,0.22,0.74,81.8,0.06,22,1,83.9,Northeast India (Brahmaputra River Basin & Assam Telemetry)
Brahmaputra River Bank,ZONE-NE03,Ward 08,54.7,236.3,470.3,253.9,51.64,0.16,1.22,81.7,0.09,22,1,84.2,Northeast India (Brahmaputra River Basin & Assam Telemetry)
Brahmaputra River Bank,ZONE-NE03,Ward 08,51.6,240.6,473.5,257.5,51.64,0.2,1.08,81.5,0.05,22,1,82.5,Northeast India (Brahmaputra River Basin & Assam Telemetry)
Brahmaputra River Bank,ZONE-NE03,Ward 08,62.6,209.1,412.3,279.4,51.55,0.25,1.11,81.7,0.06,22,1,78.9,Northeast India (Brahmaputra River Basin & Assam Telemetry)
Brahmaputra River Bank,ZONE-NE03,Ward 08,64.8,232.3,488.8,257.3,51.6,0.12,1.26,80.7,0.02,22,1,81.7,Northeast India (Brahmaputra River Basin & Assam Telemetry)
Brahmaputra River Bank,ZONE-NE03,Ward 08,48.1,210.5,509.0,262.7,51.74,0.21,0.94,82.1,0.02,22,1,78.4,Northeast India (Brahmaputra River Basin & Assam Telemetry)
Brahmaputra River Bank,ZONE-NE03,Ward 08,56.3,205.7,562.7,265.2,51.64,0.19,1.18,82.3,0.02,22,1,80.0,Northeast India (Brahmaputra River Basin & Assam Telemetry)
Brahmaputra River Bank,ZONE-NE03,Ward 08,59.3,230.1,494.9,277.1,51.49,0.12,1.0,82.1,0.04,22,1,81.8,Northeast India (Brahmaputra River Basin & Assam Telemetry)
Brahmaputra River Bank,ZONE-NE03,Ward 08,51.7,222.8,497.3,264.9,51.36,0.25,1.21,81.3,0.05,22,1,82.7,Northeast India (Brahmaputra River Basin & Assam Telemetry)
Brahmaputra River Bank,ZONE-NE03,Ward 08,61.0,215.7,493.2,268.2,51.35,0.23,1.01,83.5,0.08,22,1,85.7,Northeast India (Brahmaputra River Basin & Assam Telemetry)
Brahmaputra River Bank,ZONE-NE03,Ward 08,55.8,239.0,436.8,265.1,51.42,0.12,1.22,83.3,0.08,22,1,83.6,Northeast India (Brahmaputra River Basin & Assam Telemetry)
Brahmaputra River Bank,ZONE-NE03,Ward 08,57.7,194.1,477.8,259.0,51.49,0.22,1.1,81.3,0.06,22,1,82.2,Northeast India (Brahmaputra River Basin & Assam Telemetry)
Brahmaputra River Bank,ZONE-NE03,Ward 08,54.3,234.8,493.5,252.4,51.5,0.2,1.1,81.4,0.06,22,1,83.1,Northeast India (Brahmaputra River Basin & Assam Telemetry)
Brahmaputra River Bank,ZONE-NE03,Ward 08,58.6,228.0,501.9,268.8,51.65,0.22,1.11,82.3,0.03,22,1,84.7,Northeast India (Brahmaputra River Basin & Assam Telemetry)
Brahmaputra River Bank,ZONE-NE03,Ward 08,56.4,189.5,512.4,263.2,52.09,0.2,1.04,81.0,0.02,22,1,79.5,Northeast India (Brahmaputra River Basin & Assam Telemetry)
Brahmaputra River Bank,ZONE-NE03,Ward 08,48.8,235.1,504.3,263.2,51.65,0.19,1.12,79.6,0.05,22,1,85.7,Northeast India (Brahmaputra River Basin & Assam Telemetry)
Brahmaputra River Bank,ZONE-NE03,Ward 08,53.9,175.1,527.0,250.2,51.48,0.18,1.04,82.7,0.07,22,1,82.4,Northeast India (Brahmaputra River Basin & Assam Telemetry)
Brahmaputra River Bank,ZONE-NE03,Ward 08,51.3,188.3,472.1,234.7,51.44,0.19,1.1,81.7,0.04,22,1,82.6,Northeast India (Brahmaputra River Basin & Assam Telemetry)
Brahmaputra River Bank,ZONE-NE03,Ward 08,65.3,216.5,399.3,256.5,51.34,0.2,1.02,82.1,0.08,22,1,79.4,Northeast India (Brahmaputra River Basin & Assam Telemetry)
Brahmaputra River Bank,ZONE-NE03,Ward 08,48.1,245.9,472.2,253.5,51.44,0.21,1.07,81.5,0.03,22,1,85.7,Northeast India (Brahmaputra River Basin & Assam Telemetry)
Brahmaputra River Bank,ZONE-NE03,Ward 08,60.7,226.0,538.0,263.8,51.33,0.22,1.05,82.5,0.1,22,1,79.2,Northeast India (Brahmaputra River Basin & Assam Telemetry)
Brahmaputra River Bank,ZONE-NE03,Ward 08,61.7,199.2,450.0,255.5,51.39,0.13,1.25,84.9,0.05,22,1,83.8,Northeast India (Brahmaputra River Basin & Assam Telemetry)
Brahmaputra River Bank,ZONE-NE03,Ward 08,51.2,205.4,543.0,263.3,51.29,0.24,1.27,83.3,0.04,22,1,83.0,Northeast India (Brahmaputra River Basin & Assam Telemetry)
Brahmaputra River Bank,ZONE-NE03,Ward 08,50.4,240.8,434.9,256.4,51.09,0.18,1.07,82.5,0.06,22,1,85.8,Northeast India (Brahmaputra River Basin & Assam Telemetry)
Brahmaputra River Bank,ZONE-NE03,Ward 08,49.6,204.4,422.4,252.6,51.1,0.22,1.08,81.1,0.06,22,1,83.9,Northeast India (Brahmaputra River Basin & Assam Telemetry)
Brahmaputra River Bank,ZONE-NE03,Ward 08,61.9,218.1,456.7,261.3,51.46,0.15,1.1,80.8,0.04,22,1,82.2,Northeast India (Brahmaputra River Basin & Assam Telemetry)
Brahmaputra River Bank,ZONE-NE03,Ward 08,64.2,189.9,423.6,254.1,51.83,0.25,1.16,83.2,0.03,22,1,79.9,Northeast India (Brahmaputra River Basin & Assam Telemetry)
Brahmaputra River Bank,ZONE-NE03,Ward 08,58.0,234.4,557.8,306.0,51.64,0.11,1.14,80.6,0.08,22,1,79.5,Northeast India (Brahmaputra River Basin & Assam Telemetry)
Brahmaputra River Bank,ZONE-NE03,Ward 08,78.9,250.0,500.4,324.0,51.55,0.23,1.06,82.5,0.02,22,1,78.1,Northeast India (Brahmaputra River Basin & Assam Telemetry)
Brahmaputra River Bank,ZONE-NE03,Ward 08,75.8,219.7,565.4,330.9,51.3,0.21,1.08,80.2,0.04,22,1,78.2,Northeast India (Brahmaputra River Basin & Assam Telemetry)
Brahmaputra River Bank,ZONE-NE03,Ward 08,63.5,211.4,490.2,299.7,51.65,0.26,1.14,82.0,0.07,22,1,83.9,Northeast India (Brahmaputra River Basin & Assam Telemetry)
Brahmaputra River Bank,ZONE-NE03,Ward 08,46.2,244.4,508.6,311.4,51.43,0.18,1.02,82.4,0.03,22,1,78.2,Northeast India (Brahmaputra River Basin & Assam Telemetry)
Brahmaputra River Bank,ZONE-NE03,Ward 08,58.2,307.4,537.5,324.9,51.55,0.22,1.19,82.4,0.05,22,1,81.8,Northeast India (Brahmaputra River Basin & Assam Telemetry)
Brahmaputra River Bank,ZONE-NE03,Ward 08,58.1,248.4,646.8,306.5,51.53,0.21,1.02,82.4,0.05,22,1,82.3,Northeast India (Brahmaputra River Basin & Assam Telemetry)
Brahmaputra River Bank,ZONE-NE03,Ward 08,84.7,251.1,626.8,319.4,51.6,0.21,0.93,81.6,0.02,22,1,82.4,Northeast India (Brahmaputra River Basin & Assam Telemetry)
Brahmaputra River Bank,ZONE-NE03,Ward 08,61.9,290.5,564.5,295.2,51.63,0.18,1.2,81.5,0.03,22,1,80.7,Northeast India (Brahmaputra River Basin & Assam Telemetry)
Brahmaputra River Bank,ZONE-NE03,Ward 08,52.9,269.1,473.1,313.6,51.18,0.2,0.98,79.0,0.03,22,1,85.5,Northeast India (Brahmaputra River Basin & Assam Telemetry)
Brahmaputra River Bank,ZONE-NE03,Ward 08,66.2,275.1,544.5,305.4,51.57,0.12,1.22,81.7,0.06,22,1,85.5,Northeast India (Brahmaputra River Basin & Assam Telemetry)
Brahmaputra River Bank,ZONE-NE03,Ward 08,62.7,265.0,563.9,309.4,51.43,0.23,1.2,82.5,0.05,22,1,82.5,Northeast India (Brahmaputra River Basin & Assam Telemetry)
Brahmaputra River Bank,ZONE-NE03,Ward 08,63.0,304.3,506.8,308.4,51.19,0.2,1.16,81.4,0.06,22,1,82.1,Northeast India (Brahmaputra River Basin & Assam Telemetry)
Brahmaputra River Bank,ZONE-NE03,Ward 08,57.3,236.4,657.5,325.7,51.16,0.23,1.06,81.2,0.04,22,1,80.3,Northeast India (Brahmaputra River Basin & Assam Telemetry)
Brahmaputra River Bank,ZONE-NE03,Ward 08,77.1,261.4,530.0,302.6,51.64,0.23,1.04,83.2,0.03,22,1,83.3,Northeast India (Brahmaputra River Basin & Assam Telemetry)
Brahmaputra River Bank,ZONE-NE03,Ward 08,59.3,269.9,580.2,304.1,51.51,0.21,1.22,80.2,0.07,22,1,79.5,Northeast India (Brahmaputra River Basin & Assam Telemetry)
Brahmaputra River Bank,ZONE-NE03,Ward 08,57.8,289.8,510.7,303.5,51.72,0.23,1.08,81.0,0.05,22,1,79.2,Northeast India (Brahmaputra River Basin & Assam Telemetry)
Brahmaputra River Bank,ZONE-NE03,Ward 08,66.8,235.3,574.5,326.1,51.55,0.12,1.05,81.9,0.06,22,1,80.4,Northeast India (Brahmaputra River Basin & Assam Telemetry)
Brahmaputra River Bank,ZONE-NE03,Ward 08,63.9,207.3,528.5,319.4,51.33,0.23,1.16,82.0,0.07,22,1,82.8,Northeast India (Brahmaputra River Basin & Assam Telemetry)
Brahmaputra River Bank,ZONE-NE03,Ward 08,64.7,241.7,542.8,305.7,51.54,0.21,1.11,81.4,0.07,22,1,82.9,Northeast India (Brahmaputra River Basin & Assam Telemetry)
Brahmaputra River Bank,ZONE-NE03,Ward 08,73.5,252.1,587.4,303.6,51.46,0.23,1.1,81.7,0.06,22,1,82.9,Northeast India (Brahmaputra River Basin & Assam Telemetry)
Brahmaputra River Bank,ZONE-NE03,Ward 08,59.8,299.7,627.8,303.4,51.46,0.15,1.06,81.6,0.06,22,1,84.7,Northeast India (Brahmaputra River Basin & Assam Telemetry)
Brahmaputra River Bank,ZONE-NE03,Ward 08,58.2,223.9,528.5,301.7,51.51,0.23,1.08,82.3,0.08,22,1,85.2,Northeast India (Brahmaputra River Basin & Assam Telemetry)
Brahmaputra River Bank,ZONE-NE03,Ward 08,59.0,257.8,538.9,320.1,50.92,0.24,1.1,81.0,0.02,22,1,78.9,Northeast India (Brahmaputra River Basin & Assam Telemetry)
Brahmaputra River Bank,ZONE-NE03,Ward 08,74.7,251.5,578.6,322.7,51.38,0.15,1.13,83.9,0.04,22,1,79.2,Northeast India (Brahmaputra River Basin & Assam Telemetry)
Brahmaputra River Bank,ZONE-NE03,Ward 08,58.0,295.8,518.6,352.9,51.53,0.21,1.2,81.3,0.03,22,1,82.9,Northeast India (Brahmaputra River Basin & Assam Telemetry)
Brahmaputra River Bank,ZONE-NE03,Ward 08,71.0,295.1,434.1,297.3,51.44,0.26,1.12,83.4,0.1,22,1,79.9,Northeast India (Brahmaputra River Basin & Assam Telemetry)
Brahmaputra River Bank,ZONE-NE03,Ward 08,68.6,252.0,525.1,307.2,51.44,0.22,1.25,81.6,0.02,22,1,83.8,Northeast India (Brahmaputra River Basin & Assam Telemetry)
Brahmaputra River Bank,ZONE-NE03,Ward 08,60.1,252.4,651.2,316.7,51.32,0.16,0.82,81.9,0.05,22,1,83.6,Northeast India (Brahmaputra River Basin & Assam Telemetry)
Brahmaputra River Bank,ZONE-NE03,Ward 08,53.3,268.0,620.7,307.9,51.67,0.14,1.06,82.7,0.03,22,1,84.3,Northeast India (Brahmaputra River Basin & Assam Telemetry)
Brahmaputra River Bank,ZONE-NE03,Ward 08,56.1,237.6,527.6,310.9,51.34,0.1,0.99,80.6,0.05,22,1,82.5,Northeast India (Brahmaputra River Basin & Assam Telemetry)
Brahmaputra River Bank,ZONE-NE03,Ward 08,68.6,213.1,578.6,305.4,51.47,0.18,1.2,80.5,0.02,22,1,81.8,Northeast India (Brahmaputra River Basin & Assam Telemetry)
Brahmaputra River Bank,ZONE-NE03,Ward 08,74.7,268.2,447.3,291.8,51.8,0.16,1.15,82.5,0.03,22,1,81.4,Northeast India (Brahmaputra River Basin & Assam Telemetry)
Brahmaputra River Bank,ZONE-NE03,Ward 08,61.2,240.3,636.7,325.0,51.27,0.14,1.13,81.6,0.09,22,1,79.6,Northeast India (Brahmaputra River Basin & Assam Telemetry)
Brahmaputra River Bank,ZONE-NE03,Ward 08,61.3,278.7,558.7,309.2,51.45,0.16,0.97,79.9,0.02,22,1,80.7,Northeast India (Brahmaputra River Basin & Assam Telemetry)
Brahmaputra River Bank,ZONE-NE03,Ward 08,76.7,276.7,818.9,462.1,51.38,0.25,0.96,82.8,0.06,22,1,80.4,Northeast India (Brahmaputra River Basin & Assam Telemetry)
Brahmaputra River Bank,ZONE-NE03,Ward 08,92.0,379.1,709.2,438.4,51.14,0.2,1.08,82.0,0.05,22,1,78.6,Northeast India (Brahmaputra River Basin & Assam Telemetry)
Brahmaputra River Bank,ZONE-NE03,Ward 08,89.5,333.1,725.8,455.6,51.56,0.18,1.15,82.1,0.03,22,1,84.2,Northeast India (Brahmaputra River Basin & Assam Telemetry)
Brahmaputra River Bank,ZONE-NE03,Ward 08,90.6,323.1,643.2,461.4,51.26,0.27,1.14,81.9,0.02,22,1,78.3,Northeast India (Brahmaputra River Basin & Assam Telemetry)
Brahmaputra River Bank,ZONE-NE03,Ward 08,90.7,341.6,661.4,448.0,51.99,0.13,1.3,83.0,0.08,22,1,81.6,Northeast India (Brahmaputra River Basin & Assam Telemetry)
Brahmaputra River Bank,ZONE-NE03,Ward 08,86.9,363.1,590.4,461.7,51.41,0.25,0.95,83.3,0.03,22,1,84.6,Northeast India (Brahmaputra River Basin & Assam Telemetry)
Brahmaputra River Bank,ZONE-NE03,Ward 08,74.8,304.4,865.8,450.4,51.58,0.2,1.07,80.6,0.09,22,1,84.0,Northeast India (Brahmaputra River Basin & Assam Telemetry)
Brahmaputra River Bank,ZONE-NE03,Ward 08,89.7,312.6,761.6,457.5,51.63,0.22,1.28,82.0,0.07,22,1,85.8,Northeast India (Brahmaputra River Basin & Assam Telemetry)
Brahmaputra River Bank,ZONE-NE03,Ward 08,78.2,283.9,799.2,447.8,51.38,0.18,1.14,81.5,0.04,22,1,84.4,Northeast India (Brahmaputra River Basin & Assam Telemetry)
Brahmaputra River Bank,ZONE-NE03,Ward 08,75.1,361.6,761.1,448.7,51.43,0.18,1.09,83.1,0.04,22,1,85.9,Northeast India (Brahmaputra River Basin & Assam Telemetry)
Brahmaputra River Bank,ZONE-NE03,Ward 08,86.2,317.0,857.4,453.7,51.49,0.14,1.1,79.8,0.02,22,1,85.8,Northeast India (Brahmaputra River Basin & Assam Telemetry)
Brahmaputra River Bank,ZONE-NE03,Ward 08,81.1,338.0,598.2,446.6,51.22,0.25,1.19,82.2,0.08,22,1,85.1,Northeast India (Brahmaputra River Basin & Assam Telemetry)
Brahmaputra River Bank,ZONE-NE03,Ward 08,80.6,328.1,756.9,448.9,51.5,0.26,1.01,82.5,0.05,22,1,84.6,Northeast India (Brahmaputra River Basin & Assam Telemetry)
Brahmaputra River Bank,ZONE-NE03,Ward 08,80.5,294.2,700.4,424.7,51.96,0.25,1.04,81.7,0.04,22,1,83.7,Northeast India (Brahmaputra River Basin & Assam Telemetry)
Brahmaputra River Bank,ZONE-NE03,Ward 08,87.7,361.3,624.6,458.4,51.69,0.21,1.09,83.5,0.04,22,1,83.0,Northeast India (Brahmaputra River Basin & Assam Telemetry)
Brahmaputra River Bank,ZONE-NE03,Ward 08,74.4,337.3,690.6,446.0,51.68,0.23,1.14,82.3,0.04,22,1,84.5,Northeast India (Brahmaputra River Basin & Assam Telemetry)
Brahmaputra River Bank,ZONE-NE03,Ward 08,90.2,343.1,715.0,450.5,51.32,0.24,1.02,79.9,0.05,22,1,78.2,Northeast India (Brahmaputra River Basin & Assam Telemetry)
Brahmaputra River Bank,ZONE-NE03,Ward 08,85.5,417.1,761.9,451.8,51.31,0.15,0.94,82.8,0.04,22,1,82.4,Northeast India (Brahmaputra River Basin & Assam Telemetry)
Brahmaputra River Bank,ZONE-NE03,Ward 08,81.4,306.7,683.4,460.1,51.41,0.21,1.09,82.6,0.04,22,1,80.6,Northeast India (Brahmaputra River Basin & Assam Telemetry)
Brahmaputra River Bank,ZONE-NE03,Ward 08,93.8,385.9,658.0,444.4,51.08,0.14,1.21,82.7,0.08,22,1,85.3,Northeast India (Brahmaputra River Basin & Assam Telemetry)
Brahmaputra River Bank,ZONE-NE03,Ward 08,78.2,249.9,710.7,452.6,51.25,0.13,1.13,83.2,0.06,22,1,79.4,Northeast India (Brahmaputra River Basin & Assam Telemetry)
Brahmaputra River Bank,ZONE-NE03,Ward 08,81.4,267.0,878.5,453.4,51.64,0.21,1.19,81.1,0.05,22,1,83.5,Northeast India (Brahmaputra River Basin & Assam Telemetry)
Brahmaputra River Bank,ZONE-NE03,Ward 08,87.6,322.5,606.9,437.8,51.65,0.14,1.11,82.3,0.05,22,1,79.0,Northeast India (Brahmaputra River Basin & Assam Telemetry)
Brahmaputra River Bank,ZONE-NE03,Ward 08,103.9,332.2,827.8,439.6,51.48,0.26,1.03,81.7,0.03,22,1,78.8,Northeast India (Brahmaputra River Basin & Assam Telemetry)
Brahmaputra River Bank,ZONE-NE03,Ward 08,76.6,396.7,587.3,456.8,51.43,0.17,1.11,80.9,0.07,22,1,80.3,Northeast India (Brahmaputra River Basin & Assam Telemetry)
Brahmaputra River Bank,ZONE-NE03,Ward 08,84.5,306.6,657.0,453.2,51.48,0.16,0.99,81.6,0.05,22,1,80.7,Northeast India (Brahmaputra River Basin & Assam Telemetry)
Brahmaputra River Bank,ZONE-NE03,Ward 08,73.8,390.7,775.6,433.0,51.68,0.21,0.97,82.5,0.02,22,1,79.5,Northeast India (Brahmaputra River Basin & Assam Telemetry)
Brahmaputra River Bank,ZONE-NE03,Ward 08,71.3,326.2,736.9,462.5,51.74,0.26,1.02,83.5,0.05,22,1,83.0,Northeast India (Brahmaputra River Basin & Assam Telemetry)
Brahmaputra River Bank,ZONE-NE03,Ward 08,83.2,384.0,739.8,449.7,51.76,0.15,1.15,81.7,0.07,22,1,80.7,Northeast India (Brahmaputra River Basin & Assam Telemetry)
Brahmaputra River Bank,ZONE-NE03,Ward 08,79.6,305.0,620.6,433.9,51.33,0.24,1.04,80.5,0.04,22,1,84.0,Northeast India (Brahmaputra River Basin & Assam Telemetry)
Brahmaputra River Bank,ZONE-NE03,Ward 08,82.0,302.2,872.4,463.8,51.49,0.15,0.79,81.0,0.04,22,1,85.6,Northeast India (Brahmaputra River Basin & Assam Telemetry)
Brahmaputra River Bank,ZONE-NE03,Ward 08,81.0,376.4,778.5,436.4,51.55,0.22,0.98,81.4,0.06,22,1,83.6,Northeast India (Brahmaputra River Basin & Assam Telemetry)
Brahmaputra River Bank,ZONE-NE03,Ward 08,82.6,384.7,842.1,434.7,51.39,0.21,1.14,82.0,0.04,22,1,78.8,Northeast India (Brahmaputra River Basin & Assam Telemetry)
Brahmaputra River Bank,ZONE-NE03,Ward 08,81.5,297.1,641.6,456.5,51.52,0.25,0.98,82.5,0.03,22,1,83.7,Northeast India (Brahmaputra River Basin & Assam Telemetry)
Brahmaputra River Bank,ZONE-NE03,Ward 08,72.9,366.1,812.4,449.7,51.52,0.22,1.12,80.2,0.07,22,1,80.2,Northeast India (Brahmaputra River Basin & Assam Telemetry)
Brahmaputra River Bank,ZONE-NE03,Ward 08,44.4,161.3,353.4,192.6,51.26,0.24,1.15,82.8,0.02,22,1,83.7,Northeast India (Brahmaputra River Basin & Assam Telemetry)
Brahmaputra River Bank,ZONE-NE03,Ward 08,35.0,187.3,368.3,178.4,51.5,0.21,1.16,81.7,0.02,22,1,83.5,Northeast India (Brahmaputra River Basin & Assam Telemetry)
Brahmaputra River Bank,ZONE-NE03,Ward 08,35.4,153.8,353.6,196.0,51.5,0.12,1.17,80.3,0.08,22,1,79.2,Northeast India (Brahmaputra River Basin & Assam Telemetry)
Brahmaputra River Bank,ZONE-NE03,Ward 08,37.8,162.2,392.3,186.0,51.55,0.22,1.23,80.7,0.07,22,1,80.1,Northeast India (Brahmaputra River Basin & Assam Telemetry)
Brahmaputra River Bank,ZONE-NE03,Ward 08,40.2,178.6,391.8,202.6,51.47,0.2,0.94,83.3,0.06,22,1,78.5,Northeast India (Brahmaputra River Basin & Assam Telemetry)
Brahmaputra River Bank,ZONE-NE03,Ward 08,33.4,134.1,371.8,185.8,51.72,0.15,1.18,82.4,0.06,22,1,79.3,Northeast India (Brahmaputra River Basin & Assam Telemetry)
Brahmaputra River Bank,ZONE-NE03,Ward 08,44.3,157.8,449.2,178.2,51.54,0.22,1.18,82.0,0.02,22,1,78.1,Northeast India (Brahmaputra River Basin & Assam Telemetry)
Brahmaputra River Bank,ZONE-NE03,Ward 08,42.5,146.9,366.3,190.6,51.22,0.26,1.0,81.2,0.03,22,1,80.4,Northeast India (Brahmaputra River Basin & Assam Telemetry)
Brahmaputra River Bank,ZONE-NE03,Ward 08,40.5,180.9,425.0,182.4,51.55,0.16,1.12,83.4,0.02,22,1,85.9,Northeast India (Brahmaputra River Basin & Assam Telemetry)
Brahmaputra River Bank,ZONE-NE03,Ward 08,44.2,160.1,367.9,186.6,51.73,0.25,1.3,81.0,0.07,22,1,85.9,Northeast India (Brahmaputra River Basin & Assam Telemetry)
Brahmaputra River Bank,ZONE-NE03,Ward 08,37.4,148.7,385.7,187.9,51.2,0.17,1.09,83.2,0.06,22,1,84.5,Northeast India (Brahmaputra River Basin & Assam Telemetry)
Brahmaputra River Bank,ZONE-NE03,Ward 08,43.3,194.2,408.9,203.4,51.7,0.15,0.99,81.6,0.05,22,1,84.3,Northeast India (Brahmaputra River Basin & Assam Telemetry)
Brahmaputra River Bank,ZONE-NE03,Ward 08,36.6,145.5,332.2,191.7,51.36,0.21,1.08,82.4,0.02,22,1,78.4,Northeast India (Brahmaputra River Basin & Assam Telemetry)
Brahmaputra River Bank,ZONE-NE03,Ward 08,40.2,173.8,392.3,186.8,51.84,0.19,1.03,82.5,0.03,22,1,78.7,Northeast India (Brahmaputra River Basin & Assam Telemetry)
Brahmaputra River Bank,ZONE-NE03,Ward 08,45.7,180.7,371.9,209.5,51.61,0.2,1.15,82.8,0.07,22,1,81.6,Northeast India (Brahmaputra River Basin & Assam Telemetry)
Brahmaputra River Bank,ZONE-NE03,Ward 08,39.5,183.9,411.2,177.6,51.62,0.17,1.1,81.5,0.04,22,1,85.8,Northeast India (Brahmaputra River Basin & Assam Telemetry)
Brahmaputra River Bank,ZONE-NE03,Ward 08,38.9,172.3,392.7,188.4,51.23,0.22,1.22,81.1,0.04,22,1,81.5,Northeast India (Brahmaputra River Basin & Assam Telemetry)
Brahmaputra River Bank,ZONE-NE03,Ward 08,38.7,157.7,435.6,195.7,51.6,0.23,1.03,81.8,0.02,22,1,82.5,Northeast India (Brahmaputra River Basin & Assam Telemetry)
Brahmaputra River Bank,ZONE-NE03,Ward 08,40.7,153.4,394.5,191.1,51.65,0.14,1.07,81.7,0.03,22,1,79.6,Northeast India (Brahmaputra River Basin & Assam Telemetry)
Brahmaputra River Bank,ZONE-NE03,Ward 08,43.5,189.9,380.6,199.8,51.48,0.21,1.03,80.2,0.05,22,1,79.6,Northeast India (Brahmaputra River Basin & Assam Telemetry)
Brahmaputra River Bank,ZONE-NE03,Ward 08,38.7,186.8,375.8,180.9,51.54,0.22,1.15,81.6,0.05,22,1,85.6,Northeast India (Brahmaputra River Basin & Assam Telemetry)
Brahmaputra River Bank,ZONE-NE03,Ward 08,44.8,179.7,394.5,200.2,51.54,0.21,0.87,82.2,0.02,22,1,83.1,Northeast India (Brahmaputra River Basin & Assam Telemetry)
Brahmaputra River Bank,ZONE-NE03,Ward 08,42.6,146.1,380.8,202.1,51.31,0.22,1.07,83.0,0.07,22,1,81.6,Northeast India (Brahmaputra River Basin & Assam Telemetry)
Brahmaputra River Bank,ZONE-NE03,Ward 08,32.2,146.1,403.2,205.9,51.47,0.13,1.07,82.4,0.05,22,1,83.4,Northeast India (Brahmaputra River Basin & Assam Telemetry)
Brahmaputra River Bank,ZONE-NE03,Ward 08,37.1,184.4,350.6,187.7,51.47,0.25,1.06,82.5,0.04,22,1,82.0,Northeast India (Brahmaputra River Basin & Assam Telemetry)
Brahmaputra River Bank,ZONE-NE03,Ward 08,33.6,173.2,393.3,200.5,51.33,0.17,1.22,82.7,0.06,22,1,83.3,Northeast India (Brahmaputra River Basin & Assam Telemetry)
Brahmaputra River Bank,ZONE-NE03,Ward 08,46.1,204.4,389.3,196.6,51.87,0.17,1.24,81.1,0.06,22,1,82.2,Northeast India (Brahmaputra River Basin & Assam Telemetry)
Brahmaputra River Bank,ZONE-NE03,Ward 08,37.4,162.8,460.8,182.7,51.59,0.26,1.25,80.2,0.04,22,1,78.7,Northeast India (Brahmaputra River Basin & Assam Telemetry)
Brahmaputra River Bank,ZONE-NE03,Ward 08,36.6,171.6,413.8,174.8,51.24,0.18,1.12,82.3,0.07,22,1,79.7,Northeast India (Brahmaputra River Basin & Assam Telemetry)
Brahmaputra River Bank,ZONE-NE03,Ward 08,39.6,177.5,357.0,195.9,51.52,0.21,1.11,82.5,0.02,22,1,79.1,Northeast India (Brahmaputra River Basin & Assam Telemetry)
Brahmaputra River Bank,ZONE-NE03,Ward 08,43.0,159.2,361.7,210.6,51.74,0.19,1.07,81.1,0.05,22,1,79.1,Northeast India (Brahmaputra River Basin & Assam Telemetry)
Brahmaputra River Bank,ZONE-NE03,Ward 08,44.4,141.0,340.4,202.7,51.56,0.13,1.1,82.9,0.08,22,1,78.1,Northeast India (Brahmaputra River Basin & Assam Telemetry)
Brahmaputra River Bank,ZONE-NE03,Ward 08,39.9,146.5,347.4,181.8,51.52,0.13,1.0,81.8,0.1,22,1,81.5,Northeast India (Brahmaputra River Basin & Assam Telemetry)
Brahmaputra River Bank,ZONE-NE03,Ward 08,44.6,169.3,432.6,182.6,51.34,0.26,1.0,81.5,0.05,22,1,83.9,Northeast India (Brahmaputra River Basin & Assam Telemetry)
Brahmaputra River Bank,ZONE-NE03,Ward 08,44.4,174.8,311.5,188.3,51.69,0.19,1.11,83.3,0.03,22,1,83.6,Northeast India (Brahmaputra River Basin & Assam Telemetry)
Brahmaputra River Bank,ZONE-NE03,Ward 08,30.2,102.3,275.0,137.5,51.58,0.21,1.18,82.5,0.03,22,1,84.5,Northeast India (Brahmaputra River Basin & Assam Telemetry)
Brahmaputra River Bank,ZONE-NE03,Ward 08,30.8,140.1,279.6,123.2,51.1,0.17,1.14,80.0,0.02,22,1,85.6,Northeast India (Brahmaputra River Basin & Assam Telemetry)
Brahmaputra River Bank,ZONE-NE03,Ward 08,31.7,117.6,309.8,130.4,51.28,0.19,1.14,81.5,0.05,22,1,80.9,Northeast India (Brahmaputra River Basin & Assam Telemetry)
Brahmaputra River Bank,ZONE-NE03,Ward 08,28.6,115.1,259.1,102.9,51.63,0.16,0.92,82.8,0.06,22,1,78.9,Northeast India (Brahmaputra River Basin & Assam Telemetry)
Brahmaputra River Bank,ZONE-NE03,Ward 08,31.2,129.0,283.2,127.6,51.74,0.2,1.02,82.6,0.02,22,1,81.5,Northeast India (Brahmaputra River Basin & Assam Telemetry)
Brahmaputra River Bank,ZONE-NE03,Ward 08,32.0,121.9,295.2,134.1,51.39,0.2,1.03,82.3,0.06,22,1,82.7,Northeast India (Brahmaputra River Basin & Assam Telemetry)
Brahmaputra River Bank,ZONE-NE03,Ward 08,27.4,114.3,246.2,132.0,51.42,0.17,1.05,80.0,0.04,22,1,84.5,Northeast India (Brahmaputra River Basin & Assam Telemetry)
Brahmaputra River Bank,ZONE-NE03,Ward 08,31.3,126.0,221.7,120.9,51.9,0.13,1.19,81.2,0.04,22,1,85.8,Northeast India (Brahmaputra River Basin & Assam Telemetry)
Brahmaputra River Bank,ZONE-NE03,Ward 08,30.5,122.2,227.2,120.5,51.72,0.21,1.08,83.2,0.05,22,1,85.2,Northeast India (Brahmaputra River Basin & Assam Telemetry)
Brahmaputra River Bank,ZONE-NE03,Ward 08,27.0,120.7,236.9,125.2,51.75,0.19,1.04,81.7,0.03,22,1,79.3,Northeast India (Brahmaputra River Basin & Assam Telemetry)
Brahmaputra River Bank,ZONE-NE03,Ward 08,26.5,127.6,225.6,121.4,50.89,0.23,1.07,81.7,0.05,22,1,82.6,Northeast India (Brahmaputra River Basin & Assam Telemetry)
Brahmaputra River Bank,ZONE-NE03,Ward 08,25.4,124.5,267.1,107.7,51.55,0.14,1.02,83.1,0.06,22,1,82.8,Northeast India (Brahmaputra River Basin & Assam Telemetry)
Brahmaputra River Bank,ZONE-NE03,Ward 08,28.8,124.9,271.4,117.5,51.33,0.21,0.97,81.8,0.02,22,1,81.0,Northeast India (Brahmaputra River Basin & Assam Telemetry)
Brahmaputra River Bank,ZONE-NE03,Ward 08,38.4,117.6,228.1,145.2,51.73,0.21,1.15,79.7,0.05,22,1,78.7,Northeast India (Brahmaputra River Basin & Assam Telemetry)
Brahmaputra River Bank,ZONE-NE03,Ward 08,30.8,147.3,262.8,129.4,51.52,0.26,1.1,82.1,0.04,22,1,78.9,Northeast India (Brahmaputra River Basin & Assam Telemetry)
Brahmaputra River Bank,ZONE-NE03,Ward 08,30.2,117.8,212.0,132.1,51.63,0.18,1.14,83.6,0.06,22,1,80.0,Northeast India (Brahmaputra River Basin & Assam Telemetry)
Brahmaputra River Bank,ZONE-NE03,Ward 08,27.7,98.5,293.4,108.3,51.45,0.19,0.99,82.6,0.04,22,1,80.2,Northeast India (Brahmaputra River Basin & Assam Telemetry)
Brahmaputra River Bank,ZONE-NE03,Ward 08,33.9,123.7,250.7,114.2,51.67,0.21,1.1,81.1,0.03,22,1,82.9,Northeast India (Brahmaputra River Basin & Assam Telemetry)
Brahmaputra River Bank,ZONE-NE03,Ward 08,28.6,111.2,275.6,110.8,51.63,0.23,1.08,82.3,0.08,22,1,81.6,Northeast India (Brahmaputra River Basin & Assam Telemetry)
Brahmaputra River Bank,ZONE-NE03,Ward 08,31.8,114.8,239.1,120.4,51.69,0.17,1.24,81.1,0.05,22,1,82.4,Northeast India (Brahmaputra River Basin & Assam Telemetry)
Brahmaputra River Bank,ZONE-NE03,Ward 08,28.7,124.1,251.7,100.4,51.26,0.24,1.04,82.6,0.07,22,1,81.8,Northeast India (Brahmaputra River Basin & Assam Telemetry)
Brahmaputra River Bank,ZONE-NE03,Ward 08,32.9,134.3,289.9,123.0,51.4,0.23,1.12,81.3,0.06,22,1,82.9,Northeast India (Brahmaputra River Basin & Assam Telemetry)
Brahmaputra River Bank,ZONE-NE03,Ward 08,27.0,108.3,223.2,134.6,51.55,0.21,1.1,82.2,0.04,22,1,78.3,Northeast India (Brahmaputra River Basin & Assam Telemetry)
Brahmaputra River Bank,ZONE-NE03,Ward 08,36.5,125.9,271.6,119.1,51.67,0.18,1.21,82.5,0.05,22,1,79.0,Northeast India (Brahmaputra River Basin & Assam Telemetry)
Brahmaputra River Bank,ZONE-NE03,Ward 08,27.5,116.4,258.5,120.9,51.4,0.17,0.93,81.5,0.08,22,1,81.6,Northeast India (Brahmaputra River Basin & Assam Telemetry)
Brahmaputra River Bank,ZONE-NE03,Ward 08,32.7,111.6,212.2,102.2,51.61,0.13,1.06,81.3,0.04,22,1,84.3,Northeast India (Brahmaputra River Basin & Assam Telemetry)
Brahmaputra River Bank,ZONE-NE03,Ward 08,30.3,130.2,269.4,128.8,51.48,0.23,1.07,82.3,0.02,22,1,82.7,Northeast India (Brahmaputra River Basin & Assam Telemetry)
Brahmaputra River Bank,ZONE-NE03,Ward 08,30.1,121.2,233.7,123.0,51.48,0.16,1.08,82.2,0.02,22,1,79.8,Northeast India (Brahmaputra River Basin & Assam Telemetry)
Brahmaputra River Bank,ZONE-NE03,Ward 08,30.0,149.5,251.5,120.1,51.2,0.21,1.17,82.4,0.05,22,1,80.3,Northeast India (Brahmaputra River Basin & Assam Telemetry)
Brahmaputra River Bank,ZONE-NE03,Ward 08,25.7,90.2,282.6,106.2,51.26,0.18,1.16,80.6,0.05,22,1,78.4,Northeast India (Brahmaputra River Basin & Assam Telemetry)
Brahmaputra River Bank,ZONE-NE03,Ward 08,30.9,112.2,281.5,105.3,51.51,0.17,1.09,84.3,0.02,22,1,78.0,Northeast India (Brahmaputra River Basin & Assam Telemetry)
Brahmaputra River Bank,ZONE-NE03,Ward 08,29.6,136.4,294.9,129.5,51.57,0.19,1.2,83.6,0.07,22,1,81.2,Northeast India (Brahmaputra River Basin & Assam Telemetry)
Brahmaputra River Bank,ZONE-NE03,Ward 08,32.7,106.3,293.8,130.8,51.62,0.16,1.46,82.2,0.07,22,1,83.6,Northeast India (Brahmaputra River Basin & Assam Telemetry)
Brahmaputra River Bank,ZONE-NE03,Ward 08,30.0,128.1,225.3,128.7,51.49,0.19,1.06,83.1,0.06,22,1,84.0,Northeast India (Brahmaputra River Basin & Assam Telemetry)
Brahmaputra River Bank,ZONE-NE03,Ward 08,32.6,133.4,266.4,125.5,51.44,0.16,1.02,81.6,0.04,22,1,81.6,Northeast India (Brahmaputra River Basin & Assam Telemetry)
Brahmaputra River Bank,ZONE-NE03,Ward 08,12.0,48.6,86.9,24.6,50.93,0.22,1.21,81.9,0.05,22,1,79.8,Northeast India (Brahmaputra River Basin & Assam Telemetry)
Brahmaputra River Bank,ZONE-NE03,Ward 08,13.1,50.6,79.9,50.4,51.43,0.19,1.01,80.4,0.07,22,1,85.5,Northeast India (Brahmaputra River Basin & Assam Telemetry)
Brahmaputra River Bank,ZONE-NE03,Ward 08,11.5,43.7,82.9,12.9,51.56,0.24,1.13,81.0,0.05,22,1,81.9,Northeast India (Brahmaputra River Basin & Assam Telemetry)
Brahmaputra River Bank,ZONE-NE03,Ward 08,12.0,44.2,110.3,44.8,51.37,0.26,0.99,80.4,0.03,22,1,84.2,Northeast India (Brahmaputra River Basin & Assam Telemetry)
Brahmaputra River Bank,ZONE-NE03,Ward 08,14.1,48.9,90.0,40.2,51.52,0.18,1.1,83.2,0.06,22,1,78.5,Northeast India (Brahmaputra River Basin & Assam Telemetry)
Brahmaputra River Bank,ZONE-NE03,Ward 08,10.9,41.5,88.5,51.1,51.47,0.25,1.04,83.1,0.06,22,1,80.3,Northeast India (Brahmaputra River Basin & Assam Telemetry)
Brahmaputra River Bank,ZONE-NE03,Ward 08,11.6,41.6,114.0,40.7,51.41,0.21,1.14,82.6,0.03,22,1,85.8,Northeast India (Brahmaputra River Basin & Assam Telemetry)
Brahmaputra River Bank,ZONE-NE03,Ward 08,12.0,45.4,86.3,26.9,51.33,0.16,0.97,82.1,0.04,22,1,84.8,Northeast India (Brahmaputra River Basin & Assam Telemetry)
Brahmaputra River Bank,ZONE-NE03,Ward 08,13.4,50.3,95.4,24.2,51.44,0.21,0.93,83.4,0.04,22,1,81.2,Northeast India (Brahmaputra River Basin & Assam Telemetry)
Brahmaputra River Bank,ZONE-NE03,Ward 08,13.2,35.0,91.1,33.1,51.78,0.19,1.25,82.5,0.05,22,1,81.4,Northeast India (Brahmaputra River Basin & Assam Telemetry)
Brahmaputra River Bank,ZONE-NE03,Ward 08,11.6,47.3,113.1,50.4,51.52,0.15,1.09,81.4,0.04,22,1,81.9,Northeast India (Brahmaputra River Basin & Assam Telemetry)
Brahmaputra River Bank,ZONE-NE03,Ward 08,11.1,53.3,107.4,28.0,51.61,0.16,1.13,81.9,0.06,22,1,78.0,Northeast India (Brahmaputra River Basin & Assam Telemetry)
Brahmaputra River Bank,ZONE-NE03,Ward 08,13.0,48.3,106.9,50.9,51.31,0.23,0.93,81.4,0.06,22,1,85.0,Northeast India (Brahmaputra River Basin & Assam Telemetry)
Brahmaputra River Bank,ZONE-NE03,Ward 08,12.2,52.0,90.9,49.9,51.54,0.21,1.18,81.5,0.07,22,1,81.7,Northeast India (Brahmaputra River Basin & Assam Telemetry)
Brahmaputra River Bank,ZONE-NE03,Ward 08,11.9,45.5,92.3,27.7,51.54,0.21,1.13,79.9,0.08,22,1,81.2,Northeast India (Brahmaputra River Basin & Assam Telemetry)
Brahmaputra River Bank,ZONE-NE03,Ward 08,12.4,46.7,84.3,32.7,51.28,0.25,1.2,82.2,0.07,22,1,81.8,Northeast India (Brahmaputra River Basin & Assam Telemetry)
Brahmaputra River Bank,ZONE-NE03,Ward 08,14.3,47.3,108.3,31.6,51.33,0.29,1.08,81.9,0.03,22,1,84.7,Northeast India (Brahmaputra River Basin & Assam Telemetry)
Brahmaputra River Bank,ZONE-NE03,Ward 08,10.7,47.4,99.7,46.8,51.71,0.21,1.06,81.9,0.06,22,1,82.5,Northeast India (Brahmaputra River Basin & Assam Telemetry)
Brahmaputra River Bank,ZONE-NE03,Ward 08,11.5,46.0,87.9,43.7,51.59,0.18,1.19,80.1,0.07,22,1,80.6,Northeast India (Brahmaputra River Basin & Assam Telemetry)
Brahmaputra River Bank,ZONE-NE03,Ward 08,9.6,48.4,95.6,28.6,51.49,0.25,1.1,83.4,0.08,22,1,84.6,Northeast India (Brahmaputra River Basin & Assam Telemetry)
Brahmaputra River Bank,ZONE-NE03,Ward 08,12.6,44.7,93.8,32.5,51.42,0.21,1.08,82.5,0.02,22,1,83.8,Northeast India (Brahmaputra River Basin & Assam Telemetry)
Brahmaputra River Bank,ZONE-NE03,Ward 08,10.8,42.6,83.1,56.3,51.41,0.17,1.07,81.9,0.02,22,1,80.2,Northeast India (Brahmaputra River Basin & Assam Telemetry)
Brahmaputra River Bank,ZONE-NE03,Ward 08,11.0,43.4,96.0,38.8,51.53,0.1,1.26,83.0,0.07,22,1,85.8,Northeast India (Brahmaputra River Basin & Assam Telemetry)
Brahmaputra River Bank,ZONE-NE03,Ward 08,10.5,48.0,102.6,30.1,51.48,0.23,1.14,83.0,0.06,22,1,83.1,Northeast India (Brahmaputra River Basin & Assam Telemetry)
Brahmaputra River Bank,ZONE-NE03,Ward 08,13.2,48.3,102.2,36.5,51.57,0.18,0.92,80.3,0.07,22,1,85.4,Northeast India (Brahmaputra River Basin & Assam Telemetry)
Brahmaputra River Bank,ZONE-NE03,Ward 08,12.6,50.8,83.7,38.9,51.43,0.2,1.16,82.0,0.05,22,1,85.2,Northeast India (Brahmaputra River Basin & Assam Telemetry)
Brahmaputra River Bank,ZONE-NE03,Ward 08,11.0,47.4,87.2,36.8,51.85,0.21,0.9,82.7,0.07,22,1,83.3,Northeast India (Brahmaputra River Basin & Assam Telemetry)
Brahmaputra River Bank,ZONE-NE03,Ward 08,11.0,41.2,106.1,44.7,51.57,0.16,1.16,80.9,0.08,22,1,78.3,Northeast India (Brahmaputra River Basin & Assam Telemetry)
Brahmaputra River Bank,ZONE-NE03,Ward 08,15.1,41.6,86.6,33.9,51.75,0.16,1.04,81.9,0.08,22,1,81.6,Northeast India (Brahmaputra River Basin & Assam Telemetry)
Brahmaputra River Bank,ZONE-NE03,Ward 08,13.4,47.1,80.5,42.2,51.86,0.24,0.92,81.2,0.07,22,1,85.7,Northeast India (Brahmaputra River Basin & Assam Telemetry)
Brahmaputra River Bank,ZONE-NE03,Ward 08,13.7,44.9,89.8,43.0,51.66,0.2,1.04,82.5,0.07,22,1,79.6,Northeast India (Brahmaputra River Basin & Assam Telemetry)
Brahmaputra River Bank,ZONE-NE03,Ward 08,9.7,41.4,103.1,47.8,51.63,0.19,1.19,79.5,0.05,22,1,79.2,Northeast India (Brahmaputra River Basin & Assam Telemetry)
Brahmaputra River Bank,ZONE-NE03,Ward 08,14.0,44.5,93.4,58.5,51.35,0.2,1.07,81.8,0.03,22,1,80.1,Northeast India (Brahmaputra River Basin & Assam Telemetry)
Brahmaputra River Bank,ZONE-NE03,Ward 08,12.1,40.8,96.3,42.5,51.42,0.18,1.01,82.7,0.07,22,1,83.6,Northeast India (Brahmaputra River Basin & Assam Telemetry)
Brahmaputra River Bank,ZONE-NE03,Ward 08,10.8,47.7,111.8,66.0,51.81,0.19,1.09,80.1,0.05,22,1,82.4,Northeast India (Brahmaputra River Basin & Assam Telemetry)
Brahmaputra River Bank,ZONE-NE03,Ward 08,3.3,10.4,27.3,0.0,51.41,0.23,1.11,80.9,0.07,22,1,79.0,Northeast India (Brahmaputra River Basin & Assam Telemetry)
Brahmaputra River Bank,ZONE-NE03,Ward 08,2.6,11.8,32.4,0.0,51.57,0.25,1.18,82.3,0.07,22,1,79.2,Northeast India (Brahmaputra River Basin & Assam Telemetry)
Brahmaputra River Bank,ZONE-NE03,Ward 08,3.4,10.0,24.0,18.1,51.5,0.23,1.18,82.2,0.08,22,1,80.6,Northeast India (Brahmaputra River Basin & Assam Telemetry)
Brahmaputra River Bank,ZONE-NE03,Ward 08,3.6,12.4,22.6,25.8,51.58,0.28,1.06,82.7,0.02,22,1,80.9,Northeast India (Brahmaputra River Basin & Assam Telemetry)
Brahmaputra River Bank,ZONE-NE03,Ward 08,3.0,11.9,33.1,3.2,51.14,0.2,1.14,80.7,0.06,22,1,83.6,Northeast India (Brahmaputra River Basin & Assam Telemetry)
Brahmaputra River Bank,ZONE-NE03,Ward 08,2.4,11.6,23.2,17.3,51.41,0.19,1.26,82.1,0.02,22,1,82.9,Northeast India (Brahmaputra River Basin & Assam Telemetry)
Brahmaputra River Bank,ZONE-NE03,Ward 08,3.6,10.5,23.1,17.5,51.48,0.16,1.02,82.3,0.07,22,1,82.9,Northeast India (Brahmaputra River Basin & Assam Telemetry)
Brahmaputra River Bank,ZONE-NE03,Ward 08,2.9,14.9,26.7,5.7,51.36,0.19,1.06,83.3,0.03,22,1,78.1,Northeast India (Brahmaputra River Basin & Assam Telemetry)
Brahmaputra River Bank,ZONE-NE03,Ward 08,2.9,13.2,24.6,3.9,51.31,0.22,1.21,82.2,0.08,22,1,76.6,Northeast India (Brahmaputra River Basin & Assam Telemetry)
Brahmaputra River Bank,ZONE-NE03,Ward 08,3.4,11.0,30.2,20.4,51.52,0.18,1.12,81.8,0.07,22,1,78.5,Northeast India (Brahmaputra River Basin & Assam Telemetry)
Brahmaputra River Bank,ZONE-NE03,Ward 08,2.8,13.0,24.7,21.1,51.39,0.2,1.21,83.0,0.04,22,1,83.9,Northeast India (Brahmaputra River Basin & Assam Telemetry)
Brahmaputra River Bank,ZONE-NE03,Ward 08,2.9,12.2,23.4,5.0,51.18,0.23,1.21,82.5,0.04,22,1,82.0,Northeast India (Brahmaputra River Basin & Assam Telemetry)
Brahmaputra River Bank,ZONE-NE03,Ward 08,3.5,10.9,25.9,5.1,51.69,0.1,1.19,80.4,0.02,22,1,76.8,Northeast India (Brahmaputra River Basin & Assam Telemetry)
Brahmaputra River Bank,ZONE-NE03,Ward 08,3.1,12.1,25.0,0.0,51.43,0.23,1.14,80.9,0.03,22,1,80.2,Northeast India (Brahmaputra River Basin & Assam Telemetry)
Brahmaputra River Bank,ZONE-NE03,Ward 08,3.6,13.9,23.8,6.4,51.41,0.15,1.21,81.7,0.05,22,1,81.4,Northeast India (Brahmaputra River Basin & Assam Telemetry)
Brahmaputra River Bank,ZONE-NE03,Ward 08,2.6,12.8,27.4,0.3,51.36,0.23,1.12,82.0,0.08,22,1,80.9,Northeast India (Brahmaputra River Basin & Assam Telemetry)
Brahmaputra River Bank,ZONE-NE03,Ward 08,3.1,11.8,26.1,15.1,51.63,0.19,0.98,83.2,0.08,22,1,80.3,Northeast India (Brahmaputra River Basin & Assam Telemetry)
Brahmaputra River Bank,ZONE-NE03,Ward 08,3.2,12.6,24.8,23.1,51.37,0.15,1.15,83.2,0.06,22,1,77.4,Northeast India (Brahmaputra River Basin & Assam Telemetry)
Brahmaputra River Bank,ZONE-NE03,Ward 08,3.1,12.1,21.0,1.3,51.35,0.16,1.13,80.4,0.06,22,1,81.0,Northeast India (Brahmaputra River Basin & Assam Telemetry)
Brahmaputra River Bank,ZONE-NE03,Ward 08,2.9,12.7,22.8,0.0,51.35,0.21,1.31,81.8,0.04,22,1,78.9,Northeast India (Brahmaputra River Basin & Assam Telemetry)
Brahmaputra River Bank,ZONE-NE03,Ward 08,3.3,12.1,24.4,0.0,51.19,0.21,1.18,81.7,0.03,22,1,77.1,Northeast India (Brahmaputra River Basin & Assam Telemetry)
Brahmaputra River Bank,ZONE-NE03,Ward 08,2.8,10.3,23.7,3.2,51.68,0.15,0.92,80.8,0.05,22,1,82.9,Northeast India (Brahmaputra River Basin & Assam Telemetry)
Brahmaputra River Bank,ZONE-NE03,Ward 08,2.9,11.9,25.3,4.7,51.32,0.22,0.95,82.6,0.03,22,1,76.1,Northeast India (Brahmaputra River Basin & Assam Telemetry)
Brahmaputra River Bank,ZONE-NE03,Ward 08,3.0,11.5,26.0,5.9,51.45,0.14,1.19,81.0,0.1,22,1,79.2,Northeast India (Brahmaputra River Basin & Assam Telemetry)
Brahmaputra River Bank,ZONE-NE03,Ward 08,3.1,10.0,23.5,3.8,51.52,0.18,1.2,82.1,0.08,22,1,76.3,Northeast India (Brahmaputra River Basin & Assam Telemetry)
Brahmaputra River Bank,ZONE-NE03,Ward 08,3.1,14.3,28.4,15.0,51.59,0.2,1.14,79.9,0.08,22,1,79.8,Northeast India (Brahmaputra River Basin & Assam Telemetry)
Brahmaputra River Bank,ZONE-NE03,Ward 08,3.3,11.8,19.0,11.9,51.6,0.27,1.11,80.5,0.06,22,1,75.6,Northeast India (Brahmaputra River Basin & Assam Telemetry)
Brahmaputra River Bank,ZONE-NE03,Ward 08,3.5,11.3,21.8,4.0,51.55,0.21,0.91,80.5,0.03,22,1,82.9,Northeast India (Brahmaputra River Basin & Assam Telemetry)
Brahmaputra River Bank,ZONE-NE03,Ward 08,3.4,13.7,26.4,0.0,51.44,0.17,1.18,82.7,0.04,22,1,83.1,Northeast India (Brahmaputra River Basin & Assam Telemetry)
Brahmaputra River Bank,ZONE-NE03,Ward 08,2.7,10.9,23.0,9.5,51.35,0.18,0.98,81.7,0.04,22,1,83.0,Northeast India (Brahmaputra River Basin & Assam Telemetry)
Brahmaputra River Bank,ZONE-NE03,Ward 08,3.1,11.5,25.8,0.0,51.29,0.2,0.9,81.4,0.08,22,1,80.5,Northeast India (Brahmaputra River Basin & Assam Telemetry)
Brahmaputra River Bank,ZONE-NE03,Ward 08,2.9,12.7,24.0,23.9,51.32,0.26,1.17,82.1,0.02,22,1,80.1,Northeast India (Brahmaputra River Basin & Assam Telemetry)
Brahmaputra River Bank,ZONE-NE03,Ward 08,2.9,13.1,25.5,1.1,51.6,0.23,1.11,82.5,0.05,22,1,77.0,Northeast India (Brahmaputra River Basin & Assam Telemetry)
Brahmaputra River Bank,ZONE-NE03,Ward 08,3.0,13.4,30.0,9.4,51.42,0.19,1.05,81.7,0.06,22,1,78.8,Northeast India (Brahmaputra River Basin & Assam Telemetry)
Brahmaputra River Bank,ZONE-NE03,Ward 08,2.8,12.0,21.3,0.0,51.74,0.18,1.18,81.8,0.03,22,1,80.8,Northeast India (Brahmaputra River Basin & Assam Telemetry)
Brahmaputra River Bank,ZONE-NE03,Ward 08,0.0,0.0,0.0,6.5,51.4,0.27,1.16,80.7,0.08,22,1,74.1,Northeast India (Brahmaputra River Basin & Assam Telemetry)
Brahmaputra River Bank,ZONE-NE03,Ward 08,0.0,0.0,0.0,0.0,51.15,0.23,1.1,82.1,0.02,22,1,72.9,Northeast India (Brahmaputra River Basin & Assam Telemetry)
Brahmaputra River Bank,ZONE-NE03,Ward 08,0.0,0.0,0.0,6.4,51.49,0.15,0.93,82.7,0.02,22,1,78.0,Northeast India (Brahmaputra River Basin & Assam Telemetry)
Brahmaputra River Bank,ZONE-NE03,Ward 08,0.0,0.0,0.0,5.8,51.75,0.24,1.0,81.4,0.03,22,1,75.0,Northeast India (Brahmaputra River Basin & Assam Telemetry)
Brahmaputra River Bank,ZONE-NE03,Ward 08,0.0,0.0,0.0,2.2,51.3,0.14,1.11,82.7,0.03,22,1,74.9,Northeast India (Brahmaputra River Basin & Assam Telemetry)
Brahmaputra River Bank,ZONE-NE03,Ward 08,0.0,0.0,0.0,0.0,51.32,0.18,0.97,81.8,0.05,22,1,76.5,Northeast India (Brahmaputra River Basin & Assam Telemetry)
Brahmaputra River Bank,ZONE-NE03,Ward 08,0.0,0.0,0.0,11.0,51.54,0.21,1.15,82.8,0.06,22,1,73.4,Northeast India (Brahmaputra River Basin & Assam Telemetry)
Brahmaputra River Bank,ZONE-NE03,Ward 08,0.0,0.0,0.0,0.0,51.26,0.23,1.06,83.4,0.09,22,1,72.9,Northeast India (Brahmaputra River Basin & Assam Telemetry)
Brahmaputra River Bank,ZONE-NE03,Ward 08,0.0,0.0,0.0,0.0,51.6,0.19,0.97,81.9,0.05,22,1,70.6,Northeast India (Brahmaputra River Basin & Assam Telemetry)
Brahmaputra River Bank,ZONE-NE03,Ward 08,0.0,0.0,0.0,5.7,51.7,0.16,1.12,81.7,0.07,22,1,73.5,Northeast India (Brahmaputra River Basin & Assam Telemetry)
Brahmaputra River Bank,ZONE-NE03,Ward 08,0.0,0.0,0.0,14.2,51.49,0.29,1.02,81.4,0.02,22,1,76.2,Northeast India (Brahmaputra River Basin & Assam Telemetry)
Brahmaputra River Bank,ZONE-NE03,Ward 08,0.0,0.0,0.0,0.0,51.95,0.22,1.1,83.8,0.05,22,1,72.2,Northeast India (Brahmaputra River Basin & Assam Telemetry)
Brahmaputra River Bank,ZONE-NE03,Ward 08,0.0,0.0,0.0,8.7,51.41,0.18,1.03,82.6,0.04,22,1,73.0,Northeast India (Brahmaputra River Basin & Assam Telemetry)
Brahmaputra River Bank,ZONE-NE03,Ward 08,0.0,0.0,0.0,0.7,51.65,0.19,1.0,82.3,0.06,22,1,77.8,Northeast India (Brahmaputra River Basin & Assam Telemetry)
Brahmaputra River Bank,ZONE-NE03,Ward 08,0.0,0.0,0.0,0.0,51.49,0.16,1.18,81.3,0.06,22,1,74.3,Northeast India (Brahmaputra River Basin & Assam Telemetry)
Brahmaputra River Bank,ZONE-NE03,Ward 08,0.0,0.0,0.0,0.2,51.45,0.13,0.93,81.8,0.04,22,1,74.9,Northeast India (Brahmaputra River Basin & Assam Telemetry)
Brahmaputra River Bank,ZONE-NE03,Ward 08,0.0,0.0,0.0,15.9,51.15,0.2,1.03,83.2,0.07,22,1,73.8,Northeast India (Brahmaputra River Basin & Assam Telemetry)
Brahmaputra River Bank,ZONE-NE03,Ward 08,0.0,0.0,0.0,0.0,51.75,0.2,1.03,82.1,0.04,22,1,73.8,Northeast India (Brahmaputra River Basin & Assam Telemetry)
Brahmaputra River Bank,ZONE-NE03,Ward 08,0.0,0.0,0.0,0.0,51.49,0.1,1.22,82.2,0.06,22,1,75.7,Northeast India (Brahmaputra River Basin & Assam Telemetry)
Brahmaputra River Bank,ZONE-NE03,Ward 08,0.0,0.0,0.0,0.0,51.38,0.19,1.1,82.2,0.04,22,1,71.9,Northeast India (Brahmaputra River Basin & Assam Telemetry)
Brahmaputra River Bank,ZONE-NE03,Ward 08,0.0,0.0,0.0,3.2,51.43,0.21,0.99,81.0,0.04,22,1,72.3,Northeast India (Brahmaputra River Basin & Assam Telemetry)
Brahmaputra River Bank,ZONE-NE03,Ward 08,0.0,0.0,0.0,0.0,51.14,0.24,1.01,82.2,0.04,22,1,71.7,Northeast India (Brahmaputra River Basin & Assam Telemetry)
Brahmaputra River Bank,ZONE-NE03,Ward 08,0.0,0.0,0.0,0.0,51.57,0.14,1.1,81.6,0.02,22,1,76.4,Northeast India (Brahmaputra River Basin & Assam Telemetry)
Brahmaputra River Bank,ZONE-NE03,Ward 08,0.0,0.0,0.0,9.5,51.53,0.28,1.24,81.6,0.07,22,1,70.4,Northeast India (Brahmaputra River Basin & Assam Telemetry)
Brahmaputra River Bank,ZONE-NE03,Ward 08,0.0,0.0,0.0,0.0,51.43,0.2,1.07,82.2,0.05,22,1,74.7,Northeast India (Brahmaputra River Basin & Assam Telemetry)
Brahmaputra River Bank,ZONE-NE03,Ward 08,0.0,0.0,0.0,6.2,51.76,0.12,1.08,82.7,0.06,22,1,72.8,Northeast India (Brahmaputra River Basin & Assam Telemetry)
Brahmaputra River Bank,ZONE-NE03,Ward 08,0.0,0.0,0.0,12.3,51.64,0.22,1.25,82.6,0.05,22,1,76.3,Northeast India (Brahmaputra River Basin & Assam Telemetry)
Brahmaputra River Bank,ZONE-NE03,Ward 08,0.0,0.0,0.0,0.0,51.6,0.22,1.01,81.5,0.05,22,1,76.7,Northeast India (Brahmaputra River Basin & Assam Telemetry)
Brahmaputra River Bank,ZONE-NE03,Ward 08,0.0,0.0,0.0,14.7,51.66,0.16,1.04,81.8,0.05,22,1,71.8,Northeast India (Brahmaputra River Basin & Assam Telemetry)
Brahmaputra River Bank,ZONE-NE03,Ward 08,0.0,0.0,0.0,11.3,51.58,0.19,1.13,83.4,0.07,22,1,73.2,Northeast India (Brahmaputra River Basin & Assam Telemetry)
Brahmaputra River Bank,ZONE-NE03,Ward 08,0.0,0.0,0.0,0.5,51.66,0.17,1.32,81.8,0.08,22,1,70.1,Northeast India (Brahmaputra River Basin & Assam Telemetry)
Brahmaputra River Bank,ZONE-NE03,Ward 08,0.0,0.0,0.0,6.4,51.13,0.26,1.05,80.8,0.08,22,1,76.6,Northeast India (Brahmaputra River Basin & Assam Telemetry)
Brahmaputra River Bank,ZONE-NE03,Ward 08,0.0,0.0,0.0,3.5,51.6,0.14,1.08,82.5,0.03,22,1,71.9,Northeast India (Brahmaputra River Basin & Assam Telemetry)
Brahmaputra River Bank,ZONE-NE03,Ward 08,0.0,0.0,0.0,5.0,51.32,0.25,0.97,81.8,0.03,22,1,71.9,Northeast India (Brahmaputra River Basin & Assam Telemetry)
Brahmaputra River Bank,ZONE-NE03,Ward 08,0.0,0.0,0.0,0.0,51.47,0.22,0.93,83.0,0.04,22,1,74.3,Northeast India (Brahmaputra River Basin & Assam Telemetry)
Jalukbari / Gauhati University,ZONE-NE04,Ward 02,60.9,246.5,515.3,248.0,53.89,0.64,2.56,71.7,0.43,11,1,82.4,Northeast India (Brahmaputra River Basin & Assam Telemetry)
Jalukbari / Gauhati University,ZONE-NE04,Ward 02,59.5,225.7,550.4,271.9,53.86,0.55,2.48,72.3,0.39,11,1,84.8,Northeast India (Brahmaputra River Basin & Assam Telemetry)
Jalukbari / Gauhati University,ZONE-NE04,Ward 02,57.4,210.0,508.9,266.7,53.69,0.64,2.53,72.8,0.39,11,1,84.1,Northeast India (Brahmaputra River Basin & Assam Telemetry)
Jalukbari / Gauhati University,ZONE-NE04,Ward 02,63.6,232.1,517.6,255.3,54.23,0.6,2.5,73.4,0.38,11,1,83.1,Northeast India (Brahmaputra River Basin & Assam Telemetry)
Jalukbari / Gauhati University,ZONE-NE04,Ward 02,62.2,192.8,470.0,262.9,54.31,0.5,2.5,71.3,0.4,11,1,84.3,Northeast India (Brahmaputra River Basin & Assam Telemetry)
Jalukbari / Gauhati University,ZONE-NE04,Ward 02,55.1,201.4,411.3,269.0,53.84,0.61,2.46,70.5,0.43,11,1,81.8,Northeast India (Brahmaputra River Basin & Assam Telemetry)
Jalukbari / Gauhati University,ZONE-NE04,Ward 02,44.0,210.4,468.7,261.7,54.34,0.55,2.24,72.0,0.39,11,1,83.6,Northeast India (Brahmaputra River Basin & Assam Telemetry)
Jalukbari / Gauhati University,ZONE-NE04,Ward 02,49.6,168.2,499.7,250.6,54.23,0.62,2.38,71.8,0.37,11,1,82.9,Northeast India (Brahmaputra River Basin & Assam Telemetry)
Jalukbari / Gauhati University,ZONE-NE04,Ward 02,63.4,187.9,510.7,261.9,53.98,0.58,2.31,69.4,0.39,11,1,79.8,Northeast India (Brahmaputra River Basin & Assam Telemetry)
Jalukbari / Gauhati University,ZONE-NE04,Ward 02,63.8,228.8,396.7,261.8,54.02,0.62,2.39,71.5,0.42,11,1,82.7,Northeast India (Brahmaputra River Basin & Assam Telemetry)
Jalukbari / Gauhati University,ZONE-NE04,Ward 02,56.7,192.2,464.6,250.3,54.21,0.57,2.53,72.7,0.42,11,1,80.3,Northeast India (Brahmaputra River Basin & Assam Telemetry)
Jalukbari / Gauhati University,ZONE-NE04,Ward 02,58.2,228.5,536.6,260.1,54.18,0.58,2.42,73.5,0.4,11,1,84.7,Northeast India (Brahmaputra River Basin & Assam Telemetry)
Jalukbari / Gauhati University,ZONE-NE04,Ward 02,59.9,167.0,576.8,261.7,54.02,0.64,2.66,72.6,0.41,11,1,84.7,Northeast India (Brahmaputra River Basin & Assam Telemetry)
Jalukbari / Gauhati University,ZONE-NE04,Ward 02,62.8,224.1,449.6,248.8,53.93,0.64,2.44,73.5,0.39,11,1,83.5,Northeast India (Brahmaputra River Basin & Assam Telemetry)
Jalukbari / Gauhati University,ZONE-NE04,Ward 02,51.1,189.2,451.8,262.2,53.67,0.59,2.5,73.2,0.39,11,1,79.5,Northeast India (Brahmaputra River Basin & Assam Telemetry)
Jalukbari / Gauhati University,ZONE-NE04,Ward 02,63.0,191.0,548.2,249.0,54.15,0.56,2.6,72.8,0.42,11,1,85.7,Northeast India (Brahmaputra River Basin & Assam Telemetry)
Jalukbari / Gauhati University,ZONE-NE04,Ward 02,73.1,216.3,546.3,269.8,53.86,0.61,2.63,73.1,0.36,11,1,83.2,Northeast India (Brahmaputra River Basin & Assam Telemetry)
Jalukbari / Gauhati University,ZONE-NE04,Ward 02,56.4,232.7,518.9,258.7,53.85,0.61,2.73,72.6,0.36,11,1,80.0,Northeast India (Brahmaputra River Basin & Assam Telemetry)
Jalukbari / Gauhati University,ZONE-NE04,Ward 02,57.9,261.9,515.6,269.3,53.91,0.62,2.58,71.0,0.39,11,1,81.7,Northeast India (Brahmaputra River Basin & Assam Telemetry)
Jalukbari / Gauhati University,ZONE-NE04,Ward 02,55.9,275.9,370.4,257.5,53.98,0.56,2.49,73.1,0.43,11,1,80.5,Northeast India (Brahmaputra River Basin & Assam Telemetry)
Jalukbari / Gauhati University,ZONE-NE04,Ward 02,56.8,189.3,450.4,262.9,54.07,0.66,2.57,72.2,0.39,11,1,82.9,Northeast India (Brahmaputra River Basin & Assam Telemetry)
Jalukbari / Gauhati University,ZONE-NE04,Ward 02,63.6,224.4,578.1,264.5,53.78,0.65,2.59,71.3,0.4,11,1,78.2,Northeast India (Brahmaputra River Basin & Assam Telemetry)
Jalukbari / Gauhati University,ZONE-NE04,Ward 02,46.2,240.5,384.1,265.8,53.89,0.54,2.39,72.6,0.39,11,1,81.8,Northeast India (Brahmaputra River Basin & Assam Telemetry)
Jalukbari / Gauhati University,ZONE-NE04,Ward 02,53.1,184.0,502.2,256.9,53.76,0.65,2.61,71.9,0.4,11,1,84.5,Northeast India (Brahmaputra River Basin & Assam Telemetry)
Jalukbari / Gauhati University,ZONE-NE04,Ward 02,51.7,276.9,484.0,256.7,53.84,0.56,2.57,73.0,0.39,11,1,85.9,Northeast India (Brahmaputra River Basin & Assam Telemetry)
Jalukbari / Gauhati University,ZONE-NE04,Ward 02,55.2,192.3,471.5,258.6,54.08,0.61,2.4,73.2,0.42,11,1,80.3,Northeast India (Brahmaputra River Basin & Assam Telemetry)
Jalukbari / Gauhati University,ZONE-NE04,Ward 02,58.4,207.2,448.4,254.2,53.9,0.61,2.41,71.0,0.43,11,1,81.2,Northeast India (Brahmaputra River Basin & Assam Telemetry)
Jalukbari / Gauhati University,ZONE-NE04,Ward 02,49.0,219.4,420.4,259.1,53.74,0.55,2.6,73.2,0.4,11,1,78.0,Northeast India (Brahmaputra River Basin & Assam Telemetry)
Jalukbari / Gauhati University,ZONE-NE04,Ward 02,62.1,227.9,522.0,257.3,53.78,0.66,2.4,70.7,0.4,11,1,82.0,Northeast India (Brahmaputra River Basin & Assam Telemetry)
Jalukbari / Gauhati University,ZONE-NE04,Ward 02,67.1,247.1,467.7,259.0,54.4,0.54,2.61,74.1,0.4,11,1,81.1,Northeast India (Brahmaputra River Basin & Assam Telemetry)
Jalukbari / Gauhati University,ZONE-NE04,Ward 02,56.5,240.3,403.1,258.6,53.94,0.6,2.58,71.0,0.41,11,1,84.3,Northeast India (Brahmaputra River Basin & Assam Telemetry)
Jalukbari / Gauhati University,ZONE-NE04,Ward 02,53.7,172.0,414.1,253.8,53.65,0.54,2.48,70.7,0.39,11,1,83.0,Northeast India (Brahmaputra River Basin & Assam Telemetry)
Jalukbari / Gauhati University,ZONE-NE04,Ward 02,56.7,206.9,478.5,256.5,53.84,0.64,2.65,72.2,0.38,11,1,85.2,Northeast India (Brahmaputra River Basin & Assam Telemetry)
Jalukbari / Gauhati University,ZONE-NE04,Ward 02,66.1,255.2,473.7,248.5,53.67,0.57,2.58,73.0,0.41,11,1,82.5,Northeast India (Brahmaputra River Basin & Assam Telemetry)
Jalukbari / Gauhati University,ZONE-NE04,Ward 02,60.2,238.5,464.3,272.5,53.8,0.6,2.38,72.9,0.37,11,1,80.3,Northeast India (Brahmaputra River Basin & Assam Telemetry)
Jalukbari / Gauhati University,ZONE-NE04,Ward 02,73.4,275.5,514.3,296.3,54.22,0.59,2.78,73.2,0.42,11,1,84.4,Northeast India (Brahmaputra River Basin & Assam Telemetry)
Jalukbari / Gauhati University,ZONE-NE04,Ward 02,66.1,320.5,469.0,304.8,54.05,0.58,2.56,72.8,0.43,11,1,80.8,Northeast India (Brahmaputra River Basin & Assam Telemetry)
Jalukbari / Gauhati University,ZONE-NE04,Ward 02,58.8,308.5,561.9,311.9,54.14,0.57,2.38,72.9,0.4,11,1,80.2,Northeast India (Brahmaputra River Basin & Assam Telemetry)
Jalukbari / Gauhati University,ZONE-NE04,Ward 02,69.5,272.8,532.7,312.0,54.36,0.64,2.45,73.2,0.41,11,1,80.8,Northeast India (Brahmaputra River Basin & Assam Telemetry)
Jalukbari / Gauhati University,ZONE-NE04,Ward 02,62.2,273.6,594.6,316.6,53.7,0.63,2.64,71.9,0.37,11,1,78.7,Northeast India (Brahmaputra River Basin & Assam Telemetry)
Jalukbari / Gauhati University,ZONE-NE04,Ward 02,65.2,276.5,586.1,307.3,53.89,0.62,2.63,72.1,0.39,11,1,78.0,Northeast India (Brahmaputra River Basin & Assam Telemetry)
Jalukbari / Gauhati University,ZONE-NE04,Ward 02,60.1,267.7,531.8,303.7,54.27,0.58,2.51,71.0,0.4,11,1,84.4,Northeast India (Brahmaputra River Basin & Assam Telemetry)
Jalukbari / Gauhati University,ZONE-NE04,Ward 02,56.2,242.3,597.3,307.3,53.85,0.54,2.73,72.6,0.39,11,1,80.3,Northeast India (Brahmaputra River Basin & Assam Telemetry)
Jalukbari / Gauhati University,ZONE-NE04,Ward 02,65.4,276.5,554.9,304.5,53.96,0.64,2.47,71.9,0.37,11,1,78.8,Northeast India (Brahmaputra River Basin & Assam Telemetry)
Jalukbari / Gauhati University,ZONE-NE04,Ward 02,68.7,275.7,463.8,320.9,54.14,0.6,2.5,70.8,0.37,11,1,79.9,Northeast India (Brahmaputra River Basin & Assam Telemetry)
Jalukbari / Gauhati University,ZONE-NE04,Ward 02,73.2,236.7,505.5,309.3,53.94,0.68,2.31,71.4,0.4,11,1,81.5,Northeast India (Brahmaputra River Basin & Assam Telemetry)
Jalukbari / Gauhati University,ZONE-NE04,Ward 02,64.7,239.3,552.0,323.5,53.96,0.58,2.53,72.7,0.39,11,1,84.1,Northeast India (Brahmaputra River Basin & Assam Telemetry)
Jalukbari / Gauhati University,ZONE-NE04,Ward 02,59.3,263.3,590.1,300.7,53.93,0.64,2.58,71.3,0.4,11,1,83.8,Northeast India (Brahmaputra River Basin & Assam Telemetry)
Jalukbari / Gauhati University,ZONE-NE04,Ward 02,76.7,270.6,419.2,300.3,54.04,0.59,2.45,70.8,0.4,11,1,79.1,Northeast India (Brahmaputra River Basin & Assam Telemetry)
Jalukbari / Gauhati University,ZONE-NE04,Ward 02,64.6,255.4,451.3,307.2,54.18,0.6,2.6,73.2,0.38,11,1,83.6,Northeast India (Brahmaputra River Basin & Assam Telemetry)
Jalukbari / Gauhati University,ZONE-NE04,Ward 02,73.2,287.9,527.3,307.2,54.28,0.58,2.49,72.5,0.38,11,1,79.2,Northeast India (Brahmaputra River Basin & Assam Telemetry)
Jalukbari / Gauhati University,ZONE-NE04,Ward 02,58.9,283.6,460.3,319.1,53.93,0.65,2.44,71.4,0.4,11,1,83.9,Northeast India (Brahmaputra River Basin & Assam Telemetry)
Jalukbari / Gauhati University,ZONE-NE04,Ward 02,65.9,249.4,598.0,321.7,54.09,0.6,2.56,71.7,0.4,11,1,85.8,Northeast India (Brahmaputra River Basin & Assam Telemetry)
Jalukbari / Gauhati University,ZONE-NE04,Ward 02,69.5,283.3,457.0,317.0,54.14,0.61,2.59,71.2,0.37,11,1,83.6,Northeast India (Brahmaputra River Basin & Assam Telemetry)
Jalukbari / Gauhati University,ZONE-NE04,Ward 02,59.4,276.8,523.4,293.4,54.11,0.54,2.48,72.4,0.39,11,1,80.0,Northeast India (Brahmaputra River Basin & Assam Telemetry)
Jalukbari / Gauhati University,ZONE-NE04,Ward 02,71.9,260.0,562.4,298.8,53.8,0.47,2.35,71.6,0.39,11,1,81.7,Northeast India (Brahmaputra River Basin & Assam Telemetry)
Jalukbari / Gauhati University,ZONE-NE04,Ward 02,65.4,273.6,556.5,315.0,54.02,0.64,2.37,71.0,0.38,11,1,80.2,Northeast India (Brahmaputra River Basin & Assam Telemetry)
Jalukbari / Gauhati University,ZONE-NE04,Ward 02,66.0,277.8,579.3,299.9,53.9,0.56,2.57,71.9,0.4,11,1,78.2,Northeast India (Brahmaputra River Basin & Assam Telemetry)
Jalukbari / Gauhati University,ZONE-NE04,Ward 02,73.7,246.1,544.7,306.9,54.22,0.57,2.73,74.2,0.41,11,1,81.8,Northeast India (Brahmaputra River Basin & Assam Telemetry)
Jalukbari / Gauhati University,ZONE-NE04,Ward 02,66.8,233.8,574.7,304.7,53.73,0.59,2.53,71.3,0.42,11,1,81.4,Northeast India (Brahmaputra River Basin & Assam Telemetry)
Jalukbari / Gauhati University,ZONE-NE04,Ward 02,62.5,276.8,493.3,319.4,54.09,0.56,2.48,72.9,0.39,11,1,84.6,Northeast India (Brahmaputra River Basin & Assam Telemetry)
Jalukbari / Gauhati University,ZONE-NE04,Ward 02,66.0,270.3,604.8,312.5,54.18,0.59,2.47,71.8,0.37,11,1,84.6,Northeast India (Brahmaputra River Basin & Assam Telemetry)
Jalukbari / Gauhati University,ZONE-NE04,Ward 02,62.4,268.8,499.3,315.7,53.9,0.59,2.6,72.7,0.39,11,1,84.4,Northeast India (Brahmaputra River Basin & Assam Telemetry)
Jalukbari / Gauhati University,ZONE-NE04,Ward 02,67.9,266.4,517.1,313.9,53.85,0.64,2.54,73.0,0.41,11,1,84.7,Northeast India (Brahmaputra River Basin & Assam Telemetry)
Jalukbari / Gauhati University,ZONE-NE04,Ward 02,63.9,265.4,490.3,324.0,54.15,0.65,2.55,70.6,0.41,11,1,85.4,Northeast India (Brahmaputra River Basin & Assam Telemetry)
Jalukbari / Gauhati University,ZONE-NE04,Ward 02,69.9,273.7,438.9,311.3,53.84,0.54,2.45,72.2,0.39,11,1,84.8,Northeast India (Brahmaputra River Basin & Assam Telemetry)
Jalukbari / Gauhati University,ZONE-NE04,Ward 02,67.7,274.6,601.1,309.4,53.91,0.68,2.61,72.3,0.41,11,1,81.8,Northeast India (Brahmaputra River Basin & Assam Telemetry)
Jalukbari / Gauhati University,ZONE-NE04,Ward 02,59.0,249.7,546.4,302.8,54.07,0.57,2.54,74.0,0.39,11,1,83.3,Northeast India (Brahmaputra River Basin & Assam Telemetry)
Jalukbari / Gauhati University,ZONE-NE04,Ward 02,66.8,270.1,539.0,317.4,53.99,0.65,2.43,73.2,0.37,11,1,83.1,Northeast India (Brahmaputra River Basin & Assam Telemetry)
Jalukbari / Gauhati University,ZONE-NE04,Ward 02,82.8,235.1,513.1,297.5,53.95,0.67,2.57,73.4,0.41,11,1,85.2,Northeast India (Brahmaputra River Basin & Assam Telemetry)
Jalukbari / Gauhati University,ZONE-NE04,Ward 02,78.3,345.7,718.9,451.8,53.78,0.62,2.47,70.2,0.41,11,1,85.4,Northeast India (Brahmaputra River Basin & Assam Telemetry)
Jalukbari / Gauhati University,ZONE-NE04,Ward 02,85.1,319.7,705.9,451.0,53.65,0.61,2.56,72.3,0.42,11,1,82.6,Northeast India (Brahmaputra River Basin & Assam Telemetry)
Jalukbari / Gauhati University,ZONE-NE04,Ward 02,76.7,375.8,712.9,443.0,54.18,0.64,2.37,71.0,0.38,11,1,81.1,Northeast India (Brahmaputra River Basin & Assam Telemetry)
Jalukbari / Gauhati University,ZONE-NE04,Ward 02,83.9,340.0,743.9,447.1,54.07,0.57,2.41,72.6,0.41,11,1,83.8,Northeast India (Brahmaputra River Basin & Assam Telemetry)
Jalukbari / Gauhati University,ZONE-NE04,Ward 02,82.2,302.5,674.2,443.5,54.13,0.62,2.62,72.5,0.38,11,1,80.0,Northeast India (Brahmaputra River Basin & Assam Telemetry)
Jalukbari / Gauhati University,ZONE-NE04,Ward 02,88.5,357.2,781.1,443.7,53.84,0.58,2.57,70.8,0.37,11,1,83.5,Northeast India (Brahmaputra River Basin & Assam Telemetry)
Jalukbari / Gauhati University,ZONE-NE04,Ward 02,73.4,358.1,569.2,438.9,53.62,0.68,2.4,71.4,0.4,11,1,78.8,Northeast India (Brahmaputra River Basin & Assam Telemetry)
Jalukbari / Gauhati University,ZONE-NE04,Ward 02,87.7,323.7,677.2,458.2,53.82,0.6,2.49,73.5,0.41,11,1,82.5,Northeast India (Brahmaputra River Basin & Assam Telemetry)
Jalukbari / Gauhati University,ZONE-NE04,Ward 02,78.8,361.3,829.9,461.9,54.42,0.63,2.56,73.0,0.4,11,1,83.5,Northeast India (Brahmaputra River Basin & Assam Telemetry)
Jalukbari / Gauhati University,ZONE-NE04,Ward 02,92.0,327.1,766.5,466.1,53.78,0.6,2.44,71.9,0.39,11,1,84.5,Northeast India (Brahmaputra River Basin & Assam Telemetry)
Jalukbari / Gauhati University,ZONE-NE04,Ward 02,86.8,292.8,816.4,444.0,53.87,0.6,2.55,72.7,0.45,11,1,83.8,Northeast India (Brahmaputra River Basin & Assam Telemetry)
Jalukbari / Gauhati University,ZONE-NE04,Ward 02,88.6,340.2,787.2,435.8,54.04,0.6,2.54,71.6,0.42,11,1,80.1,Northeast India (Brahmaputra River Basin & Assam Telemetry)
Jalukbari / Gauhati University,ZONE-NE04,Ward 02,86.9,316.6,815.2,455.1,54.29,0.63,2.73,72.6,0.38,11,1,78.4,Northeast India (Brahmaputra River Basin & Assam Telemetry)
Jalukbari / Gauhati University,ZONE-NE04,Ward 02,78.3,328.6,762.0,455.7,54.03,0.66,2.63,72.9,0.4,11,1,85.1,Northeast India (Brahmaputra River Basin & Assam Telemetry)
Jalukbari / Gauhati University,ZONE-NE04,Ward 02,77.8,398.4,674.5,465.6,53.94,0.67,2.33,72.2,0.39,11,1,80.5,Northeast India (Brahmaputra River Basin & Assam Telemetry)
Jalukbari / Gauhati University,ZONE-NE04,Ward 02,71.7,337.2,690.8,439.5,54.24,0.62,2.46,71.2,0.38,11,1,81.5,Northeast India (Brahmaputra River Basin & Assam Telemetry)
Jalukbari / Gauhati University,ZONE-NE04,Ward 02,84.3,365.9,779.5,431.3,54.07,0.55,2.46,70.9,0.42,11,1,82.8,Northeast India (Brahmaputra River Basin & Assam Telemetry)
Jalukbari / Gauhati University,ZONE-NE04,Ward 02,89.0,327.4,828.7,447.6,53.74,0.57,2.47,70.7,0.41,11,1,80.7,Northeast India (Brahmaputra River Basin & Assam Telemetry)
Jalukbari / Gauhati University,ZONE-NE04,Ward 02,83.1,350.1,686.2,453.0,53.51,0.57,2.58,73.6,0.42,11,1,85.4,Northeast India (Brahmaputra River Basin & Assam Telemetry)
Jalukbari / Gauhati University,ZONE-NE04,Ward 02,72.7,302.3,738.5,459.8,54.04,0.53,2.43,72.8,0.4,11,1,81.0,Northeast India (Brahmaputra River Basin & Assam Telemetry)
Jalukbari / Gauhati University,ZONE-NE04,Ward 02,86.0,313.9,655.7,435.3,54.07,0.62,2.31,72.2,0.42,11,1,85.4,Northeast India (Brahmaputra River Basin & Assam Telemetry)
Jalukbari / Gauhati University,ZONE-NE04,Ward 02,79.3,359.1,606.6,449.5,54.43,0.66,2.56,72.3,0.42,11,1,83.0,Northeast India (Brahmaputra River Basin & Assam Telemetry)
Jalukbari / Gauhati University,ZONE-NE04,Ward 02,88.3,365.2,771.5,455.3,53.74,0.61,2.58,71.5,0.41,11,1,78.1,Northeast India (Brahmaputra River Basin & Assam Telemetry)
Jalukbari / Gauhati University,ZONE-NE04,Ward 02,79.9,361.5,696.2,458.0,53.79,0.62,2.56,70.4,0.41,11,1,80.3,Northeast India (Brahmaputra River Basin & Assam Telemetry)
Jalukbari / Gauhati University,ZONE-NE04,Ward 02,100.0,335.0,683.2,455.6,54.32,0.6,2.41,71.0,0.41,11,1,83.5,Northeast India (Brahmaputra River Basin & Assam Telemetry)
Jalukbari / Gauhati University,ZONE-NE04,Ward 02,83.9,287.5,785.8,470.3,54.11,0.59,2.64,73.0,0.4,11,1,81.5,Northeast India (Brahmaputra River Basin & Assam Telemetry)
Jalukbari / Gauhati University,ZONE-NE04,Ward 02,92.9,286.8,703.9,462.1,53.95,0.55,2.53,69.6,0.34,11,1,83.2,Northeast India (Brahmaputra River Basin & Assam Telemetry)
Jalukbari / Gauhati University,ZONE-NE04,Ward 02,86.2,386.2,699.4,452.7,54.01,0.64,2.63,72.3,0.41,11,1,84.5,Northeast India (Brahmaputra River Basin & Assam Telemetry)
Jalukbari / Gauhati University,ZONE-NE04,Ward 02,75.8,391.1,684.9,457.1,53.82,0.61,2.52,71.0,0.4,11,1,85.8,Northeast India (Brahmaputra River Basin & Assam Telemetry)
Jalukbari / Gauhati University,ZONE-NE04,Ward 02,84.0,379.7,674.4,455.6,53.97,0.57,2.55,71.7,0.4,11,1,84.4,Northeast India (Brahmaputra River Basin & Assam Telemetry)
Jalukbari / Gauhati University,ZONE-NE04,Ward 02,81.9,306.1,824.6,445.9,54.11,0.65,2.54,72.1,0.4,11,1,81.0,Northeast India (Brahmaputra River Basin & Assam Telemetry)
Jalukbari / Gauhati University,ZONE-NE04,Ward 02,70.6,394.1,630.6,447.0,54.0,0.72,2.55,70.6,0.38,11,1,80.8,Northeast India (Brahmaputra River Basin & Assam Telemetry)
Jalukbari / Gauhati University,ZONE-NE04,Ward 02,88.4,409.1,697.4,440.5,54.08,0.6,2.39,71.8,0.43,11,1,78.0,Northeast India (Brahmaputra River Basin & Assam Telemetry)
Jalukbari / Gauhati University,ZONE-NE04,Ward 02,83.3,356.6,716.6,470.3,53.5,0.69,2.64,71.4,0.42,11,1,77.9,Northeast India (Brahmaputra River Basin & Assam Telemetry)
Jalukbari / Gauhati University,ZONE-NE04,Ward 02,80.3,322.6,818.1,443.3,53.77,0.65,2.58,71.5,0.42,11,1,81.9,Northeast India (Brahmaputra River Basin & Assam Telemetry)
Jalukbari / Gauhati University,ZONE-NE04,Ward 02,40.7,186.8,364.0,190.6,53.81,0.61,2.54,71.3,0.38,11,1,81.4,Northeast India (Brahmaputra River Basin & Assam Telemetry)
Jalukbari / Gauhati University,ZONE-NE04,Ward 02,37.6,174.8,415.7,173.8,54.37,0.57,2.48,74.6,0.41,11,1,81.9,Northeast India (Brahmaputra River Basin & Assam Telemetry)
Jalukbari / Gauhati University,ZONE-NE04,Ward 02,45.6,150.5,407.4,212.9,54.13,0.63,2.38,72.1,0.4,11,1,85.1,Northeast India (Brahmaputra River Basin & Assam Telemetry)
Jalukbari / Gauhati University,ZONE-NE04,Ward 02,39.5,165.2,343.9,200.7,54.27,0.64,2.72,70.8,0.43,11,1,80.9,Northeast India (Brahmaputra River Basin & Assam Telemetry)
Jalukbari / Gauhati University,ZONE-NE04,Ward 02,43.4,182.3,353.8,185.8,54.02,0.59,2.4,72.1,0.38,11,1,84.3,Northeast India (Brahmaputra River Basin & Assam Telemetry)
Jalukbari / Gauhati University,ZONE-NE04,Ward 02,35.7,183.6,379.5,193.9,54.02,0.57,2.52,71.6,0.41,11,1,81.1,Northeast India (Brahmaputra River Basin & Assam Telemetry)
Jalukbari / Gauhati University,ZONE-NE04,Ward 02,49.0,190.9,345.9,178.6,54.63,0.6,2.47,72.2,0.45,11,1,78.2,Northeast India (Brahmaputra River Basin & Assam Telemetry)
Jalukbari / Gauhati University,ZONE-NE04,Ward 02,47.3,162.4,384.3,194.9,53.94,0.58,2.45,71.7,0.39,11,1,81.3,Northeast India (Brahmaputra River Basin & Assam Telemetry)
Jalukbari / Gauhati University,ZONE-NE04,Ward 02,40.7,195.2,318.6,210.1,53.83,0.62,2.53,70.2,0.43,11,1,80.0,Northeast India (Brahmaputra River Basin & Assam Telemetry)
Jalukbari / Gauhati University,ZONE-NE04,Ward 02,39.4,183.7,404.8,185.1,54.25,0.63,2.34,72.5,0.4,11,1,81.7,Northeast India (Brahmaputra River Basin & Assam Telemetry)
Jalukbari / Gauhati University,ZONE-NE04,Ward 02,39.3,161.0,387.4,176.0,53.85,0.62,2.47,70.5,0.41,11,1,80.9,Northeast India (Brahmaputra River Basin & Assam Telemetry)
Jalukbari / Gauhati University,ZONE-NE04,Ward 02,48.9,150.5,317.7,187.7,53.94,0.66,2.45,72.6,0.39,11,1,81.9,Northeast India (Brahmaputra River Basin & Assam Telemetry)
Jalukbari / Gauhati University,ZONE-NE04,Ward 02,38.4,185.9,292.5,191.1,53.92,0.61,2.37,70.6,0.41,11,1,78.5,Northeast India (Brahmaputra River Basin & Assam Telemetry)
Jalukbari / Gauhati University,ZONE-NE04,Ward 02,44.3,161.7,358.0,203.2,53.85,0.55,2.55,70.8,0.4,11,1,79.3,Northeast India (Brahmaputra River Basin & Assam Telemetry)
Jalukbari / Gauhati University,ZONE-NE04,Ward 02,38.0,162.3,413.1,174.4,53.88,0.61,2.41,71.2,0.38,11,1,83.8,Northeast India (Brahmaputra River Basin & Assam Telemetry)
Jalukbari / Gauhati University,ZONE-NE04,Ward 02,50.9,194.6,368.7,175.4,53.83,0.59,2.41,71.9,0.4,11,1,85.6,Northeast India (Brahmaputra River Basin & Assam Telemetry)
Jalukbari / Gauhati University,ZONE-NE04,Ward 02,40.9,167.4,358.4,191.4,54.11,0.57,2.45,74.4,0.39,11,1,85.6,Northeast India (Brahmaputra River Basin & Assam Telemetry)
Jalukbari / Gauhati University,ZONE-NE04,Ward 02,45.8,163.0,365.5,177.9,54.35,0.61,2.46,71.9,0.4,11,1,80.8,Northeast India (Brahmaputra River Basin & Assam Telemetry)
Jalukbari / Gauhati University,ZONE-NE04,Ward 02,38.4,157.0,317.7,198.2,54.06,0.61,2.58,70.5,0.41,11,1,81.4,Northeast India (Brahmaputra River Basin & Assam Telemetry)
Jalukbari / Gauhati University,ZONE-NE04,Ward 02,43.9,144.5,385.4,181.3,53.63,0.62,2.56,72.0,0.41,11,1,80.3,Northeast India (Brahmaputra River Basin & Assam Telemetry)
Jalukbari / Gauhati University,ZONE-NE04,Ward 02,43.7,197.7,338.4,191.5,54.22,0.65,2.52,72.3,0.37,11,1,78.2,Northeast India (Brahmaputra River Basin & Assam Telemetry)
Jalukbari / Gauhati University,ZONE-NE04,Ward 02,35.6,204.6,308.8,225.4,53.64,0.57,2.45,72.9,0.41,11,1,83.8,Northeast India (Brahmaputra River Basin & Assam Telemetry)
Jalukbari / Gauhati University,ZONE-NE04,Ward 02,45.2,202.9,434.4,199.1,53.65,0.51,2.48,73.8,0.42,11,1,83.7,Northeast India (Brahmaputra River Basin & Assam Telemetry)
Jalukbari / Gauhati University,ZONE-NE04,Ward 02,38.0,169.2,379.6,200.0,53.96,0.58,2.42,73.9,0.42,11,1,85.7,Northeast India (Brahmaputra River Basin & Assam Telemetry)
Jalukbari / Gauhati University,ZONE-NE04,Ward 02,44.0,166.4,435.7,190.3,53.93,0.6,2.62,71.4,0.38,11,1,78.7,Northeast India (Brahmaputra River Basin & Assam Telemetry)
Jalukbari / Gauhati University,ZONE-NE04,Ward 02,37.2,199.6,405.3,180.9,54.14,0.64,2.53,73.4,0.39,11,1,84.9,Northeast India (Brahmaputra River Basin & Assam Telemetry)
Jalukbari / Gauhati University,ZONE-NE04,Ward 02,39.5,168.6,368.1,186.7,53.82,0.6,2.47,73.3,0.41,11,1,84.7,Northeast India (Brahmaputra River Basin & Assam Telemetry)
Jalukbari / Gauhati University,ZONE-NE04,Ward 02,34.4,176.3,395.7,188.5,54.15,0.56,2.45,72.1,0.39,11,1,83.9,Northeast India (Brahmaputra River Basin & Assam Telemetry)
Jalukbari / Gauhati University,ZONE-NE04,Ward 02,43.6,169.5,340.2,204.8,54.08,0.62,2.35,71.3,0.39,11,1,84.3,Northeast India (Brahmaputra River Basin & Assam Telemetry)
Jalukbari / Gauhati University,ZONE-NE04,Ward 02,47.0,183.4,346.5,184.0,53.7,0.64,2.36,74.1,0.43,11,1,84.0,Northeast India (Brahmaputra River Basin & Assam Telemetry)
Jalukbari / Gauhati University,ZONE-NE04,Ward 02,47.4,174.9,359.4,188.6,53.91,0.6,2.36,71.4,0.37,11,1,84.5,Northeast India (Brahmaputra River Basin & Assam Telemetry)
Jalukbari / Gauhati University,ZONE-NE04,Ward 02,37.0,179.8,422.5,190.1,53.98,0.58,2.68,72.6,0.42,11,1,83.6,Northeast India (Brahmaputra River Basin & Assam Telemetry)
Jalukbari / Gauhati University,ZONE-NE04,Ward 02,47.9,178.8,266.5,181.9,53.94,0.55,2.53,72.7,0.38,11,1,83.8,Northeast India (Brahmaputra River Basin & Assam Telemetry)
Jalukbari / Gauhati University,ZONE-NE04,Ward 02,39.7,178.3,387.7,185.0,54.02,0.6,2.56,71.7,0.41,11,1,84.1,Northeast India (Brahmaputra River Basin & Assam Telemetry)
Jalukbari / Gauhati University,ZONE-NE04,Ward 02,40.0,139.5,376.9,192.0,53.99,0.58,2.4,71.5,0.42,11,1,79.8,Northeast India (Brahmaputra River Basin & Assam Telemetry)
Jalukbari / Gauhati University,ZONE-NE04,Ward 02,33.2,121.1,268.1,139.0,53.93,0.5,2.54,71.0,0.38,11,1,81.9,Northeast India (Brahmaputra River Basin & Assam Telemetry)
Jalukbari / Gauhati University,ZONE-NE04,Ward 02,27.7,117.0,288.7,120.3,54.15,0.66,2.41,71.9,0.43,11,1,82.1,Northeast India (Brahmaputra River Basin & Assam Telemetry)
Jalukbari / Gauhati University,ZONE-NE04,Ward 02,24.1,111.5,206.4,131.2,53.81,0.57,2.65,73.2,0.4,11,1,80.9,Northeast India (Brahmaputra River Basin & Assam Telemetry)
Jalukbari / Gauhati University,ZONE-NE04,Ward 02,35.3,121.0,243.3,123.3,54.1,0.54,2.76,70.0,0.45,11,1,83.4,Northeast India (Brahmaputra River Basin & Assam Telemetry)
Jalukbari / Gauhati University,ZONE-NE04,Ward 02,26.3,111.3,265.3,118.2,53.83,0.58,2.6,71.8,0.41,11,1,81.3,Northeast India (Brahmaputra River Basin & Assam Telemetry)
Jalukbari / Gauhati University,ZONE-NE04,Ward 02,25.0,110.9,321.1,114.7,54.03,0.65,2.4,72.3,0.4,11,1,80.1,Northeast India (Brahmaputra River Basin & Assam Telemetry)
Jalukbari / Gauhati University,ZONE-NE04,Ward 02,28.3,140.7,257.5,138.9,54.0,0.62,2.57,73.3,0.4,11,1,84.8,Northeast India (Brahmaputra River Basin & Assam Telemetry)
Jalukbari / Gauhati University,ZONE-NE04,Ward 02,30.0,110.1,287.6,99.9,53.84,0.62,2.59,71.0,0.43,11,1,77.9,Northeast India (Brahmaputra River Basin & Assam Telemetry)
Jalukbari / Gauhati University,ZONE-NE04,Ward 02,30.7,124.9,227.5,121.8,53.97,0.67,2.69,73.3,0.39,11,1,78.1,Northeast India (Brahmaputra River Basin & Assam Telemetry)
Jalukbari / Gauhati University,ZONE-NE04,Ward 02,29.1,127.4,272.5,111.5,54.01,0.65,2.39,72.2,0.42,11,1,80.9,Northeast India (Brahmaputra River Basin & Assam Telemetry)
Jalukbari / Gauhati University,ZONE-NE04,Ward 02,25.7,123.0,270.7,110.0,54.27,0.61,2.58,72.3,0.4,11,1,80.7,Northeast India (Brahmaputra River Basin & Assam Telemetry)
Jalukbari / Gauhati University,ZONE-NE04,Ward 02,28.9,119.4,255.1,135.7,54.66,0.6,2.47,71.8,0.44,11,1,84.2,Northeast India (Brahmaputra River Basin & Assam Telemetry)
Jalukbari / Gauhati University,ZONE-NE04,Ward 02,22.5,130.4,247.8,130.3,54.17,0.57,2.41,71.3,0.41,11,1,81.2,Northeast India (Brahmaputra River Basin & Assam Telemetry)
Jalukbari / Gauhati University,ZONE-NE04,Ward 02,26.1,113.1,300.7,114.1,53.64,0.62,2.39,70.8,0.41,11,1,78.4,Northeast India (Brahmaputra River Basin & Assam Telemetry)
Jalukbari / Gauhati University,ZONE-NE04,Ward 02,29.8,115.0,225.3,94.7,53.95,0.57,2.56,72.6,0.36,11,1,82.2,Northeast India (Brahmaputra River Basin & Assam Telemetry)
Jalukbari / Gauhati University,ZONE-NE04,Ward 02,30.4,108.4,231.8,119.1,54.31,0.59,2.64,72.4,0.4,11,1,80.9,Northeast India (Brahmaputra River Basin & Assam Telemetry)
Jalukbari / Gauhati University,ZONE-NE04,Ward 02,29.9,128.4,269.4,130.3,54.02,0.56,2.64,72.5,0.4,11,1,81.6,Northeast India (Brahmaputra River Basin & Assam Telemetry)
Jalukbari / Gauhati University,ZONE-NE04,Ward 02,25.8,109.2,286.0,112.4,53.7,0.63,2.52,70.7,0.43,11,1,78.8,Northeast India (Brahmaputra River Basin & Assam Telemetry)
Jalukbari / Gauhati University,ZONE-NE04,Ward 02,33.2,135.5,262.4,123.5,54.28,0.57,2.54,71.3,0.38,11,1,82.4,Northeast India (Brahmaputra River Basin & Assam Telemetry)
Jalukbari / Gauhati University,ZONE-NE04,Ward 02,28.1,120.9,213.4,129.2,53.98,0.58,2.53,74.0,0.42,11,1,83.2,Northeast India (Brahmaputra River Basin & Assam Telemetry)
Jalukbari / Gauhati University,ZONE-NE04,Ward 02,28.1,113.1,253.3,117.7,53.9,0.54,2.38,72.9,0.42,11,1,85.0,Northeast India (Brahmaputra River Basin & Assam Telemetry)
Jalukbari / Gauhati University,ZONE-NE04,Ward 02,31.0,132.3,247.2,137.1,53.97,0.59,2.38,70.9,0.39,11,1,85.1,Northeast India (Brahmaputra River Basin & Assam Telemetry)
Jalukbari / Gauhati University,ZONE-NE04,Ward 02,32.1,114.4,264.5,137.5,54.24,0.62,2.47,72.2,0.37,11,1,84.6,Northeast India (Brahmaputra River Basin & Assam Telemetry)
Jalukbari / Gauhati University,ZONE-NE04,Ward 02,30.3,121.2,282.0,126.3,53.83,0.67,2.53,72.9,0.36,11,1,77.9,Northeast India (Brahmaputra River Basin & Assam Telemetry)
Jalukbari / Gauhati University,ZONE-NE04,Ward 02,30.7,112.2,229.4,118.0,54.01,0.58,2.37,74.1,0.39,11,1,82.6,Northeast India (Brahmaputra River Basin & Assam Telemetry)
Jalukbari / Gauhati University,ZONE-NE04,Ward 02,27.9,103.3,256.5,127.4,53.82,0.53,2.48,73.1,0.42,11,1,82.4,Northeast India (Brahmaputra River Basin & Assam Telemetry)
Jalukbari / Gauhati University,ZONE-NE04,Ward 02,32.6,105.0,259.5,110.0,54.08,0.61,2.26,75.0,0.41,11,1,85.8,Northeast India (Brahmaputra River Basin & Assam Telemetry)
Jalukbari / Gauhati University,ZONE-NE04,Ward 02,29.1,138.3,241.1,128.9,53.78,0.61,2.38,71.2,0.4,11,1,80.7,Northeast India (Brahmaputra River Basin & Assam Telemetry)
Jalukbari / Gauhati University,ZONE-NE04,Ward 02,29.5,128.9,238.6,102.1,53.88,0.63,2.56,72.3,0.41,11,1,82.6,Northeast India (Brahmaputra River Basin & Assam Telemetry)
Jalukbari / Gauhati University,ZONE-NE04,Ward 02,28.1,96.0,279.3,123.9,54.04,0.62,2.6,73.2,0.38,11,1,79.5,Northeast India (Brahmaputra River Basin & Assam Telemetry)
Jalukbari / Gauhati University,ZONE-NE04,Ward 02,33.4,118.2,293.7,109.1,53.89,0.61,2.29,72.9,0.37,11,1,83.2,Northeast India (Brahmaputra River Basin & Assam Telemetry)
Jalukbari / Gauhati University,ZONE-NE04,Ward 02,32.6,95.6,215.6,116.2,53.94,0.63,2.61,73.5,0.41,11,1,83.5,Northeast India (Brahmaputra River Basin & Assam Telemetry)
Jalukbari / Gauhati University,ZONE-NE04,Ward 02,32.2,131.4,301.1,105.7,53.77,0.52,2.32,71.6,0.4,11,1,85.0,Northeast India (Brahmaputra River Basin & Assam Telemetry)
Jalukbari / Gauhati University,ZONE-NE04,Ward 02,30.9,135.9,190.2,106.2,53.8,0.57,2.5,70.2,0.41,11,1,83.5,Northeast India (Brahmaputra River Basin & Assam Telemetry)
Jalukbari / Gauhati University,ZONE-NE04,Ward 02,30.4,114.3,233.4,134.6,53.83,0.52,2.54,72.8,0.41,11,1,78.1,Northeast India (Brahmaputra River Basin & Assam Telemetry)
Jalukbari / Gauhati University,ZONE-NE04,Ward 02,13.8,48.7,92.4,50.1,53.87,0.62,2.4,73.5,0.41,11,1,78.9,Northeast India (Brahmaputra River Basin & Assam Telemetry)
Jalukbari / Gauhati University,ZONE-NE04,Ward 02,11.1,48.5,96.9,38.0,53.42,0.59,2.48,71.7,0.38,11,1,77.0,Northeast India (Brahmaputra River Basin & Assam Telemetry)
Jalukbari / Gauhati University,ZONE-NE04,Ward 02,12.3,45.0,116.1,45.1,53.97,0.56,2.46,72.5,0.41,11,1,84.0,Northeast India (Brahmaputra River Basin & Assam Telemetry)
Jalukbari / Gauhati University,ZONE-NE04,Ward 02,11.8,39.4,103.0,45.6,54.12,0.65,2.68,72.2,0.38,11,1,74.2,Northeast India (Brahmaputra River Basin & Assam Telemetry)
Jalukbari / Gauhati University,ZONE-NE04,Ward 02,11.7,54.7,89.3,39.6,54.05,0.6,2.41,71.8,0.44,11,1,79.0,Northeast India (Brahmaputra River Basin & Assam Telemetry)
Jalukbari / Gauhati University,ZONE-NE04,Ward 02,12.7,38.9,112.3,54.6,54.07,0.61,2.53,72.2,0.36,11,1,80.3,Northeast India (Brahmaputra River Basin & Assam Telemetry)
Jalukbari / Gauhati University,ZONE-NE04,Ward 02,10.8,46.8,101.9,42.2,53.8,0.61,2.55,72.6,0.4,11,1,78.8,Northeast India (Brahmaputra River Basin & Assam Telemetry)
Jalukbari / Gauhati University,ZONE-NE04,Ward 02,11.8,42.8,82.8,47.5,53.69,0.6,2.46,71.4,0.4,11,1,77.4,Northeast India (Brahmaputra River Basin & Assam Telemetry)
Jalukbari / Gauhati University,ZONE-NE04,Ward 02,12.0,41.6,94.1,37.1,54.05,0.67,2.55,71.9,0.37,11,1,74.2,Northeast India (Brahmaputra River Basin & Assam Telemetry)
Jalukbari / Gauhati University,ZONE-NE04,Ward 02,13.2,47.0,85.6,37.3,53.85,0.59,2.63,71.1,0.39,11,1,77.2,Northeast India (Brahmaputra River Basin & Assam Telemetry)
Jalukbari / Gauhati University,ZONE-NE04,Ward 02,11.3,47.4,106.7,40.5,54.16,0.58,2.73,74.0,0.38,11,1,75.2,Northeast India (Brahmaputra River Basin & Assam Telemetry)
Jalukbari / Gauhati University,ZONE-NE04,Ward 02,13.8,38.6,95.1,36.5,53.87,0.61,2.72,72.9,0.41,11,1,73.8,Northeast India (Brahmaputra River Basin & Assam Telemetry)
Jalukbari / Gauhati University,ZONE-NE04,Ward 02,11.6,53.0,106.1,35.6,53.64,0.68,2.46,72.0,0.43,11,1,81.7,Northeast India (Brahmaputra River Basin & Assam Telemetry)
Jalukbari / Gauhati University,ZONE-NE04,Ward 02,10.6,50.5,88.8,44.9,53.96,0.56,2.58,72.6,0.4,11,1,74.2,Northeast India (Brahmaputra River Basin & Assam Telemetry)
Jalukbari / Gauhati University,ZONE-NE04,Ward 02,11.3,42.4,91.8,51.3,54.34,0.61,2.5,71.8,0.42,11,1,78.9,Northeast India (Brahmaputra River Basin & Assam Telemetry)
Jalukbari / Gauhati University,ZONE-NE04,Ward 02,11.2,43.4,91.3,44.2,54.08,0.62,2.56,70.4,0.41,11,1,75.6,Northeast India (Brahmaputra River Basin & Assam Telemetry)
Jalukbari / Gauhati University,ZONE-NE04,Ward 02,13.2,50.1,92.2,43.7,54.04,0.62,2.39,71.4,0.41,11,1,76.3,Northeast India (Brahmaputra River Basin & Assam Telemetry)
Jalukbari / Gauhati University,ZONE-NE04,Ward 02,10.9,42.2,94.0,50.8,53.78,0.55,2.44,71.0,0.4,11,1,78.4,Northeast India (Brahmaputra River Basin & Assam Telemetry)
Jalukbari / Gauhati University,ZONE-NE04,Ward 02,10.4,43.9,81.7,53.1,54.29,0.53,2.59,72.6,0.43,11,1,73.2,Northeast India (Brahmaputra River Basin & Assam Telemetry)
Jalukbari / Gauhati University,ZONE-NE04,Ward 02,10.2,47.0,98.1,20.6,53.92,0.64,2.59,69.3,0.42,11,1,77.1,Northeast India (Brahmaputra River Basin & Assam Telemetry)
Jalukbari / Gauhati University,ZONE-NE04,Ward 02,11.4,38.9,99.9,57.2,54.02,0.67,2.53,72.4,0.41,11,1,74.0,Northeast India (Brahmaputra River Basin & Assam Telemetry)
Jalukbari / Gauhati University,ZONE-NE04,Ward 02,12.3,35.7,102.7,49.5,54.11,0.58,2.47,71.9,0.41,11,1,81.3,Northeast India (Brahmaputra River Basin & Assam Telemetry)
Jalukbari / Gauhati University,ZONE-NE04,Ward 02,11.9,41.6,101.8,35.9,53.93,0.6,2.52,71.8,0.41,11,1,80.4,Northeast India (Brahmaputra River Basin & Assam Telemetry)
Jalukbari / Gauhati University,ZONE-NE04,Ward 02,11.2,51.8,94.9,50.3,53.77,0.59,2.63,70.8,0.4,11,1,77.9,Northeast India (Brahmaputra River Basin & Assam Telemetry)
Jalukbari / Gauhati University,ZONE-NE04,Ward 02,13.8,37.4,86.2,39.9,53.82,0.64,2.52,72.4,0.42,11,1,72.1,Northeast India (Brahmaputra River Basin & Assam Telemetry)
Jalukbari / Gauhati University,ZONE-NE04,Ward 02,11.6,39.7,84.7,44.0,54.17,0.56,2.51,72.7,0.37,11,1,75.3,Northeast India (Brahmaputra River Basin & Assam Telemetry)
Jalukbari / Gauhati University,ZONE-NE04,Ward 02,11.1,45.4,86.4,32.1,54.14,0.65,2.52,71.4,0.43,11,1,73.5,Northeast India (Brahmaputra River Basin & Assam Telemetry)
Jalukbari / Gauhati University,ZONE-NE04,Ward 02,11.9,39.5,115.8,48.0,53.99,0.62,2.6,72.0,0.43,11,1,80.2,Northeast India (Brahmaputra River Basin & Assam Telemetry)
Jalukbari / Gauhati University,ZONE-NE04,Ward 02,11.1,39.6,87.5,43.1,54.13,0.61,2.32,73.0,0.36,11,1,76.9,Northeast India (Brahmaputra River Basin & Assam Telemetry)
Jalukbari / Gauhati University,ZONE-NE04,Ward 02,12.2,46.6,99.7,31.8,53.88,0.63,2.39,72.2,0.39,11,1,75.2,Northeast India (Brahmaputra River Basin & Assam Telemetry)
Jalukbari / Gauhati University,ZONE-NE04,Ward 02,9.6,43.3,83.6,32.2,54.15,0.61,2.58,71.8,0.36,11,1,74.6,Northeast India (Brahmaputra River Basin & Assam Telemetry)
Jalukbari / Gauhati University,ZONE-NE04,Ward 02,14.2,41.1,105.4,41.6,54.05,0.63,2.51,72.6,0.4,11,1,76.8,Northeast India (Brahmaputra River Basin & Assam Telemetry)
Jalukbari / Gauhati University,ZONE-NE04,Ward 02,8.3,51.2,103.3,51.5,53.84,0.6,2.43,73.8,0.4,11,1,78.0,Northeast India (Brahmaputra River Basin & Assam Telemetry)
Jalukbari / Gauhati University,ZONE-NE04,Ward 02,11.7,36.9,107.5,44.0,54.23,0.64,2.48,72.5,0.42,11,1,79.7,Northeast India (Brahmaputra River Basin & Assam Telemetry)
Jalukbari / Gauhati University,ZONE-NE04,Ward 02,11.3,49.4,92.0,61.3,54.25,0.58,2.39,71.7,0.41,11,1,74.9,Northeast India (Brahmaputra River Basin & Assam Telemetry)
Jalukbari / Gauhati University,ZONE-NE04,Ward 02,2.5,12.3,25.5,1.3,54.07,0.59,2.58,72.8,0.4,11,0,0.0,Northeast India (Brahmaputra River Basin & Assam Telemetry)
Jalukbari / Gauhati University,ZONE-NE04,Ward 02,3.1,14.7,24.9,0.0,54.59,0.62,2.4,72.5,0.38,11,0,0.0,Northeast India (Brahmaputra River Basin & Assam Telemetry)
Jalukbari / Gauhati University,ZONE-NE04,Ward 02,2.7,10.4,22.8,15.1,53.95,0.54,2.46,72.7,0.42,11,0,0.0,Northeast India (Brahmaputra River Basin & Assam Telemetry)
Jalukbari / Gauhati University,ZONE-NE04,Ward 02,3.2,13.4,24.1,7.4,54.07,0.65,2.45,71.2,0.4,11,0,0.0,Northeast India (Brahmaputra River Basin & Assam Telemetry)
Jalukbari / Gauhati University,ZONE-NE04,Ward 02,3.1,11.8,24.2,0.0,54.27,0.55,2.57,71.7,0.44,11,0,0.0,Northeast India (Brahmaputra River Basin & Assam Telemetry)
Jalukbari / Gauhati University,ZONE-NE04,Ward 02,2.9,12.3,25.3,27.7,54.19,0.61,2.48,71.2,0.41,11,0,0.0,Northeast India (Brahmaputra River Basin & Assam Telemetry)
Jalukbari / Gauhati University,ZONE-NE04,Ward 02,3.4,15.0,26.8,8.4,53.95,0.57,2.48,73.7,0.4,11,0,0.0,Northeast India (Brahmaputra River Basin & Assam Telemetry)
Jalukbari / Gauhati University,ZONE-NE04,Ward 02,2.9,12.1,24.5,13.1,54.16,0.6,2.43,72.6,0.4,11,0,0.0,Northeast India (Brahmaputra River Basin & Assam Telemetry)
Jalukbari / Gauhati University,ZONE-NE04,Ward 02,3.4,10.2,26.3,0.0,54.0,0.6,2.54,73.6,0.43,11,0,0.0,Northeast India (Brahmaputra River Basin & Assam Telemetry)
Jalukbari / Gauhati University,ZONE-NE04,Ward 02,2.4,13.7,20.7,22.9,53.91,0.57,2.41,71.6,0.39,11,0,0.0,Northeast India (Brahmaputra River Basin & Assam Telemetry)
Jalukbari / Gauhati University,ZONE-NE04,Ward 02,3.0,9.1,22.5,21.5,54.24,0.64,2.46,72.2,0.4,11,0,0.0,Northeast India (Brahmaputra River Basin & Assam Telemetry)
Jalukbari / Gauhati University,ZONE-NE04,Ward 02,2.8,11.1,25.8,10.5,53.69,0.6,2.41,72.8,0.39,11,0,0.0,Northeast India (Brahmaputra River Basin & Assam Telemetry)
Jalukbari / Gauhati University,ZONE-NE04,Ward 02,2.9,11.6,24.1,4.8,54.08,0.6,2.53,71.3,0.4,11,0,0.0,Northeast India (Brahmaputra River Basin & Assam Telemetry)
Jalukbari / Gauhati University,ZONE-NE04,Ward 02,3.6,12.3,24.5,8.0,54.13,0.58,2.42,73.3,0.44,11,0,0.0,Northeast India (Brahmaputra River Basin & Assam Telemetry)
Jalukbari / Gauhati University,ZONE-NE04,Ward 02,2.8,11.4,28.9,4.9,54.13,0.67,2.53,73.4,0.4,11,0,0.0,Northeast India (Brahmaputra River Basin & Assam Telemetry)
Jalukbari / Gauhati University,ZONE-NE04,Ward 02,3.0,11.9,20.0,0.0,53.96,0.56,2.56,73.1,0.42,11,0,0.0,Northeast India (Brahmaputra River Basin & Assam Telemetry)
Jalukbari / Gauhati University,ZONE-NE04,Ward 02,3.1,10.8,23.9,15.6,54.07,0.65,2.4,71.2,0.4,11,0,0.0,Northeast India (Brahmaputra River Basin & Assam Telemetry)
Jalukbari / Gauhati University,ZONE-NE04,Ward 02,3.2,9.6,21.8,12.3,53.76,0.65,2.5,72.2,0.39,11,0,0.0,Northeast India (Brahmaputra River Basin & Assam Telemetry)
Jalukbari / Gauhati University,ZONE-NE04,Ward 02,3.3,13.0,26.6,0.4,54.01,0.59,2.42,71.1,0.42,11,0,0.0,Northeast India (Brahmaputra River Basin & Assam Telemetry)
Jalukbari / Gauhati University,ZONE-NE04,Ward 02,3.0,13.3,24.5,0.2,54.1,0.54,2.32,71.6,0.39,11,0,0.0,Northeast India (Brahmaputra River Basin & Assam Telemetry)
Jalukbari / Gauhati University,ZONE-NE04,Ward 02,3.2,11.7,24.3,6.6,53.66,0.59,2.52,72.7,0.4,11,0,0.0,Northeast India (Brahmaputra River Basin & Assam Telemetry)
Jalukbari / Gauhati University,ZONE-NE04,Ward 02,2.8,12.6,22.3,0.0,54.06,0.64,2.36,72.5,0.41,11,0,0.0,Northeast India (Brahmaputra River Basin & Assam Telemetry)
Jalukbari / Gauhati University,ZONE-NE04,Ward 02,3.3,13.2,20.3,2.6,53.87,0.59,2.43,73.7,0.39,11,0,0.0,Northeast India (Brahmaputra River Basin & Assam Telemetry)
Jalukbari / Gauhati University,ZONE-NE04,Ward 02,3.7,12.7,24.3,6.9,53.98,0.61,2.51,73.0,0.45,11,0,0.0,Northeast India (Brahmaputra River Basin & Assam Telemetry)
Jalukbari / Gauhati University,ZONE-NE04,Ward 02,3.4,12.6,23.5,11.7,54.12,0.58,2.37,71.2,0.41,11,0,0.0,Northeast India (Brahmaputra River Basin & Assam Telemetry)
Jalukbari / Gauhati University,ZONE-NE04,Ward 02,2.3,11.8,26.0,0.0,54.11,0.65,2.59,72.6,0.4,11,0,0.0,Northeast India (Brahmaputra River Basin & Assam Telemetry)
Jalukbari / Gauhati University,ZONE-NE04,Ward 02,3.1,10.0,29.3,0.0,54.1,0.64,2.63,72.1,0.39,11,0,0.0,Northeast India (Brahmaputra River Basin & Assam Telemetry)
Jalukbari / Gauhati University,ZONE-NE04,Ward 02,2.7,13.3,25.9,12.5,54.1,0.62,2.51,72.1,0.39,11,0,0.0,Northeast India (Brahmaputra River Basin & Assam Telemetry)
Jalukbari / Gauhati University,ZONE-NE04,Ward 02,2.8,12.1,26.0,3.1,54.01,0.62,2.63,72.3,0.39,11,0,0.0,Northeast India (Brahmaputra River Basin & Assam Telemetry)
Jalukbari / Gauhati University,ZONE-NE04,Ward 02,2.7,11.2,24.7,0.0,53.91,0.59,2.52,72.5,0.37,11,0,0.0,Northeast India (Brahmaputra River Basin & Assam Telemetry)
Jalukbari / Gauhati University,ZONE-NE04,Ward 02,3.1,10.7,20.7,0.0,53.49,0.63,2.63,72.1,0.41,11,0,0.0,Northeast India (Brahmaputra River Basin & Assam Telemetry)
Jalukbari / Gauhati University,ZONE-NE04,Ward 02,2.7,11.6,19.3,0.0,54.02,0.57,2.53,72.1,0.43,11,0,0.0,Northeast India (Brahmaputra River Basin & Assam Telemetry)
Jalukbari / Gauhati University,ZONE-NE04,Ward 02,2.8,12.5,22.1,20.3,54.05,0.64,2.57,70.4,0.4,11,0,0.0,Northeast India (Brahmaputra River Basin & Assam Telemetry)
Jalukbari / Gauhati University,ZONE-NE04,Ward 02,3.2,8.8,26.8,0.0,54.07,0.55,2.42,71.8,0.4,11,0,0.0,Northeast India (Brahmaputra River Basin & Assam Telemetry)
Jalukbari / Gauhati University,ZONE-NE04,Ward 02,3.2,12.2,24.2,0.0,54.23,0.62,2.42,71.5,0.37,11,0,0.0,Northeast India (Brahmaputra River Basin & Assam Telemetry)
Jalukbari / Gauhati University,ZONE-NE04,Ward 02,0.0,0.0,0.0,0.0,54.14,0.65,2.56,71.3,0.41,11,0,0.0,Northeast India (Brahmaputra River Basin & Assam Telemetry)
Jalukbari / Gauhati University,ZONE-NE04,Ward 02,0.0,0.0,0.0,0.0,54.09,0.59,2.5,71.1,0.41,11,0,0.0,Northeast India (Brahmaputra River Basin & Assam Telemetry)
Jalukbari / Gauhati University,ZONE-NE04,Ward 02,0.0,0.0,0.0,0.0,53.99,0.58,2.62,69.0,0.39,11,0,0.0,Northeast India (Brahmaputra River Basin & Assam Telemetry)
Jalukbari / Gauhati University,ZONE-NE04,Ward 02,0.0,0.0,0.0,0.0,53.99,0.56,2.36,70.8,0.39,11,0,0.0,Northeast India (Brahmaputra River Basin & Assam Telemetry)
Jalukbari / Gauhati University,ZONE-NE04,Ward 02,0.0,0.0,0.0,5.4,53.83,0.57,2.72,71.5,0.39,11,0,0.0,Northeast India (Brahmaputra River Basin & Assam Telemetry)
Jalukbari / Gauhati University,ZONE-NE04,Ward 02,0.0,0.0,0.0,11.2,53.73,0.58,2.62,71.9,0.41,11,0,0.0,Northeast India (Brahmaputra River Basin & Assam Telemetry)
Jalukbari / Gauhati University,ZONE-NE04,Ward 02,0.0,0.0,0.0,10.9,54.25,0.67,2.72,71.9,0.38,11,0,0.0,Northeast India (Brahmaputra River Basin & Assam Telemetry)
Jalukbari / Gauhati University,ZONE-NE04,Ward 02,0.0,0.0,0.0,0.0,54.02,0.63,2.5,73.0,0.39,11,0,0.0,Northeast India (Brahmaputra River Basin & Assam Telemetry)
Jalukbari / Gauhati University,ZONE-NE04,Ward 02,0.0,0.0,0.0,0.0,53.61,0.61,2.52,71.2,0.39,11,0,0.0,Northeast India (Brahmaputra River Basin & Assam Telemetry)
Jalukbari / Gauhati University,ZONE-NE04,Ward 02,0.0,0.0,0.0,7.2,53.68,0.54,2.46,70.8,0.37,11,0,0.0,Northeast India (Brahmaputra River Basin & Assam Telemetry)
Jalukbari / Gauhati University,ZONE-NE04,Ward 02,0.0,0.0,0.0,0.0,53.67,0.61,2.6,72.8,0.39,11,0,0.0,Northeast India (Brahmaputra River Basin & Assam Telemetry)
Jalukbari / Gauhati University,ZONE-NE04,Ward 02,0.0,0.0,0.0,6.6,53.75,0.66,2.34,71.9,0.41,11,0,0.0,Northeast India (Brahmaputra River Basin & Assam Telemetry)
Jalukbari / Gauhati University,ZONE-NE04,Ward 02,0.0,0.0,0.0,0.0,54.23,0.62,2.41,71.3,0.37,11,0,0.0,Northeast India (Brahmaputra River Basin & Assam Telemetry)
Jalukbari / Gauhati University,ZONE-NE04,Ward 02,0.0,0.0,0.0,0.0,53.99,0.57,2.57,72.7,0.42,11,0,0.0,Northeast India (Brahmaputra River Basin & Assam Telemetry)
Jalukbari / Gauhati University,ZONE-NE04,Ward 02,0.0,0.0,0.0,11.2,53.78,0.59,2.49,71.9,0.37,11,0,0.0,Northeast India (Brahmaputra River Basin & Assam Telemetry)
Jalukbari / Gauhati University,ZONE-NE04,Ward 02,0.0,0.0,0.0,0.0,54.17,0.66,2.5,71.2,0.42,11,0,0.0,Northeast India (Brahmaputra River Basin & Assam Telemetry)
Jalukbari / Gauhati University,ZONE-NE04,Ward 02,0.0,0.0,0.0,14.7,54.06,0.62,2.49,70.6,0.4,11,0,0.0,Northeast India (Brahmaputra River Basin & Assam Telemetry)
Jalukbari / Gauhati University,ZONE-NE04,Ward 02,0.0,0.0,0.0,0.0,54.23,0.58,2.51,72.5,0.39,11,0,0.0,Northeast India (Brahmaputra River Basin & Assam Telemetry)
Jalukbari / Gauhati University,ZONE-NE04,Ward 02,0.0,0.0,0.0,11.3,54.41,0.56,2.45,73.1,0.38,11,0,0.0,Northeast India (Brahmaputra River Basin & Assam Telemetry)
Jalukbari / Gauhati University,ZONE-NE04,Ward 02,0.0,0.0,0.0,7.3,54.0,0.6,2.5,71.3,0.39,11,0,0.0,Northeast India (Brahmaputra River Basin & Assam Telemetry)
Jalukbari / Gauhati University,ZONE-NE04,Ward 02,0.0,0.0,0.0,7.7,53.93,0.58,2.59,71.6,0.38,11,0,0.0,Northeast India (Brahmaputra River Basin & Assam Telemetry)
Jalukbari / Gauhati University,ZONE-NE04,Ward 02,0.0,0.0,0.0,0.0,54.03,0.63,2.58,70.2,0.4,11,0,0.0,Northeast India (Brahmaputra River Basin & Assam Telemetry)
Jalukbari / Gauhati University,ZONE-NE04,Ward 02,0.0,0.0,0.0,10.2,53.93,0.61,2.49,73.5,0.4,11,0,0.0,Northeast India (Brahmaputra River Basin & Assam Telemetry)
Jalukbari / Gauhati University,ZONE-NE04,Ward 02,0.0,0.0,0.0,0.0,54.23,0.7,2.65,70.6,0.42,11,0,0.0,Northeast India (Brahmaputra River Basin & Assam Telemetry)
Jalukbari / Gauhati University,ZONE-NE04,Ward 02,0.0,0.0,0.0,1.0,53.97,0.63,2.57,71.6,0.42,11,0,0.0,Northeast India (Brahmaputra River Basin & Assam Telemetry)
Jalukbari / Gauhati University,ZONE-NE04,Ward 02,0.0,0.0,0.0,0.0,53.91,0.55,2.4,72.6,0.42,11,0,0.0,Northeast India (Brahmaputra River Basin & Assam Telemetry)
Jalukbari / Gauhati University,ZONE-NE04,Ward 02,0.0,0.0,0.0,0.0,53.99,0.57,2.57,71.6,0.4,11,0,0.0,Northeast India (Brahmaputra River Basin & Assam Telemetry)
Jalukbari / Gauhati University,ZONE-NE04,Ward 02,0.0,0.0,0.0,0.0,53.83,0.59,2.43,71.0,0.41,11,0,0.0,Northeast India (Brahmaputra River Basin & Assam Telemetry)
Jalukbari / Gauhati University,ZONE-NE04,Ward 02,0.0,0.0,0.0,2.3,54.12,0.63,2.48,72.1,0.41,11,0,0.0,Northeast India (Brahmaputra River Basin & Assam Telemetry)
Jalukbari / Gauhati University,ZONE-NE04,Ward 02,0.0,0.0,0.0,0.0,53.88,0.61,2.52,70.8,0.4,11,0,0.0,Northeast India (Brahmaputra River Basin & Assam Telemetry)
Jalukbari / Gauhati University,ZONE-NE04,Ward 02,0.0,0.0,0.0,11.7,54.18,0.63,2.52,71.0,0.43,11,0,0.0,Northeast India (Brahmaputra River Basin & Assam Telemetry)
Jalukbari / Gauhati University,ZONE-NE04,Ward 02,0.0,0.0,0.0,12.4,54.29,0.58,2.48,73.0,0.39,11,0,0.0,Northeast India (Brahmaputra River Basin & Assam Telemetry)
Jalukbari / Gauhati University,ZONE-NE04,Ward 02,0.0,0.0,0.0,0.0,53.98,0.62,2.5,74.5,0.39,11,0,0.0,Northeast India (Brahmaputra River Basin & Assam Telemetry)
Jalukbari / Gauhati University,ZONE-NE04,Ward 02,0.0,0.0,0.0,4.6,54.01,0.71,2.55,70.7,0.39,11,0,0.0,Northeast India (Brahmaputra River Basin & Assam Telemetry)
Jalukbari / Gauhati University,ZONE-NE04,Ward 02,0.0,0.0,0.0,12.1,53.99,0.59,2.6,73.6,0.41,11,0,0.0,Northeast India (Brahmaputra River Basin & Assam Telemetry)
Majuli River Island,ZONE-NE05,Majuli,62.3,202.1,551.1,259.2,83.92,0.11,0.99,44.1,0.02,25,1,78.5,Northeast India (Brahmaputra River Basin & Assam Telemetry)
Majuli River Island,ZONE-NE05,Majuli,54.8,240.0,403.0,275.2,84.15,0.11,1.02,45.4,0.02,25,1,82.3,Northeast India (Brahmaputra River Basin & Assam Telemetry)
Majuli River Island,ZONE-NE05,Majuli,55.3,241.6,423.1,258.0,84.13,0.1,1.08,45.8,0.02,25,1,83.7,Northeast India (Brahmaputra River Basin & Assam Telemetry)
Majuli River Island,ZONE-NE05,Majuli,61.7,234.4,469.6,238.3,84.13,0.1,0.97,46.8,0.04,25,1,82.0,Northeast India (Brahmaputra River Basin & Assam Telemetry)
Majuli River Island,ZONE-NE05,Majuli,52.3,235.5,417.4,253.4,83.93,0.18,1.09,45.7,0.03,25,1,79.8,Northeast India (Brahmaputra River Basin & Assam Telemetry)
Majuli River Island,ZONE-NE05,Majuli,58.7,216.4,494.3,239.7,83.86,0.1,0.98,43.8,0.02,25,1,81.3,Northeast India (Brahmaputra River Basin & Assam Telemetry)
Majuli River Island,ZONE-NE05,Majuli,55.2,222.3,478.5,257.8,83.94,0.1,0.97,44.3,0.05,25,1,84.3,Northeast India (Brahmaputra River Basin & Assam Telemetry)
Majuli River Island,ZONE-NE05,Majuli,58.7,244.5,533.9,257.6,84.12,0.1,1.03,44.1,0.03,25,1,78.9,Northeast India (Brahmaputra River Basin & Assam Telemetry)
Majuli River Island,ZONE-NE05,Majuli,56.7,238.1,417.8,264.2,83.99,0.1,1.04,46.8,0.05,25,1,81.0,Northeast India (Brahmaputra River Basin & Assam Telemetry)
Majuli River Island,ZONE-NE05,Majuli,69.3,213.4,448.9,269.9,83.98,0.1,1.1,45.5,0.02,25,1,85.1,Northeast India (Brahmaputra River Basin & Assam Telemetry)
Majuli River Island,ZONE-NE05,Majuli,58.6,258.9,432.5,273.7,83.85,0.13,1.08,44.1,0.02,25,1,84.6,Northeast India (Brahmaputra River Basin & Assam Telemetry)
Majuli River Island,ZONE-NE05,Majuli,61.7,225.8,419.4,250.7,84.18,0.1,1.08,42.8,0.03,25,1,78.7,Northeast India (Brahmaputra River Basin & Assam Telemetry)
Majuli River Island,ZONE-NE05,Majuli,67.4,198.2,504.7,261.6,84.16,0.13,1.04,44.9,0.03,25,1,80.6,Northeast India (Brahmaputra River Basin & Assam Telemetry)
Majuli River Island,ZONE-NE05,Majuli,63.6,215.4,488.8,269.1,84.25,0.11,1.24,45.3,0.04,25,1,83.5,Northeast India (Brahmaputra River Basin & Assam Telemetry)
Majuli River Island,ZONE-NE05,Majuli,54.8,208.9,499.0,274.8,83.96,0.1,0.93,46.0,0.02,25,1,81.6,Northeast India (Brahmaputra River Basin & Assam Telemetry)
Majuli River Island,ZONE-NE05,Majuli,54.9,196.8,475.4,266.6,84.01,0.1,0.93,45.5,0.04,25,1,78.6,Northeast India (Brahmaputra River Basin & Assam Telemetry)
Majuli River Island,ZONE-NE05,Majuli,58.5,184.9,515.7,270.5,84.16,0.1,0.93,44.1,0.02,25,1,78.9,Northeast India (Brahmaputra River Basin & Assam Telemetry)
Majuli River Island,ZONE-NE05,Majuli,66.5,241.0,547.5,269.4,83.64,0.11,1.03,46.3,0.02,25,1,81.6,Northeast India (Brahmaputra River Basin & Assam Telemetry)
Majuli River Island,ZONE-NE05,Majuli,57.5,211.9,414.1,268.1,84.01,0.1,0.87,44.3,0.03,25,1,85.1,Northeast India (Brahmaputra River Basin & Assam Telemetry)
Majuli River Island,ZONE-NE05,Majuli,59.6,209.1,520.0,252.5,84.21,0.11,1.25,45.8,0.02,25,1,78.8,Northeast India (Brahmaputra River Basin & Assam Telemetry)
Majuli River Island,ZONE-NE05,Majuli,61.9,230.4,504.9,256.8,84.01,0.1,0.82,45.7,0.02,25,1,81.6,Northeast India (Brahmaputra River Basin & Assam Telemetry)
Majuli River Island,ZONE-NE05,Majuli,50.8,229.7,528.9,252.5,83.67,0.1,1.04,45.3,0.02,25,1,84.2,Northeast India (Brahmaputra River Basin & Assam Telemetry)
Majuli River Island,ZONE-NE05,Majuli,63.9,189.0,428.9,256.4,84.11,0.13,0.9,44.6,0.07,25,1,82.9,Northeast India (Brahmaputra River Basin & Assam Telemetry)
Majuli River Island,ZONE-NE05,Majuli,61.5,205.0,539.2,260.7,83.84,0.14,0.83,46.0,0.02,25,1,82.6,Northeast India (Brahmaputra River Basin & Assam Telemetry)
Majuli River Island,ZONE-NE05,Majuli,68.0,235.6,584.4,242.0,84.16,0.12,0.94,45.6,0.04,25,1,85.7,Northeast India (Brahmaputra River Basin & Assam Telemetry)
Majuli River Island,ZONE-NE05,Majuli,61.7,206.9,500.5,254.1,84.1,0.11,0.93,45.0,0.03,25,1,82.5,Northeast India (Brahmaputra River Basin & Assam Telemetry)
Majuli River Island,ZONE-NE05,Majuli,63.7,197.7,474.3,268.7,83.84,0.17,1.02,46.5,0.02,25,1,80.8,Northeast India (Brahmaputra River Basin & Assam Telemetry)
Majuli River Island,ZONE-NE05,Majuli,59.1,179.3,448.6,273.4,84.17,0.17,1.14,46.0,0.02,25,1,78.5,Northeast India (Brahmaputra River Basin & Assam Telemetry)
Majuli River Island,ZONE-NE05,Majuli,56.2,197.5,521.5,245.2,84.1,0.1,1.08,45.4,0.02,25,1,81.3,Northeast India (Brahmaputra River Basin & Assam Telemetry)
Majuli River Island,ZONE-NE05,Majuli,54.7,207.9,492.7,247.6,83.84,0.1,0.85,45.1,0.02,25,1,85.1,Northeast India (Brahmaputra River Basin & Assam Telemetry)
Majuli River Island,ZONE-NE05,Majuli,51.9,228.3,540.4,260.9,83.89,0.11,1.02,44.8,0.03,25,1,79.9,Northeast India (Brahmaputra River Basin & Assam Telemetry)
Majuli River Island,ZONE-NE05,Majuli,52.4,189.5,492.3,256.3,84.73,0.13,1.08,45.7,0.03,25,1,82.1,Northeast India (Brahmaputra River Basin & Assam Telemetry)
Majuli River Island,ZONE-NE05,Majuli,56.0,195.8,502.7,266.2,84.09,0.13,0.93,46.7,0.05,25,1,80.9,Northeast India (Brahmaputra River Basin & Assam Telemetry)
Majuli River Island,ZONE-NE05,Majuli,55.4,215.9,444.4,260.3,84.33,0.13,0.98,45.6,0.03,25,1,85.1,Northeast India (Brahmaputra River Basin & Assam Telemetry)
Majuli River Island,ZONE-NE05,Majuli,57.3,247.1,470.9,258.5,84.41,0.1,1.03,44.2,0.02,25,1,82.1,Northeast India (Brahmaputra River Basin & Assam Telemetry)
Majuli River Island,ZONE-NE05,Majuli,63.8,244.5,559.9,304.4,83.89,0.1,0.92,44.5,0.04,25,1,78.4,Northeast India (Brahmaputra River Basin & Assam Telemetry)
Majuli River Island,ZONE-NE05,Majuli,64.5,279.1,587.6,322.1,84.34,0.1,0.8,44.8,0.02,25,1,85.2,Northeast India (Brahmaputra River Basin & Assam Telemetry)
Majuli River Island,ZONE-NE05,Majuli,55.5,250.4,551.2,305.0,83.96,0.1,1.04,45.2,0.02,25,1,83.5,Northeast India (Brahmaputra River Basin & Assam Telemetry)
Majuli River Island,ZONE-NE05,Majuli,63.3,308.9,438.0,326.3,83.7,0.1,0.89,44.8,0.02,25,1,82.8,Northeast India (Brahmaputra River Basin & Assam Telemetry)
Majuli River Island,ZONE-NE05,Majuli,63.7,244.5,508.1,302.3,84.15,0.1,0.78,44.6,0.02,25,1,83.0,Northeast India (Brahmaputra River Basin & Assam Telemetry)
Majuli River Island,ZONE-NE05,Majuli,63.7,234.8,537.4,308.0,83.97,0.14,1.05,43.3,0.06,25,1,80.0,Northeast India (Brahmaputra River Basin & Assam Telemetry)
Majuli River Island,ZONE-NE05,Majuli,51.9,263.9,548.8,309.6,84.22,0.19,0.91,45.8,0.03,25,1,81.3,Northeast India (Brahmaputra River Basin & Assam Telemetry)
Majuli River Island,ZONE-NE05,Majuli,69.9,304.4,591.5,334.5,84.12,0.12,1.06,43.0,0.05,25,1,78.4,Northeast India (Brahmaputra River Basin & Assam Telemetry)
Majuli River Island,ZONE-NE05,Majuli,64.4,285.1,411.2,290.9,84.12,0.1,1.07,45.5,0.02,25,1,83.5,Northeast India (Brahmaputra River Basin & Assam Telemetry)
Majuli River Island,ZONE-NE05,Majuli,65.1,257.6,567.5,315.2,83.89,0.1,1.02,44.5,0.02,25,1,83.5,Northeast India (Brahmaputra River Basin & Assam Telemetry)
Majuli River Island,ZONE-NE05,Majuli,70.1,285.1,464.6,311.0,84.35,0.1,1.01,46.0,0.02,25,1,82.7,Northeast India (Brahmaputra River Basin & Assam Telemetry)
Majuli River Island,ZONE-NE05,Majuli,60.4,283.7,459.9,298.8,83.81,0.1,1.05,45.5,0.02,25,1,84.0,Northeast India (Brahmaputra River Basin & Assam Telemetry)
Majuli River Island,ZONE-NE05,Majuli,57.0,223.9,565.4,316.7,84.18,0.14,0.96,44.8,0.02,25,1,78.9,Northeast India (Brahmaputra River Basin & Assam Telemetry)
Majuli River Island,ZONE-NE05,Majuli,54.1,292.2,532.6,298.2,84.35,0.1,1.04,45.4,0.02,25,1,79.9,Northeast India (Brahmaputra River Basin & Assam Telemetry)
Majuli River Island,ZONE-NE05,Majuli,61.2,246.8,616.2,311.8,83.93,0.11,1.16,44.5,0.02,25,1,79.0,Northeast India (Brahmaputra River Basin & Assam Telemetry)
Majuli River Island,ZONE-NE05,Majuli,68.1,295.0,561.2,328.2,84.05,0.13,0.89,44.7,0.02,25,1,79.7,Northeast India (Brahmaputra River Basin & Assam Telemetry)
Majuli River Island,ZONE-NE05,Majuli,64.8,316.6,527.2,295.0,83.68,0.11,1.16,44.4,0.04,25,1,85.1,Northeast India (Brahmaputra River Basin & Assam Telemetry)
Majuli River Island,ZONE-NE05,Majuli,57.8,252.7,518.6,321.4,84.46,0.1,1.13,45.2,0.02,25,1,79.5,Northeast India (Brahmaputra River Basin & Assam Telemetry)
Majuli River Island,ZONE-NE05,Majuli,69.6,253.3,576.3,300.1,84.02,0.11,1.01,45.1,0.04,25,1,82.7,Northeast India (Brahmaputra River Basin & Assam Telemetry)
Majuli River Island,ZONE-NE05,Majuli,54.3,285.5,656.3,310.8,83.92,0.15,1.21,46.4,0.02,25,1,81.8,Northeast India (Brahmaputra River Basin & Assam Telemetry)
Majuli River Island,ZONE-NE05,Majuli,63.7,247.8,416.7,313.8,84.3,0.13,1.05,45.6,0.02,25,1,80.0,Northeast India (Brahmaputra River Basin & Assam Telemetry)
Majuli River Island,ZONE-NE05,Majuli,60.7,228.2,550.6,300.3,84.19,0.1,0.88,45.4,0.02,25,1,85.3,Northeast India (Brahmaputra River Basin & Assam Telemetry)
Majuli River Island,ZONE-NE05,Majuli,64.8,299.9,669.8,324.1,83.81,0.19,0.94,43.8,0.04,25,1,82.5,Northeast India (Brahmaputra River Basin & Assam Telemetry)
Majuli River Island,ZONE-NE05,Majuli,63.5,286.0,590.9,321.1,83.71,0.1,0.85,42.8,0.04,25,1,81.3,Northeast India (Brahmaputra River Basin & Assam Telemetry)
Majuli River Island,ZONE-NE05,Majuli,66.9,238.7,536.9,297.4,83.93,0.13,0.85,44.7,0.03,25,1,84.6,Northeast India (Brahmaputra River Basin & Assam Telemetry)
Majuli River Island,ZONE-NE05,Majuli,71.5,302.9,594.6,311.3,84.4,0.12,0.98,45.4,0.03,25,1,78.6,Northeast India (Brahmaputra River Basin & Assam Telemetry)
Majuli River Island,ZONE-NE05,Majuli,57.2,219.2,533.2,308.4,83.86,0.1,0.98,44.4,0.02,25,1,83.7,Northeast India (Brahmaputra River Basin & Assam Telemetry)
Majuli River Island,ZONE-NE05,Majuli,71.6,270.9,434.8,298.3,83.83,0.15,1.03,44.4,0.03,25,1,80.9,Northeast India (Brahmaputra River Basin & Assam Telemetry)
Majuli River Island,ZONE-NE05,Majuli,73.6,287.4,562.0,304.8,83.76,0.14,0.97,44.7,0.02,25,1,85.3,Northeast India (Brahmaputra River Basin & Assam Telemetry)
Majuli River Island,ZONE-NE05,Majuli,63.1,224.4,508.2,301.0,83.99,0.1,0.93,44.1,0.02,25,1,80.5,Northeast India (Brahmaputra River Basin & Assam Telemetry)
Majuli River Island,ZONE-NE05,Majuli,71.2,303.2,581.7,313.0,83.98,0.12,0.92,43.4,0.02,25,1,83.5,Northeast India (Brahmaputra River Basin & Assam Telemetry)
Majuli River Island,ZONE-NE05,Majuli,63.4,251.6,460.4,303.5,84.03,0.15,1.13,46.0,0.02,25,1,80.8,Northeast India (Brahmaputra River Basin & Assam Telemetry)
Majuli River Island,ZONE-NE05,Majuli,61.6,277.6,588.0,284.9,84.11,0.1,0.96,44.3,0.02,25,1,85.3,Northeast India (Brahmaputra River Basin & Assam Telemetry)
Majuli River Island,ZONE-NE05,Majuli,57.0,280.8,455.3,327.3,84.17,0.17,1.08,45.7,0.03,25,1,84.8,Northeast India (Brahmaputra River Basin & Assam Telemetry)
Majuli River Island,ZONE-NE05,Majuli,72.8,263.6,511.7,301.2,84.25,0.1,0.89,45.1,0.02,25,1,78.5,Northeast India (Brahmaputra River Basin & Assam Telemetry)
Majuli River Island,ZONE-NE05,Majuli,85.5,358.2,744.5,439.5,84.03,0.1,0.97,46.9,0.03,25,1,78.9,Northeast India (Brahmaputra River Basin & Assam Telemetry)
Majuli River Island,ZONE-NE05,Majuli,74.4,341.6,726.0,450.3,83.85,0.1,0.84,43.1,0.02,25,1,80.0,Northeast India (Brahmaputra River Basin & Assam Telemetry)
Majuli River Island,ZONE-NE05,Majuli,89.7,252.3,724.0,441.8,83.86,0.1,1.11,43.3,0.02,25,1,78.1,Northeast India (Brahmaputra River Basin & Assam Telemetry)
Majuli River Island,ZONE-NE05,Majuli,84.4,353.8,694.9,439.2,83.68,0.1,0.94,43.0,0.07,25,1,77.9,Northeast India (Brahmaputra River Basin & Assam Telemetry)
Majuli River Island,ZONE-NE05,Majuli,100.0,330.3,790.3,440.8,84.26,0.12,0.99,44.7,0.02,25,1,84.9,Northeast India (Brahmaputra River Basin & Assam Telemetry)
Majuli River Island,ZONE-NE05,Majuli,85.2,325.2,752.6,448.3,84.01,0.1,1.03,44.0,0.06,25,1,84.0,Northeast India (Brahmaputra River Basin & Assam Telemetry)
Majuli River Island,ZONE-NE05,Majuli,89.6,357.2,731.1,442.7,83.91,0.1,1.04,45.3,0.02,25,1,81.9,Northeast India (Brahmaputra River Basin & Assam Telemetry)
Majuli River Island,ZONE-NE05,Majuli,91.9,322.4,710.6,476.0,84.01,0.1,1.06,42.9,0.03,25,1,79.8,Northeast India (Brahmaputra River Basin & Assam Telemetry)
Majuli River Island,ZONE-NE05,Majuli,85.2,356.6,628.0,439.3,84.05,0.1,0.94,45.4,0.03,25,1,79.4,Northeast India (Brahmaputra River Basin & Assam Telemetry)
Majuli River Island,ZONE-NE05,Majuli,78.7,341.6,585.0,454.1,83.95,0.12,1.24,45.9,0.02,25,1,85.1,Northeast India (Brahmaputra River Basin & Assam Telemetry)
Majuli River Island,ZONE-NE05,Majuli,75.3,380.2,771.4,467.8,84.62,0.1,0.99,43.5,0.02,25,1,78.5,Northeast India (Brahmaputra River Basin & Assam Telemetry)
Majuli River Island,ZONE-NE05,Majuli,83.3,369.7,718.1,453.9,84.18,0.1,0.97,44.3,0.02,25,1,78.0,Northeast India (Brahmaputra River Basin & Assam Telemetry)
Majuli River Island,ZONE-NE05,Majuli,80.0,347.3,704.8,462.6,84.08,0.1,1.14,43.6,0.02,25,1,85.1,Northeast India (Brahmaputra River Basin & Assam Telemetry)
Majuli River Island,ZONE-NE05,Majuli,95.9,329.9,617.4,453.4,83.88,0.1,0.99,45.3,0.03,25,1,82.5,Northeast India (Brahmaputra River Basin & Assam Telemetry)
Majuli River Island,ZONE-NE05,Majuli,79.9,404.7,660.9,449.7,84.17,0.19,1.2,46.1,0.02,25,1,80.8,Northeast India (Brahmaputra River Basin & Assam Telemetry)
Majuli River Island,ZONE-NE05,Majuli,86.6,378.8,646.8,465.3,84.36,0.1,1.07,44.8,0.04,25,1,79.4,Northeast India (Brahmaputra River Basin & Assam Telemetry)
Majuli River Island,ZONE-NE05,Majuli,85.9,288.3,758.9,441.1,84.08,0.11,0.83,45.5,0.02,25,1,80.8,Northeast India (Brahmaputra River Basin & Assam Telemetry)
Majuli River Island,ZONE-NE05,Majuli,82.5,317.2,590.5,451.1,83.76,0.1,0.87,44.6,0.02,25,1,85.5,Northeast India (Brahmaputra River Basin & Assam Telemetry)
Majuli River Island,ZONE-NE05,Majuli,88.7,332.2,715.5,434.5,83.89,0.13,1.09,42.9,0.02,25,1,83.1,Northeast India (Brahmaputra River Basin & Assam Telemetry)
Majuli River Island,ZONE-NE05,Majuli,84.1,339.5,689.3,432.1,84.1,0.1,0.93,44.4,0.02,25,1,84.3,Northeast India (Brahmaputra River Basin & Assam Telemetry)
Majuli River Island,ZONE-NE05,Majuli,82.4,377.1,738.1,453.4,83.93,0.1,1.11,45.0,0.05,25,1,82.6,Northeast India (Brahmaputra River Basin & Assam Telemetry)
Majuli River Island,ZONE-NE05,Majuli,94.3,374.5,733.5,471.0,83.87,0.11,1.1,45.1,0.07,25,1,79.2,Northeast India (Brahmaputra River Basin & Assam Telemetry)
Majuli River Island,ZONE-NE05,Majuli,82.5,384.2,779.0,457.8,84.16,0.1,1.16,44.5,0.03,25,1,80.3,Northeast India (Brahmaputra River Basin & Assam Telemetry)
Majuli River Island,ZONE-NE05,Majuli,96.2,303.8,754.9,451.2,84.14,0.13,1.03,45.9,0.05,25,1,85.8,Northeast India (Brahmaputra River Basin & Assam Telemetry)
Majuli River Island,ZONE-NE05,Majuli,85.8,390.3,590.7,429.2,84.03,0.1,0.97,46.0,0.06,25,1,78.4,Northeast India (Brahmaputra River Basin & Assam Telemetry)
Majuli River Island,ZONE-NE05,Majuli,91.5,331.9,697.9,451.4,83.77,0.1,0.94,44.8,0.02,25,1,78.2,Northeast India (Brahmaputra River Basin & Assam Telemetry)
Majuli River Island,ZONE-NE05,Majuli,92.9,379.3,786.4,447.5,83.98,0.11,1.01,45.5,0.02,25,1,80.2,Northeast India (Brahmaputra River Basin & Assam Telemetry)
Majuli River Island,ZONE-NE05,Majuli,85.2,290.5,722.6,438.3,83.73,0.1,1.01,45.7,0.02,25,1,83.6,Northeast India (Brahmaputra River Basin & Assam Telemetry)
Majuli River Island,ZONE-NE05,Majuli,76.3,349.9,773.6,442.1,83.71,0.11,0.87,45.4,0.04,25,1,80.6,Northeast India (Brahmaputra River Basin & Assam Telemetry)
Majuli River Island,ZONE-NE05,Majuli,91.0,304.7,848.9,441.7,83.92,0.1,0.88,46.1,0.03,25,1,82.3,Northeast India (Brahmaputra River Basin & Assam Telemetry)
Majuli River Island,ZONE-NE05,Majuli,78.9,372.9,696.9,445.0,84.14,0.13,0.96,43.8,0.05,25,1,85.8,Northeast India (Brahmaputra River Basin & Assam Telemetry)
Majuli River Island,ZONE-NE05,Majuli,96.2,388.5,729.2,456.4,83.84,0.19,0.9,45.8,0.05,25,1,82.1,Northeast India (Brahmaputra River Basin & Assam Telemetry)
Majuli River Island,ZONE-NE05,Majuli,74.2,347.9,845.9,452.1,84.21,0.12,0.92,44.6,0.05,25,1,82.2,Northeast India (Brahmaputra River Basin & Assam Telemetry)
Majuli River Island,ZONE-NE05,Majuli,92.4,334.5,724.8,456.2,84.1,0.13,0.78,45.8,0.02,25,1,84.9,Northeast India (Brahmaputra River Basin & Assam Telemetry)
Majuli River Island,ZONE-NE05,Majuli,88.1,321.8,911.3,455.6,84.06,0.1,1.06,44.5,0.02,25,1,83.3,Northeast India (Brahmaputra River Basin & Assam Telemetry)
Majuli River Island,ZONE-NE05,Majuli,50.9,162.2,351.8,175.1,83.94,0.1,1.12,44.7,0.04,25,1,78.7,Northeast India (Brahmaputra River Basin & Assam Telemetry)
Majuli River Island,ZONE-NE05,Majuli,38.4,170.8,399.2,184.8,83.83,0.1,0.96,43.8,0.03,25,1,82.3,Northeast India (Brahmaputra River Basin & Assam Telemetry)
Majuli River Island,ZONE-NE05,Majuli,40.0,146.7,345.0,201.6,83.88,0.13,0.94,45.3,0.02,25,1,79.1,Northeast India (Brahmaputra River Basin & Assam Telemetry)
Majuli River Island,ZONE-NE05,Majuli,51.8,164.4,410.8,196.8,83.83,0.12,1.1,44.1,0.04,25,1,81.2,Northeast India (Brahmaputra River Basin & Assam Telemetry)
Majuli River Island,ZONE-NE05,Majuli,32.7,168.8,357.2,202.7,83.97,0.1,0.98,44.1,0.02,25,1,84.5,Northeast India (Brahmaputra River Basin & Assam Telemetry)
Majuli River Island,ZONE-NE05,Majuli,42.6,153.5,351.9,178.5,84.29,0.12,0.85,45.7,0.03,25,1,84.9,Northeast India (Brahmaputra River Basin & Assam Telemetry)
Majuli River Island,ZONE-NE05,Majuli,47.8,147.5,423.0,178.1,83.97,0.1,1.07,45.9,0.03,25,1,79.3,Northeast India (Brahmaputra River Basin & Assam Telemetry)
Majuli River Island,ZONE-NE05,Majuli,34.6,178.1,393.8,202.2,83.87,0.11,1.1,44.3,0.03,25,1,80.3,Northeast India (Brahmaputra River Basin & Assam Telemetry)
Majuli River Island,ZONE-NE05,Majuli,45.1,192.8,395.1,197.4,84.12,0.1,1.15,45.3,0.03,25,1,85.7,Northeast India (Brahmaputra River Basin & Assam Telemetry)
Majuli River Island,ZONE-NE05,Majuli,44.0,167.9,372.5,183.7,84.2,0.15,1.08,46.1,0.04,25,1,80.3,Northeast India (Brahmaputra River Basin & Assam Telemetry)
Majuli River Island,ZONE-NE05,Majuli,42.3,180.8,353.6,195.1,83.93,0.1,1.07,45.6,0.03,25,1,82.6,Northeast India (Brahmaputra River Basin & Assam Telemetry)
Majuli River Island,ZONE-NE05,Majuli,39.9,196.7,357.4,200.3,84.06,0.1,0.95,44.8,0.03,25,1,79.8,Northeast India (Brahmaputra River Basin & Assam Telemetry)
Majuli River Island,ZONE-NE05,Majuli,48.2,173.7,307.5,192.4,83.94,0.11,1.17,45.2,0.02,25,1,78.0,Northeast India (Brahmaputra River Basin & Assam Telemetry)
Majuli River Island,ZONE-NE05,Majuli,40.1,165.4,390.9,180.8,83.75,0.13,0.99,46.5,0.02,25,1,82.4,Northeast India (Brahmaputra River Basin & Assam Telemetry)
Majuli River Island,ZONE-NE05,Majuli,43.0,155.7,424.7,181.7,84.1,0.12,1.04,45.3,0.02,25,1,84.5,Northeast India (Brahmaputra River Basin & Assam Telemetry)
Majuli River Island,ZONE-NE05,Majuli,41.1,191.4,460.7,207.6,83.66,0.1,1.06,45.0,0.02,25,1,80.5,Northeast India (Brahmaputra River Basin & Assam Telemetry)
Majuli River Island,ZONE-NE05,Majuli,42.1,158.9,402.0,180.5,84.1,0.1,1.02,45.9,0.02,25,1,78.4,Northeast India (Brahmaputra River Basin & Assam Telemetry)
Majuli River Island,ZONE-NE05,Majuli,36.2,178.2,342.1,212.3,84.18,0.1,1.06,43.4,0.06,25,1,83.0,Northeast India (Brahmaputra River Basin & Assam Telemetry)
Majuli River Island,ZONE-NE05,Majuli,40.7,181.6,423.0,195.0,83.94,0.1,1.19,46.3,0.07,25,1,85.2,Northeast India (Brahmaputra River Basin & Assam Telemetry)
Majuli River Island,ZONE-NE05,Majuli,39.1,170.6,367.0,205.2,84.13,0.1,0.97,44.7,0.02,25,1,83.8,Northeast India (Brahmaputra River Basin & Assam Telemetry)
Majuli River Island,ZONE-NE05,Majuli,38.2,194.5,370.7,191.3,84.15,0.12,1.09,46.9,0.03,25,1,82.5,Northeast India (Brahmaputra River Basin & Assam Telemetry)
Majuli River Island,ZONE-NE05,Majuli,38.7,166.5,373.0,202.2,84.12,0.13,1.06,45.6,0.02,25,1,83.2,Northeast India (Brahmaputra River Basin & Assam Telemetry)
Majuli River Island,ZONE-NE05,Majuli,48.5,155.9,409.2,179.1,84.17,0.1,1.08,45.2,0.07,25,1,79.7,Northeast India (Brahmaputra River Basin & Assam Telemetry)
Majuli River Island,ZONE-NE05,Majuli,40.1,162.5,390.9,200.2,84.12,0.16,1.08,43.0,0.02,25,1,80.1,Northeast India (Brahmaputra River Basin & Assam Telemetry)
Majuli River Island,ZONE-NE05,Majuli,47.9,155.1,366.7,184.2,83.96,0.11,1.04,44.3,0.05,25,1,85.6,Northeast India (Brahmaputra River Basin & Assam Telemetry)
Majuli River Island,ZONE-NE05,Majuli,37.4,186.3,382.2,201.1,83.9,0.1,0.9,44.1,0.03,25,1,81.0,Northeast India (Brahmaputra River Basin & Assam Telemetry)
Majuli River Island,ZONE-NE05,Majuli,46.7,171.9,355.2,183.6,84.07,0.14,1.04,46.7,0.02,25,1,83.6,Northeast India (Brahmaputra River Basin & Assam Telemetry)
Majuli River Island,ZONE-NE05,Majuli,44.4,173.3,411.2,188.9,83.96,0.1,0.95,45.3,0.03,25,1,81.8,Northeast India (Brahmaputra River Basin & Assam Telemetry)
Majuli River Island,ZONE-NE05,Majuli,44.7,151.2,420.6,192.1,83.55,0.1,1.15,44.7,0.03,25,1,85.9,Northeast India (Brahmaputra River Basin & Assam Telemetry)
Majuli River Island,ZONE-NE05,Majuli,44.0,187.6,287.0,197.6,83.73,0.1,1.09,46.9,0.03,25,1,85.6,Northeast India (Brahmaputra River Basin & Assam Telemetry)
Majuli River Island,ZONE-NE05,Majuli,40.0,153.2,397.7,191.2,83.8,0.14,1.03,45.8,0.02,25,1,80.8,Northeast India (Brahmaputra River Basin & Assam Telemetry)
Majuli River Island,ZONE-NE05,Majuli,43.0,155.0,361.1,193.0,84.13,0.13,1.02,46.0,0.05,25,1,85.7,Northeast India (Brahmaputra River Basin & Assam Telemetry)
Majuli River Island,ZONE-NE05,Majuli,39.1,179.4,366.5,198.5,83.96,0.1,0.91,44.7,0.04,25,1,84.5,Northeast India (Brahmaputra River Basin & Assam Telemetry)
Majuli River Island,ZONE-NE05,Majuli,45.5,176.2,368.1,200.4,83.83,0.1,0.92,45.4,0.02,25,1,85.9,Northeast India (Brahmaputra River Basin & Assam Telemetry)
Majuli River Island,ZONE-NE05,Majuli,41.2,178.6,419.8,175.4,84.38,0.1,1.01,45.1,0.02,25,1,83.9,Northeast India (Brahmaputra River Basin & Assam Telemetry)
Majuli River Island,ZONE-NE05,Majuli,34.2,111.0,278.1,132.2,84.13,0.1,0.97,45.2,0.03,25,1,79.3,Northeast India (Brahmaputra River Basin & Assam Telemetry)
Majuli River Island,ZONE-NE05,Majuli,29.7,98.5,289.7,116.4,84.35,0.17,1.0,44.0,0.02,25,1,84.9,Northeast India (Brahmaputra River Basin & Assam Telemetry)
Majuli River Island,ZONE-NE05,Majuli,31.5,134.4,271.8,103.7,83.6,0.1,1.12,46.3,0.02,25,1,79.3,Northeast India (Brahmaputra River Basin & Assam Telemetry)
Majuli River Island,ZONE-NE05,Majuli,27.2,122.7,249.1,116.2,83.7,0.1,1.06,44.5,0.02,25,1,78.0,Northeast India (Brahmaputra River Basin & Assam Telemetry)
Majuli River Island,ZONE-NE05,Majuli,30.7,117.0,227.7,133.0,83.79,0.12,1.05,44.5,0.02,25,1,83.0,Northeast India (Brahmaputra River Basin & Assam Telemetry)
Majuli River Island,ZONE-NE05,Majuli,27.0,113.1,258.5,120.8,84.07,0.12,0.94,43.3,0.02,25,1,85.2,Northeast India (Brahmaputra River Basin & Assam Telemetry)
Majuli River Island,ZONE-NE05,Majuli,27.3,115.2,265.8,131.7,83.96,0.1,1.06,44.9,0.07,25,1,83.2,Northeast India (Brahmaputra River Basin & Assam Telemetry)
Majuli River Island,ZONE-NE05,Majuli,31.5,122.1,292.8,111.8,83.69,0.1,1.06,44.6,0.02,25,1,79.3,Northeast India (Brahmaputra River Basin & Assam Telemetry)
Majuli River Island,ZONE-NE05,Majuli,33.5,121.5,209.0,114.8,84.11,0.1,0.95,45.6,0.03,25,1,83.0,Northeast India (Brahmaputra River Basin & Assam Telemetry)
Majuli River Island,ZONE-NE05,Majuli,34.7,123.2,252.0,102.3,84.06,0.1,0.86,43.7,0.06,25,1,80.5,Northeast India (Brahmaputra River Basin & Assam Telemetry)
Majuli River Island,ZONE-NE05,Majuli,32.2,121.6,233.3,124.7,83.97,0.1,1.09,47.3,0.02,25,1,82.0,Northeast India (Brahmaputra River Basin & Assam Telemetry)
Majuli River Island,ZONE-NE05,Majuli,27.0,120.3,266.6,123.7,83.58,0.15,0.82,45.7,0.07,25,1,82.8,Northeast India (Brahmaputra River Basin & Assam Telemetry)
Majuli River Island,ZONE-NE05,Majuli,29.8,114.2,323.1,115.2,84.0,0.1,1.02,44.4,0.02,25,1,81.7,Northeast India (Brahmaputra River Basin & Assam Telemetry)
Majuli River Island,ZONE-NE05,Majuli,25.9,119.9,233.7,116.7,84.23,0.1,0.87,44.3,0.02,25,1,83.2,Northeast India (Brahmaputra River Basin & Assam Telemetry)
Majuli River Island,ZONE-NE05,Majuli,33.6,100.9,259.4,126.5,83.76,0.1,0.88,46.1,0.02,25,1,84.2,Northeast India (Brahmaputra River Basin & Assam Telemetry)
Majuli River Island,ZONE-NE05,Majuli,30.8,123.1,236.9,123.1,84.18,0.11,0.94,43.5,0.03,25,1,79.6,Northeast India (Brahmaputra River Basin & Assam Telemetry)
Majuli River Island,ZONE-NE05,Majuli,26.3,119.2,276.3,108.7,84.03,0.12,1.1,43.6,0.03,25,1,80.9,Northeast India (Brahmaputra River Basin & Assam Telemetry)
Majuli River Island,ZONE-NE05,Majuli,32.1,118.8,229.7,127.1,83.74,0.1,0.78,44.9,0.02,25,1,81.9,Northeast India (Brahmaputra River Basin & Assam Telemetry)
Majuli River Island,ZONE-NE05,Majuli,31.9,124.5,257.9,127.5,83.82,0.1,0.96,45.2,0.02,25,1,81.4,Northeast India (Brahmaputra River Basin & Assam Telemetry)
Majuli River Island,ZONE-NE05,Majuli,30.7,113.3,258.1,117.3,83.95,0.13,0.95,44.2,0.06,25,1,83.9,Northeast India (Brahmaputra River Basin & Assam Telemetry)
Majuli River Island,ZONE-NE05,Majuli,23.9,116.6,232.5,118.9,84.28,0.1,1.02,43.7,0.02,25,1,83.3,Northeast India (Brahmaputra River Basin & Assam Telemetry)
Majuli River Island,ZONE-NE05,Majuli,26.8,114.4,264.1,119.9,84.05,0.1,1.12,42.9,0.02,25,1,80.1,Northeast India (Brahmaputra River Basin & Assam Telemetry)
Majuli River Island,ZONE-NE05,Majuli,33.8,117.5,223.7,125.0,84.34,0.11,1.05,46.3,0.06,25,1,85.1,Northeast India (Brahmaputra River Basin & Assam Telemetry)
Majuli River Island,ZONE-NE05,Majuli,32.2,118.8,219.2,125.3,84.19,0.1,1.18,46.0,0.03,25,1,85.1,Northeast India (Brahmaputra River Basin & Assam Telemetry)
Majuli River Island,ZONE-NE05,Majuli,34.1,118.5,259.9,128.5,83.8,0.13,1.04,44.4,0.02,25,1,83.0,Northeast India (Brahmaputra River Basin & Assam Telemetry)
Majuli River Island,ZONE-NE05,Majuli,29.5,130.8,230.3,100.0,83.51,0.16,1.09,44.9,0.02,25,1,83.7,Northeast India (Brahmaputra River Basin & Assam Telemetry)
Majuli River Island,ZONE-NE05,Majuli,30.4,109.3,293.3,132.1,84.18,0.1,0.9,45.5,0.05,25,1,83.6,Northeast India (Brahmaputra River Basin & Assam Telemetry)
Majuli River Island,ZONE-NE05,Majuli,34.1,137.9,257.6,137.2,83.59,0.1,0.96,44.7,0.02,25,1,81.9,Northeast India (Brahmaputra River Basin & Assam Telemetry)
Majuli River Island,ZONE-NE05,Majuli,27.5,121.3,226.3,133.2,83.94,0.12,0.99,43.8,0.02,25,1,82.2,Northeast India (Brahmaputra River Basin & Assam Telemetry)
Majuli River Island,ZONE-NE05,Majuli,27.5,109.8,274.4,117.6,83.84,0.15,1.18,46.6,0.03,25,1,85.1,Northeast India (Brahmaputra River Basin & Assam Telemetry)
Majuli River Island,ZONE-NE05,Majuli,30.3,131.1,273.4,116.2,84.0,0.1,1.18,43.9,0.07,25,1,79.6,Northeast India (Brahmaputra River Basin & Assam Telemetry)
Majuli River Island,ZONE-NE05,Majuli,24.6,120.3,245.1,136.7,84.1,0.13,0.98,45.4,0.02,25,1,79.3,Northeast India (Brahmaputra River Basin & Assam Telemetry)
Majuli River Island,ZONE-NE05,Majuli,32.0,126.6,248.7,108.5,83.84,0.13,0.95,44.0,0.02,25,1,81.3,Northeast India (Brahmaputra River Basin & Assam Telemetry)
Majuli River Island,ZONE-NE05,Majuli,33.2,114.5,306.5,102.1,83.45,0.16,0.99,46.4,0.02,25,1,79.0,Northeast India (Brahmaputra River Basin & Assam Telemetry)
Majuli River Island,ZONE-NE05,Majuli,28.6,115.5,247.8,106.5,84.1,0.15,1.04,47.5,0.02,25,1,79.8,Northeast India (Brahmaputra River Basin & Assam Telemetry)
Majuli River Island,ZONE-NE05,Majuli,13.0,33.0,90.0,33.0,84.13,0.16,1.08,45.3,0.05,25,1,61.9,Northeast India (Brahmaputra River Basin & Assam Telemetry)
Majuli River Island,ZONE-NE05,Majuli,11.2,49.5,97.9,73.4,84.08,0.12,1.08,45.2,0.02,25,1,77.9,Northeast India (Brahmaputra River Basin & Assam Telemetry)
Majuli River Island,ZONE-NE05,Majuli,11.3,45.8,103.3,25.7,83.91,0.14,0.91,45.8,0.03,25,1,70.7,Northeast India (Brahmaputra River Basin & Assam Telemetry)
Majuli River Island,ZONE-NE05,Majuli,11.8,55.8,92.5,39.4,84.25,0.2,0.97,46.1,0.02,25,1,73.4,Northeast India (Brahmaputra River Basin & Assam Telemetry)
Majuli River Island,ZONE-NE05,Majuli,11.7,40.2,117.3,19.6,83.9,0.1,1.18,45.5,0.02,25,1,73.2,Northeast India (Brahmaputra River Basin & Assam Telemetry)
Majuli River Island,ZONE-NE05,Majuli,10.8,40.8,81.8,35.0,84.28,0.1,1.05,43.1,0.02,25,1,64.3,Northeast India (Brahmaputra River Basin & Assam Telemetry)
Majuli River Island,ZONE-NE05,Majuli,10.3,54.0,85.9,47.0,83.97,0.1,0.72,45.4,0.02,25,1,75.4,Northeast India (Brahmaputra River Basin & Assam Telemetry)
Majuli River Island,ZONE-NE05,Majuli,10.7,43.0,97.4,38.8,84.2,0.11,0.88,45.5,0.02,25,1,75.1,Northeast India (Brahmaputra River Basin & Assam Telemetry)
Majuli River Island,ZONE-NE05,Majuli,11.4,39.7,98.3,43.2,83.82,0.17,0.89,44.7,0.03,25,1,71.9,Northeast India (Brahmaputra River Basin & Assam Telemetry)
Majuli River Island,ZONE-NE05,Majuli,11.5,45.5,99.5,34.2,83.68,0.1,0.94,44.5,0.02,25,1,76.7,Northeast India (Brahmaputra River Basin & Assam Telemetry)
Majuli River Island,ZONE-NE05,Majuli,11.5,50.8,100.4,53.2,83.83,0.12,1.0,44.7,0.02,25,1,75.7,Northeast India (Brahmaputra River Basin & Assam Telemetry)
Majuli River Island,ZONE-NE05,Majuli,14.3,40.2,107.0,48.6,84.3,0.1,0.97,43.6,0.02,25,1,73.0,Northeast India (Brahmaputra River Basin & Assam Telemetry)
Majuli River Island,ZONE-NE05,Majuli,10.9,51.4,93.2,45.3,84.11,0.11,0.86,47.6,0.02,25,1,78.2,Northeast India (Brahmaputra River Basin & Assam Telemetry)
Majuli River Island,ZONE-NE05,Majuli,11.4,48.5,93.1,39.6,84.05,0.13,0.98,44.6,0.03,25,1,75.3,Northeast India (Brahmaputra River Basin & Assam Telemetry)
Majuli River Island,ZONE-NE05,Majuli,11.6,38.8,111.2,32.9,84.19,0.1,1.03,44.7,0.02,25,1,73.5,Northeast India (Brahmaputra River Basin & Assam Telemetry)
Majuli River Island,ZONE-NE05,Majuli,12.7,35.9,111.2,48.7,83.6,0.15,0.94,44.5,0.04,25,1,77.3,Northeast India (Brahmaputra River Basin & Assam Telemetry)
Majuli River Island,ZONE-NE05,Majuli,12.5,48.8,103.3,47.1,84.17,0.1,0.97,45.5,0.02,25,1,80.5,Northeast India (Brahmaputra River Basin & Assam Telemetry)
Majuli River Island,ZONE-NE05,Majuli,12.5,42.4,82.7,44.0,84.19,0.12,1.04,44.2,0.02,25,1,68.8,Northeast India (Brahmaputra River Basin & Assam Telemetry)
Majuli River Island,ZONE-NE05,Majuli,13.0,45.1,85.0,31.7,83.77,0.1,1.0,44.2,0.04,25,1,67.2,Northeast India (Brahmaputra River Basin & Assam Telemetry)
Majuli River Island,ZONE-NE05,Majuli,12.4,35.0,100.0,30.4,84.23,0.1,1.09,44.3,0.04,25,1,72.5,Northeast India (Brahmaputra River Basin & Assam Telemetry)
Majuli River Island,ZONE-NE05,Majuli,13.0,51.6,87.0,37.8,84.25,0.1,1.12,45.5,0.04,25,1,70.8,Northeast India (Brahmaputra River Basin & Assam Telemetry)
Majuli River Island,ZONE-NE05,Majuli,11.4,48.9,81.6,37.0,84.36,0.1,1.0,44.1,0.02,25,1,66.6,Northeast India (Brahmaputra River Basin & Assam Telemetry)
Majuli River Island,ZONE-NE05,Majuli,11.9,46.6,87.0,40.2,84.05,0.1,0.82,45.2,0.02,25,1,71.1,Northeast India (Brahmaputra River Basin & Assam Telemetry)
Majuli River Island,ZONE-NE05,Majuli,11.9,53.1,97.5,42.1,84.18,0.13,0.96,46.2,0.02,25,1,75.8,Northeast India (Brahmaputra River Basin & Assam Telemetry)
Majuli River Island,ZONE-NE05,Majuli,10.4,50.7,102.8,36.0,83.69,0.19,0.93,44.8,0.02,25,1,72.9,Northeast India (Brahmaputra River Basin & Assam Telemetry)
Majuli River Island,ZONE-NE05,Majuli,12.9,39.6,99.0,45.3,83.7,0.1,0.93,46.9,0.02,25,1,76.6,Northeast India (Brahmaputra River Basin & Assam Telemetry)
Majuli River Island,ZONE-NE05,Majuli,12.4,43.1,101.8,40.7,83.42,0.16,1.05,47.2,0.02,25,1,72.3,Northeast India (Brahmaputra River Basin & Assam Telemetry)
Majuli River Island,ZONE-NE05,Majuli,12.0,49.1,84.2,56.7,83.76,0.1,0.88,45.6,0.02,25,1,76.9,Northeast India (Brahmaputra River Basin & Assam Telemetry)
Majuli River Island,ZONE-NE05,Majuli,12.3,51.0,102.2,53.6,84.25,0.12,0.96,44.8,0.04,25,1,78.2,Northeast India (Brahmaputra River Basin & Assam Telemetry)
Majuli River Island,ZONE-NE05,Majuli,10.7,41.6,98.4,46.6,83.95,0.12,0.96,46.1,0.03,25,1,77.5,Northeast India (Brahmaputra River Basin & Assam Telemetry)
Majuli River Island,ZONE-NE05,Majuli,12.2,39.5,81.5,50.0,84.25,0.14,1.13,44.5,0.04,25,1,64.4,Northeast India (Brahmaputra River Basin & Assam Telemetry)
Majuli River Island,ZONE-NE05,Majuli,12.7,42.6,108.6,42.7,84.42,0.11,1.11,45.3,0.02,25,1,78.2,Northeast India (Brahmaputra River Basin & Assam Telemetry)
Majuli River Island,ZONE-NE05,Majuli,14.1,45.1,99.7,41.1,83.81,0.12,1.23,44.5,0.02,25,1,75.2,Northeast India (Brahmaputra River Basin & Assam Telemetry)
Majuli River Island,ZONE-NE05,Majuli,12.2,49.0,91.8,46.6,83.85,0.16,0.9,44.4,0.02,25,1,75.4,Northeast India (Brahmaputra River Basin & Assam Telemetry)
Majuli River Island,ZONE-NE05,Majuli,11.5,49.6,98.2,40.6,83.62,0.1,0.97,45.2,0.03,25,1,75.6,Northeast India (Brahmaputra River Basin & Assam Telemetry)
Majuli River Island,ZONE-NE05,Majuli,3.0,12.2,23.0,18.4,83.59,0.12,1.12,43.5,0.02,25,0,0.0,Northeast India (Brahmaputra River Basin & Assam Telemetry)
Majuli River Island,ZONE-NE05,Majuli,3.7,10.1,21.9,14.9,84.16,0.16,0.98,45.0,0.02,25,0,0.0,Northeast India (Brahmaputra River Basin & Assam Telemetry)
Majuli River Island,ZONE-NE05,Majuli,2.9,12.8,22.9,2.2,83.92,0.1,0.86,43.4,0.02,25,0,0.0,Northeast India (Brahmaputra River Basin & Assam Telemetry)
Majuli River Island,ZONE-NE05,Majuli,3.1,10.3,24.6,8.9,84.26,0.1,0.98,45.0,0.02,25,0,0.0,Northeast India (Brahmaputra River Basin & Assam Telemetry)
Majuli River Island,ZONE-NE05,Majuli,2.7,11.0,25.9,0.0,84.17,0.1,1.17,45.7,0.03,25,0,0.0,Northeast India (Brahmaputra River Basin & Assam Telemetry)
Majuli River Island,ZONE-NE05,Majuli,2.8,11.5,23.4,8.8,84.02,0.1,0.94,44.6,0.04,25,0,0.0,Northeast India (Brahmaputra River Basin & Assam Telemetry)
Majuli River Island,ZONE-NE05,Majuli,2.7,13.4,22.4,4.1,84.24,0.1,1.01,44.8,0.03,25,0,0.0,Northeast India (Brahmaputra River Basin & Assam Telemetry)
Majuli River Island,ZONE-NE05,Majuli,3.2,12.6,31.1,14.6,84.21,0.1,0.88,45.5,0.02,25,0,0.0,Northeast India (Brahmaputra River Basin & Assam Telemetry)
Majuli River Island,ZONE-NE05,Majuli,3.1,11.4,20.1,0.0,84.0,0.1,1.08,44.3,0.02,25,0,0.0,Northeast India (Brahmaputra River Basin & Assam Telemetry)
Majuli River Island,ZONE-NE05,Majuli,3.0,12.2,26.6,19.5,84.07,0.12,0.92,44.7,0.03,25,0,0.0,Northeast India (Brahmaputra River Basin & Assam Telemetry)
Majuli River Island,ZONE-NE05,Majuli,3.2,12.3,21.7,0.0,84.24,0.1,1.04,45.2,0.02,25,0,0.0,Northeast India (Brahmaputra River Basin & Assam Telemetry)
Majuli River Island,ZONE-NE05,Majuli,2.9,11.8,29.1,3.6,84.0,0.14,0.92,44.5,0.03,25,0,0.0,Northeast India (Brahmaputra River Basin & Assam Telemetry)
Majuli River Island,ZONE-NE05,Majuli,2.9,14.3,22.5,7.9,84.15,0.21,1.16,43.5,0.02,25,0,0.0,Northeast India (Brahmaputra River Basin & Assam Telemetry)
Majuli River Island,ZONE-NE05,Majuli,3.1,12.3,29.7,0.0,84.46,0.12,1.11,44.4,0.05,25,0,0.0,Northeast India (Brahmaputra River Basin & Assam Telemetry)
Majuli River Island,ZONE-NE05,Majuli,3.2,12.2,20.2,19.5,83.63,0.1,1.02,43.6,0.03,25,0,0.0,Northeast India (Brahmaputra River Basin & Assam Telemetry)
Majuli River Island,ZONE-NE05,Majuli,3.0,15.6,20.8,21.3,83.71,0.1,1.0,44.0,0.03,25,0,0.0,Northeast India (Brahmaputra River Basin & Assam Telemetry)
Majuli River Island,ZONE-NE05,Majuli,3.1,11.4,27.8,12.8,83.99,0.12,0.87,45.0,0.02,25,0,0.0,Northeast India (Brahmaputra River Basin & Assam Telemetry)
Majuli River Island,ZONE-NE05,Majuli,3.1,12.5,25.3,0.0,83.86,0.14,1.06,44.6,0.02,25,0,0.0,Northeast India (Brahmaputra River Basin & Assam Telemetry)
Majuli River Island,ZONE-NE05,Majuli,3.4,13.9,26.0,13.5,83.73,0.1,1.16,45.7,0.02,25,0,0.0,Northeast India (Brahmaputra River Basin & Assam Telemetry)
Majuli River Island,ZONE-NE05,Majuli,3.1,10.4,23.0,15.5,83.96,0.1,1.15,44.7,0.06,25,0,0.0,Northeast India (Brahmaputra River Basin & Assam Telemetry)
Majuli River Island,ZONE-NE05,Majuli,3.0,12.1,22.6,0.0,84.08,0.12,1.02,47.8,0.02,25,0,0.0,Northeast India (Brahmaputra River Basin & Assam Telemetry)
Majuli River Island,ZONE-NE05,Majuli,2.9,11.6,27.2,9.9,83.87,0.1,1.01,43.9,0.04,25,0,0.0,Northeast India (Brahmaputra River Basin & Assam Telemetry)
Majuli River Island,ZONE-NE05,Majuli,3.8,13.5,23.0,5.8,84.03,0.1,0.88,45.9,0.02,25,0,0.0,Northeast India (Brahmaputra River Basin & Assam Telemetry)
Majuli River Island,ZONE-NE05,Majuli,3.2,12.6,25.2,0.0,84.06,0.13,0.76,46.8,0.03,25,0,0.0,Northeast India (Brahmaputra River Basin & Assam Telemetry)
Majuli River Island,ZONE-NE05,Majuli,3.3,12.5,19.1,13.8,83.94,0.11,1.09,45.6,0.02,25,0,0.0,Northeast India (Brahmaputra River Basin & Assam Telemetry)
Majuli River Island,ZONE-NE05,Majuli,3.0,11.5,21.3,19.8,83.94,0.1,1.04,43.1,0.02,25,0,0.0,Northeast India (Brahmaputra River Basin & Assam Telemetry)
Majuli River Island,ZONE-NE05,Majuli,3.5,14.2,28.1,6.3,83.76,0.1,1.0,44.8,0.02,25,0,0.0,Northeast India (Brahmaputra River Basin & Assam Telemetry)
Majuli River Island,ZONE-NE05,Majuli,2.2,10.9,28.2,11.2,84.12,0.15,0.97,45.4,0.02,25,0,0.0,Northeast India (Brahmaputra River Basin & Assam Telemetry)
Majuli River Island,ZONE-NE05,Majuli,3.2,11.7,23.9,14.4,84.32,0.13,1.11,45.1,0.02,25,0,0.0,Northeast India (Brahmaputra River Basin & Assam Telemetry)
Majuli River Island,ZONE-NE05,Majuli,3.1,13.2,21.1,3.7,83.58,0.12,0.81,45.3,0.02,25,0,0.0,Northeast India (Brahmaputra River Basin & Assam Telemetry)
Majuli River Island,ZONE-NE05,Majuli,3.3,10.6,23.6,9.2,83.9,0.1,1.14,44.3,0.02,25,0,0.0,Northeast India (Brahmaputra River Basin & Assam Telemetry)
Majuli River Island,ZONE-NE05,Majuli,2.8,14.1,28.5,0.0,84.26,0.1,1.01,45.9,0.02,25,0,0.0,Northeast India (Brahmaputra River Basin & Assam Telemetry)
Majuli River Island,ZONE-NE05,Majuli,3.3,9.8,27.3,18.7,84.24,0.14,1.05,45.7,0.02,25,0,0.0,Northeast India (Brahmaputra River Basin & Assam Telemetry)
Majuli River Island,ZONE-NE05,Majuli,3.2,11.6,23.8,0.0,84.1,0.1,0.98,44.2,0.02,25,0,0.0,Northeast India (Brahmaputra River Basin & Assam Telemetry)
Majuli River Island,ZONE-NE05,Majuli,3.1,11.1,27.3,11.5,84.1,0.1,0.96,45.4,0.02,25,0,0.0,Northeast India (Brahmaputra River Basin & Assam Telemetry)
Majuli River Island,ZONE-NE05,Majuli,0.0,0.0,0.0,15.3,84.19,0.1,1.01,46.1,0.02,25,0,0.0,Northeast India (Brahmaputra River Basin & Assam Telemetry)
Majuli River Island,ZONE-NE05,Majuli,0.0,0.0,0.0,7.8,84.0,0.1,1.11,45.6,0.02,25,0,0.0,Northeast India (Brahmaputra River Basin & Assam Telemetry)
Majuli River Island,ZONE-NE05,Majuli,0.0,0.0,0.0,0.0,83.73,0.11,1.1,46.1,0.02,25,0,0.0,Northeast India (Brahmaputra River Basin & Assam Telemetry)
Majuli River Island,ZONE-NE05,Majuli,0.0,0.0,0.0,1.3,84.09,0.1,1.08,44.8,0.06,25,0,0.0,Northeast India (Brahmaputra River Basin & Assam Telemetry)
Majuli River Island,ZONE-NE05,Majuli,0.0,0.0,0.0,0.0,84.18,0.1,0.88,45.7,0.04,25,0,0.0,Northeast India (Brahmaputra River Basin & Assam Telemetry)
Majuli River Island,ZONE-NE05,Majuli,0.0,0.0,0.0,0.0,83.83,0.1,0.98,45.8,0.02,25,0,0.0,Northeast India (Brahmaputra River Basin & Assam Telemetry)
Majuli River Island,ZONE-NE05,Majuli,0.0,0.0,0.0,0.0,84.06,0.12,1.07,44.7,0.05,25,0,0.0,Northeast India (Brahmaputra River Basin & Assam Telemetry)
Majuli River Island,ZONE-NE05,Majuli,0.0,0.0,0.0,6.0,83.96,0.1,1.05,44.8,0.03,25,0,0.0,Northeast India (Brahmaputra River Basin & Assam Telemetry)
Majuli River Island,ZONE-NE05,Majuli,0.0,0.0,0.0,6.1,84.04,0.1,1.08,43.6,0.03,25,0,0.0,Northeast India (Brahmaputra River Basin & Assam Telemetry)
Majuli River Island,ZONE-NE05,Majuli,0.0,0.0,0.0,0.0,84.14,0.17,1.08,45.5,0.02,25,0,0.0,Northeast India (Brahmaputra River Basin & Assam Telemetry)
Majuli River Island,ZONE-NE05,Majuli,0.0,0.0,0.0,6.1,84.29,0.1,0.96,44.2,0.04,25,0,0.0,Northeast India (Brahmaputra River Basin & Assam Telemetry)
Majuli River Island,ZONE-NE05,Majuli,0.0,0.0,0.0,0.0,84.13,0.13,0.96,43.9,0.05,25,0,0.0,Northeast India (Brahmaputra River Basin & Assam Telemetry)
Majuli River Island,ZONE-NE05,Majuli,0.0,0.0,0.0,2.2,83.99,0.1,0.86,45.7,0.02,25,0,0.0,Northeast India (Brahmaputra River Basin & Assam Telemetry)
Majuli River Island,ZONE-NE05,Majuli,0.0,0.0,0.0,0.0,83.86,0.1,1.04,43.9,0.02,25,0,0.0,Northeast India (Brahmaputra River Basin & Assam Telemetry)
Majuli River Island,ZONE-NE05,Majuli,0.0,0.0,0.0,0.0,84.08,0.12,1.02,45.5,0.03,25,0,0.0,Northeast India (Brahmaputra River Basin & Assam Telemetry)
Majuli River Island,ZONE-NE05,Majuli,0.0,0.0,0.0,0.0,84.06,0.17,0.88,43.9,0.05,25,0,0.0,Northeast India (Brahmaputra River Basin & Assam Telemetry)
Majuli River Island,ZONE-NE05,Majuli,0.0,0.0,0.0,0.0,84.08,0.1,1.0,45.7,0.02,25,0,0.0,Northeast India (Brahmaputra River Basin & Assam Telemetry)
Majuli River Island,ZONE-NE05,Majuli,0.0,0.0,0.0,4.6,83.98,0.1,1.17,45.0,0.04,25,0,0.0,Northeast India (Brahmaputra River Basin & Assam Telemetry)
Majuli River Island,ZONE-NE05,Majuli,0.0,0.0,0.0,0.0,83.75,0.1,0.97,42.7,0.04,25,0,0.0,Northeast India (Brahmaputra River Basin & Assam Telemetry)
Majuli River Island,ZONE-NE05,Majuli,0.0,0.0,0.0,0.0,84.13,0.14,0.86,45.5,0.02,25,0,0.0,Northeast India (Brahmaputra River Basin & Assam Telemetry)
Majuli River Island,ZONE-NE05,Majuli,0.0,0.0,0.0,0.0,84.06,0.1,1.06,46.7,0.03,25,0,0.0,Northeast India (Brahmaputra River Basin & Assam Telemetry)
Majuli River Island,ZONE-NE05,Majuli,0.0,0.0,0.0,1.2,84.09,0.18,0.9,45.4,0.04,25,0,0.0,Northeast India (Brahmaputra River Basin & Assam Telemetry)
Majuli River Island,ZONE-NE05,Majuli,0.0,0.0,0.0,0.0,84.03,0.12,0.83,44.9,0.02,25,0,0.0,Northeast India (Brahmaputra River Basin & Assam Telemetry)
Majuli River Island,ZONE-NE05,Majuli,0.0,0.0,0.0,6.7,83.92,0.1,1.06,44.5,0.02,25,0,0.0,Northeast India (Brahmaputra River Basin & Assam Telemetry)
Majuli River Island,ZONE-NE05,Majuli,0.0,0.0,0.0,16.6,84.3,0.1,0.88,45.1,0.02,25,0,0.0,Northeast India (Brahmaputra River Basin & Assam Telemetry)
Majuli River Island,ZONE-NE05,Majuli,0.0,0.0,0.0,16.8,84.15,0.1,0.89,45.4,0.02,25,0,0.0,Northeast India (Brahmaputra River Basin & Assam Telemetry)
Majuli River Island,ZONE-NE05,Majuli,0.0,0.0,0.0,0.0,84.0,0.11,0.95,44.3,0.02,25,0,0.0,Northeast India (Brahmaputra River Basin & Assam Telemetry)
Majuli River Island,ZONE-NE05,Majuli,0.0,0.0,0.0,0.0,84.22,0.13,0.95,46.5,0.02,25,0,0.0,Northeast India (Brahmaputra River Basin & Assam Telemetry)
Majuli River Island,ZONE-NE05,Majuli,0.0,0.0,0.0,28.3,84.11,0.14,0.78,45.7,0.05,25,0,0.0,Northeast India (Brahmaputra River Basin & Assam Telemetry)
Majuli River Island,ZONE-NE05,Majuli,0.0,0.0,0.0,16.3,83.84,0.14,0.97,44.7,0.03,25,0,0.0,Northeast India (Brahmaputra River Basin & Assam Telemetry)
Majuli River Island,ZONE-NE05,Majuli,0.0,0.0,0.0,0.0,84.1,0.1,0.96,45.8,0.02,25,0,0.0,Northeast India (Brahmaputra River Basin & Assam Telemetry)
Majuli River Island,ZONE-NE05,Majuli,0.0,0.0,0.0,0.0,83.95,0.13,0.96,45.6,0.02,25,0,0.0,Northeast India (Brahmaputra River Basin & Assam Telemetry)
Majuli River Island,ZONE-NE05,Majuli,0.0,0.0,0.0,0.0,83.72,0.13,1.01,46.1,0.04,25,0,0.0,Northeast India (Brahmaputra River Basin & Assam Telemetry)
Majuli River Island,ZONE-NE05,Majuli,0.0,0.0,0.0,0.0,84.25,0.12,1.0,44.8,0.04,25,0,0.0,Northeast India (Brahmaputra River Basin & Assam Telemetry)
Majuli River Island,ZONE-NE05,Majuli,0.0,0.0,0.0,0.0,83.89,0.12,1.12,44.4,0.03,25,0,0.0,Northeast India (Brahmaputra River Basin & Assam Telemetry)
Kaziranga Corridor,ZONE-NE06,Nagaon,69.3,245.1,562.0,249.2,64.88,0.45,1.76,33.6,0.31,20,1,80.8,Northeast India (Brahmaputra River Basin & Assam Telemetry)
Kaziranga Corridor,ZONE-NE06,Nagaon,58.0,226.0,584.0,258.2,64.95,0.4,1.73,35.0,0.31,20,1,83.6,Northeast India (Brahmaputra River Basin & Assam Telemetry)
Kaziranga Corridor,ZONE-NE06,Nagaon,64.3,206.1,391.9,256.0,64.7,0.42,1.8,35.1,0.31,20,1,83.7,Northeast India (Brahmaputra River Basin & Assam Telemetry)
Kaziranga Corridor,ZONE-NE06,Nagaon,44.5,198.5,406.6,261.2,65.19,0.3,1.79,34.0,0.33,20,1,84.3,Northeast India (Brahmaputra River Basin & Assam Telemetry)
Kaziranga Corridor,ZONE-NE06,Nagaon,52.8,248.4,474.8,269.5,64.82,0.35,1.8,34.4,0.28,20,1,84.2,Northeast India (Brahmaputra River Basin & Assam Telemetry)
Kaziranga Corridor,ZONE-NE06,Nagaon,64.9,226.8,543.8,265.6,65.09,0.4,1.69,34.4,0.28,20,1,85.1,Northeast India (Brahmaputra River Basin & Assam Telemetry)
Kaziranga Corridor,ZONE-NE06,Nagaon,55.6,231.3,505.3,266.7,65.05,0.4,1.76,34.7,0.33,20,1,79.9,Northeast India (Brahmaputra River Basin & Assam Telemetry)
Kaziranga Corridor,ZONE-NE06,Nagaon,47.1,225.3,473.5,268.2,64.99,0.37,1.71,34.2,0.28,20,1,80.1,Northeast India (Brahmaputra River Basin & Assam Telemetry)
Kaziranga Corridor,ZONE-NE06,Nagaon,59.4,194.7,490.8,256.3,65.06,0.41,1.64,34.3,0.33,20,1,81.7,Northeast India (Brahmaputra River Basin & Assam Telemetry)
Kaziranga Corridor,ZONE-NE06,Nagaon,60.2,167.4,539.4,260.3,65.25,0.34,1.84,35.2,0.29,20,1,79.6,Northeast India (Brahmaputra River Basin & Assam Telemetry)
Kaziranga Corridor,ZONE-NE06,Nagaon,58.8,182.3,483.2,270.3,65.27,0.44,1.75,34.4,0.28,20,1,83.0,Northeast India (Brahmaputra River Basin & Assam Telemetry)
Kaziranga Corridor,ZONE-NE06,Nagaon,63.2,221.0,428.7,255.9,64.74,0.42,1.82,34.7,0.31,20,1,81.6,Northeast India (Brahmaputra River Basin & Assam Telemetry)
Kaziranga Corridor,ZONE-NE06,Nagaon,54.7,231.4,418.9,258.5,64.75,0.36,1.75,35.8,0.33,20,1,83.7,Northeast India (Brahmaputra River Basin & Assam Telemetry)
Kaziranga Corridor,ZONE-NE06,Nagaon,55.1,251.5,519.1,264.4,65.24,0.34,1.7,34.4,0.28,20,1,79.7,Northeast India (Brahmaputra River Basin & Assam Telemetry)
Kaziranga Corridor,ZONE-NE06,Nagaon,65.9,239.5,450.9,266.9,64.96,0.38,1.71,34.8,0.27,20,1,80.8,Northeast India (Brahmaputra River Basin & Assam Telemetry)
Kaziranga Corridor,ZONE-NE06,Nagaon,51.0,217.9,533.7,263.3,65.13,0.31,1.71,35.4,0.3,20,1,80.2,Northeast India (Brahmaputra River Basin & Assam Telemetry)
Kaziranga Corridor,ZONE-NE06,Nagaon,57.0,233.1,451.9,266.0,65.03,0.41,1.81,34.0,0.3,20,1,83.1,Northeast India (Brahmaputra River Basin & Assam Telemetry)
Kaziranga Corridor,ZONE-NE06,Nagaon,60.7,196.8,410.1,278.0,64.73,0.4,1.9,34.1,0.29,20,1,78.2,Northeast India (Brahmaputra River Basin & Assam Telemetry)
Kaziranga Corridor,ZONE-NE06,Nagaon,44.9,197.5,459.8,269.9,64.77,0.39,1.69,36.2,0.3,20,1,84.7,Northeast India (Brahmaputra River Basin & Assam Telemetry)
Kaziranga Corridor,ZONE-NE06,Nagaon,57.9,201.9,441.4,275.7,64.85,0.36,1.94,34.3,0.31,20,1,82.6,Northeast India (Brahmaputra River Basin & Assam Telemetry)
Kaziranga Corridor,ZONE-NE06,Nagaon,66.4,217.8,452.8,256.9,65.11,0.4,1.78,34.0,0.3,20,1,85.5,Northeast India (Brahmaputra River Basin & Assam Telemetry)
Kaziranga Corridor,ZONE-NE06,Nagaon,59.8,217.0,480.7,242.5,65.15,0.43,1.62,35.2,0.29,20,1,80.1,Northeast India (Brahmaputra River Basin & Assam Telemetry)
Kaziranga Corridor,ZONE-NE06,Nagaon,58.2,256.1,381.6,261.1,65.1,0.4,1.84,35.7,0.29,20,1,81.0,Northeast India (Brahmaputra River Basin & Assam Telemetry)
Kaziranga Corridor,ZONE-NE06,Nagaon,48.3,171.6,557.2,259.5,64.85,0.39,1.81,36.7,0.33,20,1,82.0,Northeast India (Brahmaputra River Basin & Assam Telemetry)
Kaziranga Corridor,ZONE-NE06,Nagaon,59.8,222.5,411.5,270.2,65.06,0.4,1.8,35.8,0.3,20,1,82.5,Northeast India (Brahmaputra River Basin & Assam Telemetry)
Kaziranga Corridor,ZONE-NE06,Nagaon,61.6,224.3,528.3,259.5,65.07,0.45,1.67,37.5,0.27,20,1,79.3,Northeast India (Brahmaputra River Basin & Assam Telemetry)
Kaziranga Corridor,ZONE-NE06,Nagaon,62.8,202.8,447.4,254.1,65.12,0.38,1.62,36.0,0.32,20,1,78.3,Northeast India (Brahmaputra River Basin & Assam Telemetry)
Kaziranga Corridor,ZONE-NE06,Nagaon,60.0,232.8,456.8,255.9,65.11,0.35,2.02,33.4,0.31,20,1,82.9,Northeast India (Brahmaputra River Basin & Assam Telemetry)
Kaziranga Corridor,ZONE-NE06,Nagaon,59.6,250.7,398.2,258.0,65.08,0.44,1.76,35.6,0.32,20,1,85.2,Northeast India (Brahmaputra River Basin & Assam Telemetry)
Kaziranga Corridor,ZONE-NE06,Nagaon,59.0,200.4,468.3,255.5,64.68,0.36,1.8,33.6,0.33,20,1,82.9,Northeast India (Brahmaputra River Basin & Assam Telemetry)
Kaziranga Corridor,ZONE-NE06,Nagaon,60.8,188.9,404.3,257.4,65.35,0.4,1.79,33.8,0.28,20,1,79.0,Northeast India (Brahmaputra River Basin & Assam Telemetry)
Kaziranga Corridor,ZONE-NE06,Nagaon,63.9,234.5,524.6,266.7,65.35,0.41,1.66,34.3,0.27,20,1,81.8,Northeast India (Brahmaputra River Basin & Assam Telemetry)
Kaziranga Corridor,ZONE-NE06,Nagaon,60.0,189.9,466.0,240.8,64.96,0.4,1.75,34.6,0.29,20,1,85.5,Northeast India (Brahmaputra River Basin & Assam Telemetry)
Kaziranga Corridor,ZONE-NE06,Nagaon,59.2,216.7,494.1,266.9,65.02,0.37,1.77,33.7,0.29,20,1,82.8,Northeast India (Brahmaputra River Basin & Assam Telemetry)
Kaziranga Corridor,ZONE-NE06,Nagaon,54.8,219.2,449.4,257.7,65.26,0.39,1.82,34.5,0.29,20,1,80.1,Northeast India (Brahmaputra River Basin & Assam Telemetry)
Kaziranga Corridor,ZONE-NE06,Nagaon,61.6,261.4,489.2,299.3,65.12,0.37,1.93,35.3,0.3,20,1,84.9,Northeast India (Brahmaputra River Basin & Assam Telemetry)
Kaziranga Corridor,ZONE-NE06,Nagaon,66.3,218.3,512.4,315.1,65.14,0.42,1.95,35.3,0.27,20,1,84.5,Northeast India (Brahmaputra River Basin & Assam Telemetry)
Kaziranga Corridor,ZONE-NE06,Nagaon,57.3,249.5,528.8,316.3,65.21,0.33,1.67,34.6,0.3,20,1,78.5,Northeast India (Brahmaputra River Basin & Assam Telemetry)
Kaziranga Corridor,ZONE-NE06,Nagaon,67.9,259.0,517.4,312.1,65.06,0.42,1.88,32.1,0.29,20,1,79.6,Northeast India (Brahmaputra River Basin & Assam Telemetry)
Kaziranga Corridor,ZONE-NE06,Nagaon,65.2,247.4,498.0,285.1,64.98,0.45,1.82,33.7,0.33,20,1,78.8,Northeast India (Brahmaputra River Basin & Assam Telemetry)
Kaziranga Corridor,ZONE-NE06,Nagaon,66.9,253.8,572.9,313.1,64.87,0.47,1.63,34.7,0.32,20,1,80.5,Northeast India (Brahmaputra River Basin & Assam Telemetry)
Kaziranga Corridor,ZONE-NE06,Nagaon,54.3,232.2,546.6,303.4,64.87,0.37,1.74,36.2,0.31,20,1,82.7,Northeast India (Brahmaputra River Basin & Assam Telemetry)
Kaziranga Corridor,ZONE-NE06,Nagaon,68.2,276.9,627.0,300.8,65.18,0.35,1.77,34.9,0.33,20,1,78.5,Northeast India (Brahmaputra River Basin & Assam Telemetry)
Kaziranga Corridor,ZONE-NE06,Nagaon,54.2,237.5,543.0,321.9,65.01,0.36,1.79,33.9,0.3,20,1,82.9,Northeast India (Brahmaputra River Basin & Assam Telemetry)
Kaziranga Corridor,ZONE-NE06,Nagaon,68.4,270.4,524.6,293.0,65.09,0.44,2.01,36.8,0.29,20,1,81.4,Northeast India (Brahmaputra River Basin & Assam Telemetry)
Kaziranga Corridor,ZONE-NE06,Nagaon,69.4,234.1,591.6,309.4,64.94,0.43,1.82,34.5,0.29,20,1,85.6,Northeast India (Brahmaputra River Basin & Assam Telemetry)
Kaziranga Corridor,ZONE-NE06,Nagaon,69.7,305.2,523.2,316.7,65.04,0.39,1.62,35.4,0.29,20,1,83.9,Northeast India (Brahmaputra River Basin & Assam Telemetry)
Kaziranga Corridor,ZONE-NE06,Nagaon,68.2,267.8,495.5,302.8,64.91,0.46,1.96,34.3,0.3,20,1,84.7,Northeast India (Brahmaputra River Basin & Assam Telemetry)
Kaziranga Corridor,ZONE-NE06,Nagaon,82.8,240.7,544.6,326.6,64.97,0.39,1.96,36.4,0.29,20,1,80.1,Northeast India (Brahmaputra River Basin & Assam Telemetry)
Kaziranga Corridor,ZONE-NE06,Nagaon,53.2,269.9,571.9,306.3,65.16,0.41,1.79,33.5,0.32,20,1,83.5,Northeast India (Brahmaputra River Basin & Assam Telemetry)
Kaziranga Corridor,ZONE-NE06,Nagaon,68.1,260.5,544.1,311.9,65.05,0.41,1.95,35.0,0.31,20,1,78.8,Northeast India (Brahmaputra River Basin & Assam Telemetry)
Kaziranga Corridor,ZONE-NE06,Nagaon,72.1,240.9,666.1,289.6,64.92,0.31,1.83,33.1,0.28,20,1,82.3,Northeast India (Brahmaputra River Basin & Assam Telemetry)
Kaziranga Corridor,ZONE-NE06,Nagaon,61.9,243.7,564.8,310.7,65.06,0.44,2.04,32.6,0.28,20,1,79.1,Northeast India (Brahmaputra River Basin & Assam Telemetry)
Kaziranga Corridor,ZONE-NE06,Nagaon,61.8,245.8,512.8,285.5,65.1,0.36,1.59,36.6,0.32,20,1,83.1,Northeast India (Brahmaputra River Basin & Assam Telemetry)
Kaziranga Corridor,ZONE-NE06,Nagaon,61.7,268.5,549.4,310.6,64.88,0.46,1.77,37.4,0.27,20,1,80.9,Northeast India (Brahmaputra River Basin & Assam Telemetry)
Kaziranga Corridor,ZONE-NE06,Nagaon,73.7,248.3,652.3,323.4,65.12,0.39,2.09,35.2,0.3,20,1,78.1,Northeast India (Brahmaputra River Basin & Assam Telemetry)
Kaziranga Corridor,ZONE-NE06,Nagaon,57.4,292.0,588.7,313.6,65.1,0.37,1.82,36.9,0.32,20,1,84.4,Northeast India (Brahmaputra River Basin & Assam Telemetry)
Kaziranga Corridor,ZONE-NE06,Nagaon,57.8,272.0,489.6,313.0,64.93,0.43,1.88,34.8,0.32,20,1,83.8,Northeast India (Brahmaputra River Basin & Assam Telemetry)
Kaziranga Corridor,ZONE-NE06,Nagaon,60.2,245.0,478.7,290.2,64.94,0.4,1.93,34.6,0.29,20,1,79.3,Northeast India (Brahmaputra River Basin & Assam Telemetry)
Kaziranga Corridor,ZONE-NE06,Nagaon,69.4,266.0,486.1,300.1,65.12,0.4,1.88,35.6,0.31,20,1,84.0,Northeast India (Brahmaputra River Basin & Assam Telemetry)
Kaziranga Corridor,ZONE-NE06,Nagaon,70.8,270.8,629.5,299.5,65.14,0.46,1.73,35.3,0.33,20,1,84.0,Northeast India (Brahmaputra River Basin & Assam Telemetry)
Kaziranga Corridor,ZONE-NE06,Nagaon,61.4,205.2,521.9,307.4,64.97,0.41,1.91,34.8,0.31,20,1,85.4,Northeast India (Brahmaputra River Basin & Assam Telemetry)
Kaziranga Corridor,ZONE-NE06,Nagaon,62.5,223.4,529.3,319.0,65.01,0.41,1.87,35.6,0.3,20,1,79.1,Northeast India (Brahmaputra River Basin & Assam Telemetry)
Kaziranga Corridor,ZONE-NE06,Nagaon,71.3,272.7,554.5,313.0,65.08,0.43,1.75,34.6,0.31,20,1,81.9,Northeast India (Brahmaputra River Basin & Assam Telemetry)
Kaziranga Corridor,ZONE-NE06,Nagaon,60.8,256.5,586.6,306.6,65.02,0.36,1.71,34.9,0.29,20,1,81.6,Northeast India (Brahmaputra River Basin & Assam Telemetry)
Kaziranga Corridor,ZONE-NE06,Nagaon,57.6,271.9,550.5,321.7,65.01,0.41,1.66,34.6,0.29,20,1,79.0,Northeast India (Brahmaputra River Basin & Assam Telemetry)
Kaziranga Corridor,ZONE-NE06,Nagaon,60.1,239.8,634.6,318.7,64.83,0.4,1.82,37.9,0.31,20,1,79.9,Northeast India (Brahmaputra River Basin & Assam Telemetry)
Kaziranga Corridor,ZONE-NE06,Nagaon,66.3,245.3,582.7,299.6,64.8,0.49,1.93,34.8,0.3,20,1,81.5,Northeast India (Brahmaputra River Basin & Assam Telemetry)
Kaziranga Corridor,ZONE-NE06,Nagaon,62.6,240.9,589.9,305.1,65.08,0.42,1.72,37.3,0.28,20,1,82.5,Northeast India (Brahmaputra River Basin & Assam Telemetry)
Kaziranga Corridor,ZONE-NE06,Nagaon,59.2,258.0,484.7,324.9,64.57,0.48,1.91,34.8,0.32,20,1,83.2,Northeast India (Brahmaputra River Basin & Assam Telemetry)
Kaziranga Corridor,ZONE-NE06,Nagaon,83.4,331.2,740.4,453.2,64.94,0.48,1.89,35.7,0.32,20,1,80.9,Northeast India (Brahmaputra River Basin & Assam Telemetry)
Kaziranga Corridor,ZONE-NE06,Nagaon,90.8,347.2,789.1,449.0,64.95,0.38,1.97,35.4,0.29,20,1,78.3,Northeast India (Brahmaputra River Basin & Assam Telemetry)
Kaziranga Corridor,ZONE-NE06,Nagaon,98.5,354.7,734.6,452.2,64.75,0.4,1.93,35.8,0.26,20,1,85.4,Northeast India (Brahmaputra River Basin & Assam Telemetry)
Kaziranga Corridor,ZONE-NE06,Nagaon,78.5,356.1,636.8,449.6,64.81,0.45,1.84,37.6,0.31,20,1,85.5,Northeast India (Brahmaputra River Basin & Assam Telemetry)
Kaziranga Corridor,ZONE-NE06,Nagaon,77.7,271.0,592.1,464.6,65.05,0.38,1.83,34.8,0.3,20,1,80.9,Northeast India (Brahmaputra River Basin & Assam Telemetry)
Kaziranga Corridor,ZONE-NE06,Nagaon,87.0,330.5,671.3,462.5,65.09,0.45,1.76,35.8,0.26,20,1,80.7,Northeast India (Brahmaputra River Basin & Assam Telemetry)
Kaziranga Corridor,ZONE-NE06,Nagaon,73.1,329.6,719.8,455.1,65.13,0.39,1.67,36.1,0.29,20,1,85.4,Northeast India (Brahmaputra River Basin & Assam Telemetry)
Kaziranga Corridor,ZONE-NE06,Nagaon,87.9,302.9,765.1,440.8,64.83,0.44,1.74,34.9,0.28,20,1,84.2,Northeast India (Brahmaputra River Basin & Assam Telemetry)
Kaziranga Corridor,ZONE-NE06,Nagaon,77.6,370.9,867.1,441.2,65.22,0.43,1.79,34.8,0.29,20,1,79.7,Northeast India (Brahmaputra River Basin & Assam Telemetry)
Kaziranga Corridor,ZONE-NE06,Nagaon,75.6,324.8,722.9,446.3,64.88,0.34,1.66,35.6,0.31,20,1,80.2,Northeast India (Brahmaputra River Basin & Assam Telemetry)
Kaziranga Corridor,ZONE-NE06,Nagaon,78.2,352.5,774.1,444.6,64.9,0.46,1.82,35.4,0.29,20,1,78.8,Northeast India (Brahmaputra River Basin & Assam Telemetry)
Kaziranga Corridor,ZONE-NE06,Nagaon,87.4,384.4,721.3,449.7,64.79,0.36,1.96,34.0,0.3,20,1,83.1,Northeast India (Brahmaputra River Basin & Assam Telemetry)
Kaziranga Corridor,ZONE-NE06,Nagaon,87.8,353.5,646.1,448.6,65.51,0.42,2.01,36.0,0.3,20,1,82.3,Northeast India (Brahmaputra River Basin & Assam Telemetry)
Kaziranga Corridor,ZONE-NE06,Nagaon,78.8,337.2,621.9,450.6,64.88,0.39,1.75,34.1,0.27,20,1,80.3,Northeast India (Brahmaputra River Basin & Assam Telemetry)
Kaziranga Corridor,ZONE-NE06,Nagaon,83.1,325.6,769.7,448.1,64.62,0.42,1.81,35.5,0.31,20,1,81.5,Northeast India (Brahmaputra River Basin & Assam Telemetry)
Kaziranga Corridor,ZONE-NE06,Nagaon,74.9,328.9,651.4,449.3,65.06,0.41,1.97,35.1,0.32,20,1,78.8,Northeast India (Brahmaputra River Basin & Assam Telemetry)
Kaziranga Corridor,ZONE-NE06,Nagaon,78.6,433.6,698.8,447.4,64.9,0.44,1.77,36.1,0.32,20,1,78.9,Northeast India (Brahmaputra River Basin & Assam Telemetry)
Kaziranga Corridor,ZONE-NE06,Nagaon,71.8,358.9,675.9,445.1,65.46,0.41,1.65,36.6,0.3,20,1,85.4,Northeast India (Brahmaputra River Basin & Assam Telemetry)
Kaziranga Corridor,ZONE-NE06,Nagaon,88.3,305.9,637.1,430.4,65.13,0.44,1.79,35.8,0.31,20,1,83.5,Northeast India (Brahmaputra River Basin & Assam Telemetry)
Kaziranga Corridor,ZONE-NE06,Nagaon,88.5,355.2,704.8,451.3,64.59,0.44,1.66,35.5,0.28,20,1,79.4,Northeast India (Brahmaputra River Basin & Assam Telemetry)
Kaziranga Corridor,ZONE-NE06,Nagaon,80.3,372.9,892.4,439.2,64.95,0.41,1.9,35.8,0.31,20,1,84.5,Northeast India (Brahmaputra River Basin & Assam Telemetry)
Kaziranga Corridor,ZONE-NE06,Nagaon,77.3,312.0,642.2,437.6,65.1,0.38,1.64,35.8,0.29,20,1,80.8,Northeast India (Brahmaputra River Basin & Assam Telemetry)
Kaziranga Corridor,ZONE-NE06,Nagaon,76.4,307.0,770.5,454.7,64.82,0.39,1.75,33.9,0.34,20,1,81.0,Northeast India (Brahmaputra River Basin & Assam Telemetry)
Kaziranga Corridor,ZONE-NE06,Nagaon,75.2,349.4,793.8,448.2,65.26,0.38,1.85,32.8,0.28,20,1,79.6,Northeast India (Brahmaputra River Basin & Assam Telemetry)
Kaziranga Corridor,ZONE-NE06,Nagaon,85.0,359.5,732.2,450.6,65.13,0.44,1.74,35.9,0.29,20,1,80.8,Northeast India (Brahmaputra River Basin & Assam Telemetry)
Kaziranga Corridor,ZONE-NE06,Nagaon,78.7,329.6,739.6,454.9,65.13,0.43,1.89,35.1,0.29,20,1,81.8,Northeast India (Brahmaputra River Basin & Assam Telemetry)
Kaziranga Corridor,ZONE-NE06,Nagaon,71.0,331.8,714.2,462.0,65.33,0.35,1.71,33.7,0.29,20,1,81.7,Northeast India (Brahmaputra River Basin & Assam Telemetry)
Kaziranga Corridor,ZONE-NE06,Nagaon,75.8,349.6,728.1,439.7,64.95,0.39,1.87,33.3,0.3,20,1,80.5,Northeast India (Brahmaputra River Basin & Assam Telemetry)
Kaziranga Corridor,ZONE-NE06,Nagaon,75.8,330.4,760.5,449.6,64.82,0.36,1.8,34.8,0.27,20,1,80.7,Northeast India (Brahmaputra River Basin & Assam Telemetry)
Kaziranga Corridor,ZONE-NE06,Nagaon,86.9,354.2,746.6,460.0,64.9,0.39,1.8,34.9,0.28,20,1,79.2,Northeast India (Brahmaputra River Basin & Assam Telemetry)
Kaziranga Corridor,ZONE-NE06,Nagaon,98.3,329.8,749.0,445.3,64.93,0.43,1.82,36.0,0.27,20,1,79.5,Northeast India (Brahmaputra River Basin & Assam Telemetry)
Kaziranga Corridor,ZONE-NE06,Nagaon,91.7,303.5,711.8,442.8,64.76,0.43,1.6,37.0,0.28,20,1,83.7,Northeast India (Brahmaputra River Basin & Assam Telemetry)
Kaziranga Corridor,ZONE-NE06,Nagaon,86.9,330.8,796.3,443.0,65.1,0.4,1.91,34.9,0.3,20,1,82.8,Northeast India (Brahmaputra River Basin & Assam Telemetry)
Kaziranga Corridor,ZONE-NE06,Nagaon,66.2,348.9,695.2,450.5,65.28,0.42,1.83,35.3,0.32,20,1,78.6,Northeast India (Brahmaputra River Basin & Assam Telemetry)
Kaziranga Corridor,ZONE-NE06,Nagaon,80.9,318.7,683.3,441.6,64.82,0.42,1.89,36.5,0.29,20,1,83.9,Northeast India (Brahmaputra River Basin & Assam Telemetry)
Kaziranga Corridor,ZONE-NE06,Nagaon,41.7,178.1,405.4,189.1,64.7,0.38,1.94,36.2,0.28,20,1,84.5,Northeast India (Brahmaputra River Basin & Assam Telemetry)
Kaziranga Corridor,ZONE-NE06,Nagaon,37.4,161.8,357.3,203.8,65.21,0.35,1.79,36.3,0.32,20,1,85.2,Northeast India (Brahmaputra River Basin & Assam Telemetry)
Kaziranga Corridor,ZONE-NE06,Nagaon,41.4,172.3,461.9,194.2,64.96,0.4,1.73,36.0,0.31,20,1,82.0,Northeast India (Brahmaputra River Basin & Assam Telemetry)
Kaziranga Corridor,ZONE-NE06,Nagaon,44.2,159.3,404.7,181.5,65.01,0.39,1.66,34.6,0.27,20,1,79.6,Northeast India (Brahmaputra River Basin & Assam Telemetry)
Kaziranga Corridor,ZONE-NE06,Nagaon,44.8,132.9,384.3,186.7,64.75,0.36,1.82,35.5,0.29,20,1,78.3,Northeast India (Brahmaputra River Basin & Assam Telemetry)
Kaziranga Corridor,ZONE-NE06,Nagaon,44.8,183.6,422.2,182.9,65.21,0.43,1.8,35.5,0.31,20,1,79.3,Northeast India (Brahmaputra River Basin & Assam Telemetry)
Kaziranga Corridor,ZONE-NE06,Nagaon,42.6,207.5,382.2,195.7,64.9,0.45,1.85,33.9,0.32,20,1,83.3,Northeast India (Brahmaputra River Basin & Assam Telemetry)
Kaziranga Corridor,ZONE-NE06,Nagaon,44.7,169.5,403.1,192.0,65.07,0.37,1.77,34.7,0.29,20,1,79.1,Northeast India (Brahmaputra River Basin & Assam Telemetry)
Kaziranga Corridor,ZONE-NE06,Nagaon,38.4,175.6,385.6,196.7,65.59,0.33,1.77,34.2,0.28,20,1,80.5,Northeast India (Brahmaputra River Basin & Assam Telemetry)
Kaziranga Corridor,ZONE-NE06,Nagaon,37.6,165.9,396.2,192.3,65.03,0.44,1.77,36.2,0.3,20,1,81.2,Northeast India (Brahmaputra River Basin & Assam Telemetry)
Kaziranga Corridor,ZONE-NE06,Nagaon,41.1,167.9,374.6,184.3,64.95,0.42,1.88,33.8,0.28,20,1,82.8,Northeast India (Brahmaputra River Basin & Assam Telemetry)
Kaziranga Corridor,ZONE-NE06,Nagaon,40.9,153.7,339.9,163.7,65.25,0.36,1.92,37.4,0.29,20,1,78.6,Northeast India (Brahmaputra River Basin & Assam Telemetry)
Kaziranga Corridor,ZONE-NE06,Nagaon,43.5,186.1,385.5,171.0,64.82,0.39,1.75,33.4,0.27,20,1,82.4,Northeast India (Brahmaputra River Basin & Assam Telemetry)
Kaziranga Corridor,ZONE-NE06,Nagaon,35.6,166.7,344.7,190.1,64.96,0.41,1.87,35.2,0.32,20,1,78.9,Northeast India (Brahmaputra River Basin & Assam Telemetry)
Kaziranga Corridor,ZONE-NE06,Nagaon,33.0,196.5,376.6,184.5,65.06,0.34,1.67,35.5,0.33,20,1,83.5,Northeast India (Brahmaputra River Basin & Assam Telemetry)
Kaziranga Corridor,ZONE-NE06,Nagaon,47.5,139.8,331.6,186.7,65.16,0.43,1.68,35.8,0.31,20,1,79.6,Northeast India (Brahmaputra River Basin & Assam Telemetry)
Kaziranga Corridor,ZONE-NE06,Nagaon,39.4,173.8,362.7,189.5,64.85,0.43,1.83,35.2,0.29,20,1,81.1,Northeast India (Brahmaputra River Basin & Assam Telemetry)
Kaziranga Corridor,ZONE-NE06,Nagaon,33.4,152.6,335.5,194.0,64.79,0.41,1.62,35.1,0.33,20,1,84.9,Northeast India (Brahmaputra River Basin & Assam Telemetry)
Kaziranga Corridor,ZONE-NE06,Nagaon,45.0,166.4,361.9,181.3,64.95,0.41,1.75,37.0,0.29,20,1,80.3,Northeast India (Brahmaputra River Basin & Assam Telemetry)
Kaziranga Corridor,ZONE-NE06,Nagaon,40.9,161.8,477.2,209.1,64.9,0.42,1.79,34.8,0.31,20,1,79.7,Northeast India (Brahmaputra River Basin & Assam Telemetry)
Kaziranga Corridor,ZONE-NE06,Nagaon,43.4,161.7,339.4,186.3,65.2,0.47,1.97,36.2,0.32,20,1,82.2,Northeast India (Brahmaputra River Basin & Assam Telemetry)
Kaziranga Corridor,ZONE-NE06,Nagaon,47.6,166.8,387.9,184.1,65.03,0.39,1.82,32.4,0.34,20,1,84.7,Northeast India (Brahmaputra River Basin & Assam Telemetry)
Kaziranga Corridor,ZONE-NE06,Nagaon,49.4,174.6,370.0,205.4,65.09,0.4,1.68,37.0,0.28,20,1,81.3,Northeast India (Brahmaputra River Basin & Assam Telemetry)
Kaziranga Corridor,ZONE-NE06,Nagaon,39.3,186.8,387.1,189.0,65.25,0.42,1.91,34.2,0.31,20,1,82.8,Northeast India (Brahmaputra River Basin & Assam Telemetry)
Kaziranga Corridor,ZONE-NE06,Nagaon,40.3,177.5,419.0,201.3,65.17,0.38,1.62,36.4,0.26,20,1,78.0,Northeast India (Brahmaputra River Basin & Assam Telemetry)
Kaziranga Corridor,ZONE-NE06,Nagaon,48.6,176.6,375.6,185.3,64.51,0.38,1.77,34.8,0.32,20,1,84.9,Northeast India (Brahmaputra River Basin & Assam Telemetry)
Kaziranga Corridor,ZONE-NE06,Nagaon,36.0,195.4,387.9,188.4,65.24,0.35,1.71,37.0,0.28,20,1,80.4,Northeast India (Brahmaputra River Basin & Assam Telemetry)
Kaziranga Corridor,ZONE-NE06,Nagaon,46.2,193.7,411.8,187.3,65.02,0.4,2.01,36.2,0.33,20,1,80.2,Northeast India (Brahmaputra River Basin & Assam Telemetry)
Kaziranga Corridor,ZONE-NE06,Nagaon,39.8,161.2,371.8,176.5,64.93,0.34,1.82,35.3,0.32,20,1,79.8,Northeast India (Brahmaputra River Basin & Assam Telemetry)
Kaziranga Corridor,ZONE-NE06,Nagaon,36.9,141.7,369.4,197.6,65.12,0.47,1.95,35.2,0.33,20,1,83.3,Northeast India (Brahmaputra River Basin & Assam Telemetry)
Kaziranga Corridor,ZONE-NE06,Nagaon,46.8,186.6,420.4,178.0,64.96,0.44,1.72,36.5,0.33,20,1,83.6,Northeast India (Brahmaputra River Basin & Assam Telemetry)
Kaziranga Corridor,ZONE-NE06,Nagaon,44.5,165.3,394.8,200.6,65.23,0.41,1.9,35.6,0.31,20,1,83.8,Northeast India (Brahmaputra River Basin & Assam Telemetry)
Kaziranga Corridor,ZONE-NE06,Nagaon,39.5,181.1,395.5,191.0,65.03,0.39,1.91,36.8,0.29,20,1,84.5,Northeast India (Brahmaputra River Basin & Assam Telemetry)
Kaziranga Corridor,ZONE-NE06,Nagaon,39.0,182.7,425.8,177.2,64.94,0.4,1.79,35.2,0.33,20,1,85.3,Northeast India (Brahmaputra River Basin & Assam Telemetry)
Kaziranga Corridor,ZONE-NE06,Nagaon,44.0,199.0,420.3,185.0,65.2,0.45,1.73,33.2,0.31,20,1,78.2,Northeast India (Brahmaputra River Basin & Assam Telemetry)
Kaziranga Corridor,ZONE-NE06,Nagaon,31.8,148.8,238.6,108.2,64.98,0.42,1.86,34.1,0.27,20,1,83.3,Northeast India (Brahmaputra River Basin & Assam Telemetry)
Kaziranga Corridor,ZONE-NE06,Nagaon,34.9,111.9,252.2,122.2,64.56,0.4,1.9,35.1,0.28,20,1,80.8,Northeast India (Brahmaputra River Basin & Assam Telemetry)
Kaziranga Corridor,ZONE-NE06,Nagaon,32.8,112.8,244.4,130.8,65.11,0.33,1.79,34.8,0.3,20,1,82.4,Northeast India (Brahmaputra River Basin & Assam Telemetry)
Kaziranga Corridor,ZONE-NE06,Nagaon,25.7,136.0,246.3,107.9,65.11,0.38,1.72,33.9,0.3,20,1,78.7,Northeast India (Brahmaputra River Basin & Assam Telemetry)
Kaziranga Corridor,ZONE-NE06,Nagaon,34.7,121.3,241.2,122.2,64.76,0.37,1.72,35.6,0.32,20,1,85.1,Northeast India (Brahmaputra River Basin & Assam Telemetry)
Kaziranga Corridor,ZONE-NE06,Nagaon,27.6,119.6,320.3,113.4,64.83,0.45,1.79,36.0,0.33,20,1,85.6,Northeast India (Brahmaputra River Basin & Assam Telemetry)
Kaziranga Corridor,ZONE-NE06,Nagaon,24.1,105.8,251.7,128.1,64.7,0.45,1.65,34.4,0.31,20,1,82.6,Northeast India (Brahmaputra River Basin & Assam Telemetry)
Kaziranga Corridor,ZONE-NE06,Nagaon,26.6,111.7,346.4,122.4,64.93,0.34,1.71,35.4,0.3,20,1,82.1,Northeast India (Brahmaputra River Basin & Assam Telemetry)
Kaziranga Corridor,ZONE-NE06,Nagaon,29.6,112.2,255.3,123.5,64.95,0.25,1.84,36.1,0.26,20,1,80.0,Northeast India (Brahmaputra River Basin & Assam Telemetry)
Kaziranga Corridor,ZONE-NE06,Nagaon,30.0,103.2,275.4,128.8,65.04,0.45,1.83,35.9,0.3,20,1,82.4,Northeast India (Brahmaputra River Basin & Assam Telemetry)
Kaziranga Corridor,ZONE-NE06,Nagaon,29.4,132.6,237.0,119.8,65.21,0.38,1.85,35.1,0.3,20,1,78.7,Northeast India (Brahmaputra River Basin & Assam Telemetry)
Kaziranga Corridor,ZONE-NE06,Nagaon,28.5,124.3,263.9,117.3,64.57,0.35,1.83,34.5,0.3,20,1,83.9,Northeast India (Brahmaputra River Basin & Assam Telemetry)
Kaziranga Corridor,ZONE-NE06,Nagaon,33.7,117.5,215.2,119.1,65.14,0.4,1.8,34.5,0.28,20,1,78.0,Northeast India (Brahmaputra River Basin & Assam Telemetry)
Kaziranga Corridor,ZONE-NE06,Nagaon,29.4,112.8,276.4,125.7,64.83,0.41,1.7,34.9,0.33,20,1,84.1,Northeast India (Brahmaputra River Basin & Assam Telemetry)
Kaziranga Corridor,ZONE-NE06,Nagaon,28.8,141.0,275.0,113.1,65.11,0.35,1.71,36.0,0.3,20,1,79.1,Northeast India (Brahmaputra River Basin & Assam Telemetry)
Kaziranga Corridor,ZONE-NE06,Nagaon,32.1,139.9,283.8,139.9,64.8,0.42,1.87,33.6,0.32,20,1,85.9,Northeast India (Brahmaputra River Basin & Assam Telemetry)
Kaziranga Corridor,ZONE-NE06,Nagaon,30.2,129.7,254.8,143.9,65.0,0.4,1.79,36.5,0.29,20,1,85.1,Northeast India (Brahmaputra River Basin & Assam Telemetry)
Kaziranga Corridor,ZONE-NE06,Nagaon,37.4,120.2,295.4,109.1,65.19,0.45,1.86,34.2,0.32,20,1,84.2,Northeast India (Brahmaputra River Basin & Assam Telemetry)
Kaziranga Corridor,ZONE-NE06,Nagaon,24.7,111.3,247.2,120.6,64.87,0.41,1.83,35.0,0.25,20,1,80.5,Northeast India (Brahmaputra River Basin & Assam Telemetry)
Kaziranga Corridor,ZONE-NE06,Nagaon,32.5,105.3,250.5,143.1,65.15,0.4,1.85,35.3,0.26,20,1,81.0,Northeast India (Brahmaputra River Basin & Assam Telemetry)
Kaziranga Corridor,ZONE-NE06,Nagaon,30.9,107.0,250.6,128.8,64.78,0.33,1.91,33.7,0.3,20,1,81.7,Northeast India (Brahmaputra River Basin & Assam Telemetry)
Kaziranga Corridor,ZONE-NE06,Nagaon,25.2,122.3,280.1,111.6,65.0,0.39,1.64,33.8,0.27,20,1,79.4,Northeast India (Brahmaputra River Basin & Assam Telemetry)
Kaziranga Corridor,ZONE-NE06,Nagaon,19.5,107.7,278.6,120.6,65.19,0.4,1.9,34.6,0.31,20,1,83.9,Northeast India (Brahmaputra River Basin & Assam Telemetry)
Kaziranga Corridor,ZONE-NE06,Nagaon,28.4,121.1,254.0,120.1,64.9,0.43,1.87,36.1,0.31,20,1,82.3,Northeast India (Brahmaputra River Basin & Assam Telemetry)
Kaziranga Corridor,ZONE-NE06,Nagaon,34.1,126.0,244.7,123.6,64.84,0.38,1.73,35.2,0.33,20,1,81.9,Northeast India (Brahmaputra River Basin & Assam Telemetry)
Kaziranga Corridor,ZONE-NE06,Nagaon,33.4,116.5,269.2,125.1,65.14,0.36,1.89,34.6,0.34,20,1,85.2,Northeast India (Brahmaputra River Basin & Assam Telemetry)
Kaziranga Corridor,ZONE-NE06,Nagaon,29.5,123.7,263.2,100.6,65.1,0.39,1.83,34.0,0.29,20,1,82.7,Northeast India (Brahmaputra River Basin & Assam Telemetry)
Kaziranga Corridor,ZONE-NE06,Nagaon,30.6,115.8,210.6,125.6,64.94,0.36,1.77,35.0,0.32,20,1,80.6,Northeast India (Brahmaputra River Basin & Assam Telemetry)
Kaziranga Corridor,ZONE-NE06,Nagaon,30.7,93.7,237.5,147.4,65.11,0.44,1.9,36.8,0.3,20,1,78.3,Northeast India (Brahmaputra River Basin & Assam Telemetry)
Kaziranga Corridor,ZONE-NE06,Nagaon,31.9,116.5,241.0,121.4,64.94,0.41,1.8,37.3,0.28,20,1,78.2,Northeast India (Brahmaputra River Basin & Assam Telemetry)
Kaziranga Corridor,ZONE-NE06,Nagaon,32.4,123.8,240.5,123.9,64.96,0.36,1.66,36.1,0.28,20,1,84.0,Northeast India (Brahmaputra River Basin & Assam Telemetry)
Kaziranga Corridor,ZONE-NE06,Nagaon,32.2,140.5,256.3,120.1,64.99,0.39,1.61,34.8,0.32,20,1,84.8,Northeast India (Brahmaputra River Basin & Assam Telemetry)
Kaziranga Corridor,ZONE-NE06,Nagaon,27.2,120.5,268.4,129.3,65.19,0.39,1.67,34.7,0.32,20,1,82.0,Northeast India (Brahmaputra River Basin & Assam Telemetry)
Kaziranga Corridor,ZONE-NE06,Nagaon,29.5,122.2,291.4,131.8,64.88,0.4,1.92,36.1,0.3,20,1,83.4,Northeast India (Brahmaputra River Basin & Assam Telemetry)
Kaziranga Corridor,ZONE-NE06,Nagaon,32.8,108.7,291.3,92.2,65.19,0.45,1.89,34.1,0.3,20,1,81.0,Northeast India (Brahmaputra River Basin & Assam Telemetry)
Kaziranga Corridor,ZONE-NE06,Nagaon,10.8,44.6,103.9,63.4,65.15,0.38,1.8,35.1,0.29,20,1,75.6,Northeast India (Brahmaputra River Basin & Assam Telemetry)
Kaziranga Corridor,ZONE-NE06,Nagaon,12.3,48.6,99.3,47.2,65.08,0.39,1.87,35.8,0.26,20,1,80.0,Northeast India (Brahmaputra River Basin & Assam Telemetry)
Kaziranga Corridor,ZONE-NE06,Nagaon,13.5,43.9,88.4,56.1,65.15,0.36,1.78,36.0,0.31,20,1,78.6,Northeast India (Brahmaputra River Basin & Assam Telemetry)
Kaziranga Corridor,ZONE-NE06,Nagaon,9.9,40.4,112.5,46.4,65.12,0.28,1.62,34.4,0.29,20,1,83.5,Northeast India (Brahmaputra River Basin & Assam Telemetry)
Kaziranga Corridor,ZONE-NE06,Nagaon,12.5,29.4,101.5,31.2,65.21,0.43,1.79,35.2,0.27,20,1,76.4,Northeast India (Brahmaputra River Basin & Assam Telemetry)
Kaziranga Corridor,ZONE-NE06,Nagaon,11.2,52.1,83.6,40.6,65.06,0.4,1.89,35.2,0.33,20,1,74.5,Northeast India (Brahmaputra River Basin & Assam Telemetry)
Kaziranga Corridor,ZONE-NE06,Nagaon,13.9,48.0,90.7,37.6,64.78,0.4,1.8,35.7,0.32,20,1,78.3,Northeast India (Brahmaputra River Basin & Assam Telemetry)
Kaziranga Corridor,ZONE-NE06,Nagaon,11.8,45.4,86.7,28.6,64.71,0.33,1.88,35.7,0.28,20,1,73.1,Northeast India (Brahmaputra River Basin & Assam Telemetry)
Kaziranga Corridor,ZONE-NE06,Nagaon,12.9,48.1,89.2,49.0,64.63,0.4,1.64,36.6,0.28,20,1,79.2,Northeast India (Brahmaputra River Basin & Assam Telemetry)
Kaziranga Corridor,ZONE-NE06,Nagaon,13.4,50.8,97.1,30.7,65.1,0.47,1.92,34.8,0.3,20,1,74.2,Northeast India (Brahmaputra River Basin & Assam Telemetry)
Kaziranga Corridor,ZONE-NE06,Nagaon,12.4,51.4,102.2,44.0,64.92,0.36,1.87,35.0,0.3,20,1,78.3,Northeast India (Brahmaputra River Basin & Assam Telemetry)
Kaziranga Corridor,ZONE-NE06,Nagaon,10.5,40.4,92.3,28.8,64.94,0.4,1.84,35.4,0.31,20,1,70.9,Northeast India (Brahmaputra River Basin & Assam Telemetry)
Kaziranga Corridor,ZONE-NE06,Nagaon,12.8,46.2,110.0,39.6,65.34,0.42,1.67,34.5,0.28,20,1,82.6,Northeast India (Brahmaputra River Basin & Assam Telemetry)
Kaziranga Corridor,ZONE-NE06,Nagaon,12.0,37.6,81.3,36.0,65.24,0.42,1.86,35.4,0.27,20,1,67.6,Northeast India (Brahmaputra River Basin & Assam Telemetry)
Kaziranga Corridor,ZONE-NE06,Nagaon,13.4,51.2,102.3,49.2,65.06,0.38,1.71,34.8,0.25,20,1,78.5,Northeast India (Brahmaputra River Basin & Assam Telemetry)
Kaziranga Corridor,ZONE-NE06,Nagaon,10.5,43.0,68.6,38.2,65.05,0.39,1.9,35.4,0.3,20,1,61.8,Northeast India (Brahmaputra River Basin & Assam Telemetry)
Kaziranga Corridor,ZONE-NE06,Nagaon,11.4,44.6,110.1,39.2,65.02,0.42,1.87,35.7,0.27,20,1,78.1,Northeast India (Brahmaputra River Basin & Assam Telemetry)
Kaziranga Corridor,ZONE-NE06,Nagaon,12.8,42.3,97.0,34.0,65.16,0.43,1.74,33.8,0.28,20,1,77.2,Northeast India (Brahmaputra River Basin & Assam Telemetry)
Kaziranga Corridor,ZONE-NE06,Nagaon,11.6,51.8,102.3,49.6,64.93,0.4,1.85,34.4,0.3,20,1,75.4,Northeast India (Brahmaputra River Basin & Assam Telemetry)
Kaziranga Corridor,ZONE-NE06,Nagaon,12.8,42.5,95.9,39.3,64.89,0.32,1.55,35.8,0.33,20,1,78.8,Northeast India (Brahmaputra River Basin & Assam Telemetry)
Kaziranga Corridor,ZONE-NE06,Nagaon,11.5,44.3,93.7,43.3,65.21,0.37,1.87,34.0,0.27,20,1,78.2,Northeast India (Brahmaputra River Basin & Assam Telemetry)
Kaziranga Corridor,ZONE-NE06,Nagaon,10.6,39.7,100.8,60.2,64.82,0.45,1.8,35.2,0.32,20,1,75.0,Northeast India (Brahmaputra River Basin & Assam Telemetry)
Kaziranga Corridor,ZONE-NE06,Nagaon,13.4,38.6,88.4,38.4,65.13,0.45,1.77,34.2,0.33,20,1,73.2,Northeast India (Brahmaputra River Basin & Assam Telemetry)
Kaziranga Corridor,ZONE-NE06,Nagaon,12.4,43.7,101.1,30.9,65.25,0.38,1.83,33.3,0.31,20,1,72.6,Northeast India (Brahmaputra River Basin & Assam Telemetry)
Kaziranga Corridor,ZONE-NE06,Nagaon,11.9,45.6,86.0,44.3,65.05,0.38,1.63,34.3,0.28,20,1,71.8,Northeast India (Brahmaputra River Basin & Assam Telemetry)
Kaziranga Corridor,ZONE-NE06,Nagaon,13.3,52.1,115.9,29.8,65.17,0.46,1.72,35.0,0.32,20,1,82.0,Northeast India (Brahmaputra River Basin & Assam Telemetry)
Kaziranga Corridor,ZONE-NE06,Nagaon,11.9,36.4,114.3,43.8,64.72,0.39,1.71,35.1,0.29,20,1,80.3,Northeast India (Brahmaputra River Basin & Assam Telemetry)
Kaziranga Corridor,ZONE-NE06,Nagaon,12.3,41.9,91.5,57.0,64.84,0.39,1.74,34.4,0.31,20,1,77.5,Northeast India (Brahmaputra River Basin & Assam Telemetry)
Kaziranga Corridor,ZONE-NE06,Nagaon,12.2,47.2,103.3,44.0,64.99,0.46,1.73,36.8,0.31,20,1,76.5,Northeast India (Brahmaputra River Basin & Assam Telemetry)
Kaziranga Corridor,ZONE-NE06,Nagaon,13.2,46.5,104.9,42.9,65.15,0.35,1.73,35.5,0.31,20,1,78.5,Northeast India (Brahmaputra River Basin & Assam Telemetry)
Kaziranga Corridor,ZONE-NE06,Nagaon,15.3,39.4,87.6,30.8,65.33,0.4,1.76,34.0,0.29,20,1,72.3,Northeast India (Brahmaputra River Basin & Assam Telemetry)
Kaziranga Corridor,ZONE-NE06,Nagaon,11.7,52.2,95.0,37.4,64.83,0.42,1.71,34.5,0.32,20,1,75.5,Northeast India (Brahmaputra River Basin & Assam Telemetry)
Kaziranga Corridor,ZONE-NE06,Nagaon,10.8,35.6,108.8,27.3,65.08,0.41,1.92,35.4,0.3,20,1,75.7,Northeast India (Brahmaputra River Basin & Assam Telemetry)
Kaziranga Corridor,ZONE-NE06,Nagaon,11.7,39.9,104.1,38.8,64.94,0.44,1.89,34.0,0.29,20,1,77.9,Northeast India (Brahmaputra River Basin & Assam Telemetry)
Kaziranga Corridor,ZONE-NE06,Nagaon,13.1,43.9,85.1,44.3,65.16,0.38,1.78,35.9,0.27,20,1,76.4,Northeast India (Brahmaputra River Basin & Assam Telemetry)
Kaziranga Corridor,ZONE-NE06,Nagaon,3.2,13.3,23.8,6.5,64.84,0.39,1.74,35.1,0.32,20,0,0.0,Northeast India (Brahmaputra River Basin & Assam Telemetry)
Kaziranga Corridor,ZONE-NE06,Nagaon,2.9,13.0,25.0,0.0,64.86,0.35,1.73,33.9,0.29,20,0,0.0,Northeast India (Brahmaputra River Basin & Assam Telemetry)
Kaziranga Corridor,ZONE-NE06,Nagaon,2.8,12.1,31.3,11.7,64.86,0.45,1.74,33.5,0.3,20,0,0.0,Northeast India (Brahmaputra River Basin & Assam Telemetry)
Kaziranga Corridor,ZONE-NE06,Nagaon,3.1,11.3,22.9,8.4,64.43,0.42,1.91,35.5,0.3,20,0,0.0,Northeast India (Brahmaputra River Basin & Assam Telemetry)
Kaziranga Corridor,ZONE-NE06,Nagaon,3.2,12.2,24.0,1.9,65.36,0.41,1.92,36.2,0.29,20,0,0.0,Northeast India (Brahmaputra River Basin & Assam Telemetry)
Kaziranga Corridor,ZONE-NE06,Nagaon,3.3,13.7,26.6,7.6,65.38,0.44,1.69,35.6,0.31,20,0,0.0,Northeast India (Brahmaputra River Basin & Assam Telemetry)
Kaziranga Corridor,ZONE-NE06,Nagaon,3.1,13.3,28.9,1.3,65.29,0.4,1.62,35.5,0.29,20,0,0.0,Northeast India (Brahmaputra River Basin & Assam Telemetry)
Kaziranga Corridor,ZONE-NE06,Nagaon,3.1,11.9,29.7,0.0,65.24,0.41,1.89,36.4,0.26,20,0,0.0,Northeast India (Brahmaputra River Basin & Assam Telemetry)
Kaziranga Corridor,ZONE-NE06,Nagaon,3.1,12.3,23.0,13.2,65.02,0.47,1.8,35.0,0.32,20,0,0.0,Northeast India (Brahmaputra River Basin & Assam Telemetry)
Kaziranga Corridor,ZONE-NE06,Nagaon,2.4,14.2,26.7,5.3,65.27,0.43,1.68,36.4,0.31,20,0,0.0,Northeast India (Brahmaputra River Basin & Assam Telemetry)
Kaziranga Corridor,ZONE-NE06,Nagaon,3.1,13.7,26.1,0.6,65.33,0.4,1.99,35.8,0.3,20,0,0.0,Northeast India (Brahmaputra River Basin & Assam Telemetry)
Kaziranga Corridor,ZONE-NE06,Nagaon,2.7,13.6,27.1,4.0,65.34,0.48,1.81,35.2,0.27,20,0,0.0,Northeast India (Brahmaputra River Basin & Assam Telemetry)
Kaziranga Corridor,ZONE-NE06,Nagaon,2.9,10.4,20.3,0.0,64.95,0.4,1.83,34.9,0.29,20,0,0.0,Northeast India (Brahmaputra River Basin & Assam Telemetry)
Kaziranga Corridor,ZONE-NE06,Nagaon,3.2,12.5,28.6,4.7,65.15,0.38,1.66,36.1,0.32,20,0,0.0,Northeast India (Brahmaputra River Basin & Assam Telemetry)
Kaziranga Corridor,ZONE-NE06,Nagaon,3.4,11.2,25.8,13.5,64.94,0.42,1.84,33.2,0.29,20,0,0.0,Northeast India (Brahmaputra River Basin & Assam Telemetry)
Kaziranga Corridor,ZONE-NE06,Nagaon,3.1,11.4,28.5,14.3,65.05,0.46,1.72,34.9,0.31,20,0,0.0,Northeast India (Brahmaputra River Basin & Assam Telemetry)
Kaziranga Corridor,ZONE-NE06,Nagaon,2.8,11.0,23.4,26.8,65.07,0.42,1.97,35.6,0.33,20,0,0.0,Northeast India (Brahmaputra River Basin & Assam Telemetry)
Kaziranga Corridor,ZONE-NE06,Nagaon,3.0,13.3,27.5,10.8,64.98,0.39,1.63,34.5,0.29,20,0,0.0,Northeast India (Brahmaputra River Basin & Assam Telemetry)
Kaziranga Corridor,ZONE-NE06,Nagaon,2.9,12.5,24.0,0.4,64.77,0.41,1.88,35.9,0.28,20,0,0.0,Northeast India (Brahmaputra River Basin & Assam Telemetry)
Kaziranga Corridor,ZONE-NE06,Nagaon,3.4,9.9,20.7,0.0,65.19,0.41,1.88,36.0,0.27,20,0,0.0,Northeast India (Brahmaputra River Basin & Assam Telemetry)
Kaziranga Corridor,ZONE-NE06,Nagaon,2.9,10.0,23.0,0.0,65.19,0.43,1.64,33.8,0.31,20,0,0.0,Northeast India (Brahmaputra River Basin & Assam Telemetry)
Kaziranga Corridor,ZONE-NE06,Nagaon,2.6,12.0,24.1,6.2,64.87,0.46,1.84,35.8,0.3,20,0,0.0,Northeast India (Brahmaputra River Basin & Assam Telemetry)
Kaziranga Corridor,ZONE-NE06,Nagaon,2.7,13.6,26.0,0.0,64.75,0.41,1.84,35.9,0.31,20,0,0.0,Northeast India (Brahmaputra River Basin & Assam Telemetry)
Kaziranga Corridor,ZONE-NE06,Nagaon,2.9,11.3,28.9,14.0,64.89,0.42,1.78,36.5,0.27,20,0,0.0,Northeast India (Brahmaputra River Basin & Assam Telemetry)
Kaziranga Corridor,ZONE-NE06,Nagaon,2.6,12.2,24.3,3.4,64.8,0.36,1.81,33.7,0.31,20,0,0.0,Northeast India (Brahmaputra River Basin & Assam Telemetry)
Kaziranga Corridor,ZONE-NE06,Nagaon,3.1,9.4,23.5,15.9,65.29,0.46,1.85,33.3,0.28,20,0,0.0,Northeast India (Brahmaputra River Basin & Assam Telemetry)
Kaziranga Corridor,ZONE-NE06,Nagaon,2.6,12.7,25.5,7.0,64.89,0.39,1.92,34.4,0.28,20,0,0.0,Northeast India (Brahmaputra River Basin & Assam Telemetry)
Kaziranga Corridor,ZONE-NE06,Nagaon,2.8,12.9,23.1,2.5,65.13,0.38,1.86,36.0,0.3,20,0,0.0,Northeast India (Brahmaputra River Basin & Assam Telemetry)
Kaziranga Corridor,ZONE-NE06,Nagaon,3.3,13.2,25.2,5.1,65.25,0.36,1.7,36.0,0.28,20,0,0.0,Northeast India (Brahmaputra River Basin & Assam Telemetry)
Kaziranga Corridor,ZONE-NE06,Nagaon,3.2,13.5,29.2,0.0,65.13,0.36,1.86,35.6,0.28,20,0,0.0,Northeast India (Brahmaputra River Basin & Assam Telemetry)
Kaziranga Corridor,ZONE-NE06,Nagaon,3.0,12.0,25.3,13.5,64.51,0.4,1.74,36.8,0.28,20,0,0.0,Northeast India (Brahmaputra River Basin & Assam Telemetry)
Kaziranga Corridor,ZONE-NE06,Nagaon,2.6,13.3,24.3,1.8,64.8,0.4,1.89,36.0,0.33,20,0,0.0,Northeast India (Brahmaputra River Basin & Assam Telemetry)
Kaziranga Corridor,ZONE-NE06,Nagaon,3.3,14.4,23.4,9.8,64.89,0.38,1.69,32.7,0.33,20,0,0.0,Northeast India (Brahmaputra River Basin & Assam Telemetry)
Kaziranga Corridor,ZONE-NE06,Nagaon,3.0,12.2,25.0,0.0,64.84,0.37,1.82,35.7,0.29,20,0,0.0,Northeast India (Brahmaputra River Basin & Assam Telemetry)
Kaziranga Corridor,ZONE-NE06,Nagaon,2.5,10.3,23.2,1.2,64.96,0.41,1.65,35.0,0.27,20,0,0.0,Northeast India (Brahmaputra River Basin & Assam Telemetry)
Kaziranga Corridor,ZONE-NE06,Nagaon,0.0,0.0,0.0,3.9,65.08,0.41,1.85,35.6,0.29,20,0,0.0,Northeast India (Brahmaputra River Basin & Assam Telemetry)
Kaziranga Corridor,ZONE-NE06,Nagaon,0.0,0.0,0.0,0.0,64.89,0.35,1.94,35.2,0.31,20,0,0.0,Northeast India (Brahmaputra River Basin & Assam Telemetry)
Kaziranga Corridor,ZONE-NE06,Nagaon,0.0,0.0,0.0,0.0,65.11,0.32,1.74,35.8,0.29,20,0,0.0,Northeast India (Brahmaputra River Basin & Assam Telemetry)
Kaziranga Corridor,ZONE-NE06,Nagaon,0.0,0.0,0.0,0.0,64.93,0.41,1.86,34.7,0.32,20,0,0.0,Northeast India (Brahmaputra River Basin & Assam Telemetry)
Kaziranga Corridor,ZONE-NE06,Nagaon,0.0,0.0,0.0,0.0,64.85,0.45,1.79,36.3,0.28,20,0,0.0,Northeast India (Brahmaputra River Basin & Assam Telemetry)
Kaziranga Corridor,ZONE-NE06,Nagaon,0.0,0.0,0.0,12.8,64.96,0.28,1.76,34.3,0.33,20,0,0.0,Northeast India (Brahmaputra River Basin & Assam Telemetry)
Kaziranga Corridor,ZONE-NE06,Nagaon,0.0,0.0,0.0,0.2,65.15,0.38,1.75,36.0,0.3,20,0,0.0,Northeast India (Brahmaputra River Basin & Assam Telemetry)
Kaziranga Corridor,ZONE-NE06,Nagaon,0.0,0.0,0.0,0.0,65.07,0.4,1.88,35.7,0.31,20,0,0.0,Northeast India (Brahmaputra River Basin & Assam Telemetry)
Kaziranga Corridor,ZONE-NE06,Nagaon,0.0,0.0,0.0,10.4,65.05,0.37,1.81,35.7,0.3,20,0,0.0,Northeast India (Brahmaputra River Basin & Assam Telemetry)
Kaziranga Corridor,ZONE-NE06,Nagaon,0.0,0.0,0.0,0.0,65.35,0.4,1.73,33.5,0.32,20,0,0.0,Northeast India (Brahmaputra River Basin & Assam Telemetry)
Kaziranga Corridor,ZONE-NE06,Nagaon,0.0,0.0,0.0,5.3,64.7,0.39,1.78,38.2,0.29,20,0,0.0,Northeast India (Brahmaputra River Basin & Assam Telemetry)
Kaziranga Corridor,ZONE-NE06,Nagaon,0.0,0.0,0.0,0.0,64.93,0.37,1.74,34.6,0.27,20,0,0.0,Northeast India (Brahmaputra River Basin & Assam Telemetry)
Kaziranga Corridor,ZONE-NE06,Nagaon,0.0,0.0,0.0,6.5,64.89,0.41,1.77,36.4,0.3,20,0,0.0,Northeast India (Brahmaputra River Basin & Assam Telemetry)
Kaziranga Corridor,ZONE-NE06,Nagaon,0.0,0.0,0.0,11.6,64.95,0.42,1.88,34.0,0.26,20,0,0.0,Northeast India (Brahmaputra River Basin & Assam Telemetry)
Kaziranga Corridor,ZONE-NE06,Nagaon,0.0,0.0,0.0,0.0,64.94,0.39,1.62,35.6,0.31,20,0,0.0,Northeast India (Brahmaputra River Basin & Assam Telemetry)
Kaziranga Corridor,ZONE-NE06,Nagaon,0.0,0.0,0.0,0.0,65.11,0.44,1.85,33.7,0.29,20,0,0.0,Northeast India (Brahmaputra River Basin & Assam Telemetry)
Kaziranga Corridor,ZONE-NE06,Nagaon,0.0,0.0,0.0,0.0,65.0,0.41,1.85,34.5,0.31,20,0,0.0,Northeast India (Brahmaputra River Basin & Assam Telemetry)
Kaziranga Corridor,ZONE-NE06,Nagaon,0.0,0.0,0.0,0.0,65.38,0.4,1.92,35.7,0.28,20,0,0.0,Northeast India (Brahmaputra River Basin & Assam Telemetry)
Kaziranga Corridor,ZONE-NE06,Nagaon,0.0,0.0,0.0,4.2,65.14,0.45,1.85,34.7,0.27,20,0,0.0,Northeast India (Brahmaputra River Basin & Assam Telemetry)
Kaziranga Corridor,ZONE-NE06,Nagaon,0.0,0.0,0.0,0.0,64.92,0.38,1.85,35.5,0.33,20,0,0.0,Northeast India (Brahmaputra River Basin & Assam Telemetry)
Kaziranga Corridor,ZONE-NE06,Nagaon,0.0,0.0,0.0,2.0,64.76,0.36,1.72,35.1,0.29,20,0,0.0,Northeast India (Brahmaputra River Basin & Assam Telemetry)
Kaziranga Corridor,ZONE-NE06,Nagaon,0.0,0.0,0.0,0.0,64.8,0.5,1.88,33.9,0.32,20,0,0.0,Northeast India (Brahmaputra River Basin & Assam Telemetry)
Kaziranga Corridor,ZONE-NE06,Nagaon,0.0,0.0,0.0,0.0,65.05,0.42,1.82,34.1,0.33,20,0,0.0,Northeast India (Brahmaputra River Basin & Assam Telemetry)
Kaziranga Corridor,ZONE-NE06,Nagaon,0.0,0.0,0.0,8.9,65.05,0.46,1.77,34.2,0.3,20,0,0.0,Northeast India (Brahmaputra River Basin & Assam Telemetry)
Kaziranga Corridor,ZONE-NE06,Nagaon,0.0,0.0,0.0,4.4,65.18,0.42,1.61,34.2,0.33,20,0,0.0,Northeast India (Brahmaputra River Basin & Assam Telemetry)
Kaziranga Corridor,ZONE-NE06,Nagaon,0.0,0.0,0.0,11.3,65.0,0.38,1.64,33.0,0.31,20,0,0.0,Northeast India (Brahmaputra River Basin & Assam Telemetry)
Kaziranga Corridor,ZONE-NE06,Nagaon,0.0,0.0,0.0,0.0,64.97,0.42,2.0,37.6,0.31,20,0,0.0,Northeast India (Brahmaputra River Basin & Assam Telemetry)
Kaziranga Corridor,ZONE-NE06,Nagaon,0.0,0.0,0.0,3.2,65.16,0.36,1.82,33.1,0.27,20,0,0.0,Northeast India (Brahmaputra River Basin & Assam Telemetry)
Kaziranga Corridor,ZONE-NE06,Nagaon,0.0,0.0,0.0,0.0,65.15,0.43,1.85,34.5,0.29,20,0,0.0,Northeast India (Brahmaputra River Basin & Assam Telemetry)
Kaziranga Corridor,ZONE-NE06,Nagaon,0.0,0.0,0.0,1.7,64.95,0.4,1.97,33.9,0.29,20,0,0.0,Northeast India (Brahmaputra River Basin & Assam Telemetry)
Kaziranga Corridor,ZONE-NE06,Nagaon,0.0,0.0,0.0,3.4,65.01,0.32,1.79,33.1,0.3,20,0,0.0,Northeast India (Brahmaputra River Basin & Assam Telemetry)
Kaziranga Corridor,ZONE-NE06,Nagaon,0.0,0.0,0.0,8.5,64.99,0.36,1.79,35.7,0.29,20,0,0.0,Northeast India (Brahmaputra River Basin & Assam Telemetry)
Kaziranga Corridor,ZONE-NE06,Nagaon,0.0,0.0,0.0,0.5,65.08,0.41,1.57,35.7,0.3,20,0,0.0,Northeast India (Brahmaputra River Basin & Assam Telemetry)
Kaziranga Corridor,ZONE-NE06,Nagaon,0.0,0.0,0.0,10.1,64.82,0.44,1.91,36.6,0.3,20,0,0.0,Northeast India (Brahmaputra River Basin & Assam Telemetry)
Kaziranga Corridor,ZONE-NE06,Nagaon,0.0,0.0,0.0,1.6,64.88,0.43,1.8,35.6,0.29,20,0,0.0,Northeast India (Brahmaputra River Basin & Assam Telemetry)
