rainfall_1h,rainfall_6h,rainfall_24h,previous_rainfall,elevation,slope,drainage_density,built_up_percentage,distance_to_waterbody,historical_flood_frequency,flooded,water_depth_cm,zone_id
7.0,97.3,163.1,63.9,264.05,0.46,1.49,93.4,0.62,14,1,74.9,ZONE-RK02
2.5,7.6,10.6,140.8,265.18,0.41000000000000003,1.4400000000000002,90.4,0.61,14,1,32.2,ZONE-RK02
13.8,50.7,51.7,245.2,274.84,0.29,1.3099999999999998,67.2,0.23,16,1,66.1,ZONE-HW05
26.8,34.0,44.0,14.2,284.68,0.6299999999999999,3.18,69.0,2.16,7,0,0.0,ZONE-HW03
5.4,27.7,56.0,24.1,264.72,0.47,1.51,89.3,0.6,14,1,39.4,ZONE-RK02
14.2,18.7,36.0,31.9,284.16,0.6599999999999999,3.05,72.3,2.1900000000000004,7,0,0.0,ZONE-HW03
9.1,55.2,66.3,50.5,262.91,0.31000000000000005,1.69,86.7,0.76,15,1,57.4,ZONE-RK04
13.5,14.9,61.7,13.1,264.76,0.49,1.73,90.0,0.59,14,1,38.5,ZONE-RK02
1.0,90.2,258.7,115.7,265.22,0.43,1.6900000000000002,90.0,0.59,14,1,75.9,ZONE-RK02
5.4,8.5,66.1,40.6,274.44,0.26,1.51,62.3,0.23,16,1,44.3,ZONE-HW05
2.0,22.5,24.2,168.0,284.54,0.6399999999999999,3.18,72.3,2.18,7,0,0.0,ZONE-HW03
4.5,37.1,55.8,51.4,287.79,0.48000000000000004,1.68,87.6,0.37,12,0,0.0,ZONE-HW04
11.9,18.0,192.6,104.5,275.08,0.35,1.3699999999999999,65.5,0.19,16,1,75.8,ZONE-HW05
42.1,109.7,155.3,178.5,260.02,0.21999999999999997,1.02,65.7,0.11,19,1,74.3,ZONE-RK03
1.4,7.9,10.2,27.5,285.19,0.6799999999999999,3.04,69.8,2.18,7,0,0.0,ZONE-HW03
7.4,16.9,105.1,30.9,275.72,0.19999999999999998,1.49,66.1,0.2,16,1,61.2,ZONE-HW05
4.9,28.4,36.0,113.4,285.22,0.49,1.48,93.7,1.1400000000000001,13,0,0.0,ZONE-HW02
1.2,131.2,205.2,15.5,294.94,0.9500000000000001,2.2,92.6,0.060000000000000005,17,1,74.5,ZONE-HW01
0.1,50.8,112.2,91.4,275.22,0.22999999999999998,1.51,65.2,0.23,16,1,69.8,ZONE-HW05
22.1,24.4,46.6,8.6,268.2,0.8,2.6399999999999997,74.2,0.35,6,0,0.0,ZONE-RK01
29.8,59.1,79.2,4.6,293.48,0.85,2.23,92.5,0.07,17,1,39.0,ZONE-HW01
5.6,17.4,82.8,71.0,275.53,0.22999999999999998,1.39,65.3,0.18000000000000002,16,1,63.7,ZONE-HW05
32.7,51.9,58.3,87.4,285.93,0.7899999999999999,3.1,71.1,2.22,7,0,0.0,ZONE-HW03
21.5,46.2,119.9,47.7,285.99,0.73,2.98,70.1,2.16,7,0,0.0,ZONE-HW03
11.1,27.8,29.1,8.0,261.63,0.30000000000000004,1.82,88.5,0.75,15,0,0.0,ZONE-RK04
0.5,30.9,49.8,49.7,267.46,0.88,2.94,72.4,0.27,6,0,0.0,ZONE-RK01
35.7,44.3,70.7,98.6,287.43,0.33,1.8699999999999999,89.4,0.4,12,1,42.2,ZONE-HW04
3.9,6.3,23.4,12.3,284.38,0.62,2.97,69.5,2.2,7,0,0.0,ZONE-HW03
39.8,89.3,139.5,143.6,268.35,0.9,2.6399999999999997,74.4,0.27999999999999997,6,1,70.3,ZONE-RK01
24.4,30.6,142.1,54.3,261.88,0.41000000000000003,1.6600000000000001,86.1,0.8,15,1,73.3,ZONE-RK04
24.7,92.6,111.7,8.2,264.89,0.5700000000000001,1.62,89.3,0.65,14,1,71.2,ZONE-RK02
3.9,20.6,105.8,138.0,265.85,0.5700000000000001,1.4700000000000002,91.9,0.57,14,1,68.5,ZONE-RK02
0.1,21.5,48.5,17.6,267.33,0.7000000000000001,2.76,77.6,0.32999999999999996,6,0,0.0,ZONE-RK01
1.9,14.3,157.5,27.3,293.85,0.99,2.4000000000000004,95.3,0.07,17,1,61.7,ZONE-HW01
11.0,47.4,70.0,249.7,293.44,0.81,2.29,92.4,0.05,17,1,62.2,ZONE-HW01
49.2,57.9,92.3,25.1,288.01,0.47000000000000003,1.56,91.8,0.36000000000000004,12,1,43.0,ZONE-HW04
5.0,6.1,53.1,48.9,265.35,0.45,1.4500000000000002,94.3,0.57,14,1,44.1,ZONE-RK02
0.8,10.6,130.0,19.2,264.84,0.52,1.61,94.6,0.57,14,1,69.4,ZONE-RK02
2.3,22.5,234.7,19.4,262.03,0.33,1.86,87.7,0.8400000000000001,15,1,75.4,ZONE-RK04
16.7,59.7,73.3,91.2,267.92,0.9,3.0,72.4,0.27,6,0,0.0,ZONE-RK01
6.9,36.9,87.1,53.7,293.26,0.87,2.0300000000000002,93.5,0.05,17,1,48.0,ZONE-HW01
1.4,55.5,74.8,14.5,275.41,0.32,1.5899999999999999,65.9,0.15000000000000002,16,1,58.3,ZONE-HW05
0.6,27.4,84.0,1.2,294.86,0.8200000000000001,2.35,93.6,0.09,17,0,0.0,ZONE-HW01
10.8,18.5,70.3,13.4,274.31,0.26,1.2799999999999998,64.1,0.22,16,1,49.2,ZONE-HW05
17.6,32.3,170.3,10.4,274.98,0.38,1.54,62.6,0.19,16,1,68.9,ZONE-HW05
6.3,9.9,139.2,146.9,267.67,0.73,2.9899999999999998,73.0,0.29,6,1,59.1,ZONE-RK01
4.5,36.9,121.9,56.7,274.02,0.21999999999999997,1.5499999999999998,67.4,0.2,16,1,72.0,ZONE-HW05
11.3,19.6,24.5,159.3,274.3,0.22999999999999998,1.3199999999999998,67.4,0.23,16,1,51.5,ZONE-HW05
34.6,64.7,85.4,30.1,285.42,0.45,1.34,92.7,1.1400000000000001,13,0,0.0,ZONE-HW02
19.4,87.6,196.7,105.9,285.95,0.75,3.17,68.4,2.1700000000000004,7,0,0.0,ZONE-HW03
15.4,18.0,26.8,160.2,260.76,0.19999999999999998,1.29,67.0,0.14,19,1,69.5,ZONE-RK03
14.0,14.3,19.6,76.2,262.03,0.46,1.6400000000000001,90.2,0.8400000000000001,15,0,0.0,ZONE-RK04
0.1,5.4,45.2,82.4,261.9,0.48000000000000004,1.74,89.9,0.8400000000000001,15,1,34.5,ZONE-RK04
15.8,23.4,85.7,19.0,262.3,0.36000000000000004,1.6300000000000001,89.6,0.79,15,1,58.0,ZONE-RK04
5.9,47.1,99.5,132.4,274.66,0.21,1.5499999999999998,63.6,0.21000000000000002,16,1,73.3,ZONE-HW05
16.1,41.3,46.2,32.1,267.22,0.79,2.8899999999999997,73.9,0.31,6,0,0.0,ZONE-RK01
4.6,13.0,193.6,35.0,274.23,0.38,1.2799999999999998,62.3,0.19,16,1,71.6,ZONE-HW05
33.4,63.3,142.5,48.9,275.37,0.39,1.49,63.2,0.19,16,1,74.2,ZONE-HW05
12.9,33.2,44.1,89.7,286.25,0.53,1.35,93.4,1.1,13,0,0.0,ZONE-HW02
4.9,5.6,57.4,13.6,284.65,0.74,3.02,68.2,2.22,7,0,0.0,ZONE-HW03
42.3,134.6,257.8,32.4,285.35,0.7799999999999999,3.05,68.8,2.2,7,1,54.5,ZONE-HW03
0.2,79.3,107.2,238.1,293.42,0.96,2.24,93.9,0.05,17,1,72.0,ZONE-HW01
49.7,107.2,124.6,34.0,274.95,0.38,1.52,63.0,0.16,16,1,70.8,ZONE-HW05
28.6,40.0,49.3,57.0,285.19,0.59,1.39,89.9,1.1300000000000001,13,0,0.0,ZONE-HW02
41.3,77.0,119.2,7.2,259.05,0.25,1.19,70.1,0.060000000000000005,19,1,71.0,ZONE-RK03
14.3,152.6,160.1,51.1,262.94,0.38,1.76,85.9,0.8200000000000001,15,1,75.0,ZONE-RK04
31.5,72.0,131.7,84.9,265.56,0.44,1.7200000000000002,93.2,0.6,14,1,71.6,ZONE-RK02
6.7,17.1,100.0,116.3,264.91,0.56,1.6700000000000002,94.9,0.61,14,1,71.2,ZONE-RK02
30.3,103.6,139.4,48.7,288.23,0.44,1.7,91.0,0.4,12,1,72.0,ZONE-HW04
24.0,55.5,116.0,111.2,287.9,0.45,1.8399999999999999,87.7,0.43000000000000005,12,1,62.7,ZONE-HW04
33.1,45.5,69.0,6.9,262.05,0.32,1.71,86.6,0.78,15,1,52.9,ZONE-RK04
13.0,14.1,45.4,54.8,259.3,0.27999999999999997,1.06,66.3,0.09000000000000001,19,1,63.9,ZONE-RK03
5.1,31.9,33.4,2.7,287.83,0.34,1.67,91.4,0.41000000000000003,12,0,0.0,ZONE-HW04
25.9,39.3,46.1,51.7,268.71,0.8500000000000001,2.75,72.0,0.29,6,0,0.0,ZONE-RK01
22.0,29.3,78.1,6.2,285.71,0.7899999999999999,2.97,71.5,2.2,7,0,0.0,ZONE-HW03
0.8,23.5,62.4,71.0,262.48,0.35000000000000003,1.79,87.3,0.8200000000000001,15,1,54.0,ZONE-RK04
19.4,131.1,167.4,27.3,260.68,0.38,1.39,68.2,0.14,19,1,72.7,ZONE-RK03
23.8,33.3,62.2,5.7,267.17,0.79,2.9499999999999997,73.1,0.27999999999999997,6,0,0.0,ZONE-RK01
0.4,99.0,189.4,83.3,285.42,0.47,1.6,90.3,1.1300000000000001,13,1,73.6,ZONE-HW02
7.9,13.6,22.1,20.2,294.67,0.89,2.3000000000000003,92.3,0.1,17,0,0.0,ZONE-HW01
12.0,49.6,103.6,23.0,262.8,0.46,1.86,89.5,0.8400000000000001,15,1,61.9,ZONE-RK04
46.5,86.7,127.1,66.2,268.24,0.75,2.79,72.7,0.33999999999999997,6,1,56.2,ZONE-RK01
8.2,16.7,38.7,99.3,294.53,0.8300000000000001,2.24,96.5,0.05,17,0,0.0,ZONE-HW01
0.2,3.9,6.3,2.9,260.93,0.21999999999999997,1.01,66.9,0.12000000000000001,19,1,39.8,ZONE-RK03
29.0,65.5,97.6,7.2,285.88,0.6399999999999999,3.04,72.0,2.1700000000000004,7,0,0.0,ZONE-HW03
10.1,29.3,38.8,39.8,294.7,0.92,2.0500000000000003,97.9,0.08,17,0,0.0,ZONE-HW01
7.6,36.3,86.7,3.2,286.07,0.53,1.33,91.9,1.05,13,0,0.0,ZONE-HW02
7.0,36.5,71.5,135.9,285.64,0.62,3.18,70.8,2.23,7,0,0.0,ZONE-HW03
16.1,21.4,25.1,72.0,259.87,0.35,1.39,66.6,0.13,19,1,58.6,ZONE-RK03
0.4,26.8,167.7,60.0,287.93,0.47000000000000003,1.74,87.9,0.37,12,1,71.5,ZONE-HW04
7.4,38.3,68.9,55.2,294.76,0.85,2.1900000000000004,95.7,0.05,17,1,31.2,ZONE-HW01
42.6,57.2,219.7,165.0,285.36,0.44,1.62,90.0,1.1400000000000001,13,1,73.3,ZONE-HW02
3.3,5.5,10.8,1.3,294.11,0.9,2.08,93.4,0.05,17,0,0.0,ZONE-HW01
1.5,36.0,39.7,26.9,275.52,0.33999999999999997,1.46,64.9,0.23,16,0,0.0,ZONE-HW05
28.0,28.7,112.9,23.2,264.59,0.48,1.5,93.0,0.59,14,1,67.3,ZONE-RK02
1.9,37.7,87.3,147.0,285.85,0.55,1.43,92.2,1.08,13,1,40.9,ZONE-HW02
19.9,68.7,85.3,13.7,265.44,0.46,1.7000000000000002,94.7,0.62,14,1,60.8,ZONE-RK02
20.8,70.1,303.0,37.2,287.55,0.42000000000000004,1.8,89.6,0.45,12,1,74.6,ZONE-HW04
7.0,51.9,72.7,186.9,293.45,0.8400000000000001,2.0100000000000002,95.2,0.05,17,1,67.7,ZONE-HW01
29.3,46.1,115.6,98.3,274.58,0.39,1.46,66.5,0.16,16,1,66.0,ZONE-HW05
1.6,71.5,106.7,122.6,293.94,0.89,2.0700000000000003,92.3,0.09,17,1,66.7,ZONE-HW01
5.8,73.6,98.2,0.8,264.8,0.41000000000000003,1.6500000000000001,89.3,0.5599999999999999,14,1,66.8,ZONE-RK02
35.4,38.3,57.5,209.8,293.17,0.85,2.22,94.5,0.060000000000000005,17,1,58.6,ZONE-HW01
45.1,70.7,120.7,41.7,274.76,0.38,1.3199999999999998,65.5,0.19,16,1,70.4,ZONE-HW05
5.2,17.2,73.0,97.7,268.22,0.8500000000000001,2.98,73.2,0.27,6,0,0.0,ZONE-RK01
23.5,70.3,75.1,47.7,264.31,0.43,1.4300000000000002,89.0,0.6,14,1,65.4,ZONE-RK02
0.9,24.8,53.9,153.1,293.07,0.86,2.1100000000000003,97.2,0.05,17,1,43.5,ZONE-HW01
6.5,10.2,17.9,100.3,294.58,0.93,2.2600000000000002,97.6,0.05,17,0,0.0,ZONE-HW01
14.4,17.6,22.0,84.5,274.45,0.22999999999999998,1.3099999999999998,62.9,0.16,16,1,32.1,ZONE-HW05
1.1,52.9,114.1,5.9,293.88,0.89,2.12,94.4,0.05,17,1,57.3,ZONE-HW01
1.3,130.8,154.2,32.4,287.16,0.31000000000000005,1.67,87.9,0.38,12,1,67.5,ZONE-HW04
25.1,113.4,326.8,98.0,269.0,0.8300000000000001,2.71,72.2,0.32999999999999996,6,1,71.8,ZONE-RK01
7.1,9.7,84.8,57.2,288.83,0.34,1.73,89.8,0.4,12,1,25.3,ZONE-HW04
8.3,79.3,85.2,47.5,285.82,0.46,1.34,89.0,1.09,13,1,34.3,ZONE-HW02
0.2,19.2,22.1,8.9,285.63,0.71,2.98,68.9,2.18,7,0,0.0,ZONE-HW03
1.9,33.3,101.8,61.3,285.73,0.76,2.8,72.2,2.2,7,0,0.0,ZONE-HW03
49.1,63.2,80.0,142.1,267.38,0.77,2.9,75.8,0.32999999999999996,6,1,35.5,ZONE-RK01
3.8,102.9,103.5,245.2,274.26,0.26,1.5499999999999998,64.9,0.15000000000000002,16,1,72.8,ZONE-HW05
0.7,67.2,104.7,347.0,262.92,0.36000000000000004,1.61,87.4,0.77,15,1,74.6,ZONE-RK04
1.1,25.3,199.5,51.8,264.92,0.42,1.73,92.0,0.62,14,1,71.8,ZONE-RK02
14.9,50.6,80.9,69.1,293.83,0.9,2.1900000000000004,94.7,0.05,17,1,46.7,ZONE-HW01
13.2,82.6,84.9,23.1,275.49,0.22999999999999998,1.23,66.6,0.24000000000000002,16,1,64.4,ZONE-HW05
45.1,111.4,141.8,67.8,274.53,0.19999999999999998,1.49,67.0,0.21000000000000002,16,1,72.9,ZONE-HW05
4.9,11.2,42.4,30.5,259.89,0.3,1.13,69.6,0.09000000000000001,19,1,65.5,ZONE-RK03
13.1,15.5,198.7,299.9,263.46,0.35000000000000003,1.75,90.1,0.79,15,1,70.5,ZONE-RK04
18.0,41.0,59.5,117.7,288.41,0.46,1.65,90.0,0.43000000000000005,12,1,36.2,ZONE-HW04
17.3,22.6,143.5,121.0,288.93,0.33,1.89,88.0,0.36000000000000004,12,1,69.9,ZONE-HW04
44.9,83.7,131.2,37.9,265.05,0.49,1.6900000000000002,91.5,0.62,14,1,67.9,ZONE-RK02
40.5,100.8,103.1,1.9,288.56,0.35000000000000003,1.75,88.4,0.36000000000000004,12,1,55.1,ZONE-HW04
7.1,57.0,275.2,11.4,274.76,0.26,1.49,66.6,0.24000000000000002,16,1,68.3,ZONE-HW05
13.5,27.9,203.1,129.2,264.47,0.54,1.51,90.4,0.5599999999999999,14,1,75.7,ZONE-RK02
27.3,46.3,73.1,22.4,264.89,0.54,1.76,89.3,0.63,14,1,50.5,ZONE-RK02
0.9,60.9,144.7,572.1,285.86,0.45,1.46,92.1,1.07,13,1,69.4,ZONE-HW02
85.4,109.7,183.0,202.7,285.24,0.6499999999999999,3.17,67.9,2.2,7,1,39.9,ZONE-HW03
28.4,36.9,66.8,9.7,294.33,0.98,2.1900000000000004,93.7,0.05,17,0,0.0,ZONE-HW01
46.2,74.2,87.2,78.0,264.88,0.47,1.6400000000000001,92.8,0.59,14,1,66.3,ZONE-RK02
14.4,27.7,33.7,77.9,293.4,0.88,2.1900000000000004,93.4,0.060000000000000005,17,0,0.0,ZONE-HW01
11.0,55.4,92.1,133.8,294.99,0.86,2.39,95.9,0.05,17,1,62.8,ZONE-HW01
12.0,36.7,141.3,36.2,268.82,0.8500000000000001,2.9299999999999997,77.4,0.32999999999999996,6,1,42.6,ZONE-RK01
2.2,3.1,73.5,67.8,285.44,0.44,1.4,92.5,1.1300000000000001,13,0,0.0,ZONE-HW02
18.3,25.5,32.8,1.0,260.26,0.38,1.26,66.9,0.09000000000000001,19,1,54.5,ZONE-RK03
6.5,33.2,58.1,40.3,259.18,0.26,1.3,66.1,0.060000000000000005,19,1,68.2,ZONE-RK03
35.2,48.0,84.1,107.2,286.06,0.58,1.63,89.5,1.1300000000000001,13,0,0.0,ZONE-HW02
7.6,36.8,136.0,209.0,288.93,0.36000000000000004,1.8499999999999999,90.8,0.4,12,1,66.6,ZONE-HW04
2.4,80.7,114.6,20.9,263.22,0.44,1.99,90.8,0.8300000000000001,15,1,67.4,ZONE-RK04
9.2,126.6,160.5,27.9,284.03,0.71,2.98,71.0,2.22,7,0,0.0,ZONE-HW03
15.1,23.3,27.2,9.7,285.64,0.7899999999999999,2.84,68.4,2.1500000000000004,7,0,0.0,ZONE-HW03
2.1,7.0,14.5,71.7,274.66,0.32,1.46,65.8,0.2,16,0,0.0,ZONE-HW05
3.0,15.7,129.2,45.0,294.3,0.8200000000000001,2.02,92.2,0.1,17,1,57.3,ZONE-HW01
16.5,22.2,32.9,2.9,263.27,0.33,1.78,89.0,0.8200000000000001,15,0,0.0,ZONE-RK04
2.8,12.6,22.3,6.5,274.84,0.35,1.2599999999999998,64.5,0.16,16,0,0.0,ZONE-HW05
1.9,20.4,32.0,31.7,288.23,0.49,1.6099999999999999,90.1,0.37,12,0,0.0,ZONE-HW04
10.5,45.7,47.7,112.5,288.9,0.47000000000000003,1.54,90.1,0.4,12,0,0.0,ZONE-HW04
14.8,17.4,120.8,177.6,285.12,0.46,1.69,93.7,1.1300000000000001,13,1,56.4,ZONE-HW02
0.9,10.6,92.6,96.6,262.78,0.42000000000000004,1.61,89.7,0.77,15,1,62.2,ZONE-RK04
3.1,10.1,33.2,46.4,261.64,0.45,1.6800000000000002,86.3,0.8400000000000001,15,0,0.0,ZONE-RK04
14.4,28.2,59.2,96.3,286.55,0.56,1.54,89.7,1.1500000000000001,13,0,0.0,ZONE-HW02
0.6,9.3,71.8,157.9,260.08,0.36,1.04,70.2,0.060000000000000005,19,1,69.9,ZONE-RK03
10.8,33.6,39.3,41.5,262.68,0.30000000000000004,1.71,85.8,0.79,15,1,32.9,ZONE-RK04
11.4,19.7,35.4,33.2,264.95,0.56,1.61,89.7,0.6,14,0,0.0,ZONE-RK02
0.3,12.0,23.9,27.8,268.45,0.88,2.86,73.8,0.31,6,0,0.0,ZONE-RK01
1.9,68.3,113.3,79.6,267.12,0.8,2.76,76.1,0.3,6,1,53.8,ZONE-RK01
23.4,44.1,48.6,53.9,265.8,0.46,1.46,89.8,0.61,14,1,48.6,ZONE-RK02
13.3,54.3,82.6,9.6,285.76,0.52,1.42,91.0,1.09,13,0,0.0,ZONE-HW02
5.0,18.5,70.4,59.2,265.71,0.53,1.7100000000000002,93.3,0.57,14,1,52.9,ZONE-RK02
6.6,135.8,182.3,19.0,262.33,0.47000000000000003,1.76,89.4,0.78,15,1,70.4,ZONE-RK04
1.6,6.6,20.7,12.3,293.75,0.8300000000000001,2.37,92.4,0.08,17,0,0.0,ZONE-HW01
3.1,13.2,22.7,159.0,264.86,0.55,1.55,89.8,0.5599999999999999,14,1,46.7,ZONE-RK02
1.3,23.6,50.0,282.7,274.66,0.21999999999999997,1.3399999999999999,66.0,0.23,16,1,71.6,ZONE-HW05
1.8,17.0,191.5,140.4,268.94,0.8200000000000001,2.7399999999999998,75.5,0.27,6,1,70.8,ZONE-RK01
25.5,34.4,43.8,77.3,263.19,0.37,1.82,85.7,0.78,15,1,41.3,ZONE-RK04
39.8,64.2,106.6,23.0,285.69,0.7899999999999999,3.13,70.7,2.21,7,0,0.0,ZONE-HW03
22.0,28.2,47.8,38.8,268.22,0.8300000000000001,2.88,72.2,0.27999999999999997,6,0,0.0,ZONE-RK01
10.6,18.9,25.0,66.0,294.84,0.87,2.0700000000000003,92.9,0.07,17,0,0.0,ZONE-HW01
5.1,31.2,39.6,45.9,264.28,0.53,1.4100000000000001,93.5,0.57,14,1,40.5,ZONE-RK02
11.4,13.0,33.5,10.1,285.31,0.46,1.43,93.6,1.11,13,0,0.0,ZONE-HW02
1.0,139.0,158.5,116.2,267.31,0.8500000000000001,2.6199999999999997,72.5,0.29,6,1,70.0,ZONE-RK01
4.4,38.7,110.1,63.4,287.83,0.34,1.7,88.1,0.36000000000000004,12,1,57.7,ZONE-HW04
9.6,25.5,47.0,185.7,288.05,0.36000000000000004,1.5899999999999999,91.9,0.36000000000000004,12,1,39.0,ZONE-HW04
26.6,127.2,133.8,91.9,263.03,0.45,1.72,85.7,0.8,15,1,71.1,ZONE-RK04
41.8,47.8,51.2,94.6,259.76,0.33999999999999997,1.2,70.0,0.13,19,1,66.0,ZONE-RK03
12.8,68.1,75.6,111.0,267.87,0.79,2.63,73.9,0.29,6,1,31.1,ZONE-RK01
3.4,8.8,17.8,118.0,284.58,0.6799999999999999,3.19,68.0,2.24,7,0,0.0,ZONE-HW03
16.4,38.6,60.8,146.8,288.66,0.48000000000000004,1.54,91.1,0.37,12,1,43.2,ZONE-HW04
7.5,58.4,87.3,33.1,274.16,0.37,1.5,63.3,0.23,16,1,58.3,ZONE-HW05
9.3,20.1,88.9,48.9,265.06,0.44,1.7100000000000002,91.1,0.65,14,1,60.7,ZONE-RK02
4.0,73.0,97.2,54.9,259.47,0.22999999999999998,1.08,68.6,0.13,19,1,72.8,ZONE-RK03
35.5,64.9,71.1,196.7,260.9,0.32999999999999996,1.19,68.4,0.11,19,1,73.1,ZONE-RK03
14.8,27.0,34.5,110.6,286.73,0.53,1.3599999999999999,88.4,1.09,13,0,0.0,ZONE-HW02
14.5,37.4,149.6,108.8,294.59,0.92,2.14,92.4,0.05,17,1,65.7,ZONE-HW01
2.5,13.7,28.0,95.4,286.66,0.42,1.65,93.1,1.11,13,0,0.0,ZONE-HW02
0.5,25.8,97.7,146.6,274.77,0.32,1.5799999999999998,66.4,0.15000000000000002,16,1,72.1,ZONE-HW05
6.3,58.0,63.9,131.2,262.14,0.4,1.6600000000000001,85.4,0.76,15,1,68.9,ZONE-RK04
2.0,17.2,97.0,11.4,286.96,0.42,1.56,88.2,1.12,13,0,0.0,ZONE-HW02
3.9,42.3,106.0,71.7,288.05,0.42000000000000004,1.65,91.5,0.39,12,1,58.2,ZONE-HW04
17.8,41.3,55.8,29.7,268.58,0.8300000000000001,2.63,72.6,0.32,6,0,0.0,ZONE-RK01
3.0,74.7,118.5,35.9,293.5,0.97,2.39,95.6,0.05,17,1,59.9,ZONE-HW01
9.3,97.6,105.9,61.8,260.83,0.26,1.26,69.0,0.060000000000000005,19,1,73.4,ZONE-RK03
10.6,39.0,39.9,144.0,264.62,0.48,1.7200000000000002,93.9,0.62,14,1,59.5,ZONE-RK02
40.3,65.3,124.9,179.0,274.19,0.32999999999999996,1.4,62.1,0.18000000000000002,16,1,75.1,ZONE-HW05
18.4,23.4,66.3,65.3,286.9,0.5,1.39,88.8,1.06,13,0,0.0,ZONE-HW02
8.3,48.3,184.5,181.9,265.02,0.51,1.7000000000000002,92.2,0.62,14,1,74.9,ZONE-RK02
9.0,12.6,222.1,127.8,260.19,0.22999999999999998,1.0699999999999998,69.2,0.11,19,1,75.2,ZONE-RK03
2.0,78.1,180.1,51.2,287.09,0.37,1.79,91.8,0.41000000000000003,12,1,73.0,ZONE-HW04
13.4,28.7,31.5,28.6,287.47,0.35000000000000003,1.89,90.7,0.44,12,0,0.0,ZONE-HW04
24.4,24.5,44.8,35.5,262.24,0.49,1.99,87.8,0.78,15,1,28.1,ZONE-RK04
11.6,87.3,108.6,29.8,274.84,0.22999999999999998,1.2799999999999998,65.6,0.24000000000000002,16,1,65.9,ZONE-HW05
20.1,38.2,50.9,42.2,288.75,0.41000000000000003,1.54,91.1,0.44,12,0,0.0,ZONE-HW04
2.3,8.1,42.6,38.0,293.17,0.8300000000000001,2.18,95.1,0.08,17,0,0.0,ZONE-HW01
36.9,50.4,93.8,70.0,265.89,0.44,1.58,91.1,0.5499999999999999,14,1,63.8,ZONE-RK02
0.2,32.9,42.7,227.2,274.75,0.27999999999999997,1.23,63.3,0.18000000000000002,16,1,62.2,ZONE-HW05
2.4,18.5,23.0,403.8,286.58,0.43,1.41,93.0,1.12,13,1,46.0,ZONE-HW02
10.5,37.6,41.1,97.0,287.9,0.30000000000000004,1.53,87.5,0.43000000000000005,12,0,0.0,ZONE-HW04
3.5,72.0,83.5,14.8,275.88,0.32,1.3699999999999999,66.7,0.17,16,1,59.8,ZONE-HW05
0.6,19.8,61.4,4.8,262.34,0.46,1.78,85.7,0.8400000000000001,15,1,33.0,ZONE-RK04
22.4,40.5,77.7,40.7,268.26,0.8200000000000001,2.8899999999999997,73.7,0.25,6,0,0.0,ZONE-RK01
7.7,32.3,40.7,14.1,285.48,0.48,1.57,88.5,1.1500000000000001,13,0,0.0,ZONE-HW02
29.7,117.3,140.7,22.1,265.91,0.51,1.7100000000000002,92.0,0.5499999999999999,14,1,74.4,ZONE-RK02
15.5,31.3,32.6,11.9,268.27,0.9,2.6999999999999997,72.1,0.32999999999999996,6,0,0.0,ZONE-RK01
18.9,51.2,52.6,17.6,285.48,0.53,1.34,91.5,1.1300000000000001,13,0,0.0,ZONE-HW02
3.9,37.3,38.3,7.7,259.09,0.31,1.33,66.1,0.13,19,1,59.6,ZONE-RK03
24.1,30.0,82.9,19.0,288.26,0.46,1.53,90.7,0.4,12,0,0.0,ZONE-HW04
1.6,10.0,74.1,135.5,293.4,0.96,2.35,93.9,0.05,17,1,42.1,ZONE-HW01
26.6,41.8,96.9,16.1,274.95,0.21,1.46,63.7,0.24000000000000002,16,1,58.5,ZONE-HW05
5.2,73.2,73.9,6.3,285.55,0.56,1.47,90.4,1.09,13,0,0.0,ZONE-HW02
3.5,4.3,14.3,61.2,284.68,0.6399999999999999,3.08,69.2,2.23,7,0,0.0,ZONE-HW03
8.2,75.2,160.2,29.3,294.6,0.9500000000000001,2.0300000000000002,95.6,0.08,17,1,70.2,ZONE-HW01
4.5,18.8,63.4,21.8,285.21,0.47,1.42,90.7,1.12,13,0,0.0,ZONE-HW02
14.7,30.5,70.7,40.1,260.38,0.27,1.02,70.2,0.09000000000000001,19,1,73.5,ZONE-RK03
5.2,94.2,166.3,10.6,294.28,0.96,2.02,96.0,0.05,17,1,70.7,ZONE-HW01
30.4,50.4,162.9,112.6,260.91,0.22999999999999998,1.24,69.7,0.05,19,1,68.5,ZONE-RK03
8.3,9.0,24.6,54.6,285.72,0.59,1.31,88.9,1.09,13,0,0.0,ZONE-HW02
15.1,24.0,31.5,126.1,285.74,0.55,1.53,91.2,1.09,13,0,0.0,ZONE-HW02
62.4,84.8,94.2,22.3,293.5,0.8200000000000001,2.29,95.0,0.05,17,1,58.0,ZONE-HW01
0.3,74.0,80.3,60.1,294.55,0.9400000000000001,2.0900000000000003,95.7,0.07,17,1,56.6,ZONE-HW01
4.8,29.0,81.7,123.9,261.75,0.47000000000000003,1.78,90.4,0.79,15,1,62.5,ZONE-RK04
3.5,3.8,11.2,161.2,286.34,0.54,1.52,89.7,1.08,13,0,0.0,ZONE-HW02
31.1,58.4,104.3,76.6,260.42,0.39,1.26,69.8,0.1,19,1,68.5,ZONE-RK03
2.9,76.6,103.7,33.8,263.08,0.35000000000000003,1.8,87.2,0.81,15,1,67.7,ZONE-RK04
11.0,12.4,21.5,93.8,274.26,0.38,1.23,64.4,0.22,16,0,0.0,ZONE-HW05
1.3,29.0,43.1,34.5,288.05,0.45,1.83,86.4,0.45,12,0,0.0,ZONE-HW04
5.1,18.3,81.8,24.7,264.9,0.54,1.54,94.3,0.63,14,1,55.7,ZONE-RK02
12.5,31.9,86.4,193.3,260.54,0.22999999999999998,1.2,70.2,0.13,19,1,71.8,ZONE-RK03
19.8,27.1,28.7,21.3,293.33,0.86,2.2800000000000002,94.1,0.09,17,0,0.0,ZONE-HW01
13.6,15.2,49.5,63.6,294.69,0.85,2.25,95.3,0.05,17,0,0.0,ZONE-HW01
6.1,50.3,55.9,5.5,294.23,0.8200000000000001,2.2600000000000002,95.6,0.060000000000000005,17,0,0.0,ZONE-HW01
19.5,40.0,98.3,39.9,260.32,0.33999999999999997,1.24,70.1,0.11,19,1,73.5,ZONE-RK03
4.2,55.5,135.8,83.1,267.16,0.89,2.9099999999999997,73.6,0.27,6,1,56.4,ZONE-RK01
4.8,31.6,54.0,6.7,268.0,0.8300000000000001,2.7199999999999998,77.7,0.3,6,0,0.0,ZONE-RK01
37.4,41.8,191.8,41.3,284.59,0.61,2.82,69.6,2.2,7,0,0.0,ZONE-HW03
3.1,26.5,129.7,92.2,262.18,0.33,1.94,86.9,0.8500000000000001,15,1,68.6,ZONE-RK04
24.6,56.9,115.8,132.4,284.26,0.6699999999999999,3.02,68.9,2.2,7,0,0.0,ZONE-HW03
4.3,24.5,37.0,307.7,293.9,0.8300000000000001,2.02,97.7,0.09,17,1,60.0,ZONE-HW01
43.3,44.5,105.6,181.6,260.63,0.39,1.29,66.1,0.07,19,1,75.8,ZONE-RK03
3.0,28.2,151.7,2.4,288.0,0.36000000000000004,1.51,91.7,0.4,12,1,67.3,ZONE-HW04
17.9,28.5,157.6,248.0,262.67,0.31000000000000005,1.71,88.6,0.8300000000000001,15,1,73.3,ZONE-RK04
43.3,62.6,161.6,130.3,294.07,0.97,2.1700000000000004,97.3,0.07,17,1,73.3,ZONE-HW01
5.8,58.8,60.7,63.5,285.09,0.41000000000000003,1.52,90.2,1.08,13,0,0.0,ZONE-HW02
3.9,7.8,11.8,83.4,285.01,0.75,2.91,72.9,2.22,7,0,0.0,ZONE-HW03
6.2,44.9,48.3,26.5,264.26,0.42,1.55,94.9,0.61,14,1,46.3,ZONE-RK02
11.6,58.5,77.7,68.8,259.4,0.3,1.2,65.3,0.060000000000000005,19,1,69.6,ZONE-RK03
32.6,61.3,74.6,1.7,288.04,0.33,1.8599999999999999,86.8,0.44,12,0,0.0,ZONE-HW04
30.6,31.2,135.1,52.7,285.33,0.6,1.6,89.8,1.08,13,1,51.1,ZONE-HW02
42.0,90.1,399.2,30.2,274.98,0.31,1.39,62.1,0.18000000000000002,16,1,68.9,ZONE-HW05
21.9,37.3,70.0,69.1,285.17,0.76,3.09,71.1,2.1500000000000004,7,0,0.0,ZONE-HW03
31.0,155.2,228.3,37.9,287.53,0.43000000000000005,1.89,89.5,0.37,12,1,68.3,ZONE-HW04
8.2,48.3,61.9,8.2,287.34,0.43000000000000005,1.75,91.0,0.36000000000000004,12,0,0.0,ZONE-HW04
6.6,16.8,34.4,18.6,261.56,0.49,1.6400000000000001,85.1,0.78,15,0,0.0,ZONE-RK04
0.6,1.1,221.1,39.1,259.83,0.24,1.2,68.7,0.1,19,1,74.8,ZONE-RK03
7.3,41.4,53.7,209.6,268.41,0.8,2.82,78.0,0.3,6,1,27.1,ZONE-RK01
23.2,26.0,53.0,147.9,259.92,0.31,1.22,69.1,0.14,19,1,71.5,ZONE-RK03
43.4,62.3,109.8,12.8,294.22,0.8400000000000001,2.1,95.3,0.05,17,1,62.6,ZONE-HW01
70.9,78.8,221.8,73.4,294.54,0.9400000000000001,2.2800000000000002,94.9,0.05,17,1,72.3,ZONE-HW01
14.0,35.6,48.7,13.6,293.58,0.91,2.22,97.4,0.05,17,0,0.0,ZONE-HW01
3.7,9.9,85.5,30.2,286.91,0.56,1.42,89.7,1.12,13,0,0.0,ZONE-HW02
0.9,105.2,212.8,183.9,286.85,0.53,1.6,89.3,1.1300000000000001,13,1,70.0,ZONE-HW02
79.2,84.9,110.1,99.4,275.39,0.22999999999999998,1.45,65.5,0.17,16,1,72.1,ZONE-HW05
17.9,22.9,107.5,17.8,274.45,0.25,1.24,64.0,0.2,16,1,65.7,ZONE-HW05
3.8,26.9,71.8,60.7,259.01,0.31,1.3699999999999999,67.4,0.14,19,1,72.2,ZONE-RK03
1.4,64.4,79.8,9.7,288.3,0.45,1.6099999999999999,87.7,0.36000000000000004,12,1,34.7,ZONE-HW04
32.9,126.4,225.5,116.1,262.57,0.44,1.97,90.5,0.77,15,1,75.0,ZONE-RK04
16.0,40.0,44.6,36.8,260.87,0.21,1.33,69.7,0.07,19,1,68.1,ZONE-RK03
7.0,16.0,80.3,47.9,294.75,0.8,2.23,92.6,0.1,17,1,29.0,ZONE-HW01
1.3,8.8,66.3,5.5,275.05,0.38,1.25,65.0,0.18000000000000002,16,1,39.8,ZONE-HW05
28.6,49.1,81.9,62.8,285.32,0.49,1.4,89.1,1.12,13,0,0.0,ZONE-HW02
26.1,38.9,95.6,58.4,294.14,0.9500000000000001,2.0700000000000003,97.1,0.09,17,1,54.8,ZONE-HW01
4.7,68.0,147.8,75.2,274.66,0.27999999999999997,1.24,67.9,0.2,16,1,75.0,ZONE-HW05
28.5,89.1,150.7,127.0,267.52,0.75,2.9,77.7,0.27999999999999997,6,1,70.7,ZONE-RK01
17.9,52.1,100.3,97.8,267.52,0.77,2.69,76.0,0.3,6,1,39.5,ZONE-RK01
2.6,66.4,169.1,2.1,275.85,0.38,1.51,66.1,0.21000000000000002,16,1,74.7,ZONE-HW05
26.2,30.3,50.7,95.2,286.23,0.44,1.35,88.9,1.12,13,0,0.0,ZONE-HW02
2.6,53.7,142.9,49.6,285.83,0.51,1.49,91.2,1.12,13,1,56.4,ZONE-HW02
0.1,10.2,58.2,278.1,262.86,0.42000000000000004,1.9100000000000001,88.2,0.8,15,1,66.6,ZONE-RK04
15.0,24.0,74.3,54.4,264.12,0.51,1.6,92.4,0.5599999999999999,14,1,56.8,ZONE-RK02
22.7,26.1,97.7,54.6,274.88,0.33999999999999997,1.49,64.9,0.24000000000000002,16,1,62.1,ZONE-HW05
49.4,62.0,112.1,188.2,267.91,0.8,2.78,72.3,0.3,6,1,63.7,ZONE-RK01
1.6,84.6,142.8,4.9,267.79,0.8600000000000001,2.9,75.5,0.25,6,1,54.1,ZONE-RK01
5.4,42.3,45.8,61.1,265.08,0.41000000000000003,1.76,94.9,0.6,14,1,47.2,ZONE-RK02
6.4,35.5,37.8,143.6,260.54,0.35,1.39,68.9,0.09000000000000001,19,1,72.6,ZONE-RK03
54.5,158.6,227.8,9.8,284.9,0.7799999999999999,2.95,67.5,2.25,7,1,47.5,ZONE-HW03
21.3,22.0,23.1,27.4,260.31,0.27,1.0699999999999998,68.2,0.1,19,1,58.1,ZONE-RK03
10.1,54.2,111.7,41.3,263.17,0.45,1.99,87.8,0.8200000000000001,15,1,66.3,ZONE-RK04
4.8,180.3,208.1,42.0,285.65,0.6499999999999999,2.94,68.7,2.24,7,1,49.9,ZONE-HW03
2.7,50.2,109.4,17.5,264.06,0.53,1.6500000000000001,94.6,0.64,14,1,64.8,ZONE-RK02
1.3,35.5,88.6,22.3,264.2,0.41000000000000003,1.6400000000000001,93.2,0.5499999999999999,14,1,64.7,ZONE-RK02
45.2,50.1,78.4,201.3,284.88,0.71,3.1,71.7,2.16,7,0,0.0,ZONE-HW03
8.2,38.7,64.0,22.4,293.47,0.98,2.23,95.5,0.08,17,0,0.0,ZONE-HW01
62.0,77.8,190.1,18.3,285.47,0.58,1.69,91.1,1.09,13,1,67.0,ZONE-HW02
3.6,4.5,57.2,32.2,275.9,0.38,1.5599999999999998,65.8,0.19,16,1,30.0,ZONE-HW05
30.0,49.2,221.6,14.4,286.88,0.53,1.61,89.9,1.09,13,1,67.3,ZONE-HW02
30.4,75.4,149.1,130.4,284.37,0.71,2.9,68.4,2.24,7,0,0.0,ZONE-HW03
21.5,51.0,58.0,2.3,260.61,0.38,1.22,70.8,0.11,19,1,63.7,ZONE-RK03
38.0,66.8,146.4,46.0,262.01,0.37,1.6300000000000001,87.7,0.79,15,1,71.5,ZONE-RK04
1.9,5.9,63.7,39.4,261.6,0.38,1.84,85.2,0.76,15,1,44.4,ZONE-RK04
3.4,23.7,27.0,61.1,274.43,0.24,1.5599999999999998,63.8,0.24000000000000002,16,0,0.0,ZONE-HW05
4.7,52.6,71.2,42.5,263.37,0.49,1.6500000000000001,91.0,0.8,15,1,55.9,ZONE-RK04
0.2,2.5,27.4,45.8,262.29,0.35000000000000003,1.73,86.7,0.8,15,0,0.0,ZONE-RK04
13.7,24.0,83.4,137.7,285.62,0.47,1.65,90.8,1.1300000000000001,13,1,32.0,ZONE-HW02
22.7,23.9,56.6,7.8,286.83,0.47,1.47,91.4,1.07,13,0,0.0,ZONE-HW02
4.2,133.7,141.4,48.4,259.03,0.31,1.23,69.3,0.08,19,1,69.5,ZONE-RK03
14.4,50.8,91.8,0.7,262.26,0.47000000000000003,1.8,88.9,0.8200000000000001,15,1,57.6,ZONE-RK04
5.9,27.8,32.4,30.2,288.93,0.43000000000000005,1.7,87.0,0.43000000000000005,12,0,0.0,ZONE-HW04
0.5,3.0,28.3,10.0,259.28,0.31,1.0699999999999998,70.3,0.15000000000000002,19,1,55.4,ZONE-RK03
12.6,47.7,128.3,15.6,274.07,0.37,1.5799999999999998,66.0,0.23,16,1,67.5,ZONE-HW05
2.7,6.0,56.6,85.8,261.64,0.33,1.69,87.7,0.76,15,1,51.9,ZONE-RK04
0.5,83.1,85.8,54.6,288.32,0.30000000000000004,1.71,88.5,0.35000000000000003,12,1,55.8,ZONE-HW04
18.5,79.9,142.5,113.3,275.95,0.19999999999999998,1.5299999999999998,66.0,0.23,16,1,74.8,ZONE-HW05
6.2,56.8,61.0,157.6,265.84,0.5,1.5,92.7,0.58,14,1,65.8,ZONE-RK02
11.9,62.9,93.0,72.2,284.16,0.7899999999999999,2.98,68.5,2.22,7,0,0.0,ZONE-HW03
11.2,50.7,55.0,4.4,294.37,0.97,2.2600000000000002,97.1,0.08,17,0,0.0,ZONE-HW01
4.3,9.5,112.2,17.3,264.81,0.48,1.59,92.8,0.62,14,1,60.2,ZONE-RK02
55.9,68.2,78.3,109.1,285.29,0.6699999999999999,3.19,72.8,2.24,7,0,0.0,ZONE-HW03
16.1,36.8,77.3,88.9,267.46,0.88,2.88,75.4,0.27999999999999997,6,0,0.0,ZONE-RK01
3.9,172.2,356.2,73.6,265.37,0.46,1.62,92.9,0.57,14,1,74.8,ZONE-RK02
3.3,37.5,41.2,2.2,268.92,0.8200000000000001,2.9,76.3,0.29,6,0,0.0,ZONE-RK01
4.5,23.1,124.5,90.9,264.6,0.51,1.6300000000000001,94.1,0.62,14,1,70.2,ZONE-RK02
20.4,37.0,58.2,32.5,285.51,0.6299999999999999,3.2,71.3,2.2,7,0,0.0,ZONE-HW03
65.9,67.1,168.0,60.5,285.11,0.49,1.6400000000000001,90.0,1.1300000000000001,13,1,70.8,ZONE-HW02
8.7,47.5,80.8,144.7,285.94,0.6699999999999999,3.05,71.7,2.2,7,0,0.0,ZONE-HW03
34.6,51.0,67.2,62.8,262.21,0.49,1.77,89.1,0.8200000000000001,15,1,54.3,ZONE-RK04
36.5,43.6,92.4,69.9,294.6,0.9400000000000001,2.0300000000000002,92.9,0.07,17,1,53.3,ZONE-HW01
19.8,24.0,86.9,167.8,284.63,0.62,2.8,68.8,2.1900000000000004,7,0,0.0,ZONE-HW03
3.0,11.1,188.8,14.0,293.2,0.8200000000000001,2.1700000000000004,95.3,0.05,17,1,66.7,ZONE-HW01
28.9,49.2,63.4,143.2,264.71,0.42,1.6400000000000001,90.9,0.59,14,1,64.4,ZONE-RK02
8.8,30.5,52.8,62.9,285.56,0.74,3.02,73.0,2.1700000000000004,7,0,0.0,ZONE-HW03
2.7,17.6,192.0,20.9,274.34,0.27999999999999997,1.2599999999999998,63.8,0.2,16,1,68.0,ZONE-HW05
16.0,27.8,102.0,9.8,284.55,0.6599999999999999,3.11,69.2,2.24,7,0,0.0,ZONE-HW03
52.5,70.6,84.1,5.3,288.19,0.34,1.54,87.8,0.44,12,1,36.4,ZONE-HW04
2.8,24.8,45.3,123.6,285.61,0.6699999999999999,2.93,71.9,2.24,7,0,0.0,ZONE-HW03
8.5,17.1,65.1,85.9,259.6,0.32,1.28,67.9,0.07,19,1,68.4,ZONE-RK03
2.7,8.2,10.1,93.3,285.58,0.54,1.5,91.5,1.07,13,0,0.0,ZONE-HW02
16.4,35.7,128.6,114.7,284.56,0.76,2.95,72.6,2.1700000000000004,7,0,0.0,ZONE-HW03
13.2,74.0,85.5,8.3,274.36,0.35,1.21,66.4,0.24000000000000002,16,1,61.1,ZONE-HW05
4.7,6.5,44.4,193.1,294.66,0.81,2.3400000000000003,96.8,0.07,17,1,34.2,ZONE-HW01
0.6,4.5,34.6,190.1,293.48,0.93,2.29,96.7,0.05,17,1,32.4,ZONE-HW01
5.7,26.9,29.0,11.2,288.16,0.41000000000000003,1.8699999999999999,91.2,0.39,12,0,0.0,ZONE-HW04
64.7,165.4,165.6,212.3,268.58,0.77,2.96,75.2,0.31,6,1,68.4,ZONE-RK01
15.3,76.0,106.3,50.7,262.82,0.37,1.86,85.3,0.8500000000000001,15,1,69.7,ZONE-RK04
10.1,43.1,50.6,2.1,285.93,0.6699999999999999,3.12,67.6,2.16,7,0,0.0,ZONE-HW03
5.5,42.1,53.4,78.3,262.52,0.4,1.83,88.5,0.79,15,1,51.9,ZONE-RK04
52.6,55.6,111.4,41.1,274.3,0.4,1.39,63.8,0.24000000000000002,16,1,64.2,ZONE-HW05
30.4,36.2,95.2,127.5,259.7,0.27,1.31,68.1,0.08,19,1,68.3,ZONE-RK03
43.4,77.9,112.3,67.3,287.64,0.36000000000000004,1.8199999999999998,86.7,0.43000000000000005,12,1,62.9,ZONE-HW04
30.5,55.9,57.4,187.1,260.86,0.35,1.21,68.3,0.08,19,1,70.7,ZONE-RK03
17.5,51.4,63.5,75.3,287.46,0.38,1.5699999999999998,89.8,0.39,12,1,31.4,ZONE-HW04
7.5,39.1,44.7,75.1,262.4,0.39,1.6,86.3,0.78,15,1,50.1,ZONE-RK04
111.6,113.1,302.1,36.6,265.15,0.56,1.61,91.2,0.57,14,1,68.9,ZONE-RK02
30.7,76.5,118.4,93.9,288.06,0.43000000000000005,1.74,89.7,0.41000000000000003,12,1,64.5,ZONE-HW04
31.6,47.1,66.9,77.1,288.23,0.46,1.78,87.8,0.41000000000000003,12,1,25.0,ZONE-HW04
24.7,67.8,147.7,40.0,259.63,0.25,1.05,67.2,0.060000000000000005,19,1,71.0,ZONE-RK03
25.5,29.3,68.6,0.4,260.15,0.27999999999999997,1.19,68.2,0.14,19,1,70.2,ZONE-RK03
5.9,19.6,44.8,83.2,260.11,0.3,1.06,66.9,0.1,19,1,63.3,ZONE-RK03
7.4,25.3,38.9,32.7,286.9,0.5,1.38,90.3,1.11,13,0,0.0,ZONE-HW02
3.9,6.2,52.4,77.2,287.82,0.4,1.78,88.7,0.37,12,0,0.0,ZONE-HW04
14.5,33.2,57.1,139.3,268.59,0.74,2.61,73.3,0.27999999999999997,6,0,0.0,ZONE-RK01
11.0,30.6,31.9,29.2,288.13,0.45,1.7,89.1,0.41000000000000003,12,0,0.0,ZONE-HW04
7.2,22.5,65.9,53.4,294.55,0.96,2.1500000000000004,96.9,0.05,17,0,0.0,ZONE-HW01
14.0,57.4,141.2,88.6,288.09,0.5,1.54,91.0,0.43000000000000005,12,1,66.3,ZONE-HW04
46.7,47.3,58.2,0.5,267.9,0.77,2.9299999999999997,74.6,0.35,6,0,0.0,ZONE-RK01
15.6,84.1,98.1,183.2,261.92,0.45,1.8800000000000001,90.2,0.81,15,1,70.6,ZONE-RK04
0.9,82.6,104.3,7.5,260.57,0.36,1.3199999999999998,68.4,0.1,19,1,72.1,ZONE-RK03
10.0,18.9,35.7,25.7,259.65,0.33999999999999997,1.1199999999999999,66.6,0.14,19,1,62.2,ZONE-RK03
24.4,47.6,66.2,66.0,264.27,0.55,1.56,89.4,0.58,14,1,60.1,ZONE-RK02
18.9,28.4,55.1,9.1,259.5,0.33999999999999997,1.33,69.6,0.12000000000000001,19,1,64.2,ZONE-RK03
3.0,37.3,47.3,52.1,294.26,0.88,2.0300000000000002,96.8,0.08,17,0,0.0,ZONE-HW01
18.5,21.9,63.8,20.8,285.03,0.6599999999999999,3.17,69.2,2.25,7,0,0.0,ZONE-HW03
49.4,69.2,151.2,55.9,286.16,0.5700000000000001,1.6400000000000001,88.6,1.1500000000000001,13,1,62.6,ZONE-HW02
0.7,30.8,182.0,64.4,286.7,0.56,1.46,93.8,1.1300000000000001,13,1,67.0,ZONE-HW02
25.7,90.4,103.3,16.7,286.66,0.47,1.53,91.4,1.1,13,1,39.9,ZONE-HW02
14.2,30.1,121.7,161.2,267.09,0.8300000000000001,2.9299999999999997,72.1,0.33999999999999997,6,1,51.0,ZONE-RK01
6.5,14.6,90.4,22.5,287.0,0.49,1.58,90.1,0.36000000000000004,12,1,30.1,ZONE-HW04
25.9,42.4,97.5,7.0,260.75,0.38,1.04,67.2,0.060000000000000005,19,1,71.9,ZONE-RK03
14.7,32.7,76.9,12.9,259.1,0.32999999999999996,1.29,69.5,0.09000000000000001,19,1,65.7,ZONE-RK03
20.0,79.6,91.8,7.0,264.0,0.5,1.4500000000000002,90.4,0.62,14,1,62.1,ZONE-RK02
0.4,31.2,77.9,55.4,286.63,0.6,1.47,88.8,1.06,13,0,0.0,ZONE-HW02
4.0,18.9,64.0,48.1,284.18,0.76,2.84,69.2,2.18,7,0,0.0,ZONE-HW03
66.1,70.5,129.9,36.3,285.55,0.75,2.85,73.0,2.16,7,0,0.0,ZONE-HW03
8.4,46.3,105.3,331.8,275.13,0.32,1.27,64.1,0.17,16,1,73.8,ZONE-HW05
2.1,5.4,69.8,60.5,285.23,0.69,2.89,72.4,2.16,7,0,0.0,ZONE-HW03
4.8,7.3,11.8,157.2,265.18,0.48,1.79,90.9,0.5599999999999999,14,1,30.2,ZONE-RK02
3.2,14.9,27.8,30.7,264.5,0.52,1.6900000000000002,90.7,0.64,14,0,0.0,ZONE-RK02
1.1,23.1,26.6,112.8,268.7,0.8300000000000001,2.7199999999999998,75.1,0.3,6,0,0.0,ZONE-RK01
4.0,27.3,133.3,73.7,284.59,0.61,3.16,72.7,2.2,7,0,0.0,ZONE-HW03
11.4,23.2,43.4,77.5,264.48,0.53,1.4300000000000002,94.3,0.5499999999999999,14,1,47.0,ZONE-RK02
77.1,109.6,150.4,91.8,285.26,0.5700000000000001,1.53,90.2,1.12,13,1,70.8,ZONE-HW02
9.4,11.3,52.6,221.3,264.03,0.41000000000000003,1.5,89.2,0.5599999999999999,14,1,68.4,ZONE-RK02
2.9,38.0,49.2,53.7,274.57,0.33999999999999997,1.51,64.5,0.19,16,1,44.4,ZONE-HW05
1.5,19.5,90.1,29.9,275.23,0.26,1.3199999999999998,65.1,0.17,16,1,61.9,ZONE-HW05
16.4,64.0,195.0,18.7,274.65,0.32,1.51,65.9,0.21000000000000002,16,1,70.2,ZONE-HW05
7.6,12.6,257.1,183.2,285.46,0.77,2.82,67.5,2.1900000000000004,7,1,55.0,ZONE-HW03
11.6,67.0,103.8,68.4,267.62,0.8500000000000001,2.9,72.7,0.32,6,1,37.0,ZONE-RK01
1.4,43.6,50.4,122.4,259.99,0.27,1.21,69.9,0.08,19,1,69.2,ZONE-RK03
22.9,59.9,61.7,25.3,294.47,0.8200000000000001,2.3600000000000003,94.0,0.05,17,1,28.3,ZONE-HW01
4.6,18.0,22.6,193.5,294.42,0.92,2.0300000000000002,94.7,0.05,17,0,0.0,ZONE-HW01
12.1,23.0,48.3,41.5,288.72,0.33,1.56,90.6,0.44,12,0,0.0,ZONE-HW04
13.8,35.6,161.5,48.1,264.46,0.5,1.4200000000000002,94.2,0.57,14,1,71.2,ZONE-RK02
72.7,129.9,141.6,186.7,285.84,0.6399999999999999,3.18,67.2,2.23,7,0,0.0,ZONE-HW03
1.9,52.9,76.9,147.2,284.45,0.6499999999999999,3.17,68.9,2.23,7,0,0.0,ZONE-HW03
30.4,79.6,157.6,25.4,285.24,0.53,1.32,89.3,1.1,13,1,61.6,ZONE-HW02
1.3,16.8,26.3,83.1,284.14,0.69,2.91,72.1,2.18,7,0,0.0,ZONE-HW03
6.4,117.8,169.0,121.0,274.91,0.27,1.3199999999999998,66.7,0.22,16,1,69.9,ZONE-HW05
2.1,61.5,189.5,46.7,286.18,0.5,1.61,89.2,1.1400000000000001,13,1,70.8,ZONE-HW02
14.0,57.4,67.0,48.9,261.8,0.49,1.61,88.2,0.81,15,1,60.0,ZONE-RK04
7.6,12.3,35.2,4.9,268.9,0.7000000000000001,2.86,77.1,0.32,6,0,0.0,ZONE-RK01
0.4,4.8,169.8,55.8,264.41,0.6,1.57,94.8,0.65,14,1,68.1,ZONE-RK02
50.6,67.6,86.3,49.4,293.19,0.98,2.3600000000000003,95.1,0.07,17,1,49.1,ZONE-HW01
8.7,12.1,63.3,17.0,265.16,0.5,1.6500000000000001,91.4,0.61,14,1,35.1,ZONE-RK02
14.5,46.0,54.2,4.4,259.47,0.25,1.13,69.8,0.12000000000000001,19,1,68.8,ZONE-RK03
22.8,41.3,44.3,369.0,285.91,0.45,1.68,88.8,1.1300000000000001,13,1,52.2,ZONE-HW02
0.9,36.5,242.3,19.1,264.33,0.49,1.56,92.2,0.65,14,1,69.6,ZONE-RK02
2.3,6.2,24.3,7.5,293.93,0.97,2.04,96.8,0.05,17,0,0.0,ZONE-HW01
17.7,19.6,55.2,399.9,267.43,0.8700000000000001,2.6599999999999997,76.3,0.35,6,1,57.4,ZONE-RK01
25.2,53.9,72.2,68.5,268.35,0.75,3.0,72.2,0.29,6,0,0.0,ZONE-RK01
11.2,27.9,34.9,152.4,288.11,0.41000000000000003,1.54,86.6,0.43000000000000005,12,0,0.0,ZONE-HW04
9.0,15.5,38.4,37.4,264.02,0.5700000000000001,1.79,89.8,0.63,14,0,0.0,ZONE-RK02
26.4,66.1,139.4,0.8,286.37,0.59,1.33,91.5,1.1400000000000001,13,1,48.4,ZONE-HW02
8.1,27.8,28.8,21.1,264.4,0.53,1.7200000000000002,89.6,0.63,14,0,0.0,ZONE-RK02
21.4,25.8,64.1,17.0,285.25,0.59,1.32,93.5,1.09,13,0,0.0,ZONE-HW02
0.2,8.5,194.7,113.2,284.99,0.6799999999999999,2.97,69.1,2.24,7,0,0.0,ZONE-HW03
48.1,68.2,74.0,55.6,293.56,0.98,2.0100000000000002,95.7,0.05,17,1,46.9,ZONE-HW01
9.1,64.9,70.1,46.9,285.77,0.7,2.84,69.3,2.1900000000000004,7,0,0.0,ZONE-HW03
2.4,14.2,81.0,45.2,274.5,0.4,1.42,62.1,0.19,16,1,54.0,ZONE-HW05
7.1,22.1,52.9,107.6,288.09,0.4,1.8699999999999999,89.0,0.39,12,0,0.0,ZONE-HW04
33.4,126.7,204.0,26.5,259.05,0.32,1.01,69.9,0.08,19,1,74.5,ZONE-RK03
17.5,34.8,49.5,128.7,288.06,0.45,1.9,91.8,0.36000000000000004,12,0,0.0,ZONE-HW04
0.6,70.2,101.1,71.0,262.03,0.46,1.97,85.3,0.8500000000000001,15,1,65.4,ZONE-RK04
16.2,83.8,134.4,66.6,284.71,0.77,3.14,68.1,2.21,7,0,0.0,ZONE-HW03
1.0,22.9,31.0,93.6,286.83,0.41000000000000003,1.58,93.7,1.11,13,0,0.0,ZONE-HW02
10.8,45.0,47.1,6.2,263.17,0.46,1.99,88.3,0.77,15,1,27.4,ZONE-RK04
18.9,21.1,24.8,0.9,267.47,0.74,2.8099999999999996,72.0,0.33999999999999997,6,0,0.0,ZONE-RK01
47.0,87.1,108.9,24.6,263.11,0.37,1.67,89.8,0.8400000000000001,15,1,65.6,ZONE-RK04
6.5,51.2,105.3,14.3,260.17,0.38,1.31,70.1,0.14,19,1,74.6,ZONE-RK03
2.9,6.0,60.0,101.2,286.41,0.53,1.53,90.0,1.08,13,0,0.0,ZONE-HW02
4.6,5.2,9.5,240.6,260.46,0.29,1.26,67.9,0.08,19,1,69.4,ZONE-RK03
5.3,49.3,98.3,33.7,275.39,0.39,1.51,63.3,0.21000000000000002,16,1,60.4,ZONE-HW05
3.5,7.4,55.1,104.3,294.47,0.86,2.0700000000000003,92.0,0.07,17,0,0.0,ZONE-HW01
15.5,38.2,40.3,242.0,285.7,0.75,3.03,68.1,2.18,7,0,0.0,ZONE-HW03
24.0,34.4,229.9,64.5,262.78,0.32,1.8,87.0,0.76,15,1,70.7,ZONE-RK04
13.1,54.5,138.0,74.8,285.34,0.58,1.34,92.3,1.11,13,1,64.0,ZONE-HW02
2.1,14.5,146.1,17.8,287.02,0.34,1.78,88.1,0.43000000000000005,12,1,60.8,ZONE-HW04
7.0,24.0,52.9,66.4,267.77,0.8500000000000001,2.9899999999999998,77.3,0.3,6,0,0.0,ZONE-RK01
43.0,51.3,57.8,15.4,284.7,0.6799999999999999,3.13,71.7,2.21,7,0,0.0,ZONE-HW03
32.7,63.8,80.6,118.5,261.83,0.31000000000000005,1.94,86.8,0.78,15,1,71.7,ZONE-RK04
29.6,85.8,211.4,20.3,264.68,0.58,1.46,89.5,0.64,14,1,75.7,ZONE-RK02
21.1,39.6,131.9,91.3,286.19,0.52,1.49,88.2,1.1400000000000001,13,1,51.9,ZONE-HW02
22.5,54.5,64.3,55.1,284.31,0.62,2.88,68.1,2.22,7,0,0.0,ZONE-HW03
62.7,145.8,148.0,12.6,274.53,0.26,1.2999999999999998,62.3,0.21000000000000002,16,1,74.4,ZONE-HW05
2.1,40.9,126.0,16.8,259.11,0.19999999999999998,1.04,69.9,0.11,19,1,71.5,ZONE-RK03
10.6,65.7,131.7,54.7,264.05,0.43,1.52,89.5,0.63,14,1,69.3,ZONE-RK02
13.4,34.7,52.4,58.3,284.94,0.7799999999999999,2.91,70.9,2.1900000000000004,7,0,0.0,ZONE-HW03
17.5,79.5,130.1,100.2,286.77,0.47,1.48,89.6,1.1,13,1,61.2,ZONE-HW02
2.6,21.2,21.7,19.8,294.13,0.8300000000000001,2.2800000000000002,92.6,0.07,17,0,0.0,ZONE-HW01
19.4,163.5,168.7,35.9,274.83,0.35,1.2899999999999998,62.4,0.19,16,1,72.1,ZONE-HW05
24.1,30.9,71.4,92.5,275.37,0.39,1.43,63.4,0.18000000000000002,16,1,57.5,ZONE-HW05
14.4,20.6,42.6,107.2,268.0,0.88,2.92,76.1,0.31,6,0,0.0,ZONE-RK01
12.1,12.3,83.9,2.5,265.9,0.49,1.78,90.0,0.57,14,1,44.9,ZONE-RK02
20.5,27.3,185.9,32.1,267.85,0.9,2.77,78.0,0.31,6,1,66.6,ZONE-RK01
5.9,10.7,28.9,146.5,293.64,0.9500000000000001,2.3200000000000003,92.5,0.060000000000000005,17,0,0.0,ZONE-HW01
84.1,97.9,127.7,89.6,274.65,0.26,1.38,67.2,0.23,16,1,72.4,ZONE-HW05
32.6,59.6,84.4,37.2,275.56,0.21999999999999997,1.2599999999999998,65.4,0.21000000000000002,16,1,67.9,ZONE-HW05
17.8,17.9,66.2,30.7,265.85,0.51,1.4400000000000002,90.7,0.6,14,1,45.2,ZONE-RK02
23.7,26.6,71.0,45.9,284.53,0.73,3.03,69.8,2.1700000000000004,7,0,0.0,ZONE-HW03
15.4,17.4,60.8,57.7,284.29,0.72,3.08,67.2,2.24,7,0,0.0,ZONE-HW03
12.3,40.1,96.5,114.4,286.38,0.41000000000000003,1.49,89.6,1.09,13,1,41.6,ZONE-HW02
4.7,57.0,91.5,5.6,293.62,0.97,2.3400000000000003,96.1,0.1,17,1,39.0,ZONE-HW01
0.9,13.1,89.9,86.1,294.95,0.89,2.33,93.6,0.05,17,1,44.8,ZONE-HW01
23.3,45.1,74.1,11.2,262.38,0.48000000000000004,1.76,87.9,0.8,15,1,51.0,ZONE-RK04
6.0,23.1,27.7,17.4,268.03,0.73,2.7199999999999998,75.0,0.26,6,0,0.0,ZONE-RK01
13.7,53.6,373.9,189.3,275.76,0.21,1.2799999999999998,67.0,0.23,16,1,70.0,ZONE-HW05
15.4,31.8,82.4,107.8,287.1,0.37,1.58,88.2,0.4,12,1,47.0,ZONE-HW04
1.9,17.7,109.3,33.9,265.36,0.45,1.6,91.7,0.65,14,1,64.2,ZONE-RK02
12.7,39.3,49.5,31.5,274.7,0.22999999999999998,1.5599999999999998,66.5,0.22,16,1,39.5,ZONE-HW05
6.1,6.9,8.1,124.7,284.1,0.77,3.11,68.3,2.1700000000000004,7,0,0.0,ZONE-HW03
4.8,26.7,44.4,197.7,262.86,0.35000000000000003,1.76,85.1,0.8300000000000001,15,1,62.8,ZONE-RK04
4.5,21.3,124.4,129.1,267.95,0.73,2.67,76.8,0.27,6,1,56.1,ZONE-RK01
3.1,51.8,82.4,46.2,294.43,0.9400000000000001,2.1100000000000003,97.4,0.09,17,1,45.1,ZONE-HW01
2.1,4.6,69.7,48.0,262.43,0.44,1.9300000000000002,87.4,0.76,15,1,45.0,ZONE-RK04
8.6,47.8,120.3,12.1,286.12,0.52,1.41,92.1,1.1,13,1,38.2,ZONE-HW02
14.1,18.5,88.1,74.9,294.28,0.97,2.1,96.3,0.09,17,1,42.2,ZONE-HW01
47.1,49.2,52.1,23.2,260.03,0.25,1.02,70.1,0.13,19,1,67.1,ZONE-RK03
4.6,13.1,131.5,20.1,286.36,0.54,1.56,94.0,1.08,13,1,36.1,ZONE-HW02
4.8,47.5,77.4,105.0,285.47,0.72,3.2,71.9,2.18,7,0,0.0,ZONE-HW03
1.0,21.1,22.8,4.5,262.87,0.43000000000000005,1.79,90.6,0.79,15,0,0.0,ZONE-RK04
35.5,40.0,78.0,37.1,294.69,0.97,2.35,93.1,0.05,17,1,28.1,ZONE-HW01
6.4,75.4,76.5,76.3,294.45,0.91,2.37,97.7,0.09,17,1,53.3,ZONE-HW01
49.6,74.2,212.3,3.8,262.21,0.45,1.72,89.7,0.78,15,1,70.0,ZONE-RK04
8.1,17.1,82.7,278.5,293.93,0.8200000000000001,2.02,95.8,0.060000000000000005,17,1,69.0,ZONE-HW01
4.4,36.3,47.3,58.3,288.78,0.4,1.8499999999999999,88.3,0.38,12,0,0.0,ZONE-HW04
9.4,116.7,163.6,30.1,268.74,0.73,3.0,74.1,0.35,6,1,70.0,ZONE-RK01
1.8,6.7,19.5,20.2,287.29,0.47000000000000003,1.5699999999999998,86.5,0.38,12,0,0.0,ZONE-HW04
28.5,53.2,90.3,8.5,259.63,0.21,1.18,66.3,0.13,19,1,71.1,ZONE-RK03
29.5,68.0,71.5,86.1,259.98,0.35,1.04,68.7,0.11,19,1,70.3,ZONE-RK03
11.8,14.4,45.1,46.4,287.77,0.31000000000000005,1.58,88.2,0.35000000000000003,12,0,0.0,ZONE-HW04
2.7,90.1,184.9,77.4,286.51,0.51,1.31,88.0,1.12,13,1,68.3,ZONE-HW02
9.3,25.2,77.8,55.2,285.62,0.42,1.5,89.8,1.06,13,0,0.0,ZONE-HW02
1.0,22.6,104.7,43.0,267.6,0.76,2.8899999999999997,75.6,0.27999999999999997,6,0,0.0,ZONE-RK01
0.8,47.1,58.3,20.9,259.69,0.38,1.14,66.1,0.14,19,1,70.3,ZONE-RK03
2.7,14.7,85.4,51.3,284.04,0.6399999999999999,3.19,68.3,2.1500000000000004,7,0,0.0,ZONE-HW03
3.4,66.5,172.3,143.1,274.34,0.27,1.46,62.2,0.24000000000000002,16,1,69.9,ZONE-HW05
4.1,22.1,232.1,103.5,275.25,0.32,1.22,62.6,0.23,16,1,68.3,ZONE-HW05
0.4,2.4,33.6,168.0,264.83,0.48,1.62,91.8,0.57,14,1,51.6,ZONE-RK02
11.6,32.3,37.9,74.9,267.6,0.8300000000000001,2.86,73.6,0.31,6,0,0.0,ZONE-RK01
25.9,40.3,115.0,233.6,259.84,0.38,1.2,68.7,0.08,19,1,74.2,ZONE-RK03
3.4,25.6,42.5,110.2,287.4,0.34,1.6099999999999999,89.1,0.37,12,0,0.0,ZONE-HW04
12.9,43.1,123.1,35.3,284.59,0.61,3.0,68.2,2.24,7,0,0.0,ZONE-HW03
37.0,59.8,68.4,83.3,285.47,0.4,1.34,88.7,1.11,13,0,0.0,ZONE-HW02
23.6,35.0,132.3,165.6,287.3,0.32,1.7,90.3,0.36000000000000004,12,1,67.4,ZONE-HW04
4.9,128.1,135.7,15.8,262.41,0.5,1.71,85.3,0.8300000000000001,15,1,74.1,ZONE-RK04
3.1,70.4,123.5,11.5,293.72,0.9400000000000001,2.1700000000000004,92.7,0.09,17,1,65.0,ZONE-HW01
8.7,37.4,41.8,149.8,268.7,0.8300000000000001,2.67,74.1,0.29,6,0,0.0,ZONE-RK01
24.4,45.5,216.3,37.9,294.76,0.8200000000000001,2.33,93.1,0.05,17,1,75.2,ZONE-HW01
62.1,95.2,145.5,12.7,294.67,0.9400000000000001,2.1900000000000004,94.5,0.09,17,1,65.9,ZONE-HW01
32.0,48.7,57.6,0.9,260.39,0.21,1.38,66.0,0.09000000000000001,19,1,67.1,ZONE-RK03
12.3,34.8,98.3,154.7,287.36,0.38,1.64,86.2,0.42000000000000004,12,1,63.3,ZONE-HW04
1.2,40.6,51.0,136.7,259.97,0.3,1.3599999999999999,67.6,0.060000000000000005,19,1,71.4,ZONE-RK03
25.6,48.9,110.8,26.4,268.41,0.8400000000000001,2.9099999999999997,75.5,0.31,6,0,0.0,ZONE-RK01
9.6,61.3,92.0,31.0,286.04,0.54,1.55,90.6,1.12,13,0,0.0,ZONE-HW02
10.2,63.1,83.5,13.4,287.69,0.44,1.65,91.0,0.41000000000000003,12,1,40.5,ZONE-HW04
18.7,71.2,76.5,19.2,267.02,0.89,2.8,74.8,0.3,6,0,0.0,ZONE-RK01
2.3,15.1,45.0,96.7,259.15,0.3,1.0999999999999999,70.8,0.060000000000000005,19,1,66.0,ZONE-RK03
15.8,44.9,66.6,128.9,284.81,0.6499999999999999,2.98,71.8,2.1900000000000004,7,0,0.0,ZONE-HW03
9.6,125.6,175.9,9.4,287.89,0.32,1.7,89.9,0.36000000000000004,12,1,70.5,ZONE-HW04
16.9,28.7,86.7,5.1,275.1,0.37,1.52,67.8,0.21000000000000002,16,1,56.5,ZONE-HW05
2.9,61.0,73.9,127.0,274.41,0.32999999999999996,1.5799999999999998,64.2,0.16,16,1,64.5,ZONE-HW05
4.9,35.8,95.0,50.3,287.66,0.45,1.74,90.3,0.39,12,1,42.2,ZONE-HW04
5.5,12.7,14.4,25.4,265.52,0.44,1.54,94.0,0.65,14,0,0.0,ZONE-RK02
15.9,99.5,202.0,101.7,294.1,0.87,2.04,97.4,0.05,17,1,74.5,ZONE-HW01
23.3,56.1,71.2,166.4,284.21,0.72,2.88,72.6,2.1900000000000004,7,0,0.0,ZONE-HW03
16.7,41.4,47.3,41.5,288.65,0.34,1.64,90.5,0.35000000000000003,12,0,0.0,ZONE-HW04
9.3,69.3,108.9,33.5,265.54,0.49,1.6600000000000001,94.7,0.5599999999999999,14,1,69.0,ZONE-RK02
56.5,60.0,87.5,3.0,275.47,0.31,1.3699999999999999,65.5,0.24000000000000002,16,1,62.2,ZONE-HW05
20.2,95.3,111.7,136.8,260.38,0.22999999999999998,1.33,65.6,0.12000000000000001,19,1,72.7,ZONE-RK03
5.2,77.7,147.8,114.4,286.01,0.48,1.69,93.5,1.1300000000000001,13,1,65.8,ZONE-HW02
0.3,99.1,164.0,25.4,286.94,0.49,1.35,90.5,1.12,13,1,69.6,ZONE-HW02
26.5,36.4,139.5,8.4,294.69,0.91,2.1300000000000003,96.4,0.060000000000000005,17,1,60.7,ZONE-HW01
18.2,41.5,46.6,19.4,262.75,0.36000000000000004,1.74,89.0,0.8500000000000001,15,1,37.8,ZONE-RK04
0.2,19.2,37.1,63.9,260.01,0.33999999999999997,1.13,65.7,0.09000000000000001,19,1,63.0,ZONE-RK03
5.3,16.0,84.0,3.5,285.35,0.7799999999999999,3.01,72.3,2.1900000000000004,7,0,0.0,ZONE-HW03
35.0,92.4,147.5,63.0,268.05,0.7100000000000001,2.6599999999999997,76.0,0.27,6,1,68.3,ZONE-RK01
33.4,39.5,43.6,19.2,260.97,0.33999999999999997,1.06,65.4,0.13,19,1,60.4,ZONE-RK03
23.7,24.8,68.5,377.3,274.06,0.36,1.24,67.2,0.22,16,1,74.3,ZONE-HW05
29.0,51.1,54.4,124.6,274.78,0.3,1.52,66.2,0.22,16,1,57.0,ZONE-HW05
13.7,17.4,22.3,168.3,284.78,0.7899999999999999,3.19,68.9,2.21,7,0,0.0,ZONE-HW03
16.6,69.6,175.2,59.4,268.49,0.74,2.9499999999999997,77.2,0.29,6,1,65.5,ZONE-RK01
10.9,27.8,46.9,39.9,286.51,0.51,1.54,92.7,1.1500000000000001,13,0,0.0,ZONE-HW02
22.3,49.9,161.4,41.0,293.9,1.0,2.0300000000000002,97.8,0.07,17,1,66.4,ZONE-HW01
14.0,43.9,88.7,84.9,267.86,0.81,2.65,75.5,0.27999999999999997,6,0,0.0,ZONE-RK01
4.1,25.6,31.1,34.0,285.93,0.59,1.32,93.6,1.11,13,0,0.0,ZONE-HW02
10.0,41.7,192.0,64.3,293.98,0.91,2.14,96.7,0.05,17,1,69.0,ZONE-HW01
20.4,41.6,91.9,5.2,260.04,0.36,1.06,68.3,0.09000000000000001,19,1,69.1,ZONE-RK03
4.4,17.9,49.9,3.3,262.83,0.37,1.72,90.7,0.81,15,1,29.6,ZONE-RK04
2.3,12.0,189.9,28.2,275.65,0.4,1.2,66.0,0.19,16,1,74.6,ZONE-HW05
9.9,16.4,63.6,23.1,263.42,0.44,1.73,90.5,0.8400000000000001,15,1,38.6,ZONE-RK04
3.5,25.3,25.6,0.5,275.45,0.19999999999999998,1.41,66.6,0.2,16,0,0.0,ZONE-HW05
3.7,4.8,10.5,29.0,274.89,0.21,1.5599999999999998,63.2,0.2,16,0,0.0,ZONE-HW05
24.3,49.8,85.7,24.3,264.33,0.59,1.62,89.0,0.5599999999999999,14,1,62.2,ZONE-RK02
40.3,55.5,60.1,67.2,263.23,0.38,1.6400000000000001,88.2,0.8200000000000001,15,1,61.4,ZONE-RK04
1.8,14.5,49.9,145.1,285.29,0.7899999999999999,3.1,67.9,2.2,7,0,0.0,ZONE-HW03
10.2,46.5,293.3,9.9,285.08,0.41000000000000003,1.37,89.5,1.06,13,1,74.5,ZONE-HW02
4.8,19.9,47.3,37.1,293.82,0.89,2.16,93.9,0.05,17,0,0.0,ZONE-HW01
35.7,73.3,120.1,25.9,265.07,0.53,1.6500000000000001,93.5,0.61,14,1,71.2,ZONE-RK02
26.0,119.1,205.2,0.1,264.72,0.5,1.52,93.1,0.61,14,1,70.2,ZONE-RK02
15.2,16.8,31.7,4.3,287.76,0.46,1.51,86.9,0.37,12,0,0.0,ZONE-HW04
13.9,48.7,54.8,33.9,285.59,0.77,2.92,70.8,2.18,7,0,0.0,ZONE-HW03
9.1,22.9,29.3,38.0,286.91,0.4,1.65,88.8,1.05,13,0,0.0,ZONE-HW02
20.9,23.1,27.3,30.7,285.07,0.7899999999999999,2.92,71.5,2.24,7,0,0.0,ZONE-HW03
42.6,75.7,132.5,31.5,285.42,0.58,1.6400000000000001,88.9,1.07,13,1,55.4,ZONE-HW02
13.5,13.8,64.3,171.2,293.39,0.8400000000000001,2.3200000000000003,97.1,0.09,17,1,52.0,ZONE-HW01
14.2,76.3,140.7,9.0,274.92,0.31,1.3199999999999998,62.4,0.16,16,1,72.4,ZONE-HW05
34.9,37.0,75.2,10.7,288.9,0.37,1.77,87.4,0.38,12,0,0.0,ZONE-HW04
0.2,16.6,34.1,46.6,265.8,0.46,1.58,92.7,0.58,14,1,29.5,ZONE-RK02
12.9,14.2,20.8,57.3,286.62,0.59,1.37,89.9,1.1300000000000001,13,0,0.0,ZONE-HW02
6.3,45.5,98.3,130.8,284.55,0.6699999999999999,3.07,69.0,2.2,7,0,0.0,ZONE-HW03
17.7,34.6,90.5,22.5,287.72,0.36000000000000004,1.72,87.1,0.41000000000000003,12,1,35.2,ZONE-HW04
5.5,52.2,81.8,112.1,260.78,0.24,1.29,68.8,0.12000000000000001,19,1,74.4,ZONE-RK03
25.9,84.4,208.6,39.5,275.26,0.36,1.43,66.6,0.17,16,1,68.2,ZONE-HW05
5.8,32.0,55.2,64.3,294.09,1.0,2.1900000000000004,96.7,0.05,17,0,0.0,ZONE-HW01
18.3,53.3,76.8,12.8,263.28,0.42000000000000004,1.94,85.8,0.8,15,1,49.8,ZONE-RK04
8.4,13.0,123.4,29.7,286.0,0.53,1.6400000000000001,92.8,1.11,13,1,28.1,ZONE-HW02
2.5,3.3,55.2,70.9,274.28,0.22999999999999998,1.43,65.4,0.24000000000000002,16,1,40.0,ZONE-HW05
6.2,8.4,34.8,26.1,288.88,0.31000000000000005,1.8,87.4,0.38,12,0,0.0,ZONE-HW04
17.0,44.9,67.6,17.2,261.59,0.34,1.96,87.2,0.8,15,1,50.4,ZONE-RK04
66.4,84.6,142.9,10.6,267.08,0.8300000000000001,2.6399999999999997,77.8,0.31,6,1,57.0,ZONE-RK01
10.0,10.8,46.0,232.7,294.16,0.91,2.1500000000000004,94.3,0.060000000000000005,17,1,50.4,ZONE-HW01
7.3,8.5,10.1,34.4,265.03,0.48,1.76,92.1,0.59,14,0,0.0,ZONE-RK02
2.6,3.3,73.9,42.9,285.97,0.5,1.54,91.0,1.06,13,0,0.0,ZONE-HW02
5.1,74.2,80.4,218.5,259.46,0.3,1.1099999999999999,65.9,0.07,19,1,72.7,ZONE-RK03
5.7,71.5,117.7,122.7,265.32,0.48,1.53,89.7,0.62,14,1,70.9,ZONE-RK02
62.0,72.2,234.6,34.5,260.29,0.27999999999999997,1.0999999999999999,65.8,0.11,19,1,69.1,ZONE-RK03
7.3,19.8,58.8,11.7,274.08,0.31,1.22,63.5,0.17,16,1,43.7,ZONE-HW05
12.1,35.5,107.3,125.6,268.76,0.8500000000000001,2.9299999999999997,77.7,0.27,6,1,43.8,ZONE-RK01
8.7,19.5,34.5,15.2,288.73,0.33,1.83,89.6,0.43000000000000005,12,0,0.0,ZONE-HW04
0.9,13.5,29.3,237.6,260.25,0.3,1.0699999999999998,69.1,0.14,19,1,70.9,ZONE-RK03
12.2,25.0,68.4,10.5,264.46,0.48,1.4400000000000002,90.2,0.64,14,1,46.9,ZONE-RK02
8.8,38.3,71.9,36.0,285.65,0.72,2.87,72.4,2.21,7,0,0.0,ZONE-HW03
76.4,140.1,188.9,59.0,275.01,0.21999999999999997,1.39,62.8,0.21000000000000002,16,1,74.6,ZONE-HW05
14.5,21.2,46.3,2.8,285.04,0.6699999999999999,2.82,70.2,2.1700000000000004,7,0,0.0,ZONE-HW03
9.7,33.2,46.1,232.8,288.58,0.38,1.74,90.4,0.43000000000000005,12,1,48.1,ZONE-HW04
36.0,74.4,112.5,142.8,264.85,0.45,1.7100000000000002,94.5,0.5599999999999999,14,1,72.1,ZONE-RK02
2.1,49.0,55.7,110.7,274.82,0.24,1.48,66.7,0.21000000000000002,16,1,57.5,ZONE-HW05
4.8,67.7,211.9,11.3,267.75,0.74,2.92,74.5,0.26,6,1,69.3,ZONE-RK01
9.3,128.2,161.2,139.4,293.52,0.91,2.23,95.7,0.1,17,1,70.9,ZONE-HW01
13.3,27.4,44.2,15.9,262.33,0.46,1.79,87.2,0.81,15,0,0.0,ZONE-RK04
21.5,36.2,72.0,47.5,294.98,0.92,2.31,94.4,0.05,17,1,33.0,ZONE-HW01
12.9,73.1,270.6,36.6,265.5,0.49,1.6800000000000002,90.0,0.57,14,1,71.2,ZONE-RK02
26.4,69.8,112.4,218.7,286.6,0.52,1.57,88.3,1.09,13,1,67.1,ZONE-HW02
3.4,6.9,103.1,40.5,265.65,0.49,1.6400000000000001,89.5,0.58,14,1,60.5,ZONE-RK02
28.2,95.3,98.5,150.5,268.45,0.89,2.76,75.9,0.27999999999999997,6,1,61.5,ZONE-RK01
8.9,30.3,79.6,182.6,268.89,0.8600000000000001,2.86,74.6,0.27,6,1,34.1,ZONE-RK01
0.3,19.7,77.9,89.8,274.57,0.21,1.44,65.1,0.17,16,1,59.4,ZONE-HW05
17.7,22.0,39.8,31.1,267.72,0.8300000000000001,2.9899999999999998,72.5,0.27999999999999997,6,0,0.0,ZONE-RK01
24.5,34.3,46.1,221.0,284.71,0.6799999999999999,3.03,70.1,2.22,7,0,0.0,ZONE-HW03
0.1,184.0,240.5,123.4,265.84,0.51,1.6900000000000002,92.4,0.61,14,1,70.8,ZONE-RK02
5.2,5.6,72.5,125.8,293.45,0.99,2.18,94.4,0.05,17,1,37.3,ZONE-HW01
20.2,24.8,94.8,102.6,274.21,0.21,1.3199999999999998,67.7,0.23,16,1,71.2,ZONE-HW05
16.1,59.7,153.2,66.6,275.63,0.31,1.48,67.8,0.21000000000000002,16,1,73.5,ZONE-HW05
1.4,21.5,25.5,36.6,286.92,0.49,1.48,91.5,1.05,13,0,0.0,ZONE-HW02
7.8,9.8,31.2,8.2,264.52,0.48,1.7200000000000002,90.3,0.62,14,0,0.0,ZONE-RK02
24.8,113.3,117.1,217.3,285.82,0.47,1.51,92.2,1.08,13,1,68.3,ZONE-HW02
11.1,21.8,25.8,48.6,285.35,0.76,2.83,72.6,2.2,7,0,0.0,ZONE-HW03
23.7,60.5,63.1,5.3,285.44,0.51,1.37,92.5,1.1400000000000001,13,0,0.0,ZONE-HW02
7.7,18.2,31.4,23.1,262.5,0.34,1.8900000000000001,90.2,0.77,15,0,0.0,ZONE-RK04
24.4,103.8,129.8,165.6,263.17,0.47000000000000003,1.74,89.7,0.76,15,1,68.4,ZONE-RK04
5.8,25.2,38.0,71.6,288.23,0.45,1.72,86.3,0.4,12,0,0.0,ZONE-HW04
57.9,85.7,107.8,73.1,285.98,0.6,1.66,93.2,1.1,13,1,54.9,ZONE-HW02
2.0,67.9,102.9,41.8,274.56,0.24,1.43,62.3,0.23,16,1,67.5,ZONE-HW05
13.2,42.6,46.3,80.3,274.07,0.27,1.54,66.7,0.2,16,1,47.6,ZONE-HW05
4.2,41.7,128.1,114.1,274.92,0.33999999999999997,1.2,63.3,0.21000000000000002,16,1,69.4,ZONE-HW05
12.1,34.1,41.8,104.5,293.37,0.85,2.1100000000000003,97.8,0.05,17,1,27.2,ZONE-HW01
4.7,25.3,42.0,10.1,284.42,0.74,2.95,72.1,2.18,7,0,0.0,ZONE-HW03
14.9,16.6,85.6,26.7,260.14,0.4,1.27,69.9,0.12000000000000001,19,1,71.4,ZONE-RK03
0.0,21.5,23.9,22.6,274.86,0.27999999999999997,1.2599999999999998,67.8,0.16,16,0,0.0,ZONE-HW05
18.4,20.3,111.7,0.3,267.35,0.8,3.0,77.1,0.3,6,0,0.0,ZONE-RK01
4.3,44.8,63.8,7.5,286.57,0.46,1.52,91.4,1.09,13,0,0.0,ZONE-HW02
6.7,16.2,108.7,26.3,259.12,0.36,1.19,68.8,0.09000000000000001,19,1,69.5,ZONE-RK03
23.3,90.0,118.4,168.5,285.72,0.51,1.62,90.1,1.09,13,1,65.3,ZONE-HW02
7.1,106.9,111.6,81.3,262.65,0.43000000000000005,1.82,90.9,0.78,15,1,69.6,ZONE-RK04
10.2,24.9,75.0,85.2,274.97,0.35,1.5599999999999998,64.3,0.18000000000000002,16,1,59.1,ZONE-HW05
0.1,5.6,68.0,76.8,260.74,0.32999999999999996,1.3699999999999999,67.5,0.11,19,1,67.1,ZONE-RK03
50.7,93.6,244.2,84.9,264.16,0.47,1.53,92.9,0.62,14,1,72.8,ZONE-RK02
5.3,8.6,84.7,72.3,284.54,0.69,3.15,69.2,2.21,7,0,0.0,ZONE-HW03
0.7,14.1,171.2,48.6,287.83,0.34,1.51,90.4,0.42000000000000004,12,1,71.9,ZONE-HW04
8.5,26.9,38.6,32.2,264.42,0.48,1.4400000000000002,94.6,0.6,14,1,32.7,ZONE-RK02
6.9,8.5,81.5,37.7,285.05,0.7999999999999999,2.84,70.7,2.16,7,0,0.0,ZONE-HW03
25.9,82.9,94.8,75.0,284.62,0.6499999999999999,2.91,70.8,2.16,7,0,0.0,ZONE-HW03
9.6,73.2,85.4,79.3,259.06,0.32999999999999996,1.3399999999999999,67.0,0.1,19,1,75.1,ZONE-RK03
14.0,24.5,31.8,73.8,275.87,0.31,1.25,67.7,0.2,16,1,35.7,ZONE-HW05
20.1,31.5,83.3,35.2,288.26,0.43000000000000005,1.73,89.1,0.41000000000000003,12,0,0.0,ZONE-HW04
18.7,25.4,135.9,23.7,294.82,0.9,2.0900000000000003,92.5,0.05,17,1,60.4,ZONE-HW01
6.9,8.7,14.6,50.8,259.61,0.19999999999999998,1.33,70.1,0.08,19,1,53.5,ZONE-RK03
4.7,58.8,59.5,33.4,268.38,0.8,2.9,73.8,0.32999999999999996,6,0,0.0,ZONE-RK01
6.2,6.8,13.4,37.4,294.19,0.96,2.22,93.1,0.09,17,0,0.0,ZONE-HW01
10.2,25.7,63.6,63.3,284.79,0.6299999999999999,3.09,69.3,2.1900000000000004,7,0,0.0,ZONE-HW03
0.1,18.8,184.3,51.2,293.16,0.93,2.21,96.8,0.060000000000000005,17,1,71.9,ZONE-HW01
17.0,28.2,102.6,103.8,293.57,0.9500000000000001,2.3200000000000003,94.5,0.09,17,1,54.6,ZONE-HW01
11.1,123.0,129.7,1.2,293.22,0.89,2.18,96.2,0.05,17,1,67.4,ZONE-HW01
22.1,71.5,77.9,21.6,259.1,0.31,1.0699999999999998,65.6,0.08,19,1,72.3,ZONE-RK03
0.3,10.7,84.9,51.1,267.47,0.73,2.8,74.1,0.27999999999999997,6,0,0.0,ZONE-RK01
6.4,20.3,20.4,24.9,289.0,0.39,1.8199999999999998,88.0,0.43000000000000005,12,0,0.0,ZONE-HW04
15.6,125.3,219.2,1.7,259.11,0.36,1.03,67.8,0.07,19,1,74.7,ZONE-RK03
34.3,80.2,156.0,42.9,285.66,0.62,3.11,68.5,2.23,7,0,0.0,ZONE-HW03
7.6,18.4,21.8,18.1,287.49,0.5,1.58,90.4,0.36000000000000004,12,0,0.0,ZONE-HW04
4.2,24.1,92.9,44.9,262.45,0.44,1.72,86.9,0.81,15,1,57.0,ZONE-RK04
0.9,95.9,238.9,107.7,275.04,0.25,1.46,63.2,0.24000000000000002,16,1,74.9,ZONE-HW05
71.2,94.8,259.3,5.5,263.45,0.35000000000000003,1.77,85.1,0.8300000000000001,15,1,72.7,ZONE-RK04
6.8,14.5,25.4,10.6,285.58,0.6,2.82,71.7,2.2,7,0,0.0,ZONE-HW03
14.6,60.2,103.4,11.1,259.74,0.21999999999999997,1.06,65.5,0.11,19,1,74.7,ZONE-RK03
25.0,55.3,79.9,78.5,267.12,0.8300000000000001,2.88,76.7,0.26,6,0,0.0,ZONE-RK01
4.5,17.2,141.9,24.0,262.13,0.41000000000000003,1.86,87.1,0.8400000000000001,15,1,70.4,ZONE-RK04
9.5,75.8,137.3,4.5,268.38,0.77,2.65,77.4,0.3,6,1,52.9,ZONE-RK01
2.4,2.6,52.4,41.6,294.09,0.9,2.23,95.3,0.05,17,0,0.0,ZONE-HW01
2.2,97.3,135.0,19.4,287.55,0.47000000000000003,1.8699999999999999,89.3,0.36000000000000004,12,1,63.4,ZONE-HW04
10.4,44.5,48.5,22.5,294.64,0.91,2.18,96.7,0.05,17,0,0.0,ZONE-HW01
24.7,43.2,82.7,39.7,260.77,0.32,1.15,68.7,0.08,19,1,66.9,ZONE-RK03
0.7,6.1,35.6,16.4,275.64,0.24,1.47,66.6,0.17,16,0,0.0,ZONE-HW05
0.8,56.5,255.2,110.3,293.65,0.93,2.04,95.1,0.05,17,1,74.6,ZONE-HW01
28.8,37.1,198.8,15.4,259.36,0.21,1.04,66.1,0.05,19,1,73.1,ZONE-RK03
45.4,203.3,265.5,278.0,285.32,0.71,3.08,68.5,2.1900000000000004,7,1,72.6,ZONE-HW03
12.6,21.6,50.3,63.0,264.03,0.58,1.6600000000000001,94.6,0.63,14,1,43.2,ZONE-RK02
1.1,30.3,228.9,14.8,267.72,0.8500000000000001,2.96,76.9,0.32999999999999996,6,1,65.9,ZONE-RK01
23.6,95.1,239.0,225.6,294.06,0.9500000000000001,2.33,92.5,0.05,17,1,72.1,ZONE-HW01
11.1,124.7,195.5,12.3,265.45,0.51,1.48,92.2,0.57,14,1,72.9,ZONE-RK02
9.7,47.7,61.9,71.6,260.12,0.31,1.3,69.6,0.11,19,1,71.1,ZONE-RK03
16.5,21.8,63.4,103.4,285.77,0.6299999999999999,2.87,69.4,2.18,7,0,0.0,ZONE-HW03
10.4,10.8,11.3,30.9,260.07,0.32,1.3699999999999999,70.4,0.11,19,1,48.6,ZONE-RK03
39.1,46.9,97.2,17.6,285.82,0.53,1.63,89.9,1.07,13,0,0.0,ZONE-HW02
5.8,62.3,127.6,7.0,274.43,0.35,1.5699999999999998,63.5,0.25,16,1,67.9,ZONE-HW05
8.4,9.3,42.1,76.0,284.0,0.61,2.91,67.1,2.16,7,0,0.0,ZONE-HW03
1.9,12.1,37.5,176.4,293.01,1.0,2.0900000000000003,93.9,0.08,17,1,32.1,ZONE-HW01
75.0,76.4,148.0,32.5,294.84,0.9,2.23,95.4,0.05,17,1,68.6,ZONE-HW01
7.5,49.6,174.9,211.0,259.28,0.27,1.23,66.4,0.13,19,1,68.7,ZONE-RK03
12.9,26.2,103.7,20.2,285.14,0.6399999999999999,2.83,68.9,2.2,7,0,0.0,ZONE-HW03
12.5,25.8,79.2,19.2,288.65,0.44,1.73,91.4,0.41000000000000003,12,0,0.0,ZONE-HW04
3.2,78.3,83.7,49.4,293.07,0.96,2.1500000000000004,96.7,0.09,17,1,52.9,ZONE-HW01
3.7,4.9,6.7,13.5,284.83,0.77,3.15,68.4,2.22,7,0,0.0,ZONE-HW03
30.2,40.2,190.4,61.0,268.27,0.8300000000000001,2.6199999999999997,75.1,0.27999999999999997,6,1,68.7,ZONE-RK01
8.6,34.6,71.0,99.5,286.0,0.44,1.32,92.4,1.09,13,0,0.0,ZONE-HW02
5.0,18.1,130.4,204.9,288.51,0.42000000000000004,1.54,88.6,0.43000000000000005,12,1,66.0,ZONE-HW04
33.5,49.8,125.6,45.3,285.17,0.51,1.32,90.4,1.06,13,1,52.5,ZONE-HW02
10.3,17.2,61.9,14.4,260.52,0.3,1.08,67.4,0.11,19,1,66.0,ZONE-RK03
6.0,63.9,75.5,5.2,274.49,0.21,1.51,63.9,0.24000000000000002,16,1,53.6,ZONE-HW05
1.1,85.9,121.3,36.9,284.85,0.6699999999999999,2.93,70.6,2.1500000000000004,7,0,0.0,ZONE-HW03
25.0,79.2,99.4,82.8,293.34,0.87,2.33,96.8,0.060000000000000005,17,1,63.7,ZONE-HW01
22.1,54.0,62.2,146.1,261.9,0.37,1.9000000000000001,90.1,0.76,15,1,62.6,ZONE-RK04
11.6,21.6,49.3,2.7,260.74,0.36,1.01,69.2,0.060000000000000005,19,1,62.4,ZONE-RK03
2.1,45.6,45.6,37.7,267.66,0.8500000000000001,2.6799999999999997,75.3,0.32999999999999996,6,0,0.0,ZONE-RK01
11.1,12.8,193.5,17.9,274.97,0.35,1.2599999999999998,66.2,0.15000000000000002,16,1,72.1,ZONE-HW05
5.4,16.3,29.4,0.1,274.09,0.22999999999999998,1.3099999999999998,66.7,0.21000000000000002,16,0,0.0,ZONE-HW05
19.6,121.8,134.5,76.1,267.93,0.89,2.63,76.0,0.32,6,1,69.0,ZONE-RK01
20.3,76.9,104.4,25.3,286.73,0.4,1.65,91.9,1.07,13,1,40.0,ZONE-HW02
5.9,43.3,128.2,14.0,265.81,0.5,1.6400000000000001,89.5,0.57,14,1,72.2,ZONE-RK02
7.0,76.7,158.9,293.3,275.85,0.19999999999999998,1.2999999999999998,65.2,0.18000000000000002,16,1,71.1,ZONE-HW05
21.1,36.1,80.8,75.7,259.04,0.33999999999999997,1.14,66.8,0.15000000000000002,19,1,74.4,ZONE-RK03
1.2,24.8,86.6,12.8,294.62,0.93,2.35,97.3,0.08,17,1,25.5,ZONE-HW01
22.8,49.1,201.2,3.0,275.9,0.25,1.3399999999999999,64.4,0.16,16,1,73.6,ZONE-HW05
4.6,32.2,49.8,87.7,275.92,0.32,1.45,63.4,0.17,16,1,45.2,ZONE-HW05
21.3,24.5,60.6,49.8,294.82,0.87,2.22,93.2,0.05,17,0,0.0,ZONE-HW01
6.9,88.0,175.9,83.6,275.37,0.24,1.2599999999999998,66.1,0.24000000000000002,16,1,75.1,ZONE-HW05
18.8,37.4,164.3,83.0,285.99,0.7999999999999999,2.86,72.6,2.24,7,0,0.0,ZONE-HW03
19.6,78.9,94.9,115.2,285.14,0.51,1.59,89.1,1.1300000000000001,13,1,47.2,ZONE-HW02
3.3,16.0,36.4,268.9,268.53,0.88,2.77,74.5,0.29,6,0,0.0,ZONE-RK01
29.1,65.3,130.2,57.8,293.3,0.8400000000000001,2.0500000000000003,92.2,0.1,17,1,68.3,ZONE-HW01
44.1,64.7,88.6,12.5,262.69,0.35000000000000003,1.61,85.5,0.8300000000000001,15,1,60.0,ZONE-RK04
23.1,62.9,87.2,1.8,288.42,0.37,1.8399999999999999,88.9,0.36000000000000004,12,1,32.8,ZONE-HW04
27.4,27.7,88.5,246.1,267.82,0.89,2.9699999999999998,77.7,0.27,6,1,53.5,ZONE-RK01
8.6,16.6,77.6,118.9,263.02,0.31000000000000005,1.97,90.9,0.8400000000000001,15,1,62.4,ZONE-RK04
11.9,114.3,117.0,49.2,286.73,0.58,1.47,92.7,1.11,13,1,61.5,ZONE-HW02
19.0,78.6,88.5,112.7,285.79,0.59,1.53,91.2,1.11,13,1,47.1,ZONE-HW02
12.1,27.3,34.4,140.3,268.04,0.79,2.9299999999999997,72.3,0.35,6,0,0.0,ZONE-RK01
2.6,13.7,30.8,143.6,275.08,0.4,1.22,64.3,0.23,16,1,45.8,ZONE-HW05
16.8,64.6,79.0,68.6,262.08,0.38,1.72,90.0,0.8,15,1,65.1,ZONE-RK04
12.7,66.4,184.7,0.9,268.38,0.88,2.79,75.9,0.26,6,1,65.6,ZONE-RK01
16.8,18.4,58.2,23.7,260.56,0.39,1.28,65.8,0.09000000000000001,19,1,63.4,ZONE-RK03
5.5,18.6,67.1,28.5,259.91,0.38,1.3599999999999999,70.3,0.060000000000000005,19,1,65.7,ZONE-RK03
19.8,35.4,38.9,107.2,260.44,0.21999999999999997,1.05,67.7,0.09000000000000001,19,1,68.8,ZONE-RK03
5.0,22.0,79.8,28.3,285.45,0.7999999999999999,3.04,68.0,2.21,7,0,0.0,ZONE-HW03
0.9,14.9,159.4,71.9,268.54,0.88,2.8299999999999996,76.0,0.27,6,1,59.7,ZONE-RK01
16.7,46.7,57.8,37.9,260.54,0.21,1.1199999999999999,69.4,0.15000000000000002,19,1,66.9,ZONE-RK03
20.9,24.1,40.4,22.6,259.24,0.22999999999999998,1.08,68.7,0.08,19,1,63.4,ZONE-RK03
8.5,126.4,129.9,51.2,288.09,0.30000000000000004,1.8499999999999999,87.4,0.41000000000000003,12,1,68.8,ZONE-HW04
3.0,108.9,114.9,36.2,284.88,0.72,2.8,72.3,2.18,7,0,0.0,ZONE-HW03
20.1,56.7,84.2,29.8,275.64,0.24,1.27,62.3,0.18000000000000002,16,1,59.7,ZONE-HW05
7.6,16.8,28.3,46.2,268.33,0.8700000000000001,2.7199999999999998,77.5,0.25,6,0,0.0,ZONE-RK01
4.7,14.9,68.4,242.1,285.99,0.6299999999999999,2.91,71.0,2.22,7,0,0.0,ZONE-HW03
13.9,16.3,20.2,211.7,274.35,0.29,1.43,67.6,0.16,16,1,52.5,ZONE-HW05
5.3,8.2,53.9,68.4,286.8,0.56,1.6,93.1,1.06,13,0,0.0,ZONE-HW02
15.7,25.0,25.8,234.7,287.27,0.44,1.6099999999999999,89.2,0.4,12,1,34.2,ZONE-HW04
4.3,38.1,99.4,65.9,267.22,0.8500000000000001,2.8499999999999996,77.9,0.3,6,0,0.0,ZONE-RK01
5.6,15.1,60.6,140.7,293.85,0.97,2.1,95.5,0.060000000000000005,17,1,42.8,ZONE-HW01
44.0,47.4,55.8,202.7,288.04,0.43000000000000005,1.7,87.1,0.41000000000000003,12,1,51.1,ZONE-HW04
20.0,84.4,95.7,62.0,261.5,0.30000000000000004,1.85,85.7,0.8300000000000001,15,1,71.2,ZONE-RK04
18.1,52.3,78.5,1.1,284.83,0.6699999999999999,3.02,70.8,2.1500000000000004,7,0,0.0,ZONE-HW03
13.1,21.9,51.8,221.2,262.88,0.35000000000000003,1.6300000000000001,86.8,0.8,15,1,67.7,ZONE-RK04
7.6,62.5,72.9,78.1,265.37,0.47,1.6900000000000002,92.7,0.5499999999999999,14,1,62.4,ZONE-RK02
56.6,59.8,60.2,39.8,286.67,0.58,1.49,90.8,1.05,13,0,0.0,ZONE-HW02
1.5,42.9,165.9,39.8,259.96,0.32999999999999996,1.3599999999999999,68.2,0.08,19,1,74.2,ZONE-RK03
4.5,21.6,85.9,0.6,285.86,0.61,3.01,70.4,2.22,7,0,0.0,ZONE-HW03
13.4,41.9,92.7,19.4,275.07,0.24,1.47,66.8,0.24000000000000002,16,1,60.3,ZONE-HW05
18.8,21.7,32.8,147.0,259.56,0.21,1.39,68.8,0.13,19,1,68.6,ZONE-RK03
20.1,20.5,34.8,16.9,284.37,0.62,3.11,68.8,2.24,7,0,0.0,ZONE-HW03
4.7,13.2,16.4,43.0,267.54,0.7200000000000001,2.9499999999999997,74.2,0.32999999999999996,6,0,0.0,ZONE-RK01
19.8,47.8,103.7,5.9,293.43,0.86,2.04,96.7,0.08,17,1,56.2,ZONE-HW01
45.4,100.1,181.9,121.2,288.01,0.46,1.8599999999999999,86.9,0.38,12,1,71.4,ZONE-HW04
40.5,64.1,75.3,67.1,274.62,0.27,1.51,62.6,0.25,16,1,62.5,ZONE-HW05
20.4,60.6,97.4,5.0,259.41,0.21,1.16,70.2,0.060000000000000005,19,1,69.7,ZONE-RK03
7.0,83.1,127.0,54.1,268.37,0.8200000000000001,2.63,74.8,0.25,6,1,57.1,ZONE-RK01
4.7,18.5,131.4,76.9,293.04,0.9500000000000001,2.2600000000000002,93.3,0.05,17,1,61.9,ZONE-HW01
23.2,41.4,91.1,20.0,274.64,0.29,1.25,62.9,0.18000000000000002,16,1,58.0,ZONE-HW05
18.3,35.0,64.2,73.4,275.03,0.24,1.3399999999999999,63.9,0.16,16,1,59.3,ZONE-HW05
41.3,43.3,130.4,24.2,294.15,0.8300000000000001,2.12,97.4,0.05,17,1,60.6,ZONE-HW01
8.8,9.5,27.4,48.9,267.94,0.8400000000000001,2.6399999999999997,72.3,0.29,6,0,0.0,ZONE-RK01
0.9,21.2,152.1,7.8,260.41,0.38,1.25,69.1,0.09000000000000001,19,1,70.5,ZONE-RK03
21.7,37.5,90.7,21.1,286.63,0.54,1.57,91.2,1.1500000000000001,13,0,0.0,ZONE-HW02
2.6,7.8,11.5,14.4,288.14,0.32,1.8199999999999998,90.2,0.36000000000000004,12,0,0.0,ZONE-HW04
16.4,80.4,164.5,80.9,294.37,0.9400000000000001,2.1900000000000004,93.4,0.05,17,1,73.8,ZONE-HW01
1.8,12.0,30.5,20.1,294.83,0.88,2.2800000000000002,96.0,0.08,17,0,0.0,ZONE-HW01
10.9,33.9,56.0,30.6,285.91,0.41000000000000003,1.49,90.1,1.1,13,0,0.0,ZONE-HW02
26.5,73.2,91.6,171.6,259.56,0.27,1.23,68.0,0.09000000000000001,19,1,73.5,ZONE-RK03
45.8,57.7,79.6,49.3,264.65,0.53,1.7200000000000002,92.2,0.59,14,1,62.1,ZONE-RK02
42.5,105.2,110.6,34.9,262.6,0.49,1.75,87.0,0.8300000000000001,15,1,70.4,ZONE-RK04
12.1,33.1,43.9,137.0,285.13,0.6699999999999999,3.08,68.0,2.22,7,0,0.0,ZONE-HW03
16.9,71.5,169.4,96.6,287.23,0.42000000000000004,1.63,86.6,0.39,12,1,69.3,ZONE-HW04
8.7,37.0,45.7,78.4,284.14,0.62,3.13,71.6,2.1900000000000004,7,0,0.0,ZONE-HW03
3.0,38.5,51.5,8.8,288.29,0.31000000000000005,1.5899999999999999,86.8,0.41000000000000003,12,0,0.0,ZONE-HW04
2.7,2.8,66.2,92.3,268.51,0.8300000000000001,2.78,73.7,0.31,6,0,0.0,ZONE-RK01
10.9,16.2,20.6,1.4,287.39,0.44,1.63,89.4,0.44,12,0,0.0,ZONE-HW04
2.7,69.2,83.0,30.6,294.84,0.99,2.29,97.5,0.1,17,1,44.5,ZONE-HW01
1.7,9.2,45.8,65.5,274.81,0.22999999999999998,1.3199999999999998,64.2,0.2,16,1,34.8,ZONE-HW05
4.2,6.0,30.8,18.7,275.64,0.27,1.54,67.2,0.17,16,0,0.0,ZONE-HW05
3.7,100.2,148.1,57.0,285.25,0.74,2.96,69.6,2.1700000000000004,7,0,0.0,ZONE-HW03
8.1,24.9,63.8,83.4,259.95,0.24,1.15,70.5,0.13,19,1,66.9,ZONE-RK03
18.2,23.9,58.6,37.2,259.27,0.21,1.01,69.3,0.1,19,1,67.7,ZONE-RK03
30.7,60.6,98.6,8.6,259.17,0.32999999999999996,1.17,67.7,0.13,19,1,71.8,ZONE-RK03
14.0,17.7,38.3,10.8,285.25,0.69,2.97,71.9,2.1900000000000004,7,0,0.0,ZONE-HW03
17.7,24.6,49.5,158.2,261.87,0.42000000000000004,1.83,90.1,0.77,15,1,59.8,ZONE-RK04
3.4,24.7,51.9,1.3,285.85,0.72,2.81,67.2,2.2,7,0,0.0,ZONE-HW03
23.6,25.7,57.8,57.6,285.23,0.5,1.58,88.9,1.12,13,0,0.0,ZONE-HW02
14.9,49.9,64.5,0.7,293.93,0.8200000000000001,2.3600000000000003,92.5,0.05,17,0,0.0,ZONE-HW01
19.3,42.3,132.7,120.6,265.37,0.51,1.6300000000000001,92.7,0.64,14,1,71.3,ZONE-RK02
27.8,47.7,68.0,109.8,267.94,0.8,2.79,76.4,0.29,6,0,0.0,ZONE-RK01
9.0,15.1,111.6,149.9,293.58,0.81,2.37,96.5,0.07,17,1,65.4,ZONE-HW01
9.4,11.8,36.3,113.9,268.26,0.8200000000000001,2.8299999999999996,75.9,0.27999999999999997,6,0,0.0,ZONE-RK01
34.8,41.6,45.1,146.9,267.57,0.7200000000000001,2.8,77.1,0.27999999999999997,6,0,0.0,ZONE-RK01
7.4,30.8,203.0,4.8,260.23,0.26,1.0999999999999999,69.4,0.11,19,1,75.2,ZONE-RK03
15.7,18.0,41.5,114.0,260.32,0.27,1.0699999999999998,69.7,0.07,19,1,65.8,ZONE-RK03
8.5,184.7,225.6,27.1,275.72,0.27,1.23,62.9,0.24000000000000002,16,1,69.2,ZONE-HW05
3.7,16.6,39.9,5.0,288.51,0.38,1.65,90.0,0.42000000000000004,12,0,0.0,ZONE-HW04
6.9,25.6,89.7,74.8,259.42,0.35,1.14,68.9,0.13,19,1,67.7,ZONE-RK03
18.5,18.8,31.1,75.9,259.93,0.3,1.19,70.7,0.14,19,1,61.0,ZONE-RK03
9.9,10.1,91.7,103.7,284.95,0.6299999999999999,3.15,67.1,2.24,7,0,0.0,ZONE-HW03
11.9,14.0,86.7,61.3,287.76,0.36000000000000004,1.71,91.7,0.36000000000000004,12,1,36.8,ZONE-HW04
22.8,64.6,145.8,51.1,286.91,0.49,1.67,93.2,1.08,13,1,59.5,ZONE-HW02
2.3,35.7,84.1,94.9,264.51,0.52,1.58,93.1,0.57,14,1,67.4,ZONE-RK02
2.8,9.3,119.9,97.0,262.54,0.44,2.0,86.9,0.75,15,1,64.2,ZONE-RK04
35.8,78.5,124.0,74.3,264.02,0.42,1.4400000000000002,91.7,0.57,14,1,69.5,ZONE-RK02
33.0,58.9,108.9,11.9,261.57,0.42000000000000004,1.62,88.6,0.8400000000000001,15,1,64.8,ZONE-RK04
9.6,47.4,63.2,15.8,265.42,0.42,1.7400000000000002,89.8,0.62,14,1,51.5,ZONE-RK02
5.6,13.9,26.0,38.7,260.79,0.33999999999999997,1.0999999999999999,67.8,0.14,19,1,55.5,ZONE-RK03
35.8,57.0,67.4,5.6,294.54,0.9400000000000001,2.27,96.6,0.05,17,0,0.0,ZONE-HW01
17.9,32.4,118.7,75.4,264.55,0.41000000000000003,1.56,95.0,0.58,14,1,72.5,ZONE-RK02
23.9,33.4,92.3,21.5,259.88,0.3,1.3699999999999999,68.7,0.07,19,1,70.2,ZONE-RK03
42.0,72.3,91.9,22.0,260.08,0.29,1.25,65.6,0.09000000000000001,19,1,69.1,ZONE-RK03
3.2,38.8,51.1,63.3,267.15,0.81,2.6999999999999997,74.7,0.33999999999999997,6,0,0.0,ZONE-RK01
4.6,37.1,121.5,105.4,260.31,0.19999999999999998,1.02,67.3,0.07,19,1,70.5,ZONE-RK03
21.5,27.7,32.3,84.0,285.15,0.7,3.18,69.9,2.1900000000000004,7,0,0.0,ZONE-HW03
6.9,23.9,25.5,21.0,265.08,0.4,1.78,93.9,0.6,14,0,0.0,ZONE-RK02
0.5,63.9,77.8,57.0,275.87,0.27,1.47,64.4,0.21000000000000002,16,1,66.4,ZONE-HW05
0.6,33.6,53.1,159.7,264.73,0.5700000000000001,1.54,94.0,0.63,14,1,60.6,ZONE-RK02
32.9,44.7,160.3,389.3,261.85,0.31000000000000005,1.75,86.1,0.8200000000000001,15,1,75.2,ZONE-RK04
26.2,82.1,96.4,60.2,285.97,0.58,1.48,89.1,1.05,13,1,38.5,ZONE-HW02
1.0,4.0,344.3,27.7,262.48,0.31000000000000005,1.82,86.8,0.8,15,1,74.7,ZONE-RK04
20.7,70.0,167.6,423.1,288.93,0.30000000000000004,1.64,88.0,0.42000000000000004,12,1,71.2,ZONE-HW04
4.1,5.3,31.8,9.8,263.11,0.43000000000000005,1.78,89.1,0.8400000000000001,15,0,0.0,ZONE-RK04
0.3,13.7,90.3,58.5,260.48,0.25,1.03,69.4,0.1,19,1,66.7,ZONE-RK03
5.6,37.5,50.7,1.0,267.49,0.8300000000000001,2.61,75.8,0.33999999999999997,6,0,0.0,ZONE-RK01
21.7,51.0,122.8,2.8,264.91,0.43,1.6400000000000001,93.9,0.5599999999999999,14,1,68.8,ZONE-RK02
27.2,56.2,97.6,68.6,261.63,0.34,1.73,90.0,0.8200000000000001,15,1,67.5,ZONE-RK04
30.0,56.5,100.0,327.3,265.95,0.52,1.4500000000000002,94.0,0.63,14,1,73.9,ZONE-RK02
21.2,38.7,100.1,34.5,259.67,0.21999999999999997,1.06,67.5,0.12000000000000001,19,1,71.5,ZONE-RK03
3.9,31.2,162.9,185.3,287.49,0.42000000000000004,1.55,90.7,0.41000000000000003,12,1,70.1,ZONE-HW04
6.3,28.8,40.7,380.3,259.03,0.3,1.0,66.1,0.060000000000000005,19,1,73.0,ZONE-RK03
59.5,91.0,172.6,87.9,293.83,0.96,2.31,96.2,0.05,17,1,72.5,ZONE-HW01
13.5,15.1,45.4,78.6,274.9,0.25,1.27,66.2,0.21000000000000002,16,1,45.5,ZONE-HW05
17.0,31.0,173.1,12.8,265.25,0.56,1.54,89.0,0.57,14,1,68.0,ZONE-RK02
10.4,45.6,105.3,73.2,275.95,0.32,1.5499999999999998,67.9,0.2,16,1,67.4,ZONE-HW05
4.8,9.9,60.4,64.0,262.05,0.34,1.92,89.1,0.8500000000000001,15,1,44.5,ZONE-RK04
3.0,39.6,70.0,77.1,259.32,0.38,1.02,67.2,0.07,19,1,68.4,ZONE-RK03
27.2,32.8,33.8,105.7,287.09,0.45,1.8699999999999999,87.1,0.43000000000000005,12,0,0.0,ZONE-HW04
14.1,50.2,141.3,113.7,288.03,0.31000000000000005,1.5899999999999999,88.7,0.41000000000000003,12,1,68.4,ZONE-HW04
48.6,71.6,105.1,36.0,285.46,0.42,1.39,89.4,1.09,13,1,41.8,ZONE-HW02
2.5,28.0,44.2,178.0,261.65,0.42000000000000004,1.62,87.6,0.77,15,1,62.3,ZONE-RK04
13.1,40.1,62.0,3.7,259.77,0.22999999999999998,1.29,68.8,0.15000000000000002,19,1,64.5,ZONE-RK03
0.5,17.0,21.4,65.3,259.06,0.31,1.1099999999999999,65.7,0.1,19,1,58.1,ZONE-RK03
31.9,96.2,150.0,16.6,285.44,0.46,1.3599999999999999,92.8,1.1500000000000001,13,1,68.4,ZONE-HW02
29.8,95.0,105.9,93.6,275.71,0.21999999999999997,1.54,64.9,0.25,16,1,71.1,ZONE-HW05
5.1,53.8,348.4,2.1,287.56,0.45,1.79,87.5,0.38,12,1,72.6,ZONE-HW04
34.1,63.3,244.6,43.8,260.83,0.38,1.17,65.3,0.15000000000000002,19,1,73.9,ZONE-RK03
28.2,30.1,50.5,4.9,274.07,0.31,1.39,66.8,0.23,16,1,33.5,ZONE-HW05
55.5,106.4,202.1,194.6,261.67,0.45,1.8800000000000001,87.4,0.77,15,1,70.9,ZONE-RK04
1.3,15.9,19.6,16.6,262.8,0.32,1.79,86.8,0.8200000000000001,15,0,0.0,ZONE-RK04
3.9,22.9,38.5,7.5,268.95,0.79,2.6599999999999997,76.2,0.27,6,0,0.0,ZONE-RK01
2.7,7.5,188.2,99.7,286.25,0.54,1.3,91.8,1.09,13,1,70.1,ZONE-HW02
51.5,68.9,85.2,112.1,274.07,0.29,1.3099999999999998,67.7,0.2,16,1,71.5,ZONE-HW05
5.9,16.6,29.8,9.7,265.24,0.47,1.77,92.1,0.64,14,0,0.0,ZONE-RK02
4.4,17.6,73.6,4.5,286.78,0.42,1.45,91.7,1.09,13,0,0.0,ZONE-HW02
3.5,53.2,61.1,29.4,260.3,0.33999999999999997,1.22,69.6,0.060000000000000005,19,1,67.5,ZONE-RK03
30.0,35.0,39.3,46.4,274.23,0.3,1.5799999999999998,65.5,0.25,16,1,30.4,ZONE-HW05
5.4,30.3,111.7,10.3,262.14,0.48000000000000004,1.8,87.5,0.76,15,1,63.1,ZONE-RK04
13.0,34.1,41.9,68.5,287.97,0.41000000000000003,1.55,90.3,0.42000000000000004,12,0,0.0,ZONE-HW04
4.8,24.9,29.2,43.1,275.8,0.29,1.3499999999999999,66.0,0.22,16,0,0.0,ZONE-HW05
5.5,57.3,60.2,38.0,264.38,0.58,1.4300000000000002,91.3,0.57,14,1,59.7,ZONE-RK02
9.2,47.9,90.6,77.0,264.22,0.46,1.6800000000000002,92.0,0.64,14,1,66.7,ZONE-RK02
22.5,82.0,100.8,54.1,267.59,0.89,2.82,72.8,0.27999999999999997,6,1,36.3,ZONE-RK01
27.5,164.1,274.2,32.5,267.58,0.7100000000000001,2.9499999999999997,73.4,0.33999999999999997,6,1,73.1,ZONE-RK01
3.3,23.5,91.2,47.5,285.16,0.73,3.11,69.9,2.22,7,0,0.0,ZONE-HW03
9.9,64.5,86.9,137.5,275.68,0.29,1.3199999999999998,62.8,0.23,16,1,66.3,ZONE-HW05
7.8,19.7,50.0,100.6,293.45,0.87,2.12,97.1,0.05,17,1,26.9,ZONE-HW01
2.0,8.6,159.9,13.5,260.24,0.22999999999999998,1.21,66.1,0.07,19,1,73.4,ZONE-RK03
12.6,38.6,72.2,72.4,259.32,0.21999999999999997,1.4,68.4,0.09000000000000001,19,1,69.3,ZONE-RK03
3.9,28.0,51.3,75.9,262.62,0.31000000000000005,1.73,87.1,0.79,15,1,49.9,ZONE-RK04
2.3,27.7,37.9,22.9,260.07,0.21999999999999997,1.01,70.6,0.13,19,1,66.9,ZONE-RK03
3.7,9.8,97.2,23.6,285.31,0.59,1.52,91.0,1.11,13,0,0.0,ZONE-HW02
39.3,144.4,186.7,10.8,293.95,0.86,2.3800000000000003,97.9,0.060000000000000005,17,1,68.9,ZONE-HW01
7.0,54.9,77.8,6.4,287.68,0.32,1.69,86.2,0.42000000000000004,12,0,0.0,ZONE-HW04
12.2,68.2,147.7,13.5,264.62,0.48,1.7400000000000002,91.7,0.5599999999999999,14,1,67.3,ZONE-RK02
16.8,24.3,36.6,145.0,262.67,0.34,1.97,86.7,0.75,15,1,50.7,ZONE-RK04
4.3,13.5,13.5,143.2,288.35,0.49,1.89,88.4,0.4,12,0,0.0,ZONE-HW04
23.6,53.2,122.6,11.5,275.89,0.38,1.3399999999999999,62.9,0.24000000000000002,16,1,66.1,ZONE-HW05
9.2,22.2,27.1,46.6,285.02,0.47,1.42,90.7,1.11,13,0,0.0,ZONE-HW02
38.0,39.2,56.4,16.3,262.96,0.39,2.0,89.8,0.78,15,1,43.2,ZONE-RK04
4.1,75.8,107.4,44.0,285.46,0.6799999999999999,3.13,70.6,2.16,7,0,0.0,ZONE-HW03
21.4,26.4,59.8,39.3,293.95,0.97,2.39,92.4,0.1,17,0,0.0,ZONE-HW01
13.6,245.3,318.7,35.5,284.18,0.6799999999999999,3.17,69.5,2.21,7,1,73.4,ZONE-HW03
26.4,32.0,33.5,16.0,259.4,0.37,1.1199999999999999,67.9,0.13,19,1,57.5,ZONE-RK03
6.2,27.6,75.3,169.0,293.99,0.9500000000000001,2.0900000000000003,96.7,0.05,17,1,55.8,ZONE-HW01
10.7,31.6,34.2,2.5,287.25,0.43000000000000005,1.6199999999999999,87.1,0.44,12,0,0.0,ZONE-HW04
12.0,29.3,120.7,12.3,261.56,0.45,1.8,90.8,0.81,15,1,65.5,ZONE-RK04
0.4,18.3,31.9,3.6,288.13,0.47000000000000003,1.75,88.9,0.42000000000000004,12,0,0.0,ZONE-HW04
19.3,22.8,69.7,23.1,264.75,0.55,1.4100000000000001,90.6,0.61,14,1,46.2,ZONE-RK02
2.9,17.2,98.0,34.8,288.76,0.33,1.5699999999999998,87.6,0.39,12,1,40.4,ZONE-HW04
20.8,24.8,98.9,18.9,285.1,0.46,1.56,88.5,1.07,13,0,0.0,ZONE-HW02
17.0,42.0,174.4,34.3,260.53,0.32,1.0699999999999998,66.9,0.08,19,1,74.7,ZONE-RK03
1.0,1.6,89.3,52.1,293.54,0.9400000000000001,2.1500000000000004,95.2,0.05,17,1,33.3,ZONE-HW01
22.4,30.4,51.6,2.1,260.04,0.27,1.19,67.0,0.14,19,1,60.0,ZONE-RK03
48.9,82.0,217.3,21.6,260.01,0.37,1.3199999999999998,68.4,0.12000000000000001,19,1,75.6,ZONE-RK03
14.2,48.2,67.3,131.9,275.43,0.33999999999999997,1.52,64.5,0.24000000000000002,16,1,60.1,ZONE-HW05
44.1,108.9,176.1,22.7,260.85,0.3,1.1199999999999999,67.2,0.13,19,1,75.1,ZONE-RK03
5.0,104.2,104.7,88.1,275.53,0.27,1.48,62.2,0.23,16,1,68.2,ZONE-HW05
18.4,47.6,278.4,26.2,260.38,0.26,1.08,70.9,0.09000000000000001,19,1,74.1,ZONE-RK03
6.2,8.7,37.9,21.2,264.16,0.55,1.7000000000000002,89.3,0.5599999999999999,14,0,0.0,ZONE-RK02
6.3,60.3,197.3,14.4,275.19,0.29,1.5599999999999998,62.3,0.18000000000000002,16,1,67.8,ZONE-HW05
7.0,86.2,89.4,6.8,265.56,0.58,1.48,94.4,0.57,14,1,64.8,ZONE-RK02
2.7,29.8,38.0,241.1,264.29,0.55,1.51,92.5,0.59,14,1,68.1,ZONE-RK02
8.9,29.8,44.0,44.6,262.51,0.31000000000000005,1.9300000000000002,89.6,0.8,15,1,39.7,ZONE-RK04
16.3,58.0,128.1,60.4,293.34,0.9500000000000001,2.0,96.4,0.09,17,1,70.2,ZONE-HW01
35.2,86.2,156.9,4.0,287.73,0.42000000000000004,1.68,91.7,0.37,12,1,67.6,ZONE-HW04
0.1,7.3,61.8,37.1,284.85,0.7,2.96,71.6,2.18,7,0,0.0,ZONE-HW03
7.7,72.5,185.5,167.9,287.22,0.33,1.8,90.2,0.41000000000000003,12,1,68.1,ZONE-HW04
5.7,40.9,56.7,14.8,285.99,0.48,1.48,92.4,1.12,13,0,0.0,ZONE-HW02
3.1,15.7,43.8,124.4,287.45,0.38,1.89,88.6,0.44,12,0,0.0,ZONE-HW04
1.9,41.7,79.6,23.8,288.88,0.37,1.51,90.0,0.42000000000000004,12,1,28.8,ZONE-HW04
10.2,20.9,66.2,39.8,275.32,0.21999999999999997,1.2599999999999998,64.4,0.21000000000000002,16,1,46.7,ZONE-HW05
2.7,6.4,46.0,162.9,259.13,0.4,1.14,68.6,0.15000000000000002,19,1,65.9,ZONE-RK03
6.3,45.9,99.6,187.7,285.45,0.6599999999999999,3.09,70.5,2.18,7,0,0.0,ZONE-HW03
25.8,50.9,104.4,160.1,284.71,0.73,3.18,72.9,2.2,7,0,0.0,ZONE-HW03
7.7,19.6,20.1,122.6,260.54,0.21999999999999997,1.0999999999999999,68.0,0.11,19,1,61.9,ZONE-RK03
24.2,27.5,70.5,43.7,265.48,0.5700000000000001,1.6,89.2,0.57,14,1,52.4,ZONE-RK02
1.9,120.1,132.2,4.9,285.31,0.52,1.34,88.5,1.1300000000000001,13,1,63.3,ZONE-HW02
13.6,53.9,55.5,75.3,287.4,0.43000000000000005,1.7,87.6,0.38,12,0,0.0,ZONE-HW04
11.4,14.7,24.2,58.7,275.09,0.39,1.21,64.6,0.24000000000000002,16,0,0.0,ZONE-HW05
5.3,88.9,174.3,287.6,284.9,0.77,2.98,67.2,2.1700000000000004,7,1,48.9,ZONE-HW03
4.5,109.4,137.6,29.9,294.77,0.8300000000000001,2.1700000000000004,93.9,0.05,17,1,71.6,ZONE-HW01
0.8,2.4,61.3,42.9,288.32,0.44,1.73,88.9,0.44,12,0,0.0,ZONE-HW04
3.9,32.5,47.1,60.3,274.11,0.25,1.44,64.3,0.22,16,1,46.1,ZONE-HW05
6.7,58.7,144.6,45.4,293.64,0.81,2.02,97.0,0.05,17,1,71.1,ZONE-HW01
6.5,20.0,101.9,27.8,268.53,0.8300000000000001,2.75,74.6,0.35,6,0,0.0,ZONE-RK01
3.5,6.2,37.6,46.1,284.7,0.73,2.9,70.9,2.21,7,0,0.0,ZONE-HW03
27.6,35.1,59.1,115.7,265.74,0.42,1.4700000000000002,92.2,0.5499999999999999,14,1,63.6,ZONE-RK02
26.0,40.6,71.3,25.3,285.14,0.7799999999999999,2.91,71.2,2.21,7,0,0.0,ZONE-HW03
40.4,44.2,179.9,80.6,285.76,0.48,1.53,92.8,1.06,13,1,70.4,ZONE-HW02
11.4,12.4,44.7,36.7,285.99,0.56,1.57,89.0,1.08,13,0,0.0,ZONE-HW02
2.6,34.6,211.9,57.8,284.4,0.73,3.19,67.5,2.24,7,0,0.0,ZONE-HW03
18.8,20.9,47.9,8.7,262.07,0.31000000000000005,2.0,87.4,0.77,15,1,30.9,ZONE-RK04
14.2,97.9,152.1,5.6,265.44,0.52,1.6400000000000001,90.6,0.61,14,1,71.5,ZONE-RK02
6.6,30.6,56.4,125.6,284.42,0.76,3.06,68.8,2.23,7,0,0.0,ZONE-HW03
25.3,53.7,77.1,20.6,285.33,0.6599999999999999,2.97,68.5,2.2,7,0,0.0,ZONE-HW03
1.7,14.9,41.6,78.9,274.36,0.19999999999999998,1.48,67.2,0.21000000000000002,16,1,38.9,ZONE-HW05
16.1,18.3,43.4,14.0,287.54,0.43000000000000005,1.8199999999999998,91.1,0.44,12,0,0.0,ZONE-HW04
2.6,55.3,57.4,38.0,268.04,0.77,2.6599999999999997,72.9,0.32,6,0,0.0,ZONE-RK01
2.8,66.2,106.9,18.4,294.69,0.88,2.3400000000000003,97.5,0.060000000000000005,17,1,59.7,ZONE-HW01
10.5,49.9,208.5,17.4,294.65,0.93,2.1,95.6,0.05,17,1,68.2,ZONE-HW01
32.6,114.3,238.4,70.6,261.56,0.46,1.72,87.9,0.8500000000000001,15,1,71.4,ZONE-RK04
14.9,30.4,100.2,53.0,267.4,0.75,2.61,76.7,0.27999999999999997,6,0,0.0,ZONE-RK01
17.0,33.8,99.5,121.8,274.35,0.37,1.5899999999999999,64.9,0.15000000000000002,16,1,71.2,ZONE-HW05
2.4,56.1,95.0,130.4,264.63,0.46,1.4300000000000002,94.7,0.64,14,1,71.5,ZONE-RK02
8.5,22.8,146.1,20.2,264.79,0.5700000000000001,1.7400000000000002,90.4,0.61,14,1,69.1,ZONE-RK02
27.9,47.8,83.9,25.8,265.04,0.5700000000000001,1.78,94.6,0.58,14,1,63.2,ZONE-RK02
12.8,24.6,26.6,22.2,262.7,0.45,1.73,90.0,0.8200000000000001,15,0,0.0,ZONE-RK04
0.1,115.1,283.8,35.2,263.37,0.34,1.6400000000000001,86.3,0.78,15,1,71.3,ZONE-RK04
19.5,32.2,87.8,114.6,267.98,0.77,2.98,73.9,0.29,6,0,0.0,ZONE-RK01
44.0,59.3,135.8,21.6,263.43,0.48000000000000004,1.97,87.2,0.8200000000000001,15,1,71.8,ZONE-RK04
69.6,70.4,116.7,75.4,268.29,0.88,2.61,76.4,0.32999999999999996,6,1,46.5,ZONE-RK01
17.5,21.3,160.8,14.0,262.01,0.38,1.86,89.2,0.8400000000000001,15,1,71.7,ZONE-RK04
14.6,22.2,40.6,55.3,275.73,0.37,1.3599999999999999,67.5,0.19,16,1,37.6,ZONE-HW05
8.1,13.3,22.7,37.9,293.6,0.99,2.3000000000000003,93.8,0.09,17,0,0.0,ZONE-HW01
21.2,89.7,94.1,35.0,260.83,0.32999999999999996,1.3499999999999999,69.6,0.09000000000000001,19,1,67.6,ZONE-RK03
1.6,2.1,56.3,64.6,265.65,0.59,1.59,91.5,0.63,14,1,39.7,ZONE-RK02
2.7,10.7,11.9,126.1,265.65,0.54,1.6,91.1,0.61,14,0,0.0,ZONE-RK02
55.1,59.5,72.7,142.0,275.48,0.29,1.21,62.3,0.21000000000000002,16,1,68.5,ZONE-HW05
39.1,55.4,58.0,2.8,259.01,0.24,1.1199999999999999,68.5,0.060000000000000005,19,1,66.5,ZONE-RK03
12.8,27.8,29.3,61.3,260.69,0.33999999999999997,1.3199999999999998,66.9,0.1,19,1,62.2,ZONE-RK03
0.2,46.6,64.9,2.9,293.35,0.92,2.1300000000000003,93.7,0.05,17,0,0.0,ZONE-HW01
13.3,28.5,210.6,55.0,285.36,0.58,1.68,93.3,1.07,13,1,73.4,ZONE-HW02
4.8,41.9,57.7,164.2,275.29,0.32999999999999996,1.5599999999999998,67.8,0.17,16,1,65.9,ZONE-HW05
7.0,30.9,33.5,38.9,259.1,0.32,1.24,65.9,0.15000000000000002,19,1,57.9,ZONE-RK03
26.8,75.9,88.6,17.9,264.03,0.51,1.7100000000000002,94.6,0.63,14,1,65.3,ZONE-RK02
25.5,105.4,110.4,41.9,262.93,0.34,1.94,89.7,0.78,15,1,70.2,ZONE-RK04
6.2,67.6,72.0,16.6,259.86,0.24,1.0899999999999999,69.9,0.12000000000000001,19,1,67.8,ZONE-RK03
20.9,22.5,56.4,40.9,259.82,0.22999999999999998,1.1199999999999999,66.6,0.11,19,1,70.3,ZONE-RK03
6.1,21.2,58.9,12.3,286.17,0.53,1.33,90.8,1.1400000000000001,13,0,0.0,ZONE-HW02
12.7,61.8,133.2,11.7,285.37,0.74,3.08,71.4,2.18,7,0,0.0,ZONE-HW03
2.4,11.8,34.2,36.8,265.11,0.41000000000000003,1.77,91.8,0.59,14,0,0.0,ZONE-RK02
17.1,18.9,20.7,34.8,267.01,0.8,2.75,77.9,0.32,6,0,0.0,ZONE-RK01
17.9,24.3,75.6,21.1,260.94,0.31,1.23,66.6,0.1,19,1,71.5,ZONE-RK03
32.6,100.4,118.0,18.3,287.26,0.36000000000000004,1.71,86.9,0.36000000000000004,12,1,60.2,ZONE-HW04
7.9,16.2,72.0,122.4,260.0,0.39,1.1099999999999999,67.2,0.09000000000000001,19,1,73.6,ZONE-RK03
16.8,69.0,94.3,11.9,294.23,0.9500000000000001,2.1100000000000003,93.9,0.09,17,1,47.7,ZONE-HW01
20.1,33.5,89.1,22.1,288.53,0.33,1.8399999999999999,89.9,0.43000000000000005,12,1,26.5,ZONE-HW04
1.3,148.4,156.9,312.1,259.11,0.24,1.19,66.0,0.1,19,1,68.9,ZONE-RK03
56.8,104.2,158.1,60.4,287.08,0.37,1.78,88.9,0.4,12,1,73.4,ZONE-HW04
30.2,40.5,72.0,67.6,259.25,0.21999999999999997,1.3499999999999999,66.1,0.07,19,1,70.3,ZONE-RK03
7.9,24.6,44.6,58.1,294.13,0.93,2.08,98.0,0.05,17,0,0.0,ZONE-HW01
28.5,35.3,171.5,81.8,259.83,0.21999999999999997,1.31,69.1,0.14,19,1,68.2,ZONE-RK03
26.0,50.4,126.0,1.1,264.79,0.52,1.78,94.0,0.57,14,1,65.1,ZONE-RK02
25.6,26.8,137.1,337.7,287.91,0.49,1.74,86.0,0.45,12,1,72.5,ZONE-HW04
5.2,12.3,84.8,20.4,287.65,0.45,1.79,91.7,0.41000000000000003,12,0,0.0,ZONE-HW04
30.1,33.4,40.1,270.9,263.23,0.46,1.71,89.8,0.8200000000000001,15,1,66.8,ZONE-RK04
16.8,73.1,92.7,79.0,284.19,0.6499999999999999,2.9,71.6,2.1900000000000004,7,0,0.0,ZONE-HW03
13.5,41.2,98.6,60.0,268.7,0.73,2.9099999999999997,73.7,0.32999999999999996,6,0,0.0,ZONE-RK01
8.4,18.1,91.3,18.0,259.24,0.3,1.17,69.8,0.08,19,1,71.5,ZONE-RK03
17.7,25.7,74.8,96.2,259.72,0.21999999999999997,1.15,66.2,0.09000000000000001,19,1,69.7,ZONE-RK03
3.7,5.6,12.6,65.2,294.13,0.88,2.3000000000000003,96.9,0.060000000000000005,17,0,0.0,ZONE-HW01
28.4,29.8,96.0,29.2,285.26,0.62,3.01,72.8,2.22,7,0,0.0,ZONE-HW03
9.8,89.1,109.3,43.8,260.86,0.31,1.26,65.5,0.1,19,1,68.3,ZONE-RK03
0.2,2.8,17.8,2.0,287.6,0.5,1.77,87.8,0.37,12,0,0.0,ZONE-HW04
15.0,31.7,71.4,13.4,284.59,0.61,2.83,67.3,2.16,7,0,0.0,ZONE-HW03
5.3,38.0,206.1,3.6,284.83,0.69,3.09,71.9,2.1900000000000004,7,0,0.0,ZONE-HW03
33.2,59.0,100.5,48.6,265.54,0.4,1.7000000000000002,91.8,0.63,14,1,70.2,ZONE-RK02
1.1,3.9,49.8,29.2,267.17,0.88,2.7199999999999998,75.5,0.3,6,0,0.0,ZONE-RK01
37.4,53.1,60.8,87.8,288.25,0.35000000000000003,1.89,91.2,0.37,12,1,31.2,ZONE-HW04
5.2,27.6,87.4,161.4,294.74,0.8200000000000001,2.21,92.0,0.05,17,1,57.2,ZONE-HW01
23.6,57.4,114.3,204.2,287.92,0.38,1.76,90.5,0.42000000000000004,12,1,67.5,ZONE-HW04
5.3,5.3,21.2,17.2,286.38,0.59,1.57,92.8,1.06,13,0,0.0,ZONE-HW02
16.3,46.4,91.4,1.1,259.03,0.21999999999999997,1.01,70.8,0.14,19,1,68.4,ZONE-RK03
19.6,31.3,86.0,56.9,260.3,0.29,1.25,69.7,0.07,19,1,69.0,ZONE-RK03
6.3,10.6,15.6,124.7,287.3,0.38,1.55,91.4,0.42000000000000004,12,0,0.0,ZONE-HW04
37.6,69.1,74.6,36.0,288.93,0.39,1.8399999999999999,89.5,0.37,12,1,35.3,ZONE-HW04
19.6,65.0,71.3,0.0,284.1,0.6,3.05,71.3,2.25,7,0,0.0,ZONE-HW03
18.7,31.9,46.6,0.9,288.47,0.42000000000000004,1.72,87.7,0.4,12,0,0.0,ZONE-HW04
11.7,68.8,226.9,58.4,288.03,0.44,1.8699999999999999,91.4,0.44,12,1,69.6,ZONE-HW04
10.8,13.5,53.3,33.5,268.06,0.78,2.73,72.4,0.33999999999999997,6,0,0.0,ZONE-RK01
14.0,28.8,42.5,7.0,285.78,0.62,3.05,70.9,2.1900000000000004,7,0,0.0,ZONE-HW03
5.7,8.7,18.4,305.8,284.04,0.6599999999999999,2.88,69.1,2.1700000000000004,7,0,0.0,ZONE-HW03
8.8,31.6,135.0,379.3,262.68,0.44,1.97,90.1,0.8200000000000001,15,1,71.7,ZONE-RK04
13.1,63.3,83.1,25.5,294.45,0.88,2.1700000000000004,97.6,0.07,17,1,45.5,ZONE-HW01
7.7,41.2,98.5,26.5,288.6,0.47000000000000003,1.75,87.7,0.42000000000000004,12,1,38.1,ZONE-HW04
2.1,32.1,39.0,60.5,259.35,0.22999999999999998,1.2,69.8,0.14,19,1,65.9,ZONE-RK03
17.7,53.9,123.9,144.4,261.92,0.31000000000000005,1.61,90.3,0.79,15,1,68.7,ZONE-RK04
10.4,49.7,98.0,14.5,274.06,0.21,1.3699999999999999,65.7,0.16,16,1,63.4,ZONE-HW05
0.4,10.4,39.7,67.2,294.99,0.96,2.31,96.6,0.060000000000000005,17,0,0.0,ZONE-HW01
28.5,35.1,41.8,231.7,260.71,0.37,1.24,65.6,0.060000000000000005,19,1,74.4,ZONE-RK03
1.7,21.2,65.2,54.6,288.93,0.45,1.89,90.7,0.41000000000000003,12,0,0.0,ZONE-HW04
1.3,3.1,8.7,61.7,265.65,0.41000000000000003,1.4400000000000002,92.8,0.64,14,0,0.0,ZONE-RK02
11.8,19.8,70.6,120.1,285.31,0.46,1.48,91.0,1.12,13,0,0.0,ZONE-HW02
0.6,21.3,79.7,20.4,264.31,0.47,1.73,89.7,0.57,14,1,56.9,ZONE-RK02
5.5,34.0,148.1,116.2,267.49,0.8600000000000001,2.7399999999999998,75.0,0.26,6,1,61.5,ZONE-RK01
13.1,52.4,75.1,71.7,284.72,0.73,2.86,71.5,2.1900000000000004,7,0,0.0,ZONE-HW03
9.4,15.7,76.2,56.9,261.78,0.39,1.97,90.4,0.8500000000000001,15,1,53.6,ZONE-RK04
6.7,79.4,80.5,26.6,286.89,0.49,1.61,92.3,1.1,13,0,0.0,ZONE-HW02
0.9,44.5,105.1,28.2,264.17,0.46,1.79,90.0,0.5599999999999999,14,1,68.3,ZONE-RK02
16.9,32.0,102.6,42.4,260.81,0.21,1.25,69.3,0.12000000000000001,19,1,71.2,ZONE-RK03
8.0,89.9,104.3,9.0,293.84,0.98,2.2800000000000002,97.2,0.07,17,1,57.1,ZONE-HW01
13.2,117.7,141.4,4.5,285.02,0.46,1.51,93.5,1.12,13,1,64.3,ZONE-HW02
6.2,27.4,36.2,75.1,263.28,0.42000000000000004,1.85,87.7,0.78,15,1,37.5,ZONE-RK04
91.4,109.4,131.3,35.8,285.55,0.7799999999999999,2.83,70.2,2.1900000000000004,7,0,0.0,ZONE-HW03
1.8,66.2,93.0,34.3,260.04,0.31,1.0899999999999999,68.1,0.08,19,1,69.9,ZONE-RK03
16.2,33.7,85.9,4.4,259.05,0.38,1.22,66.6,0.13,19,1,67.5,ZONE-RK03
25.2,109.9,162.2,216.4,285.97,0.62,2.82,69.2,2.21,7,1,33.9,ZONE-HW03
2.5,22.0,68.0,61.0,268.51,0.89,2.78,75.4,0.25,6,0,0.0,ZONE-RK01
7.7,20.1,26.9,34.8,286.97,0.56,1.7,91.4,1.1400000000000001,13,0,0.0,ZONE-HW02
2.7,42.5,54.2,4.2,275.69,0.25,1.3199999999999998,66.0,0.23,16,1,40.6,ZONE-HW05
12.1,39.2,142.0,60.2,260.43,0.3,1.0999999999999999,67.0,0.11,19,1,74.4,ZONE-RK03
6.4,55.1,94.0,5.8,285.91,0.43,1.47,90.5,1.06,13,0,0.0,ZONE-HW02
12.5,84.1,109.3,24.6,285.78,0.7,2.98,69.2,2.2,7,0,0.0,ZONE-HW03
2.3,7.2,35.5,63.4,275.04,0.27999999999999997,1.3099999999999998,65.0,0.19,16,1,28.7,ZONE-HW05
1.3,85.5,155.9,61.8,288.46,0.38,1.5699999999999998,89.0,0.4,12,1,69.7,ZONE-HW04
26.4,28.9,61.3,69.6,275.73,0.21999999999999997,1.2899999999999998,64.8,0.22,16,1,57.0,ZONE-HW05
26.5,72.4,88.6,198.0,286.84,0.42,1.6400000000000001,88.7,1.09,13,1,56.6,ZONE-HW02
2.0,64.4,241.3,13.6,274.31,0.27,1.5999999999999999,63.8,0.2,16,1,74.3,ZONE-HW05
19.2,20.4,46.4,50.8,260.57,0.27999999999999997,1.3699999999999999,66.8,0.08,19,1,61.6,ZONE-RK03
13.0,95.4,151.2,45.9,287.0,0.41000000000000003,1.53,86.3,0.4,12,1,68.2,ZONE-HW04
24.9,115.1,116.2,283.3,288.8,0.46,1.69,90.3,0.41000000000000003,12,1,73.6,ZONE-HW04
1.4,51.9,68.3,9.9,275.27,0.35,1.47,62.9,0.22,16,1,44.8,ZONE-HW05
8.7,39.7,63.7,3.9,284.77,0.7799999999999999,2.94,67.3,2.22,7,0,0.0,ZONE-HW03
13.7,83.5,107.7,17.1,288.47,0.43000000000000005,1.8499999999999999,90.2,0.41000000000000003,12,1,56.8,ZONE-HW04
8.8,10.3,96.2,122.5,294.12,0.8200000000000001,2.22,93.2,0.060000000000000005,17,1,56.4,ZONE-HW01
13.3,26.4,106.8,56.6,268.91,0.8,2.9,75.0,0.25,6,0,0.0,ZONE-RK01
26.2,56.1,132.8,63.9,274.36,0.19999999999999998,1.51,63.5,0.22,16,1,73.7,ZONE-HW05
8.0,103.1,142.0,65.0,287.17,0.41000000000000003,1.63,89.5,0.4,12,1,73.3,ZONE-HW04
3.7,33.2,75.6,14.3,285.87,0.48,1.6400000000000001,89.9,1.08,13,0,0.0,ZONE-HW02
0.9,28.7,100.8,51.9,265.96,0.51,1.51,90.1,0.63,14,1,61.7,ZONE-RK02
3.9,36.8,41.0,40.8,285.36,0.61,3.18,68.1,2.22,7,0,0.0,ZONE-HW03
2.7,8.8,20.1,34.2,293.78,0.86,2.1700000000000004,93.9,0.05,17,0,0.0,ZONE-HW01
0.8,16.0,51.8,46.2,264.1,0.45,1.6400000000000001,90.4,0.6,14,1,41.0,ZONE-RK02
7.2,62.0,69.9,49.3,264.54,0.46,1.62,89.4,0.5499999999999999,14,1,62.9,ZONE-RK02
1.0,3.2,45.9,58.4,267.54,0.89,2.8699999999999997,73.5,0.31,6,0,0.0,ZONE-RK01
31.6,56.1,216.8,3.5,259.61,0.27999999999999997,1.03,68.8,0.07,19,1,75.7,ZONE-RK03
1.5,2.9,13.1,54.6,286.08,0.43,1.4,93.7,1.1500000000000001,13,0,0.0,ZONE-HW02
15.6,17.0,162.9,129.2,274.9,0.19999999999999998,1.39,67.0,0.18000000000000002,16,1,75.4,ZONE-HW05
5.3,7.7,17.0,9.5,267.12,0.88,2.71,73.5,0.32,6,0,0.0,ZONE-RK01
2.0,23.9,38.0,31.0,286.68,0.44,1.6400000000000001,89.7,1.07,13,0,0.0,ZONE-HW02
68.4,103.0,251.8,10.8,275.13,0.26,1.3599999999999999,62.7,0.16,16,1,72.4,ZONE-HW05
7.2,31.5,35.5,0.3,294.76,0.8400000000000001,2.2,96.8,0.09,17,0,0.0,ZONE-HW01
16.6,47.4,73.8,47.1,286.27,0.6,1.58,89.6,1.12,13,0,0.0,ZONE-HW02
8.1,8.8,29.2,13.6,285.68,0.49,1.54,88.1,1.12,13,0,0.0,ZONE-HW02
1.6,95.8,141.5,91.3,268.22,0.7000000000000001,2.5999999999999996,73.0,0.31,6,1,68.1,ZONE-RK01
5.7,20.7,34.2,7.1,288.52,0.41000000000000003,1.81,89.9,0.36000000000000004,12,0,0.0,ZONE-HW04
3.0,50.9,107.5,55.4,268.79,0.8600000000000001,2.78,72.7,0.35,6,1,26.9,ZONE-RK01
9.7,86.4,90.2,23.1,285.77,0.5700000000000001,1.62,93.9,1.06,13,1,31.6,ZONE-HW02
6.5,52.3,297.0,19.3,262.39,0.34,1.61,86.7,0.8400000000000001,15,1,70.9,ZONE-RK04
31.1,84.4,97.1,35.7,265.63,0.53,1.7200000000000002,90.3,0.65,14,1,70.7,ZONE-RK02
7.9,122.7,132.7,112.4,267.56,0.88,2.88,73.3,0.27,6,1,69.5,ZONE-RK01
6.1,45.5,72.7,60.5,284.22,0.6599999999999999,3.0,68.0,2.1700000000000004,7,0,0.0,ZONE-HW03
26.8,75.7,176.4,4.3,259.13,0.22999999999999998,1.03,66.6,0.11,19,1,69.8,ZONE-RK03
17.7,22.2,49.1,55.7,275.46,0.25,1.54,62.1,0.25,16,1,36.7,ZONE-HW05
7.7,29.7,312.8,10.2,294.36,0.98,2.0,94.6,0.07,17,1,73.2,ZONE-HW01
16.9,32.0,39.1,12.1,285.87,0.6,1.41,92.1,1.1,13,0,0.0,ZONE-HW02
44.7,108.2,227.0,334.0,286.03,0.41000000000000003,1.59,88.3,1.1400000000000001,13,1,72.2,ZONE-HW02
3.5,16.7,72.0,46.3,285.01,0.44,1.33,91.4,1.05,13,0,0.0,ZONE-HW02
8.1,21.4,66.4,60.0,263.46,0.38,1.6300000000000001,86.5,0.77,15,1,50.8,ZONE-RK04
2.6,21.7,62.0,59.1,264.06,0.49,1.4100000000000001,93.8,0.64,14,1,56.1,ZONE-RK02
3.5,44.2,45.5,30.7,261.72,0.35000000000000003,1.74,85.3,0.78,15,1,43.6,ZONE-RK04
22.7,47.6,62.7,83.1,265.55,0.52,1.7100000000000002,92.8,0.61,14,1,55.2,ZONE-RK02
12.6,60.3,126.7,65.9,268.83,0.78,2.96,76.2,0.32999999999999996,6,1,45.4,ZONE-RK01
10.0,14.3,29.4,38.0,287.11,0.42000000000000004,1.67,86.6,0.36000000000000004,12,0,0.0,ZONE-HW04
13.7,35.3,52.3,0.5,267.59,0.78,2.6399999999999997,76.5,0.27,6,0,0.0,ZONE-RK01
10.3,20.4,86.7,1.7,267.91,0.79,2.77,75.7,0.26,6,0,0.0,ZONE-RK01
13.2,98.3,107.9,44.7,267.91,0.77,2.6799999999999997,72.6,0.31,6,1,44.1,ZONE-RK01
1.4,30.9,70.9,36.6,263.31,0.33,1.8,87.1,0.8,15,1,53.0,ZONE-RK04
11.1,79.2,90.1,1.6,259.49,0.36,1.02,66.9,0.09000000000000001,19,1,74.6,ZONE-RK03
29.7,55.5,166.2,63.6,285.62,0.58,1.61,88.9,1.08,13,1,64.4,ZONE-HW02
24.9,41.7,111.0,171.0,286.94,0.5,1.56,88.9,1.07,13,1,60.4,ZONE-HW02
12.7,18.7,34.4,15.5,275.72,0.27999999999999997,1.2799999999999998,63.2,0.24000000000000002,16,0,0.0,ZONE-HW05
4.3,15.3,55.8,62.1,264.68,0.53,1.6800000000000002,94.9,0.61,14,1,44.5,ZONE-RK02
8.3,37.0,41.3,6.4,286.23,0.48,1.3599999999999999,90.7,1.1300000000000001,13,0,0.0,ZONE-HW02
2.8,24.7,36.7,23.3,267.99,0.88,2.86,76.2,0.3,6,0,0.0,ZONE-RK01
7.7,57.8,58.5,73.4,261.98,0.45,1.98,87.0,0.8200000000000001,15,1,52.6,ZONE-RK04
16.6,64.7,199.7,1.4,260.65,0.19999999999999998,1.0,67.1,0.11,19,1,69.1,ZONE-RK03
2.5,67.7,98.4,58.2,287.39,0.42000000000000004,1.81,86.3,0.35000000000000003,12,1,51.6,ZONE-HW04
16.3,50.4,184.6,405.5,259.44,0.25,1.0699999999999998,70.1,0.07,19,1,69.6,ZONE-RK03
19.1,29.3,135.2,3.5,260.69,0.38,1.01,69.1,0.09000000000000001,19,1,73.8,ZONE-RK03
3.9,72.2,87.0,17.5,264.68,0.44,1.58,91.2,0.59,14,1,62.5,ZONE-RK02
2.2,61.0,95.7,78.7,275.95,0.4,1.5499999999999998,67.3,0.16,16,1,64.6,ZONE-HW05
4.1,46.7,118.1,26.2,260.59,0.24,1.15,67.2,0.11,19,1,75.3,ZONE-RK03
7.9,15.0,202.7,72.6,263.34,0.45,1.83,90.1,0.78,15,1,68.9,ZONE-RK04
40.9,51.7,127.8,101.6,261.61,0.46,1.95,90.1,0.8500000000000001,15,1,73.7,ZONE-RK04
17.6,118.7,143.7,9.8,262.95,0.46,1.92,88.7,0.77,15,1,70.4,ZONE-RK04
16.7,55.9,98.7,16.2,274.75,0.3,1.27,66.3,0.2,16,1,65.4,ZONE-HW05
10.5,21.7,49.6,72.5,287.95,0.42000000000000004,1.76,90.7,0.41000000000000003,12,0,0.0,ZONE-HW04
20.5,28.4,54.4,21.9,261.94,0.34,1.95,87.4,0.78,15,1,42.0,ZONE-RK04
3.3,49.2,169.2,32.4,260.87,0.27,1.22,65.8,0.060000000000000005,19,1,71.5,ZONE-RK03
20.9,89.1,182.7,14.1,285.46,0.41000000000000003,1.5,90.0,1.1,13,1,68.7,ZONE-HW02
47.0,61.2,81.9,4.5,286.61,0.46,1.45,89.1,1.07,13,0,0.0,ZONE-HW02
10.0,13.5,27.8,26.7,264.72,0.42,1.7400000000000002,92.1,0.61,14,0,0.0,ZONE-RK02
24.8,87.3,105.3,137.0,294.85,0.8200000000000001,2.0300000000000002,92.2,0.05,17,1,66.3,ZONE-HW01
29.2,72.6,80.5,82.1,285.5,0.55,1.61,93.1,1.07,13,1,35.4,ZONE-HW02
43.5,77.9,98.0,48.6,261.0,0.35,1.3,70.5,0.05,19,1,69.9,ZONE-RK03
15.6,37.0,43.4,26.2,286.57,0.48,1.46,91.5,1.12,13,0,0.0,ZONE-HW02
24.3,83.6,91.0,213.1,288.31,0.5,1.88,91.2,0.37,12,1,69.4,ZONE-HW04
6.0,38.6,108.3,117.0,262.45,0.4,1.9100000000000001,89.5,0.8200000000000001,15,1,69.0,ZONE-RK04
43.7,55.0,152.8,9.9,264.63,0.44,1.7100000000000002,93.2,0.57,14,1,70.5,ZONE-RK02
18.3,58.9,115.5,20.4,274.06,0.22999999999999998,1.5499999999999998,63.8,0.22,16,1,68.0,ZONE-HW05
31.0,36.5,39.3,88.5,285.68,0.48,1.57,90.4,1.1300000000000001,13,0,0.0,ZONE-HW02
9.7,66.4,90.6,12.9,274.6,0.32,1.43,62.2,0.16,16,1,67.1,ZONE-HW05
27.2,51.1,61.6,89.2,286.14,0.56,1.67,91.4,1.09,13,0,0.0,ZONE-HW02
10.7,38.5,69.4,123.5,284.41,0.6799999999999999,3.01,68.1,2.16,7,0,0.0,ZONE-HW03
26.5,63.6,69.2,127.8,288.28,0.36000000000000004,1.5699999999999998,90.0,0.37,12,1,55.7,ZONE-HW04
16.7,52.5,75.0,148.0,287.05,0.34,1.8599999999999999,88.3,0.37,12,1,53.0,ZONE-HW04
19.4,23.0,49.2,152.2,274.14,0.21,1.41,63.0,0.24000000000000002,16,1,57.3,ZONE-HW05
0.7,98.3,155.1,69.9,260.98,0.22999999999999998,1.17,69.5,0.09000000000000001,19,1,75.2,ZONE-RK03
4.7,13.3,155.7,24.8,261.76,0.34,1.77,89.3,0.8,15,1,71.1,ZONE-RK04
22.4,37.4,44.9,0.8,294.17,0.9,2.27,93.7,0.05,17,0,0.0,ZONE-HW01
11.8,123.4,146.4,30.9,259.89,0.36,1.24,66.5,0.08,19,1,72.5,ZONE-RK03
6.3,28.4,57.5,148.4,287.92,0.42000000000000004,1.79,87.7,0.44,12,1,31.3,ZONE-HW04
10.6,31.9,39.3,284.2,293.78,0.96,2.3400000000000003,94.5,0.05,17,1,56.5,ZONE-HW01
4.3,6.6,61.0,63.3,284.92,0.7799999999999999,2.87,70.4,2.1900000000000004,7,0,0.0,ZONE-HW03
8.0,24.5,101.4,15.2,267.48,0.8700000000000001,2.71,75.8,0.27999999999999997,6,0,0.0,ZONE-RK01
25.7,57.1,84.2,42.9,265.4,0.54,1.49,92.0,0.65,14,1,63.6,ZONE-RK02
4.4,46.2,82.2,27.1,285.15,0.42,1.61,90.0,1.1,13,0,0.0,ZONE-HW02
13.6,177.3,205.9,177.4,293.41,0.81,2.0100000000000002,95.8,0.07,17,1,71.7,ZONE-HW01
6.3,8.0,19.4,38.0,286.49,0.5700000000000001,1.46,88.1,1.06,13,0,0.0,ZONE-HW02
3.7,3.7,127.0,130.0,259.65,0.35,1.19,65.4,0.1,19,1,69.6,ZONE-RK03
20.3,25.8,32.2,4.9,287.28,0.46,1.8399999999999999,87.0,0.35000000000000003,12,0,0.0,ZONE-HW04
19.3,98.6,126.8,8.9,264.35,0.42,1.7000000000000002,90.0,0.62,14,1,66.6,ZONE-RK02
10.8,23.7,47.2,68.0,293.31,0.87,2.0900000000000003,92.2,0.07,17,0,0.0,ZONE-HW01
19.0,22.5,24.3,362.1,262.38,0.31000000000000005,1.85,88.1,0.8200000000000001,15,1,69.4,ZONE-RK04
4.0,5.7,16.2,2.8,264.78,0.46,1.4200000000000002,89.0,0.63,14,0,0.0,ZONE-RK02
7.5,56.1,77.0,41.1,263.36,0.37,1.7,85.5,0.79,15,1,64.2,ZONE-RK04
16.9,38.2,137.0,140.7,286.64,0.54,1.33,93.8,1.06,13,1,67.7,ZONE-HW02
0.1,45.3,76.2,314.7,260.45,0.21,1.21,69.9,0.08,19,1,72.9,ZONE-RK03
9.9,139.9,210.1,20.0,263.37,0.38,1.77,86.4,0.76,15,1,70.5,ZONE-RK04
11.6,157.0,254.4,7.2,267.8,0.76,2.76,74.8,0.26,6,1,74.4,ZONE-RK01
18.4,31.1,31.5,36.2,285.09,0.58,1.46,92.6,1.1,13,0,0.0,ZONE-HW02
4.0,55.3,75.9,123.0,265.43,0.56,1.77,92.4,0.58,14,1,63.1,ZONE-RK02
0.0,11.0,24.8,18.6,286.96,0.54,1.57,93.8,1.12,13,0,0.0,ZONE-HW02
1.1,7.3,47.8,24.1,285.35,0.55,1.58,93.9,1.12,13,0,0.0,ZONE-HW02
8.1,22.3,126.6,165.0,264.67,0.52,1.6300000000000001,91.3,0.61,14,1,68.9,ZONE-RK02
10.2,22.2,27.8,214.6,267.47,0.8200000000000001,2.96,73.9,0.32,6,0,0.0,ZONE-RK01
0.9,11.5,29.2,27.0,262.74,0.31000000000000005,1.75,86.8,0.77,15,0,0.0,ZONE-RK04
2.7,48.6,55.1,70.5,262.78,0.35000000000000003,1.8900000000000001,90.9,0.79,15,1,58.1,ZONE-RK04
2.0,4.2,124.3,14.8,259.56,0.32999999999999996,1.3,68.1,0.15000000000000002,19,1,72.0,ZONE-RK03
25.8,49.4,53.5,217.8,294.5,0.85,2.29,94.1,0.05,17,1,54.0,ZONE-HW01
4.3,63.2,72.4,134.7,263.1,0.44,1.69,90.2,0.8,15,1,64.9,ZONE-RK04
0.2,21.7,95.1,191.1,267.13,0.8,2.98,72.3,0.35,6,1,44.5,ZONE-RK01
36.0,87.4,196.9,15.6,259.18,0.32,1.33,70.6,0.07,19,1,68.6,ZONE-RK03
5.0,15.2,38.9,35.0,287.62,0.44,1.5999999999999999,87.1,0.37,12,0,0.0,ZONE-HW04
11.8,17.0,75.8,12.8,294.15,0.99,2.08,97.2,0.05,17,0,0.0,ZONE-HW01
5.6,26.6,106.2,94.2,285.8,0.43,1.48,91.0,1.12,13,1,43.2,ZONE-HW02
15.6,20.7,60.3,6.4,287.04,0.38,1.8399999999999999,90.6,0.44,12,0,0.0,ZONE-HW04
7.1,23.1,25.1,22.4,274.31,0.35,1.2999999999999998,64.8,0.2,16,0,0.0,ZONE-HW05
46.7,138.8,160.5,3.1,285.12,0.7,2.93,71.3,2.1700000000000004,7,0,0.0,ZONE-HW03
3.0,17.9,165.5,10.7,261.51,0.47000000000000003,1.8900000000000001,87.2,0.79,15,1,69.6,ZONE-RK04
21.6,25.1,223.9,33.6,285.94,0.6699999999999999,3.0,70.8,2.21,7,0,0.0,ZONE-HW03
22.4,35.0,84.4,14.9,285.77,0.7999999999999999,2.85,72.6,2.1700000000000004,7,0,0.0,ZONE-HW03
2.4,85.8,210.6,152.9,285.91,0.75,3.1,69.1,2.22,7,1,40.8,ZONE-HW03
14.7,64.2,67.8,28.5,286.39,0.53,1.67,92.4,1.07,13,0,0.0,ZONE-HW02
5.6,35.9,57.9,11.3,268.84,0.77,2.88,72.2,0.32,6,0,0.0,ZONE-RK01
13.6,64.1,88.2,9.9,259.52,0.29,1.27,66.5,0.11,19,1,74.2,ZONE-RK03
3.3,11.4,29.2,72.1,259.02,0.35,1.26,70.5,0.09000000000000001,19,1,62.3,ZONE-RK03
13.8,49.5,72.0,121.6,265.04,0.44,1.57,94.0,0.58,14,1,65.4,ZONE-RK02
3.4,22.4,103.1,13.9,275.32,0.27999999999999997,1.3199999999999998,64.5,0.24000000000000002,16,1,62.7,ZONE-HW05
1.7,66.2,87.2,80.6,264.22,0.51,1.7200000000000002,93.9,0.58,14,1,65.6,ZONE-RK02
0.4,35.5,54.5,4.0,285.4,0.6,2.87,70.0,2.16,7,0,0.0,ZONE-HW03
14.1,22.4,46.9,5.9,285.05,0.73,3.09,68.0,2.1900000000000004,7,0,0.0,ZONE-HW03
2.4,13.0,17.7,169.2,259.4,0.24,1.38,67.7,0.13,19,1,63.2,ZONE-RK03
0.1,19.9,26.5,25.7,268.5,0.8600000000000001,2.6799999999999997,77.9,0.33999999999999997,6,0,0.0,ZONE-RK01
39.1,44.4,213.2,16.1,288.25,0.42000000000000004,1.8499999999999999,87.0,0.38,12,1,69.9,ZONE-HW04
20.3,44.0,151.9,56.5,293.13,0.81,2.0900000000000003,94.9,0.08,17,1,65.3,ZONE-HW01
11.5,18.0,27.1,173.8,294.5,0.8,2.23,97.9,0.05,17,0,0.0,ZONE-HW01
6.0,20.0,91.3,29.0,275.58,0.27999999999999997,1.41,67.8,0.18000000000000002,16,1,59.3,ZONE-HW05
45.6,85.8,131.3,148.9,286.21,0.47,1.57,90.1,1.08,13,1,65.5,ZONE-HW02
0.8,9.7,41.0,18.0,286.33,0.48,1.32,90.1,1.08,13,0,0.0,ZONE-HW02
20.4,95.9,123.5,29.3,264.01,0.5700000000000001,1.56,94.0,0.64,14,1,66.8,ZONE-RK02
48.9,66.6,100.2,30.3,265.74,0.46,1.6800000000000002,93.9,0.59,14,1,68.3,ZONE-RK02
36.0,61.2,133.0,116.9,288.03,0.43000000000000005,1.5,89.8,0.44,12,1,67.0,ZONE-HW04
6.3,23.4,117.7,31.6,286.75,0.59,1.59,92.1,1.07,13,1,29.5,ZONE-HW02
23.7,108.6,157.4,94.7,264.7,0.59,1.78,91.9,0.62,14,1,73.4,ZONE-RK02
24.5,80.4,105.5,3.7,265.47,0.46,1.48,89.9,0.6,14,1,68.4,ZONE-RK02
7.7,41.3,71.2,96.8,274.06,0.3,1.23,67.0,0.25,16,1,67.3,ZONE-HW05
6.6,36.8,47.1,96.9,287.34,0.39,1.55,90.0,0.37,12,0,0.0,ZONE-HW04
11.8,18.6,35.9,96.7,261.84,0.49,1.8800000000000001,85.6,0.8500000000000001,15,1,28.7,ZONE-RK04
9.9,17.2,188.2,87.9,286.81,0.55,1.39,89.5,1.1,13,1,71.1,ZONE-HW02
47.2,63.9,96.1,159.8,265.33,0.58,1.6500000000000001,92.0,0.63,14,1,68.9,ZONE-RK02
11.2,48.1,62.6,41.4,263.36,0.45,1.84,88.9,0.79,15,1,52.9,ZONE-RK04
2.0,8.9,8.9,2.8,285.31,0.76,3.19,69.6,2.1700000000000004,7,0,0.0,ZONE-HW03
56.8,65.1,119.5,127.9,293.23,0.8200000000000001,2.04,96.4,0.09,17,1,71.3,ZONE-HW01
12.0,17.0,82.1,64.2,265.15,0.43,1.53,91.3,0.62,14,1,58.7,ZONE-RK02
19.7,63.8,249.1,59.7,274.38,0.27999999999999997,1.3699999999999999,66.6,0.23,16,1,75.4,ZONE-HW05
6.3,37.7,41.2,159.4,260.04,0.32,1.0899999999999999,67.4,0.1,19,1,69.7,ZONE-RK03
1.9,13.8,98.4,63.7,260.63,0.26,1.0899999999999999,69.1,0.060000000000000005,19,1,69.3,ZONE-RK03
7.5,26.7,123.1,29.1,268.2,0.76,3.0,72.7,0.35,6,0,0.0,ZONE-RK01
30.6,33.4,108.4,131.7,288.26,0.34,1.6199999999999999,91.8,0.36000000000000004,12,1,66.2,ZONE-HW04
3.0,19.9,28.9,85.8,260.66,0.24,1.29,69.9,0.12000000000000001,19,1,59.7,ZONE-RK03
11.5,41.8,52.7,16.7,260.71,0.35,1.1199999999999999,69.9,0.14,19,1,63.0,ZONE-RK03
0.6,12.3,53.3,136.6,268.1,0.77,2.8699999999999997,77.9,0.32999999999999996,6,0,0.0,ZONE-RK01
16.5,33.6,186.6,88.9,284.14,0.75,2.91,72.5,2.22,7,0,0.0,ZONE-HW03
39.9,62.4,77.4,3.8,274.79,0.22999999999999998,1.5,65.5,0.23,16,1,60.4,ZONE-HW05
19.4,23.3,41.3,53.2,293.92,0.8300000000000001,2.06,96.2,0.05,17,0,0.0,ZONE-HW01
12.5,40.0,49.1,33.4,259.42,0.36,1.08,68.9,0.09000000000000001,19,1,69.6,ZONE-RK03
14.4,119.4,184.4,179.1,265.36,0.6,1.46,94.7,0.59,14,1,74.7,ZONE-RK02
21.5,48.4,59.1,76.9,267.19,0.89,2.67,72.3,0.35,6,0,0.0,ZONE-RK01
14.6,42.3,75.9,52.7,286.19,0.59,1.55,90.4,1.05,13,0,0.0,ZONE-HW02
6.1,28.1,39.1,114.5,262.29,0.36000000000000004,1.84,86.0,0.8200000000000001,15,1,48.4,ZONE-RK04
3.1,5.8,34.5,75.2,265.56,0.5700000000000001,1.6600000000000001,90.7,0.62,14,0,0.0,ZONE-RK02
8.6,18.3,59.1,29.8,285.02,0.42,1.35,91.8,1.1400000000000001,13,0,0.0,ZONE-HW02
40.5,117.3,152.2,27.8,261.55,0.41000000000000003,1.83,86.6,0.8200000000000001,15,1,73.9,ZONE-RK04
20.0,21.1,53.3,28.7,259.77,0.4,1.28,66.8,0.060000000000000005,19,1,62.8,ZONE-RK03
38.0,38.4,78.6,94.5,274.37,0.36,1.21,65.3,0.2,16,1,66.9,ZONE-HW05
10.0,12.7,192.3,51.1,287.13,0.47000000000000003,1.72,90.9,0.42000000000000004,12,1,71.8,ZONE-HW04
14.3,22.4,55.4,39.2,263.43,0.48000000000000004,1.67,88.6,0.77,15,1,40.8,ZONE-RK04
1.2,4.6,95.4,19.2,285.25,0.43,1.38,89.0,1.11,13,0,0.0,ZONE-HW02
3.3,24.4,97.6,4.5,267.17,0.7200000000000001,2.7199999999999998,77.8,0.27,6,0,0.0,ZONE-RK01
12.9,16.7,18.6,3.8,267.5,0.7100000000000001,2.98,77.4,0.27999999999999997,6,0,0.0,ZONE-RK01
27.0,30.8,33.1,40.3,274.89,0.32,1.48,65.1,0.25,16,0,0.0,ZONE-HW05
27.9,37.0,64.4,2.9,286.21,0.5,1.58,92.0,1.05,13,0,0.0,ZONE-HW02
8.9,34.8,77.1,28.3,267.38,0.76,2.9299999999999997,77.7,0.31,6,0,0.0,ZONE-RK01
5.7,9.1,31.9,7.3,262.68,0.36000000000000004,1.8900000000000001,87.5,0.8,15,0,0.0,ZONE-RK04
21.8,123.5,299.0,140.2,293.76,0.98,2.16,92.5,0.05,17,1,71.4,ZONE-HW01
13.8,50.0,66.8,69.7,260.07,0.21,1.29,71.0,0.12000000000000001,19,1,67.9,ZONE-RK03
9.1,28.8,99.7,23.2,286.13,0.53,1.5,89.0,1.1300000000000001,13,0,0.0,ZONE-HW02
5.7,83.3,86.2,46.5,286.98,0.49,1.31,91.6,1.06,13,1,33.9,ZONE-HW02
36.6,64.9,104.4,20.1,265.37,0.48,1.53,89.5,0.64,14,1,69.0,ZONE-RK02
6.3,63.6,104.6,50.6,260.74,0.25,1.0,67.3,0.15000000000000002,19,1,70.5,ZONE-RK03
1.6,2.1,167.9,33.1,265.57,0.42,1.61,94.3,0.61,14,1,73.3,ZONE-RK02
13.9,16.4,73.9,188.8,265.06,0.54,1.75,92.3,0.61,14,1,69.7,ZONE-RK02
12.9,16.9,60.5,101.8,259.64,0.35,1.0699999999999998,69.8,0.12000000000000001,19,1,71.7,ZONE-RK03
7.8,71.4,123.7,160.7,275.19,0.37,1.39,62.8,0.15000000000000002,16,1,71.5,ZONE-HW05
14.7,18.9,37.4,15.8,260.32,0.22999999999999998,1.23,66.6,0.14,19,1,59.1,ZONE-RK03
35.9,78.8,135.2,25.1,286.42,0.45,1.54,92.2,1.07,13,1,62.6,ZONE-HW02
3.1,45.5,77.6,17.9,288.0,0.36000000000000004,1.67,91.7,0.44,12,1,30.5,ZONE-HW04
14.4,15.6,35.3,44.3,294.27,0.8200000000000001,2.12,96.6,0.08,17,0,0.0,ZONE-HW01
2.4,127.7,139.4,9.8,264.15,0.45,1.4400000000000002,92.5,0.5599999999999999,14,1,69.9,ZONE-RK02
3.4,47.4,75.1,58.3,288.62,0.30000000000000004,1.88,90.1,0.44,12,1,30.0,ZONE-HW04
0.3,1.4,30.9,118.7,288.03,0.5,1.8599999999999999,90.2,0.39,12,0,0.0,ZONE-HW04
32.5,35.2,73.8,171.1,263.32,0.45,1.8900000000000001,89.2,0.8200000000000001,15,1,64.3,ZONE-RK04
7.4,60.5,67.7,191.8,275.37,0.21,1.38,63.0,0.24000000000000002,16,1,70.9,ZONE-HW05
20.9,106.0,162.4,31.6,261.85,0.37,1.6500000000000001,87.1,0.76,15,1,71.7,ZONE-RK04
41.8,51.5,71.7,84.5,259.75,0.21999999999999997,1.3699999999999999,66.5,0.1,19,1,72.8,ZONE-RK03
21.7,101.2,112.7,112.0,264.58,0.5,1.51,89.0,0.61,14,1,70.4,ZONE-RK02
20.1,22.1,46.6,23.3,294.86,0.99,2.21,97.4,0.09,17,0,0.0,ZONE-HW01
5.4,127.5,179.0,88.5,287.11,0.30000000000000004,1.68,87.8,0.36000000000000004,12,1,70.5,ZONE-HW04
56.3,70.5,151.4,39.9,259.8,0.19999999999999998,1.17,66.2,0.1,19,1,75.1,ZONE-RK03
30.5,36.5,184.0,17.3,284.25,0.7,2.86,70.9,2.1700000000000004,7,0,0.0,ZONE-HW03
5.9,48.2,73.2,65.6,284.75,0.6699999999999999,3.16,70.2,2.18,7,0,0.0,ZONE-HW03
8.8,49.5,62.5,4.2,288.31,0.39,1.56,90.5,0.35000000000000003,12,0,0.0,ZONE-HW04
5.3,24.6,33.8,30.7,261.72,0.36000000000000004,1.6500000000000001,87.5,0.78,15,1,24.8,ZONE-RK04
7.7,9.5,53.3,151.0,263.4,0.49,1.99,85.7,0.8,15,1,50.7,ZONE-RK04
2.5,29.8,84.4,38.1,259.65,0.35,1.3499999999999999,68.0,0.14,19,1,72.3,ZONE-RK03
18.1,34.0,69.1,0.5,284.26,0.7899999999999999,3.12,67.8,2.18,7,0,0.0,ZONE-HW03
17.7,50.2,52.2,32.1,268.53,0.75,2.8699999999999997,74.1,0.35,6,0,0.0,ZONE-RK01
58.0,74.4,109.3,168.5,267.87,0.76,2.79,76.6,0.27,6,1,59.6,ZONE-RK01
18.9,45.1,125.0,139.8,274.37,0.26,1.25,63.6,0.22,16,1,72.4,ZONE-HW05
9.2,28.5,52.9,238.2,284.4,0.74,3.12,71.2,2.2,7,0,0.0,ZONE-HW03
17.9,20.5,119.9,45.9,259.38,0.37,1.25,65.9,0.060000000000000005,19,1,70.5,ZONE-RK03
1.1,25.0,52.0,147.1,294.98,0.99,2.1700000000000004,95.7,0.05,17,1,31.8,ZONE-HW01
3.4,55.9,96.7,3.9,285.05,0.74,3.19,68.3,2.1900000000000004,7,0,0.0,ZONE-HW03
53.6,75.2,92.4,44.4,268.02,0.8300000000000001,2.7199999999999998,73.6,0.27999999999999997,6,1,27.7,ZONE-RK01
29.3,40.2,50.9,9.7,284.49,0.7799999999999999,2.87,67.0,2.22,7,0,0.0,ZONE-HW03
5.3,50.7,82.6,18.1,285.42,0.49,1.66,88.6,1.07,13,0,0.0,ZONE-HW02
2.7,14.8,155.4,29.4,287.73,0.36000000000000004,1.54,86.1,0.41000000000000003,12,1,66.5,ZONE-HW04
66.5,86.4,96.3,155.2,285.72,0.56,1.6,91.5,1.11,13,1,56.3,ZONE-HW02
9.3,46.4,252.3,3.6,293.42,0.88,2.35,92.8,0.07,17,1,68.8,ZONE-HW01
1.5,39.7,56.3,14.3,261.89,0.39,1.6400000000000001,90.7,0.81,15,1,44.1,ZONE-RK04
0.6,1.3,75.8,10.1,288.98,0.34,1.79,86.3,0.37,12,0,0.0,ZONE-HW04
9.5,37.4,65.4,1.9,275.42,0.38,1.5,67.1,0.21000000000000002,16,1,40.6,ZONE-HW05
23.0,23.3,95.1,156.6,285.9,0.54,1.66,88.4,1.09,13,1,43.7,ZONE-HW02
8.5,31.5,63.9,34.5,275.58,0.22999999999999998,1.3099999999999998,67.8,0.18000000000000002,16,1,55.7,ZONE-HW05
32.8,100.1,120.6,66.8,268.59,0.8400000000000001,2.9,74.4,0.32,6,1,57.9,ZONE-RK01
39.2,137.4,173.0,42.2,264.33,0.55,1.55,93.7,0.59,14,1,70.1,ZONE-RK02
4.9,100.6,108.3,60.7,259.01,0.31,1.24,65.1,0.14,19,1,71.9,ZONE-RK03
5.0,14.8,40.8,470.4,275.42,0.31,1.3199999999999998,63.3,0.22,16,1,71.5,ZONE-HW05
0.8,26.7,31.0,11.7,259.45,0.31,1.1199999999999999,68.8,0.14,19,1,55.8,ZONE-RK03
8.7,30.1,45.1,26.6,259.54,0.36,1.26,66.5,0.13,19,1,62.8,ZONE-RK03
1.4,12.2,182.1,202.7,268.3,0.8300000000000001,2.9899999999999998,73.9,0.33999999999999997,6,1,72.5,ZONE-RK01
6.1,31.5,151.7,0.4,294.44,0.88,2.24,93.9,0.05,17,1,66.8,ZONE-HW01
25.0,113.9,118.7,12.3,285.44,0.59,1.37,93.8,1.1,13,1,60.9,ZONE-HW02
48.6,71.7,72.4,20.9,265.45,0.54,1.78,90.5,0.61,14,1,58.4,ZONE-RK02
9.0,44.4,110.5,377.0,263.13,0.34,1.71,88.5,0.8300000000000001,15,1,73.9,ZONE-RK04
5.1,28.3,66.4,36.4,259.89,0.35,1.17,65.9,0.1,19,1,67.8,ZONE-RK03
2.8,116.6,212.6,48.3,287.37,0.47000000000000003,1.58,88.9,0.42000000000000004,12,1,73.0,ZONE-HW04
13.9,21.6,60.8,83.1,267.62,0.88,2.9299999999999997,76.1,0.27,6,0,0.0,ZONE-RK01
10.9,149.9,197.2,32.5,259.14,0.25,1.3599999999999999,70.8,0.060000000000000005,19,1,72.2,ZONE-RK03
22.2,27.8,52.1,29.8,268.21,0.78,2.61,77.0,0.32999999999999996,6,0,0.0,ZONE-RK01
8.5,54.2,87.3,110.6,267.26,0.8500000000000001,2.71,77.6,0.31,6,1,37.8,ZONE-RK01
12.9,25.5,108.5,19.1,268.92,0.7200000000000001,2.8899999999999997,74.0,0.32,6,0,0.0,ZONE-RK01
3.8,24.9,40.0,0.6,261.78,0.45,1.96,89.9,0.78,15,0,0.0,ZONE-RK04
15.7,37.2,66.7,238.7,287.31,0.31000000000000005,1.78,89.8,0.36000000000000004,12,1,64.0,ZONE-HW04
12.7,72.4,79.9,58.9,265.09,0.42,1.75,91.5,0.5499999999999999,14,1,64.0,ZONE-RK02
30.4,56.6,119.9,32.6,262.35,0.33,1.86,86.4,0.8400000000000001,15,1,67.7,ZONE-RK04
1.5,19.9,45.0,141.3,264.98,0.6,1.49,94.7,0.58,14,1,52.2,ZONE-RK02
4.2,106.3,265.0,19.9,285.24,0.58,1.67,93.4,1.11,13,1,69.3,ZONE-HW02
6.4,74.2,244.2,41.0,274.67,0.24,1.3699999999999999,67.4,0.22,16,1,73.0,ZONE-HW05
5.8,28.2,86.4,22.4,293.7,0.8200000000000001,2.37,96.0,0.09,17,1,37.9,ZONE-HW01
20.0,21.6,24.1,34.2,265.58,0.5700000000000001,1.79,93.7,0.5599999999999999,14,0,0.0,ZONE-RK02
6.5,17.9,51.7,27.1,259.78,0.33999999999999997,1.31,67.9,0.060000000000000005,19,1,64.6,ZONE-RK03
3.2,14.3,198.6,37.1,293.29,0.86,2.0500000000000003,96.6,0.05,17,1,70.9,ZONE-HW01
8.8,34.6,239.3,19.4,288.39,0.38,1.8199999999999998,88.0,0.43000000000000005,12,1,72.7,ZONE-HW04
17.2,55.0,101.7,6.5,262.27,0.41000000000000003,1.82,88.0,0.8,15,1,62.1,ZONE-RK04
16.9,18.9,64.2,94.2,265.16,0.48,1.6300000000000001,93.2,0.62,14,1,58.1,ZONE-RK02
3.6,58.9,60.4,130.0,262.22,0.34,1.94,87.2,0.8,15,1,61.2,ZONE-RK04
9.3,16.7,23.9,214.5,264.12,0.47,1.7400000000000002,94.2,0.63,14,1,53.7,ZONE-RK02
1.1,7.8,29.2,67.8,260.67,0.31,1.3699999999999999,67.5,0.07,19,1,56.3,ZONE-RK03
11.8,15.8,32.9,19.1,259.23,0.33999999999999997,1.06,69.4,0.12000000000000001,19,1,57.4,ZONE-RK03
3.6,19.5,80.4,17.2,268.4,0.8300000000000001,2.63,77.0,0.33999999999999997,6,0,0.0,ZONE-RK01
6.9,21.8,209.2,216.6,267.29,0.73,2.6999999999999997,72.1,0.32999999999999996,6,1,70.8,ZONE-RK01
24.2,32.5,36.0,26.7,259.94,0.22999999999999998,1.21,70.7,0.1,19,1,65.0,ZONE-RK03
4.7,25.9,101.1,136.8,288.56,0.44,1.6099999999999999,86.9,0.44,12,1,52.2,ZONE-HW04
28.0,41.4,99.5,26.3,260.01,0.19999999999999998,1.33,69.1,0.14,19,1,71.3,ZONE-RK03
0.9,37.2,37.7,36.8,294.84,0.9,2.2800000000000002,94.5,0.05,17,0,0.0,ZONE-HW01
6.0,41.5,114.2,25.4,265.04,0.6,1.4500000000000002,90.3,0.61,14,1,64.6,ZONE-RK02
25.0,35.4,65.0,90.9,260.65,0.4,1.24,65.5,0.12000000000000001,19,1,69.1,ZONE-RK03
17.7,148.8,161.6,76.0,285.65,0.6299999999999999,3.12,70.9,2.1700000000000004,7,0,0.0,ZONE-HW03
14.1,88.1,96.6,97.5,264.21,0.47,1.7100000000000002,91.0,0.57,14,1,67.5,ZONE-RK02
12.6,22.2,54.4,28.4,264.13,0.52,1.7000000000000002,90.9,0.61,14,1,39.4,ZONE-RK02
13.0,78.9,121.0,69.9,267.48,0.7200000000000001,2.8299999999999996,72.3,0.35,6,1,52.7,ZONE-RK01
11.0,12.6,25.9,47.4,267.63,0.89,2.5999999999999996,74.1,0.27999999999999997,6,0,0.0,ZONE-RK01
5.6,11.6,46.7,27.3,285.0,0.6599999999999999,2.96,69.1,2.16,7,0,0.0,ZONE-HW03
4.5,23.2,30.4,183.9,264.66,0.58,1.6,92.0,0.63,14,1,49.3,ZONE-RK02
30.3,67.2,72.8,104.7,284.95,0.77,2.81,68.0,2.22,7,0,0.0,ZONE-HW03
24.8,68.6,74.6,72.3,265.77,0.42,1.6900000000000002,94.3,0.63,14,1,66.4,ZONE-RK02
27.0,52.8,104.8,42.9,260.99,0.3,1.4,68.7,0.1,19,1,73.4,ZONE-RK03
11.3,12.3,63.2,5.9,288.57,0.37,1.64,91.1,0.39,12,0,0.0,ZONE-HW04
8.6,19.0,58.4,10.0,284.48,0.7999999999999999,3.04,72.7,2.21,7,0,0.0,ZONE-HW03
17.6,65.1,74.0,7.7,287.19,0.30000000000000004,1.81,87.9,0.44,12,1,30.5,ZONE-HW04
2.4,65.3,102.9,44.1,265.0,0.49,1.4700000000000002,90.8,0.5599999999999999,14,1,69.2,ZONE-RK02
1.7,33.2,134.4,123.3,285.18,0.44,1.61,89.5,1.1,13,1,59.0,ZONE-HW02
14.8,17.1,23.1,3.5,288.3,0.33,1.55,89.4,0.35000000000000003,12,0,0.0,ZONE-HW04
4.5,8.9,24.0,34.0,293.8,0.97,2.37,92.8,0.05,17,0,0.0,ZONE-HW01
43.0,71.3,161.4,86.7,285.75,0.54,1.5,89.6,1.1400000000000001,13,1,69.0,ZONE-HW02
1.8,41.7,57.8,71.3,268.48,0.75,2.9299999999999997,72.0,0.33999999999999997,6,0,0.0,ZONE-RK01
6.3,188.2,203.5,22.9,293.75,0.91,2.3400000000000003,93.3,0.09,17,1,73.3,ZONE-HW01
40.0,40.7,100.3,90.5,285.93,0.53,1.66,90.8,1.06,13,1,39.7,ZONE-HW02
27.2,137.2,322.9,4.7,285.54,0.6399999999999999,2.93,68.9,2.25,7,1,70.0,ZONE-HW03
25.9,57.1,109.2,9.6,287.23,0.39,1.72,91.7,0.36000000000000004,12,1,50.8,ZONE-HW04
15.8,137.1,258.5,40.5,268.98,0.8500000000000001,2.6199999999999997,76.9,0.32999999999999996,6,1,75.7,ZONE-RK01
0.6,14.1,101.6,84.6,261.61,0.47000000000000003,1.98,89.1,0.78,15,1,66.2,ZONE-RK04
9.2,10.9,38.7,44.3,264.28,0.45,1.4300000000000002,94.2,0.6,14,1,33.9,ZONE-RK02
39.6,70.3,89.0,52.2,262.84,0.35000000000000003,1.9300000000000002,85.6,0.8400000000000001,15,1,63.9,ZONE-RK04
1.0,108.9,131.2,45.5,293.33,0.87,2.1700000000000004,94.9,0.07,17,1,66.8,ZONE-HW01
6.6,41.0,95.3,87.9,284.71,0.74,2.96,67.1,2.23,7,0,0.0,ZONE-HW03
4.7,16.1,22.8,74.6,261.66,0.43000000000000005,1.85,86.9,0.8500000000000001,15,0,0.0,ZONE-RK04
0.6,27.9,129.8,155.0,285.03,0.58,1.67,91.0,1.08,13,1,63.1,ZONE-HW02
8.9,27.3,31.3,77.8,284.53,0.74,3.2,72.7,2.24,7,0,0.0,ZONE-HW03
25.8,34.2,61.5,127.8,288.28,0.42000000000000004,1.51,90.5,0.37,12,1,41.0,ZONE-HW04
31.4,39.8,79.8,15.0,260.2,0.24,1.08,66.1,0.12000000000000001,19,1,73.2,ZONE-RK03
1.6,74.2,160.1,99.9,286.63,0.4,1.66,91.0,1.1400000000000001,13,1,69.9,ZONE-HW02
0.7,56.4,85.2,29.3,287.83,0.37,1.83,88.6,0.45,12,1,33.9,ZONE-HW04
11.9,14.8,85.5,61.1,259.92,0.27,1.22,66.0,0.09000000000000001,19,1,68.4,ZONE-RK03
3.1,9.4,19.6,4.1,285.27,0.74,3.18,72.4,2.16,7,0,0.0,ZONE-HW03
13.3,68.3,69.2,3.5,265.61,0.42,1.6600000000000001,92.7,0.59,14,1,57.1,ZONE-RK02
12.8,64.2,84.0,30.1,274.2,0.29,1.43,62.2,0.18000000000000002,16,1,62.3,ZONE-HW05
13.6,23.2,24.5,93.0,263.05,0.41000000000000003,1.6500000000000001,90.1,0.8500000000000001,15,1,30.1,ZONE-RK04
14.7,40.8,108.5,78.7,287.83,0.46,1.78,90.4,0.35000000000000003,12,1,55.7,ZONE-HW04
3.5,16.5,23.2,9.7,262.52,0.35000000000000003,1.86,86.8,0.8400000000000001,15,0,0.0,ZONE-RK04
16.9,75.6,240.1,69.3,285.35,0.6,3.16,67.2,2.1500000000000004,7,1,45.9,ZONE-HW03
3.1,6.4,90.2,60.5,275.64,0.32,1.3299999999999998,67.8,0.25,16,1,56.8,ZONE-HW05
14.4,60.0,120.7,125.9,284.39,0.73,3.13,71.8,2.21,7,0,0.0,ZONE-HW03
0.9,42.2,137.3,23.6,260.88,0.27999999999999997,1.29,67.4,0.08,19,1,68.9,ZONE-RK03
15.3,26.6,185.1,2.4,261.7,0.46,1.8,88.8,0.8300000000000001,15,1,73.9,ZONE-RK04
13.0,18.5,80.8,13.5,294.67,0.8300000000000001,2.1300000000000003,92.6,0.05,17,0,0.0,ZONE-HW01
4.0,24.5,147.7,16.7,268.26,0.8200000000000001,2.61,76.2,0.33999999999999997,6,1,42.0,ZONE-RK01
2.3,45.0,79.7,170.0,284.05,0.75,3.19,70.8,2.23,7,0,0.0,ZONE-HW03
2.4,33.5,46.8,11.9,259.48,0.38,1.1199999999999999,68.2,0.07,19,1,66.2,ZONE-RK03
17.3,44.3,114.6,25.9,285.54,0.73,2.91,72.6,2.21,7,0,0.0,ZONE-HW03
8.9,24.5,231.5,24.2,264.22,0.59,1.4500000000000002,89.9,0.58,14,1,69.3,ZONE-RK02
5.2,18.3,59.9,20.4,264.99,0.47,1.7400000000000002,91.3,0.6,14,1,35.4,ZONE-RK02
37.0,46.3,159.4,7.6,264.97,0.53,1.48,91.5,0.64,14,1,71.9,ZONE-RK02
16.0,87.3,96.5,241.7,288.62,0.34,1.5,87.1,0.41000000000000003,12,1,70.8,ZONE-HW04
9.0,96.4,152.9,25.1,267.23,0.77,2.7399999999999998,78.0,0.31,6,1,61.0,ZONE-RK01
3.1,14.0,18.9,10.9,275.48,0.39,1.2799999999999998,62.2,0.15000000000000002,16,0,0.0,ZONE-HW05
1.7,18.2,97.6,10.7,275.52,0.24,1.3499999999999999,67.4,0.15000000000000002,16,1,57.8,ZONE-HW05
2.1,33.0,44.0,7.2,265.46,0.59,1.51,91.9,0.65,14,0,0.0,ZONE-RK02
2.7,79.9,166.1,30.6,286.42,0.53,1.49,92.9,1.09,13,1,70.4,ZONE-HW02
16.0,39.1,95.6,80.3,262.0,0.34,1.94,89.3,0.8500000000000001,15,1,63.1,ZONE-RK04
14.9,24.2,26.2,42.6,293.33,0.8400000000000001,2.29,94.6,0.05,17,0,0.0,ZONE-HW01
33.2,58.5,147.8,334.8,294.63,0.92,2.24,94.6,0.060000000000000005,17,1,70.8,ZONE-HW01
2.7,38.0,94.1,273.7,264.9,0.58,1.78,90.5,0.59,14,1,72.0,ZONE-RK02
63.6,98.4,112.4,112.2,274.7,0.21,1.27,63.9,0.23,16,1,70.1,ZONE-HW05
1.7,47.2,167.7,33.8,264.43,0.47,1.46,90.9,0.5499999999999999,14,1,73.0,ZONE-RK02
14.9,31.8,60.6,26.0,285.43,0.51,1.43,89.4,1.06,13,0,0.0,ZONE-HW02
21.5,104.0,245.3,13.4,294.2,0.91,2.04,93.7,0.060000000000000005,17,1,75.0,ZONE-HW01
31.2,71.3,85.9,4.9,265.15,0.53,1.6700000000000002,91.6,0.63,14,1,59.2,ZONE-RK02
4.7,77.7,127.8,89.4,268.61,0.8,3.0,74.5,0.26,6,1,55.2,ZONE-RK01
4.5,42.6,44.0,32.9,286.18,0.45,1.31,88.1,1.1300000000000001,13,0,0.0,ZONE-HW02
14.8,19.5,106.1,18.8,268.82,0.76,2.94,74.4,0.33999999999999997,6,0,0.0,ZONE-RK01
15.8,31.4,76.7,8.0,274.08,0.32999999999999996,1.23,62.6,0.23,16,1,52.7,ZONE-HW05
0.3,72.4,88.1,119.9,293.63,0.87,2.0300000000000002,96.6,0.05,17,1,61.1,ZONE-HW01
110.1,117.2,132.6,76.1,294.39,0.89,2.3400000000000003,97.8,0.05,17,1,69.3,ZONE-HW01
50.5,124.7,159.6,111.0,264.06,0.41000000000000003,1.4000000000000001,89.6,0.58,14,1,73.4,ZONE-RK02
2.2,115.9,282.6,12.5,284.45,0.62,3.09,71.9,2.23,7,1,64.5,ZONE-HW03
5.3,8.5,24.4,118.5,268.87,0.8700000000000001,2.6999999999999997,76.7,0.26,6,0,0.0,ZONE-RK01
7.1,9.9,30.8,278.9,293.15,0.87,2.25,96.9,0.05,17,1,46.7,ZONE-HW01
14.9,31.0,40.1,299.7,260.17,0.21999999999999997,1.13,65.9,0.11,19,1,74.3,ZONE-RK03
25.8,35.7,39.3,4.1,285.27,0.73,3.01,68.4,2.2,7,0,0.0,ZONE-HW03
1.9,28.0,160.1,48.1,288.95,0.36000000000000004,1.79,87.4,0.38,12,1,64.7,ZONE-HW04
27.8,45.5,107.2,92.1,264.71,0.5700000000000001,1.5,92.9,0.64,14,1,70.7,ZONE-RK02
2.9,16.3,67.0,5.1,265.94,0.41000000000000003,1.4100000000000001,90.3,0.63,14,1,40.2,ZONE-RK02
6.7,29.7,308.7,45.0,264.68,0.56,1.7000000000000002,92.1,0.58,14,1,75.5,ZONE-RK02
25.4,42.4,122.0,63.3,288.31,0.47000000000000003,1.54,86.8,0.44,12,1,57.6,ZONE-HW04
32.7,48.6,95.0,69.6,288.74,0.4,1.81,87.1,0.38,12,1,44.9,ZONE-HW04
8.1,12.8,17.7,1.2,294.9,0.92,2.04,94.8,0.05,17,0,0.0,ZONE-HW01
31.0,39.1,51.0,93.2,264.48,0.58,1.4700000000000002,89.2,0.62,14,1,52.8,ZONE-RK02
5.8,27.0,35.9,224.9,293.24,0.91,2.14,93.3,0.05,17,1,44.7,ZONE-HW01
28.6,88.4,114.5,100.6,285.11,0.45,1.34,91.9,1.12,13,1,61.9,ZONE-HW02
2.3,2.6,3.6,61.8,293.38,0.8400000000000001,2.1100000000000003,95.6,0.05,17,0,0.0,ZONE-HW01
9.1,31.0,31.4,38.5,265.36,0.53,1.78,90.3,0.5599999999999999,14,0,0.0,ZONE-RK02
19.0,36.5,102.4,18.6,268.15,0.75,2.8099999999999996,73.7,0.33999999999999997,6,0,0.0,ZONE-RK01
25.2,51.8,63.6,18.9,284.78,0.62,3.09,72.3,2.18,7,0,0.0,ZONE-HW03
14.8,67.9,94.8,20.9,261.84,0.34,1.85,89.2,0.78,15,1,62.2,ZONE-RK04
30.3,63.5,93.2,46.8,260.01,0.33999999999999997,1.19,66.8,0.14,19,1,69.0,ZONE-RK03
3.4,33.0,55.2,380.6,286.36,0.43,1.43,90.7,1.1500000000000001,13,1,62.8,ZONE-HW02
9.8,29.8,71.5,174.0,284.67,0.6399999999999999,2.91,67.5,2.22,7,0,0.0,ZONE-HW03
24.2,42.2,105.6,61.8,268.19,0.89,2.8299999999999996,74.9,0.27,6,1,25.9,ZONE-RK01
10.2,16.6,47.8,19.7,268.13,0.9,2.9299999999999997,75.2,0.27,6,0,0.0,ZONE-RK01
36.9,49.2,201.3,53.3,260.55,0.21999999999999997,1.3199999999999998,67.0,0.1,19,1,70.8,ZONE-RK03
15.0,38.5,45.4,33.0,274.51,0.3,1.3499999999999999,62.1,0.19,16,1,39.6,ZONE-HW05
1.6,30.9,60.5,105.4,275.55,0.37,1.5599999999999998,65.6,0.16,16,1,57.4,ZONE-HW05
3.7,9.1,35.2,182.8,267.3,0.78,2.69,78.0,0.29,6,0,0.0,ZONE-RK01
18.6,34.9,71.3,6.2,267.49,0.8500000000000001,2.9899999999999998,74.2,0.32,6,0,0.0,ZONE-RK01
62.6,95.5,112.3,61.7,263.34,0.38,1.6400000000000001,86.6,0.81,15,1,70.7,ZONE-RK04
1.7,103.0,112.6,73.1,288.97,0.48000000000000004,1.5699999999999998,91.5,0.38,12,1,64.9,ZONE-HW04
4.2,42.1,117.1,78.3,285.89,0.6599999999999999,2.88,70.5,2.22,7,0,0.0,ZONE-HW03
14.3,81.2,85.3,28.1,264.87,0.49,1.79,93.8,0.58,14,1,69.4,ZONE-RK02
4.3,137.0,161.7,92.3,288.85,0.33,1.77,89.1,0.38,12,1,71.9,ZONE-HW04
17.3,24.5,38.2,23.1,259.61,0.26,1.3199999999999998,65.1,0.05,19,1,59.1,ZONE-RK03
7.9,15.9,16.9,148.1,264.11,0.46,1.57,93.0,0.5499999999999999,14,1,41.1,ZONE-RK02
50.5,63.0,83.7,0.5,286.76,0.56,1.5,93.8,1.11,13,0,0.0,ZONE-HW02
17.1,69.5,77.4,12.2,265.43,0.43,1.6900000000000002,91.6,0.64,14,1,58.3,ZONE-RK02
23.4,52.1,54.4,68.2,267.95,0.77,2.92,75.8,0.29,6,0,0.0,ZONE-RK01
5.5,19.3,92.7,116.6,265.79,0.58,1.6400000000000001,90.0,0.59,14,1,68.6,ZONE-RK02
7.7,95.9,122.0,103.4,260.37,0.24,1.05,68.3,0.08,19,1,68.6,ZONE-RK03
9.9,78.2,197.4,6.4,288.09,0.38,1.8499999999999999,88.6,0.36000000000000004,12,1,70.5,ZONE-HW04
41.3,93.7,172.0,15.7,286.01,0.54,1.44,90.1,1.1,13,1,71.5,ZONE-HW02
24.5,81.4,98.5,212.9,287.06,0.41000000000000003,1.88,88.5,0.43000000000000005,12,1,69.4,ZONE-HW04
0.8,5.7,44.3,60.0,294.57,0.92,2.1500000000000004,95.7,0.09,17,0,0.0,ZONE-HW01
15.5,16.0,177.4,3.2,293.11,0.97,2.0500000000000003,96.0,0.05,17,1,70.6,ZONE-HW01
2.3,2.7,44.5,188.5,274.92,0.21,1.22,67.0,0.21000000000000002,16,1,58.3,ZONE-HW05
16.4,68.3,69.0,54.7,265.64,0.51,1.6800000000000002,94.2,0.5599999999999999,14,1,63.2,ZONE-RK02
9.2,29.9,33.6,80.7,275.48,0.21,1.2799999999999998,62.9,0.22,16,1,38.5,ZONE-HW05
10.5,54.0,87.2,11.3,263.29,0.43000000000000005,1.6600000000000001,88.8,0.8200000000000001,15,1,63.7,ZONE-RK04
15.7,21.4,124.3,66.5,288.25,0.34,1.53,86.9,0.44,12,1,58.1,ZONE-HW04
2.6,101.0,137.5,5.3,261.91,0.39,1.9300000000000002,87.7,0.76,15,1,67.9,ZONE-RK04
14.8,23.6,105.0,119.2,284.97,0.6399999999999999,2.89,72.1,2.18,7,0,0.0,ZONE-HW03
57.9,78.8,109.1,98.0,288.72,0.42000000000000004,1.67,89.8,0.37,12,1,67.3,ZONE-HW04
2.1,25.9,65.4,6.6,261.84,0.45,1.82,87.9,0.78,15,1,43.0,ZONE-RK04
8.1,65.7,162.7,7.3,287.73,0.36000000000000004,1.65,90.8,0.4,12,1,71.0,ZONE-HW04
1.4,10.5,114.4,9.7,259.06,0.29,1.23,65.1,0.08,19,1,71.8,ZONE-RK03
19.1,22.3,71.1,30.8,287.09,0.48000000000000004,1.89,88.8,0.42000000000000004,12,0,0.0,ZONE-HW04
23.3,31.3,82.3,18.8,293.02,0.8300000000000001,2.2,97.2,0.05,17,1,41.2,ZONE-HW01
18.8,80.9,87.7,141.0,274.78,0.21,1.46,64.1,0.22,16,1,68.8,ZONE-HW05
13.5,17.6,45.5,12.3,259.56,0.35,1.1199999999999999,67.4,0.14,19,1,61.5,ZONE-RK03
18.1,60.8,66.4,49.4,285.93,0.72,2.87,71.3,2.2,7,0,0.0,ZONE-HW03
25.3,107.8,143.8,210.1,274.52,0.33999999999999997,1.44,65.5,0.21000000000000002,16,1,74.5,ZONE-HW05
11.5,26.5,120.8,47.5,264.09,0.5700000000000001,1.46,89.6,0.5599999999999999,14,1,71.9,ZONE-RK02
9.6,29.8,123.6,124.8,287.65,0.35000000000000003,1.81,91.5,0.43000000000000005,12,1,61.7,ZONE-HW04
7.8,20.0,53.9,59.5,260.46,0.27999999999999997,1.39,70.5,0.060000000000000005,19,1,65.0,ZONE-RK03
4.1,51.5,84.8,28.5,268.69,0.7100000000000001,2.9099999999999997,75.6,0.32999999999999996,6,0,0.0,ZONE-RK01
1.7,9.9,159.0,25.5,259.64,0.33999999999999997,1.15,70.9,0.11,19,1,69.4,ZONE-RK03
2.8,21.3,39.6,2.5,293.98,0.9400000000000001,2.0900000000000003,96.5,0.05,17,0,0.0,ZONE-HW01
5.9,29.5,69.6,30.9,275.62,0.24,1.43,65.8,0.22,16,1,48.0,ZONE-HW05
8.9,109.9,133.6,20.9,260.79,0.27,1.16,68.3,0.060000000000000005,19,1,69.4,ZONE-RK03
4.2,22.6,93.9,16.1,274.99,0.37,1.43,64.8,0.19,16,1,58.0,ZONE-HW05
18.5,19.1,46.2,104.7,275.71,0.36,1.38,65.8,0.24000000000000002,16,1,45.1,ZONE-HW05
6.2,31.1,42.6,94.8,260.56,0.26,1.05,66.4,0.11,19,1,66.5,ZONE-RK03
0.8,58.2,69.2,145.2,263.14,0.36000000000000004,1.9300000000000002,87.3,0.79,15,1,69.5,ZONE-RK04
6.5,45.0,64.2,165.4,260.94,0.21,1.23,70.1,0.14,19,1,71.2,ZONE-RK03
2.0,7.9,41.9,6.0,285.24,0.71,3.16,70.5,2.24,7,0,0.0,ZONE-HW03
3.3,89.6,277.1,33.0,294.31,0.81,2.1700000000000004,93.2,0.09,17,1,68.4,ZONE-HW01
38.5,62.1,77.8,84.8,262.59,0.45,1.97,89.0,0.8400000000000001,15,1,61.7,ZONE-RK04
16.1,151.7,167.1,78.0,265.61,0.51,1.6400000000000001,94.0,0.63,14,1,70.7,ZONE-RK02
0.8,4.4,4.6,526.8,265.9,0.52,1.6400000000000001,89.5,0.61,14,1,73.5,ZONE-RK02
24.3,70.7,106.3,25.0,294.45,0.8200000000000001,2.2,93.4,0.05,17,1,59.1,ZONE-HW01
2.5,12.6,36.2,98.8,261.54,0.31000000000000005,1.9100000000000001,89.9,0.8,15,1,43.5,ZONE-RK04
11.6,14.0,14.9,7.6,268.1,0.7100000000000001,2.9099999999999997,76.2,0.29,6,0,0.0,ZONE-RK01
7.9,89.1,139.8,113.3,285.1,0.62,2.85,70.7,2.24,7,0,0.0,ZONE-HW03
9.4,22.9,28.6,146.1,285.39,0.49,1.32,89.4,1.11,13,0,0.0,ZONE-HW02
22.9,28.4,64.3,46.8,262.33,0.45,1.92,88.2,0.75,15,1,51.4,ZONE-RK04
14.7,102.4,145.7,54.4,263.13,0.32,1.6500000000000001,86.1,0.75,15,1,70.4,ZONE-RK04
0.8,2.7,13.1,2.3,263.5,0.33,1.76,88.9,0.8200000000000001,15,0,0.0,ZONE-RK04
20.4,58.9,66.2,126.6,264.5,0.51,1.6,93.4,0.59,14,1,69.8,ZONE-RK02
2.5,13.3,27.6,32.6,262.39,0.36000000000000004,1.75,88.3,0.8400000000000001,15,0,0.0,ZONE-RK04
4.4,24.5,50.7,301.7,262.55,0.35000000000000003,1.8800000000000001,88.0,0.76,15,1,72.3,ZONE-RK04
0.9,5.5,8.2,68.8,287.56,0.34,1.55,91.9,0.37,12,0,0.0,ZONE-HW04
0.8,55.1,91.0,52.4,274.42,0.27,1.5299999999999998,62.9,0.25,16,1,65.9,ZONE-HW05
12.4,18.0,29.0,26.9,288.91,0.30000000000000004,1.83,87.6,0.41000000000000003,12,0,0.0,ZONE-HW04
13.5,20.6,26.8,245.7,294.65,0.8200000000000001,2.1100000000000003,95.7,0.05,17,1,46.5,ZONE-HW01
0.3,49.0,126.6,24.7,284.89,0.6399999999999999,2.95,71.0,2.2,7,0,0.0,ZONE-HW03
2.2,6.9,66.7,72.1,293.06,0.9500000000000001,2.37,97.5,0.08,17,0,0.0,ZONE-HW01
22.9,106.1,165.0,11.9,286.85,0.58,1.62,91.5,1.1300000000000001,13,1,65.1,ZONE-HW02
4.2,59.6,71.3,5.3,285.73,0.76,3.17,71.5,2.23,7,0,0.0,ZONE-HW03
18.2,33.7,160.0,73.5,274.78,0.33999999999999997,1.47,67.2,0.24000000000000002,16,1,70.9,ZONE-HW05
1.4,90.0,105.0,28.8,274.52,0.39,1.39,68.0,0.17,16,1,72.4,ZONE-HW05
7.7,9.3,43.6,9.2,294.6,0.99,2.0300000000000002,93.5,0.05,17,0,0.0,ZONE-HW01
7.7,20.7,94.8,113.8,286.14,0.41000000000000003,1.41,89.6,1.08,13,1,38.3,ZONE-HW02
2.5,16.2,39.6,11.5,267.25,0.81,2.73,73.6,0.27,6,0,0.0,ZONE-RK01
24.0,60.9,71.5,32.0,287.03,0.30000000000000004,1.51,88.2,0.41000000000000003,12,1,36.6,ZONE-HW04
1.7,31.4,37.9,298.5,284.12,0.7899999999999999,2.91,70.7,2.18,7,0,0.0,ZONE-HW03
22.8,37.6,80.8,169.6,264.88,0.45,1.7100000000000002,90.6,0.6,14,1,66.4,ZONE-RK02
12.1,17.9,41.7,129.7,259.29,0.32,1.02,65.7,0.05,19,1,70.2,ZONE-RK03
15.5,47.1,147.9,157.1,288.16,0.31000000000000005,1.79,86.4,0.42000000000000004,12,1,68.1,ZONE-HW04
37.8,40.8,80.1,94.4,293.03,0.97,2.3400000000000003,95.2,0.05,17,1,46.6,ZONE-HW01
21.2,49.2,58.3,111.8,264.15,0.49,1.6,90.4,0.58,14,1,61.2,ZONE-RK02
19.1,21.8,53.0,13.4,284.14,0.69,2.91,67.1,2.21,7,0,0.0,ZONE-HW03
6.2,6.7,32.3,55.9,285.67,0.48,1.56,90.8,1.1500000000000001,13,0,0.0,ZONE-HW02
14.5,47.2,137.7,17.0,267.32,0.7100000000000001,2.9699999999999998,77.5,0.25,6,1,50.0,ZONE-RK01
1.9,59.1,67.6,257.6,286.02,0.56,1.5,91.5,1.08,13,1,53.4,ZONE-HW02
27.7,48.5,247.8,7.2,268.31,0.73,2.9099999999999997,75.9,0.35,6,1,74.7,ZONE-RK01
5.4,35.9,57.4,184.5,262.63,0.5,1.85,89.4,0.8,15,1,61.1,ZONE-RK04
1.0,24.9,69.6,74.0,275.6,0.32,1.46,65.1,0.18000000000000002,16,1,52.8,ZONE-HW05
4.4,18.0,110.8,15.2,294.82,0.87,2.3200000000000003,97.9,0.05,17,1,45.9,ZONE-HW01
26.3,51.1,122.9,87.5,265.39,0.49,1.78,91.5,0.5599999999999999,14,1,70.8,ZONE-RK02
3.5,28.7,129.8,39.6,265.83,0.53,1.6400000000000001,91.7,0.59,14,1,69.3,ZONE-RK02
51.0,69.1,76.8,34.5,260.85,0.25,1.3599999999999999,69.0,0.12000000000000001,19,1,71.3,ZONE-RK03
45.5,57.1,158.4,149.2,293.68,0.8200000000000001,2.16,95.0,0.05,17,1,71.3,ZONE-HW01
6.5,9.1,73.6,26.1,263.3,0.48000000000000004,1.61,85.7,0.78,15,1,44.7,ZONE-RK04
22.9,40.4,73.6,105.3,288.49,0.33,1.51,88.6,0.42000000000000004,12,1,47.7,ZONE-HW04
7.2,24.8,48.4,32.0,260.03,0.31,1.16,67.5,0.060000000000000005,19,1,66.6,ZONE-RK03
11.2,60.8,83.3,52.0,262.92,0.32,1.96,90.4,0.81,15,1,65.2,ZONE-RK04
16.7,26.1,42.4,189.6,267.15,0.88,2.98,77.5,0.31,6,0,0.0,ZONE-RK01
19.3,45.1,97.3,2.1,284.58,0.7,2.85,68.1,2.23,7,0,0.0,ZONE-HW03
14.4,35.8,75.3,31.2,274.17,0.38,1.44,64.2,0.21000000000000002,16,1,52.4,ZONE-HW05
1.3,7.7,158.2,36.8,287.35,0.44,1.6099999999999999,90.6,0.37,12,1,64.7,ZONE-HW04
9.4,11.0,12.9,88.4,268.13,0.88,2.8299999999999996,77.1,0.29,6,0,0.0,ZONE-RK01
11.6,32.9,46.8,95.6,285.77,0.55,1.68,88.3,1.1400000000000001,13,0,0.0,ZONE-HW02
2.8,9.1,40.0,23.6,262.36,0.36000000000000004,1.95,86.9,0.78,15,0,0.0,ZONE-RK04
4.3,35.4,88.0,121.8,259.24,0.25,1.18,70.3,0.08,19,1,74.8,ZONE-RK03
8.1,10.4,26.4,273.9,265.85,0.53,1.46,90.2,0.63,14,1,62.9,ZONE-RK02
13.6,50.7,51.1,51.1,268.2,0.7100000000000001,2.96,75.2,0.27,6,0,0.0,ZONE-RK01
0.6,25.9,152.7,241.9,288.67,0.31000000000000005,1.58,91.7,0.41000000000000003,12,1,73.1,ZONE-HW04
11.7,30.1,175.1,78.4,274.25,0.29,1.5699999999999998,66.3,0.24000000000000002,16,1,68.5,ZONE-HW05
1.0,19.8,33.5,44.4,284.99,0.62,2.85,68.7,2.22,7,0,0.0,ZONE-HW03
9.1,35.3,57.4,12.6,286.61,0.55,1.39,88.4,1.07,13,0,0.0,ZONE-HW02
10.5,63.7,118.2,28.9,285.55,0.53,1.51,92.7,1.12,13,1,44.1,ZONE-HW02
41.1,114.1,125.8,2.8,267.87,0.89,2.92,73.9,0.32999999999999996,6,1,51.0,ZONE-RK01
20.3,73.0,244.9,154.4,268.9,0.8300000000000001,2.6999999999999997,75.5,0.33999999999999997,6,1,69.6,ZONE-RK01
13.8,36.5,37.9,19.8,262.03,0.33,1.9300000000000002,89.4,0.78,15,1,28.6,ZONE-RK04
9.2,38.9,79.6,95.0,265.9,0.5700000000000001,1.7000000000000002,89.0,0.5599999999999999,14,1,63.4,ZONE-RK02
4.9,29.9,34.5,37.4,262.92,0.31000000000000005,1.8800000000000001,88.7,0.81,15,1,26.4,ZONE-RK04
20.8,56.3,289.9,22.8,285.97,0.53,1.37,89.8,1.07,13,1,70.2,ZONE-HW02
10.3,22.3,51.3,136.1,287.98,0.43000000000000005,1.74,89.3,0.38,12,0,0.0,ZONE-HW04
17.3,81.5,92.9,144.6,261.72,0.48000000000000004,1.9000000000000001,86.7,0.8500000000000001,15,1,68.6,ZONE-RK04
0.9,66.7,86.7,26.4,284.23,0.69,2.93,67.7,2.22,7,0,0.0,ZONE-HW03
10.8,95.5,97.9,30.4,260.55,0.3,1.3199999999999998,67.9,0.09000000000000001,19,1,69.4,ZONE-RK03
29.1,44.2,55.3,38.7,293.54,0.8400000000000001,2.3400000000000003,94.5,0.060000000000000005,17,0,0.0,ZONE-HW01
7.3,81.4,153.2,49.2,285.52,0.46,1.46,90.7,1.09,13,1,69.6,ZONE-HW02
66.8,85.6,88.6,21.3,293.97,0.8400000000000001,2.25,92.3,0.05,17,1,51.1,ZONE-HW01
8.6,13.7,161.1,101.9,260.07,0.36,1.04,70.8,0.11,19,1,68.9,ZONE-RK03
4.7,31.5,95.4,198.4,274.04,0.33999999999999997,1.52,62.5,0.22,16,1,73.1,ZONE-HW05
32.0,53.7,128.2,57.8,274.13,0.21,1.2799999999999998,65.2,0.25,16,1,73.1,ZONE-HW05
12.1,15.8,22.5,52.8,285.72,0.6499999999999999,3.12,72.5,2.18,7,0,0.0,ZONE-HW03
4.7,5.3,69.5,2.3,262.61,0.35000000000000003,1.61,90.1,0.8300000000000001,15,1,40.7,ZONE-RK04
13.6,36.8,210.2,46.3,274.8,0.3,1.2599999999999998,63.8,0.17,16,1,74.0,ZONE-HW05
1.0,25.1,117.1,403.2,261.57,0.45,1.9300000000000002,87.3,0.79,15,1,74.4,ZONE-RK04
8.4,20.0,138.6,14.9,294.72,0.8200000000000001,2.2,96.2,0.07,17,1,57.5,ZONE-HW01
14.3,29.9,32.0,29.9,275.21,0.22999999999999998,1.49,66.8,0.17,16,0,0.0,ZONE-HW05
4.6,39.4,188.0,21.8,294.57,0.89,2.3000000000000003,93.8,0.05,17,1,67.0,ZONE-HW01
25.0,26.7,65.3,5.1,287.75,0.39,1.5899999999999999,88.4,0.38,12,0,0.0,ZONE-HW04
40.8,84.4,138.0,121.6,294.82,0.91,2.1,92.1,0.05,17,1,69.6,ZONE-HW01
15.6,119.8,182.4,181.0,286.53,0.54,1.48,91.5,1.05,13,1,73.9,ZONE-HW02
10.9,14.6,52.2,9.5,287.74,0.41000000000000003,1.76,88.0,0.43000000000000005,12,0,0.0,ZONE-HW04
13.5,33.3,82.0,0.7,264.19,0.43,1.75,91.9,0.57,14,1,52.8,ZONE-RK02
3.3,23.6,173.9,33.9,288.05,0.47000000000000003,1.8,86.4,0.4,12,1,66.2,ZONE-HW04
8.3,45.9,92.2,24.9,286.67,0.41000000000000003,1.58,91.6,1.1400000000000001,13,0,0.0,ZONE-HW02
7.9,15.3,184.4,9.8,294.38,0.9500000000000001,2.3200000000000003,95.3,0.05,17,1,69.8,ZONE-HW01
7.0,7.8,20.3,106.1,285.92,0.5,1.52,92.4,1.12,13,0,0.0,ZONE-HW02
3.4,5.9,38.1,0.7,264.85,0.42,1.4500000000000002,89.1,0.6,14,0,0.0,ZONE-RK02
1.3,50.7,124.5,172.7,264.33,0.49,1.79,89.2,0.59,14,1,68.7,ZONE-RK02
28.9,63.4,66.1,106.9,274.97,0.35,1.42,64.4,0.18000000000000002,16,1,63.6,ZONE-HW05
28.0,76.1,111.6,18.6,294.44,0.98,2.1100000000000003,93.9,0.09,17,1,59.7,ZONE-HW01
28.0,67.0,264.5,11.8,259.28,0.3,1.08,68.7,0.12000000000000001,19,1,72.2,ZONE-RK03
3.8,10.9,89.5,14.5,293.94,0.8400000000000001,2.1300000000000003,96.5,0.1,17,1,35.6,ZONE-HW01
1.0,197.3,198.6,126.2,260.05,0.37,1.0,67.5,0.07,19,1,68.5,ZONE-RK03
6.8,62.1,102.5,162.3,267.62,0.74,2.88,75.2,0.27999999999999997,6,1,52.8,ZONE-RK01
39.1,39.4,43.3,20.2,288.19,0.31000000000000005,1.75,91.3,0.38,12,0,0.0,ZONE-HW04
16.6,82.4,113.2,65.4,268.86,0.75,2.9299999999999997,77.2,0.31,6,1,47.6,ZONE-RK01
3.1,52.1,223.2,21.9,285.87,0.71,3.06,68.2,2.21,7,0,0.0,ZONE-HW03
10.2,12.9,53.9,48.9,265.46,0.46,1.51,89.6,0.63,14,1,40.5,ZONE-RK02
2.3,19.8,40.1,51.6,284.66,0.75,3.04,68.7,2.23,7,0,0.0,ZONE-HW03
13.2,13.5,85.1,87.4,287.42,0.30000000000000004,1.5899999999999999,87.3,0.44,12,1,39.8,ZONE-HW04
6.8,8.4,78.7,217.3,259.33,0.37,1.13,70.4,0.060000000000000005,19,1,71.7,ZONE-RK03
4.1,15.8,26.0,60.2,287.85,0.39,1.6199999999999999,90.6,0.37,12,0,0.0,ZONE-HW04
2.5,15.7,75.4,57.5,284.75,0.6799999999999999,2.99,68.9,2.2,7,0,0.0,ZONE-HW03
7.3,23.7,65.0,0.4,274.16,0.32,1.2899999999999998,63.0,0.21000000000000002,16,1,38.4,ZONE-HW05
1.2,65.1,69.2,85.9,260.68,0.31,1.2,69.7,0.12000000000000001,19,1,71.3,ZONE-RK03
37.9,47.4,70.5,58.9,285.3,0.6399999999999999,3.15,72.1,2.23,7,0,0.0,ZONE-HW03
32.0,117.4,184.7,6.3,286.46,0.44,1.52,94.0,1.1400000000000001,13,1,69.2,ZONE-HW02
16.6,32.4,64.2,3.5,260.87,0.4,1.08,67.2,0.07,19,1,66.9,ZONE-RK03
3.2,50.1,80.4,25.1,285.19,0.47,1.4,93.5,1.11,13,0,0.0,ZONE-HW02
7.3,65.1,134.2,22.3,268.29,0.8300000000000001,2.76,78.0,0.32,6,1,47.8,ZONE-RK01
1.9,10.6,137.4,61.0,268.94,0.8600000000000001,2.9499999999999997,77.6,0.35,6,1,38.9,ZONE-RK01
11.4,38.6,61.4,115.2,287.35,0.45,1.76,89.3,0.36000000000000004,12,1,33.9,ZONE-HW04
11.1,14.8,21.7,53.9,260.41,0.24,1.3399999999999999,65.5,0.13,19,1,51.1,ZONE-RK03
41.4,52.5,154.3,101.1,288.27,0.31000000000000005,1.54,89.3,0.45,12,1,67.4,ZONE-HW04
4.3,5.4,10.8,91.3,267.67,0.8300000000000001,2.96,77.4,0.27,6,0,0.0,ZONE-RK01
3.3,17.2,52.0,90.5,286.03,0.59,1.46,93.0,1.12,13,0,0.0,ZONE-HW02
1.8,17.4,50.6,54.5,264.39,0.55,1.46,90.6,0.57,14,1,39.3,ZONE-RK02
25.6,31.3,113.8,82.6,262.88,0.38,1.85,90.1,0.8400000000000001,15,1,66.9,ZONE-RK04
12.2,48.3,74.9,10.4,274.7,0.27,1.43,66.2,0.21000000000000002,16,1,54.9,ZONE-HW05
16.4,38.7,89.7,28.9,265.84,0.44,1.4300000000000002,90.9,0.61,14,1,58.6,ZONE-RK02
35.6,62.2,66.7,41.8,260.58,0.24,1.15,65.5,0.12000000000000001,19,1,67.8,ZONE-RK03
21.2,68.6,102.7,157.6,262.99,0.45,1.72,87.3,0.78,15,1,69.0,ZONE-RK04
4.7,20.6,135.0,158.6,285.83,0.5700000000000001,1.41,89.2,1.1500000000000001,13,1,59.1,ZONE-HW02
17.4,76.2,80.8,140.2,287.53,0.4,1.73,88.1,0.41000000000000003,12,1,59.1,ZONE-HW04
5.8,11.7,25.4,37.9,259.07,0.37,1.15,68.2,0.07,19,1,57.8,ZONE-RK03
4.3,15.9,23.2,24.6,286.29,0.54,1.42,90.1,1.1500000000000001,13,0,0.0,ZONE-HW02
12.7,30.2,51.5,96.1,275.66,0.36,1.24,66.6,0.18000000000000002,16,1,52.6,ZONE-HW05
33.6,76.0,96.2,95.5,268.84,0.8,2.8499999999999996,74.9,0.3,6,1,39.9,ZONE-RK01
2.5,6.7,27.9,115.4,285.32,0.7799999999999999,2.93,67.6,2.1900000000000004,7,0,0.0,ZONE-HW03
4.2,6.2,13.3,137.0,267.32,0.8,2.73,77.4,0.27,6,0,0.0,ZONE-RK01
15.1,23.9,64.4,52.5,285.61,0.49,1.37,88.1,1.1300000000000001,13,0,0.0,ZONE-HW02
16.0,24.0,123.9,25.9,288.19,0.44,1.79,88.8,0.37,12,1,52.6,ZONE-HW04
17.8,18.3,41.6,30.3,285.97,0.48,1.32,93.6,1.07,13,0,0.0,ZONE-HW02
11.8,14.1,92.2,17.2,274.22,0.29,1.3099999999999998,65.5,0.21000000000000002,16,1,54.8,ZONE-HW05
17.0,65.8,107.1,94.5,260.84,0.38,1.39,70.7,0.07,19,1,75.5,ZONE-RK03
16.3,29.5,112.2,24.4,259.26,0.27,1.38,70.8,0.08,19,1,73.3,ZONE-RK03
12.7,53.7,77.5,25.2,285.92,0.43,1.3,88.9,1.1400000000000001,13,0,0.0,ZONE-HW02
9.2,60.3,193.2,55.1,293.62,0.8400000000000001,2.3400000000000003,94.6,0.07,17,1,68.6,ZONE-HW01
16.2,86.3,91.5,18.5,275.69,0.27,1.39,64.1,0.2,16,1,67.6,ZONE-HW05
18.5,70.6,167.9,37.5,263.33,0.43000000000000005,1.9300000000000002,89.2,0.8300000000000001,15,1,68.2,ZONE-RK04
1.4,18.7,31.8,24.1,259.64,0.39,1.16,67.0,0.08,19,1,58.2,ZONE-RK03
22.2,24.6,112.5,39.1,285.19,0.71,2.94,71.0,2.25,7,0,0.0,ZONE-HW03
13.6,16.4,37.0,6.6,267.44,0.8200000000000001,2.9099999999999997,74.2,0.27999999999999997,6,0,0.0,ZONE-RK01
48.9,98.3,129.1,17.7,268.22,0.8500000000000001,2.9699999999999998,75.9,0.26,6,1,50.3,ZONE-RK01
40.6,53.3,62.1,58.0,262.1,0.32,1.75,86.1,0.77,15,1,56.6,ZONE-RK04
43.2,43.3,56.9,195.2,287.07,0.49,1.67,87.0,0.42000000000000004,12,1,50.1,ZONE-HW04
2.8,6.4,48.6,138.6,288.61,0.37,1.79,89.9,0.39,12,0,0.0,ZONE-HW04
9.7,166.1,222.9,5.4,267.32,0.73,2.8,76.1,0.25,6,1,73.0,ZONE-RK01
74.1,89.8,106.7,57.1,284.84,0.61,2.97,71.5,2.16,7,0,0.0,ZONE-HW03
5.4,8.1,8.2,41.8,288.0,0.46,1.78,91.1,0.45,12,0,0.0,ZONE-HW04
27.2,52.7,409.7,23.7,265.57,0.6,1.61,91.3,0.62,14,1,69.2,ZONE-RK02
4.9,10.1,19.1,23.5,286.9,0.54,1.4,91.1,1.11,13,0,0.0,ZONE-HW02
23.6,94.5,279.1,18.5,287.87,0.39,1.52,91.2,0.4,12,1,68.4,ZONE-HW04
32.0,43.9,49.9,142.8,285.5,0.47,1.42,92.9,1.1,13,0,0.0,ZONE-HW02
15.2,20.6,48.7,23.7,259.59,0.27999999999999997,1.18,66.8,0.05,19,1,61.3,ZONE-RK03
20.0,38.1,264.9,3.9,268.06,0.78,2.67,75.2,0.26,6,1,68.6,ZONE-RK01
6.6,26.3,61.3,26.6,287.86,0.35000000000000003,1.89,90.1,0.37,12,0,0.0,ZONE-HW04
19.6,81.9,221.5,114.5,275.14,0.21,1.3299999999999998,62.2,0.21000000000000002,16,1,73.8,ZONE-HW05
28.5,52.5,139.9,25.3,264.76,0.6,1.4300000000000002,94.6,0.62,14,1,69.8,ZONE-RK02
7.6,19.0,50.5,23.5,267.37,0.8500000000000001,2.8899999999999997,76.5,0.26,6,0,0.0,ZONE-RK01
48.9,60.2,65.4,52.4,285.93,0.76,3.03,73.0,2.21,7,0,0.0,ZONE-HW03
0.9,4.4,16.8,43.7,275.71,0.25,1.52,64.2,0.2,16,0,0.0,ZONE-HW05
8.5,56.7,124.0,38.9,284.55,0.74,2.87,70.0,2.1500000000000004,7,0,0.0,ZONE-HW03
6.1,17.5,91.9,3.7,285.82,0.74,2.91,69.4,2.1500000000000004,7,0,0.0,ZONE-HW03
0.2,47.8,80.2,9.8,285.31,0.6499999999999999,2.98,71.7,2.21,7,0,0.0,ZONE-HW03
4.0,84.9,183.0,86.6,264.44,0.4,1.53,89.4,0.58,14,1,73.6,ZONE-RK02
9.9,31.9,216.8,236.2,288.18,0.43000000000000005,1.63,88.3,0.44,12,1,68.0,ZONE-HW04
3.6,53.6,64.6,16.8,285.64,0.56,1.3599999999999999,93.1,1.1,13,0,0.0,ZONE-HW02
16.9,32.5,166.6,6.5,275.4,0.32999999999999996,1.2999999999999998,62.2,0.24000000000000002,16,1,74.3,ZONE-HW05
10.7,85.9,203.1,11.9,288.12,0.37,1.58,91.9,0.39,12,1,69.8,ZONE-HW04
6.9,35.9,44.6,241.0,285.9,0.49,1.3599999999999999,91.5,1.11,13,1,34.6,ZONE-HW02
36.9,42.4,48.9,6.2,285.99,0.6,3.19,70.3,2.2,7,0,0.0,ZONE-HW03
36.0,42.5,69.4,41.7,262.25,0.41000000000000003,1.75,90.7,0.76,15,1,56.5,ZONE-RK04
13.7,15.9,28.8,187.7,263.48,0.41000000000000003,1.67,86.0,0.8300000000000001,15,1,51.2,ZONE-RK04
35.9,81.5,82.5,27.7,285.1,0.6699999999999999,2.89,72.4,2.18,7,0,0.0,ZONE-HW03
14.8,24.5,144.7,70.3,286.26,0.53,1.57,91.8,1.11,13,1,55.5,ZONE-HW02
1.1,73.0,231.2,5.7,274.78,0.37,1.4,64.8,0.23,16,1,71.5,ZONE-HW05
11.4,22.2,47.1,13.9,259.8,0.19999999999999998,1.33,69.6,0.12000000000000001,19,1,64.5,ZONE-RK03
12.9,108.0,143.0,6.1,264.77,0.53,1.79,91.5,0.61,14,1,72.1,ZONE-RK02
14.5,27.0,123.9,39.9,260.22,0.3,1.03,68.4,0.09000000000000001,19,1,67.7,ZONE-RK03
3.2,9.6,82.8,21.6,261.83,0.43000000000000005,1.87,90.7,0.75,15,1,53.5,ZONE-RK04
21.9,28.8,48.2,43.8,285.1,0.77,3.14,68.0,2.1900000000000004,7,0,0.0,ZONE-HW03
43.0,123.5,135.1,31.0,261.85,0.49,1.97,86.9,0.78,15,1,74.4,ZONE-RK04
2.4,23.8,54.7,161.7,262.66,0.39,1.87,87.7,0.77,15,1,58.1,ZONE-RK04
39.9,54.4,88.2,158.6,288.0,0.32,1.74,88.0,0.44,12,1,57.8,ZONE-HW04
24.7,24.8,44.1,38.3,288.44,0.31000000000000005,1.8,90.1,0.39,12,0,0.0,ZONE-HW04
3.9,10.6,12.5,72.2,275.99,0.37,1.23,64.5,0.18000000000000002,16,0,0.0,ZONE-HW05
4.6,6.2,19.3,113.3,274.24,0.36,1.46,65.2,0.15000000000000002,16,0,0.0,ZONE-HW05
28.6,48.4,75.3,266.7,288.66,0.31000000000000005,1.8199999999999998,91.0,0.42000000000000004,12,1,62.1,ZONE-HW04
3.4,10.7,28.0,13.3,285.43,0.7,3.06,69.6,2.16,7,0,0.0,ZONE-HW03
7.2,79.7,127.5,37.2,260.69,0.35,1.23,69.7,0.12000000000000001,19,1,70.7,ZONE-RK03
40.9,42.4,54.2,58.4,285.28,0.45,1.49,89.6,1.08,13,0,0.0,ZONE-HW02
14.3,15.5,41.3,73.3,264.92,0.54,1.7000000000000002,93.5,0.58,14,1,39.4,ZONE-RK02
18.0,48.5,67.8,6.9,286.57,0.54,1.53,91.6,1.1300000000000001,13,0,0.0,ZONE-HW02
8.4,12.5,160.0,45.1,260.04,0.21,1.3499999999999999,68.4,0.12000000000000001,19,1,70.3,ZONE-RK03
5.7,49.3,83.8,26.0,260.14,0.26,1.29,69.0,0.07,19,1,72.9,ZONE-RK03
25.1,85.7,141.6,3.4,259.29,0.26,1.15,68.8,0.05,19,1,69.6,ZONE-RK03
12.5,55.7,63.0,18.2,293.3,0.8,2.1500000000000004,95.1,0.09,17,1,30.5,ZONE-HW01
32.1,32.7,102.6,44.9,288.24,0.33,1.64,86.9,0.44,12,1,43.5,ZONE-HW04
8.9,9.1,94.7,31.2,285.76,0.59,1.56,93.2,1.1,13,0,0.0,ZONE-HW02
11.7,45.6,106.2,218.6,288.79,0.30000000000000004,1.88,88.1,0.38,12,1,65.7,ZONE-HW04
11.4,26.7,180.3,71.9,294.22,0.9500000000000001,2.0500000000000003,93.2,0.05,17,1,71.1,ZONE-HW01
5.3,9.4,101.8,31.5,268.68,0.8700000000000001,2.9099999999999997,75.1,0.27,6,0,0.0,ZONE-RK01
16.2,35.3,46.4,64.4,262.23,0.31000000000000005,1.85,90.7,0.8,15,1,45.6,ZONE-RK04
0.9,16.9,56.5,40.1,275.69,0.31,1.23,66.8,0.19,16,1,42.8,ZONE-HW05
20.7,73.5,147.3,2.8,262.01,0.45,1.8800000000000001,88.9,0.77,15,1,72.2,ZONE-RK04
3.2,26.3,162.8,126.1,287.35,0.5,1.6099999999999999,87.7,0.42000000000000004,12,1,71.5,ZONE-HW04
27.7,38.5,66.6,44.5,265.81,0.43,1.52,90.2,0.57,14,1,57.8,ZONE-RK02
2.6,3.5,150.3,19.3,287.93,0.41000000000000003,1.81,87.9,0.41000000000000003,12,1,54.7,ZONE-HW04
4.1,6.7,138.6,60.7,264.88,0.5,1.4400000000000002,92.5,0.61,14,1,68.2,ZONE-RK02
16.5,89.3,110.5,68.0,268.16,0.8700000000000001,2.6399999999999997,77.3,0.32999999999999996,6,1,48.3,ZONE-RK01
0.6,6.8,95.8,101.9,288.98,0.35000000000000003,1.66,87.6,0.41000000000000003,12,1,42.6,ZONE-HW04
6.5,20.7,58.8,0.0,288.03,0.49,1.6199999999999999,91.2,0.37,12,0,0.0,ZONE-HW04
4.1,11.1,25.5,114.8,294.36,0.9,2.25,92.7,0.08,17,0,0.0,ZONE-HW01
4.9,11.3,46.4,140.5,259.98,0.26,1.39,67.8,0.07,19,1,65.3,ZONE-RK03
4.1,6.6,28.6,96.4,285.35,0.62,3.14,69.1,2.22,7,0,0.0,ZONE-HW03
12.0,62.9,223.3,110.1,259.39,0.21999999999999997,1.0899999999999999,66.8,0.08,19,1,74.1,ZONE-RK03
13.9,34.3,36.3,290.9,287.21,0.36000000000000004,1.74,89.4,0.37,12,1,51.9,ZONE-HW04
7.3,12.3,67.2,23.4,285.57,0.77,3.04,67.9,2.25,7,0,0.0,ZONE-HW03
13.2,39.7,69.2,126.6,288.31,0.46,1.81,87.6,0.44,12,1,36.8,ZONE-HW04
4.6,22.5,61.1,76.3,293.74,0.86,2.29,97.0,0.05,17,1,28.0,ZONE-HW01
23.0,38.1,90.0,11.4,285.53,0.6,3.18,67.3,2.1900000000000004,7,0,0.0,ZONE-HW03
40.5,55.0,120.4,1.4,260.95,0.35,1.01,69.2,0.07,19,1,73.2,ZONE-RK03
3.4,23.4,128.7,52.4,294.67,0.8,2.1700000000000004,94.3,0.060000000000000005,17,1,64.4,ZONE-HW01
39.9,59.7,93.4,8.9,262.74,0.39,1.71,85.4,0.77,15,1,64.9,ZONE-RK04
24.3,32.8,147.7,169.2,288.9,0.49,1.81,88.3,0.45,12,1,70.8,ZONE-HW04
43.1,65.1,121.6,105.5,262.06,0.42000000000000004,1.75,85.6,0.81,15,1,68.9,ZONE-RK04
2.1,29.7,31.4,48.2,285.88,0.46,1.49,93.3,1.06,13,0,0.0,ZONE-HW02
2.5,8.6,31.3,39.6,285.65,0.77,3.04,70.4,2.21,7,0,0.0,ZONE-HW03
14.6,16.9,51.9,14.1,287.49,0.41000000000000003,1.81,87.6,0.4,12,0,0.0,ZONE-HW04
12.8,43.2,83.9,93.8,294.38,0.8300000000000001,2.31,97.2,0.07,17,1,55.2,ZONE-HW01
6.1,49.6,77.9,46.3,286.81,0.49,1.65,89.1,1.1,13,0,0.0,ZONE-HW02
15.7,16.3,69.4,67.5,287.72,0.34,1.89,87.6,0.41000000000000003,12,0,0.0,ZONE-HW04
5.6,8.3,13.1,179.7,267.28,0.8300000000000001,2.77,76.8,0.32999999999999996,6,0,0.0,ZONE-RK01
17.5,21.6,43.7,62.8,274.12,0.4,1.3499999999999999,65.4,0.25,16,1,39.3,ZONE-HW05
27.1,28.4,41.9,154.3,286.58,0.5,1.53,91.8,1.12,13,0,0.0,ZONE-HW02
0.1,6.8,166.5,66.5,265.95,0.56,1.61,93.8,0.63,14,1,67.7,ZONE-RK02
4.6,6.7,8.1,19.6,288.22,0.5,1.8,90.6,0.39,12,0,0.0,ZONE-HW04
32.0,48.1,111.8,175.3,293.93,0.98,2.4000000000000004,92.9,0.05,17,1,65.0,ZONE-HW01
7.9,14.3,50.7,167.1,285.91,0.56,1.6,93.7,1.1400000000000001,13,0,0.0,ZONE-HW02
24.5,26.5,85.5,59.4,285.15,0.6,3.13,67.1,2.1700000000000004,7,0,0.0,ZONE-HW03
35.7,39.6,77.8,148.1,284.3,0.77,3.03,71.6,2.2,7,0,0.0,ZONE-HW03
7.9,27.6,31.3,22.8,263.04,0.41000000000000003,1.74,90.3,0.8400000000000001,15,0,0.0,ZONE-RK04
5.9,93.0,109.6,43.2,259.38,0.22999999999999998,1.1199999999999999,65.6,0.1,19,1,75.3,ZONE-RK03
16.7,22.0,55.3,93.9,268.56,0.81,2.98,74.0,0.27999999999999997,6,0,0.0,ZONE-RK01
30.2,59.7,115.0,9.4,262.82,0.34,1.67,90.9,0.77,15,1,71.9,ZONE-RK04
43.7,48.0,122.5,21.5,285.05,0.58,1.68,88.7,1.1400000000000001,13,1,32.2,ZONE-HW02
40.7,78.9,149.0,17.3,262.26,0.39,1.76,86.2,0.79,15,1,73.6,ZONE-RK04
8.8,37.7,111.2,7.7,265.94,0.5,1.6300000000000001,92.1,0.57,14,1,63.0,ZONE-RK02
49.2,115.5,131.3,121.1,288.48,0.37,1.9,88.5,0.37,12,1,67.0,ZONE-HW04
11.0,29.6,48.5,60.9,274.72,0.25,1.24,64.7,0.15000000000000002,16,1,50.6,ZONE-HW05
19.6,35.5,85.1,84.1,285.92,0.62,2.94,68.9,2.16,7,0,0.0,ZONE-HW03
18.6,20.2,118.4,42.9,293.46,0.9400000000000001,2.2600000000000002,96.9,0.09,17,1,51.8,ZONE-HW01
4.6,12.9,45.9,152.5,294.46,0.98,2.02,97.1,0.05,17,1,28.1,ZONE-HW01
7.1,48.7,53.8,45.2,274.31,0.33999999999999997,1.5,62.4,0.23,16,1,48.5,ZONE-HW05
71.8,115.9,127.7,48.7,293.74,0.88,2.06,93.0,0.09,17,1,73.1,ZONE-HW01
4.0,19.8,95.5,103.3,259.73,0.38,1.31,65.2,0.07,19,1,70.3,ZONE-RK03
3.9,80.5,125.4,33.5,286.82,0.45,1.43,92.7,1.08,13,1,59.7,ZONE-HW02
10.5,38.4,79.4,46.6,268.47,0.73,2.76,75.2,0.32999999999999996,6,0,0.0,ZONE-RK01
10.5,16.3,100.1,54.6,274.34,0.21999999999999997,1.3399999999999999,63.3,0.19,16,1,60.9,ZONE-HW05
2.1,45.7,180.4,206.0,287.93,0.38,1.8599999999999999,88.6,0.44,12,1,74.1,ZONE-HW04
6.9,11.3,47.8,8.4,267.62,0.79,2.96,72.8,0.32,6,0,0.0,ZONE-RK01
40.8,46.9,61.5,36.5,286.91,0.53,1.34,91.0,1.1300000000000001,13,0,0.0,ZONE-HW02
7.2,54.7,85.2,13.1,261.75,0.4,1.92,85.9,0.8200000000000001,15,1,60.6,ZONE-RK04
4.7,26.0,34.0,66.2,284.56,0.72,2.9,68.5,2.22,7,0,0.0,ZONE-HW03
12.5,50.1,188.9,170.3,293.66,0.99,2.27,95.1,0.060000000000000005,17,1,74.8,ZONE-HW01
43.8,52.2,59.3,25.2,259.66,0.27,1.06,69.4,0.14,19,1,70.7,ZONE-RK03
33.8,141.1,239.2,8.2,285.26,0.76,3.19,67.1,2.21,7,1,47.1,ZONE-HW03
44.2,60.7,61.2,40.9,261.82,0.36000000000000004,1.83,87.9,0.78,15,1,57.5,ZONE-RK04
0.7,24.2,44.9,44.9,284.9,0.6399999999999999,3.05,70.3,2.16,7,0,0.0,ZONE-HW03
14.2,75.1,129.3,39.8,294.31,0.9,2.1300000000000003,98.0,0.05,17,1,66.1,ZONE-HW01
25.7,96.5,102.9,53.1,288.54,0.39,1.54,91.1,0.43000000000000005,12,1,60.2,ZONE-HW04
5.0,6.4,61.6,139.0,285.85,0.41000000000000003,1.52,88.6,1.1500000000000001,13,0,0.0,ZONE-HW02
2.7,52.9,148.9,172.0,264.24,0.54,1.4500000000000002,91.1,0.6,14,1,72.2,ZONE-RK02
4.6,74.9,94.2,56.3,265.93,0.59,1.4700000000000002,93.9,0.64,14,1,67.8,ZONE-RK02
0.8,2.1,65.8,41.1,260.68,0.24,1.01,69.4,0.09000000000000001,19,1,68.3,ZONE-RK03
4.4,10.7,66.1,0.0,260.13,0.31,1.02,68.2,0.1,19,1,67.0,ZONE-RK03
24.6,27.1,37.7,34.2,274.33,0.22999999999999998,1.47,65.8,0.24000000000000002,16,1,27.6,ZONE-HW05
9.9,23.1,42.4,232.5,260.08,0.39,1.17,66.2,0.05,19,1,74.5,ZONE-RK03
15.4,16.1,44.2,145.6,284.59,0.7799999999999999,3.19,72.4,2.2,7,0,0.0,ZONE-HW03
5.4,8.4,79.4,65.2,260.44,0.26,1.03,69.3,0.12000000000000001,19,1,67.5,ZONE-RK03
12.7,14.4,22.0,68.2,264.12,0.48,1.46,93.9,0.63,14,0,0.0,ZONE-RK02
3.5,24.5,63.9,23.3,262.28,0.33,1.77,88.5,0.77,15,1,46.0,ZONE-RK04
44.5,99.9,164.0,5.7,263.43,0.36000000000000004,1.96,85.7,0.8200000000000001,15,1,75.0,ZONE-RK04
1.7,22.1,30.9,268.0,259.41,0.22999999999999998,1.1099999999999999,67.0,0.11,19,1,71.1,ZONE-RK03
2.6,22.7,45.3,71.4,274.21,0.32999999999999996,1.39,66.0,0.18000000000000002,16,1,40.0,ZONE-HW05
2.1,19.0,35.1,153.1,287.31,0.48000000000000004,1.8,90.3,0.44,12,0,0.0,ZONE-HW04
0.6,74.1,163.6,24.7,267.76,0.88,2.65,74.8,0.31,6,1,66.4,ZONE-RK01
23.4,24.4,194.8,52.3,288.52,0.34,1.54,92.0,0.41000000000000003,12,1,71.5,ZONE-HW04
5.4,18.9,22.3,318.0,285.48,0.5700000000000001,1.5,92.2,1.09,13,0,0.0,ZONE-HW02
0.6,32.5,61.7,208.2,268.28,0.8700000000000001,2.71,76.3,0.27999999999999997,6,1,27.9,ZONE-RK01
4.2,27.0,59.9,85.0,274.66,0.32999999999999996,1.2999999999999998,64.1,0.15000000000000002,16,1,56.9,ZONE-HW05
1.1,7.6,19.7,93.8,287.49,0.4,1.74,90.0,0.36000000000000004,12,0,0.0,ZONE-HW04
3.1,28.7,40.8,138.4,288.12,0.47000000000000003,1.65,89.1,0.44,12,0,0.0,ZONE-HW04
42.8,64.7,86.4,18.7,284.08,0.62,3.14,70.9,2.16,7,0,0.0,ZONE-HW03
0.8,10.2,63.3,53.4,264.23,0.55,1.54,93.0,0.64,14,1,46.3,ZONE-RK02
43.2,58.3,117.5,47.0,285.44,0.61,3.06,69.6,2.2,7,0,0.0,ZONE-HW03
10.8,20.1,50.4,44.5,274.07,0.27999999999999997,1.52,66.5,0.19,16,1,42.9,ZONE-HW05
18.4,103.1,123.1,3.0,262.63,0.30000000000000004,1.98,85.6,0.8400000000000001,15,1,72.3,ZONE-RK04
10.3,33.9,43.1,100.0,288.7,0.35000000000000003,1.83,88.1,0.45,12,0,0.0,ZONE-HW04
62.9,150.3,161.3,145.8,262.05,0.46,1.73,89.2,0.81,15,1,74.1,ZONE-RK04
18.3,36.4,75.3,132.6,259.42,0.35,1.22,66.9,0.09000000000000001,19,1,69.9,ZONE-RK03
9.8,23.8,57.8,60.6,260.69,0.37,1.13,68.7,0.12000000000000001,19,1,70.1,ZONE-RK03
3.1,72.5,128.6,70.2,262.13,0.36000000000000004,1.97,85.5,0.79,15,1,71.6,ZONE-RK04
1.6,29.4,35.8,5.7,260.51,0.24,1.3399999999999999,67.9,0.08,19,1,58.2,ZONE-RK03
11.2,26.7,71.1,6.5,286.51,0.59,1.43,88.7,1.11,13,0,0.0,ZONE-HW02
8.5,14.3,231.8,57.7,275.4,0.31,1.5,65.2,0.19,16,1,73.5,ZONE-HW05
17.4,29.2,34.2,260.7,261.69,0.44,1.97,89.0,0.8400000000000001,15,1,60.6,ZONE-RK04
5.1,21.6,74.1,1.8,286.07,0.48,1.67,88.6,1.1500000000000001,13,0,0.0,ZONE-HW02
24.9,48.0,64.3,4.5,294.23,0.99,2.1300000000000003,93.3,0.08,17,0,0.0,ZONE-HW01
2.7,70.3,128.2,20.1,262.6,0.43000000000000005,1.71,88.0,0.8300000000000001,15,1,73.6,ZONE-RK04
1.0,36.2,78.7,36.3,263.25,0.39,1.92,85.9,0.78,15,1,58.7,ZONE-RK04
6.8,14.1,69.5,247.0,288.68,0.38,1.72,89.4,0.39,12,1,59.8,ZONE-HW04
2.9,30.2,57.8,41.4,285.25,0.7799999999999999,3.19,71.5,2.22,7,0,0.0,ZONE-HW03
4.4,56.7,89.9,54.9,286.61,0.45,1.45,93.4,1.1400000000000001,13,1,28.8,ZONE-HW02
5.5,11.5,16.0,87.7,285.15,0.54,1.43,93.0,1.12,13,0,0.0,ZONE-HW02
3.3,38.4,63.1,37.6,275.16,0.21999999999999997,1.5699999999999998,67.9,0.22,16,1,51.2,ZONE-HW05
9.5,23.3,28.6,25.9,265.61,0.52,1.6900000000000002,93.3,0.61,14,0,0.0,ZONE-RK02
16.3,49.2,66.1,43.1,275.64,0.24,1.3099999999999998,67.0,0.2,16,1,56.7,ZONE-HW05
3.2,10.3,11.5,158.9,284.13,0.7999999999999999,2.81,69.7,2.22,7,0,0.0,ZONE-HW03
3.5,11.2,27.6,9.5,285.95,0.54,1.33,90.1,1.1500000000000001,13,0,0.0,ZONE-HW02
15.3,17.6,24.8,72.4,294.14,0.99,2.29,96.3,0.05,17,0,0.0,ZONE-HW01
6.2,43.1,83.9,20.7,260.97,0.24,1.18,68.2,0.12000000000000001,19,1,68.7,ZONE-RK03
15.8,19.5,57.9,40.2,275.89,0.22999999999999998,1.42,66.1,0.18000000000000002,16,1,39.7,ZONE-HW05
4.7,32.5,135.0,477.2,268.42,0.77,2.65,77.9,0.31,6,1,71.9,ZONE-RK01
14.0,29.6,42.4,20.8,260.47,0.25,1.24,69.6,0.07,19,1,61.0,ZONE-RK03
9.8,23.5,146.1,32.2,288.46,0.37,1.54,88.4,0.42000000000000004,12,1,63.8,ZONE-HW04
7.0,21.5,112.1,73.6,284.76,0.69,3.14,68.1,2.18,7,0,0.0,ZONE-HW03
14.3,26.5,111.7,2.7,260.41,0.38,1.2,66.1,0.09000000000000001,19,1,68.4,ZONE-RK03
30.7,52.3,77.7,48.1,264.68,0.55,1.61,89.1,0.61,14,1,64.3,ZONE-RK02
16.5,16.9,119.5,41.4,268.37,0.7200000000000001,2.5999999999999996,77.9,0.25,6,1,34.5,ZONE-RK01
6.3,10.8,39.7,48.0,293.06,0.98,2.23,97.2,0.1,17,0,0.0,ZONE-HW01
7.8,41.9,69.2,227.8,262.77,0.4,1.81,90.9,0.76,15,1,71.0,ZONE-RK04
13.7,63.1,68.9,35.4,260.2,0.31,1.3599999999999999,69.2,0.14,19,1,67.1,ZONE-RK03
6.2,31.5,130.2,5.7,260.63,0.29,1.25,70.6,0.14,19,1,73.7,ZONE-RK03
1.1,58.1,70.1,77.3,265.61,0.46,1.52,91.1,0.57,14,1,64.0,ZONE-RK02
11.7,65.4,72.1,9.7,265.0,0.52,1.8,94.5,0.64,14,1,59.5,ZONE-RK02
12.2,100.0,126.8,27.7,275.66,0.36,1.5799999999999998,66.0,0.16,16,1,68.5,ZONE-HW05
14.0,94.0,184.7,378.0,259.48,0.36,1.08,67.4,0.09000000000000001,19,1,75.3,ZONE-RK03
0.3,3.9,50.9,120.3,288.62,0.48000000000000004,1.78,91.0,0.36000000000000004,12,0,0.0,ZONE-HW04
5.0,13.2,90.5,4.1,274.18,0.32999999999999996,1.5599999999999998,65.4,0.22,16,1,51.5,ZONE-HW05
6.9,28.0,69.1,91.3,275.29,0.26,1.25,66.6,0.18000000000000002,16,1,62.0,ZONE-HW05
6.6,35.1,79.1,55.5,284.87,0.62,2.81,67.6,2.21,7,0,0.0,ZONE-HW03
15.3,24.3,28.7,8.9,284.61,0.7999999999999999,3.11,71.6,2.22,7,0,0.0,ZONE-HW03
3.8,24.6,116.4,84.6,275.66,0.24,1.24,67.4,0.22,16,1,69.7,ZONE-HW05
23.3,36.3,62.2,35.0,260.28,0.35,1.21,65.3,0.08,19,1,65.1,ZONE-RK03
3.2,5.1,49.8,317.1,274.1,0.37,1.5499999999999998,66.4,0.2,16,1,65.5,ZONE-HW05
2.7,4.1,79.7,20.4,286.36,0.41000000000000003,1.39,90.7,1.07,13,0,0.0,ZONE-HW02
26.5,63.0,208.6,36.8,262.92,0.31000000000000005,1.6800000000000002,86.2,0.81,15,1,68.0,ZONE-RK04
16.3,35.1,84.9,41.8,284.41,0.74,3.17,67.0,2.1700000000000004,7,0,0.0,ZONE-HW03
3.1,24.4,62.0,116.5,286.97,0.6,1.63,90.2,1.1300000000000001,13,0,0.0,ZONE-HW02
19.9,52.6,58.6,89.3,267.31,0.8200000000000001,2.8499999999999996,73.5,0.33999999999999997,6,0,0.0,ZONE-RK01
10.4,77.8,204.0,4.0,293.41,0.98,2.29,93.6,0.07,17,1,70.6,ZONE-HW01
25.8,27.0,49.9,54.7,284.75,0.77,2.88,71.7,2.18,7,0,0.0,ZONE-HW03
2.4,43.5,43.9,12.9,268.25,0.78,2.88,74.7,0.32,6,0,0.0,ZONE-RK01
13.0,50.6,174.8,85.6,261.64,0.32,1.6600000000000001,89.7,0.76,15,1,72.1,ZONE-RK04
16.7,31.7,31.8,9.0,260.89,0.25,1.27,70.6,0.09000000000000001,19,1,59.0,ZONE-RK03
11.5,45.2,72.2,91.8,294.71,0.85,2.3000000000000003,94.4,0.09,17,1,41.5,ZONE-HW01
11.1,13.4,24.1,128.3,265.11,0.5,1.4500000000000002,95.0,0.6,14,1,38.4,ZONE-RK02
19.4,86.9,93.2,323.9,261.58,0.38,1.6300000000000001,89.2,0.76,15,1,71.3,ZONE-RK04
3.5,3.9,302.0,23.1,285.88,0.43,1.54,88.2,1.1400000000000001,13,1,73.9,ZONE-HW02
16.5,22.3,65.7,164.1,263.04,0.44,1.62,85.1,0.77,15,1,66.7,ZONE-RK04
5.8,39.1,49.5,68.6,294.84,0.87,2.08,95.9,0.05,17,0,0.0,ZONE-HW01
6.2,13.3,32.1,13.8,260.89,0.3,1.0899999999999999,68.8,0.08,19,1,57.8,ZONE-RK03
34.8,50.0,64.1,41.6,268.74,0.7100000000000001,2.6999999999999997,75.2,0.31,6,0,0.0,ZONE-RK01
5.8,46.7,224.1,40.3,260.09,0.26,1.04,65.4,0.1,19,1,68.1,ZONE-RK03
29.6,54.6,63.2,82.1,260.45,0.26,1.02,70.4,0.12000000000000001,19,1,66.6,ZONE-RK03
10.8,42.3,152.5,40.6,268.13,0.8600000000000001,2.9099999999999997,72.7,0.27,6,1,54.6,ZONE-RK01
34.7,76.4,109.9,64.7,274.15,0.32999999999999996,1.5599999999999998,67.6,0.21000000000000002,16,1,68.0,ZONE-HW05
5.9,129.2,184.2,3.1,284.9,0.75,3.07,70.7,2.18,7,0,0.0,ZONE-HW03
5.9,35.2,38.1,1.7,287.96,0.48000000000000004,1.68,91.3,0.37,12,0,0.0,ZONE-HW04
9.0,21.1,49.9,21.3,294.27,0.8300000000000001,2.39,98.0,0.09,17,0,0.0,ZONE-HW01
2.7,37.8,73.9,15.6,286.48,0.49,1.42,88.3,1.09,13,0,0.0,ZONE-HW02
5.8,32.7,36.4,11.2,275.7,0.4,1.25,65.8,0.17,16,0,0.0,ZONE-HW05
1.1,51.3,121.1,98.0,284.84,0.6799999999999999,3.09,69.7,2.1900000000000004,7,0,0.0,ZONE-HW03
18.9,52.1,84.5,72.0,285.68,0.53,1.35,91.2,1.07,13,1,32.2,ZONE-HW02
0.6,29.7,104.9,48.6,263.4,0.45,1.9100000000000001,87.2,0.8,15,1,66.7,ZONE-RK04
6.6,16.3,67.8,82.6,284.75,0.6599999999999999,2.96,69.8,2.2,7,0,0.0,ZONE-HW03
30.7,43.3,116.7,57.7,287.6,0.47000000000000003,1.81,89.7,0.36000000000000004,12,1,54.9,ZONE-HW04
32.2,54.7,91.2,60.4,275.78,0.32999999999999996,1.5699999999999998,64.6,0.24000000000000002,16,1,60.2,ZONE-HW05
20.8,121.1,124.9,3.8,262.27,0.43000000000000005,1.71,89.5,0.81,15,1,68.0,ZONE-RK04
41.6,64.2,111.9,46.1,285.15,0.76,2.86,68.9,2.1700000000000004,7,0,0.0,ZONE-HW03
1.5,45.3,114.1,26.1,260.53,0.3,1.24,69.6,0.1,19,1,72.4,ZONE-RK03
5.5,60.1,63.9,149.1,268.35,0.8600000000000001,2.63,72.1,0.33999999999999997,6,0,0.0,ZONE-RK01
4.4,31.4,168.8,79.4,267.66,0.7200000000000001,2.9699999999999998,74.1,0.32,6,1,67.4,ZONE-RK01
8.0,43.1,64.2,22.7,294.68,0.87,2.3600000000000003,95.5,0.08,17,0,0.0,ZONE-HW01
85.6,127.3,179.0,30.7,287.68,0.34,1.6199999999999999,90.8,0.37,12,1,74.5,ZONE-HW04
0.8,1.7,42.1,100.5,259.83,0.31,1.25,65.9,0.11,19,1,64.6,ZONE-RK03
11.6,66.7,68.4,32.0,294.38,0.98,2.39,96.0,0.05,17,1,33.3,ZONE-HW01
4.1,21.9,25.7,215.7,267.27,0.78,2.75,73.0,0.25,6,0,0.0,ZONE-RK01
3.8,80.5,108.2,296.5,286.86,0.52,1.37,93.4,1.1500000000000001,13,1,73.4,ZONE-HW02
12.1,92.2,92.5,96.5,286.77,0.6,1.65,88.4,1.06,13,1,44.4,ZONE-HW02
35.0,39.5,44.6,38.7,285.83,0.62,3.17,72.8,2.1700000000000004,7,0,0.0,ZONE-HW03
40.7,64.2,101.7,10.6,285.58,0.56,1.61,90.1,1.1500000000000001,13,0,0.0,ZONE-HW02
0.0,49.8,54.4,70.3,287.03,0.48000000000000004,1.67,87.0,0.44,12,0,0.0,ZONE-HW04
36.9,43.9,98.6,5.7,262.53,0.5,1.96,85.1,0.78,15,1,56.5,ZONE-RK04
13.9,19.3,85.9,25.1,262.9,0.35000000000000003,2.0,87.0,0.78,15,1,57.7,ZONE-RK04
9.3,36.7,46.1,94.7,288.32,0.37,1.51,91.2,0.44,12,0,0.0,ZONE-HW04
5.4,38.0,46.6,81.6,268.47,0.7000000000000001,2.75,77.4,0.29,6,0,0.0,ZONE-RK01
2.1,18.7,32.9,96.6,268.39,0.75,2.75,74.2,0.3,6,0,0.0,ZONE-RK01
4.6,68.6,179.8,15.3,284.81,0.6699999999999999,3.18,71.3,2.21,7,0,0.0,ZONE-HW03
14.3,17.1,41.9,87.5,287.56,0.32,1.68,90.0,0.43000000000000005,12,0,0.0,ZONE-HW04
16.2,45.6,62.2,33.2,286.72,0.58,1.31,88.8,1.1300000000000001,13,0,0.0,ZONE-HW02
1.6,39.7,74.7,86.4,261.65,0.37,1.6600000000000001,89.8,0.8300000000000001,15,1,66.4,ZONE-RK04
4.3,16.1,36.4,1.8,268.45,0.8500000000000001,2.7399999999999998,77.5,0.26,6,0,0.0,ZONE-RK01
6.3,55.1,168.9,51.1,288.26,0.37,1.77,89.7,0.36000000000000004,12,1,66.8,ZONE-HW04
9.1,10.0,115.7,0.9,264.37,0.54,1.4400000000000002,91.6,0.62,14,1,60.9,ZONE-RK02
43.4,63.6,84.5,180.6,264.77,0.53,1.48,93.9,0.62,14,1,70.4,ZONE-RK02
0.4,26.5,66.3,17.3,259.94,0.35,1.24,70.2,0.09000000000000001,19,1,67.3,ZONE-RK03
8.4,40.1,105.0,0.1,264.35,0.44,1.46,92.3,0.65,14,1,66.3,ZONE-RK02
41.4,46.8,60.1,21.4,264.38,0.5700000000000001,1.7000000000000002,90.4,0.59,14,1,49.8,ZONE-RK02
0.6,4.5,219.2,26.5,294.2,0.9,2.1100000000000003,94.6,0.08,17,1,73.0,ZONE-HW01
1.8,5.2,68.8,135.0,274.01,0.38,1.47,63.7,0.17,16,1,55.6,ZONE-HW05
4.5,5.1,17.7,4.1,287.69,0.45,1.75,90.9,0.36000000000000004,12,0,0.0,ZONE-HW04
1.6,18.5,31.6,50.8,287.02,0.45,1.54,89.5,0.44,12,0,0.0,ZONE-HW04
4.4,89.1,207.3,58.6,286.4,0.52,1.68,91.4,1.12,13,1,69.5,ZONE-HW02
6.6,21.0,47.5,91.0,286.48,0.5,1.5,92.6,1.08,13,0,0.0,ZONE-HW02
9.0,67.3,211.5,28.7,261.96,0.33,1.8800000000000001,87.5,0.8400000000000001,15,1,70.5,ZONE-RK04
12.3,15.3,26.5,37.3,284.93,0.7799999999999999,2.98,67.9,2.23,7,0,0.0,ZONE-HW03
3.5,66.3,74.9,42.6,285.9,0.77,3.12,69.3,2.24,7,0,0.0,ZONE-HW03
14.0,49.3,73.4,142.3,259.8,0.19999999999999998,1.3199999999999998,69.0,0.07,19,1,72.2,ZONE-RK03
12.6,30.0,33.5,43.7,259.43,0.19999999999999998,1.19,66.6,0.07,19,1,63.7,ZONE-RK03
25.8,54.4,143.6,47.7,259.61,0.39,1.22,66.4,0.1,19,1,73.6,ZONE-RK03
1.9,2.3,20.4,83.8,284.87,0.77,2.99,71.0,2.1900000000000004,7,0,0.0,ZONE-HW03
23.4,33.9,68.1,38.3,264.13,0.46,1.59,90.7,0.57,14,1,58.8,ZONE-RK02
7.9,15.8,23.1,15.3,262.33,0.30000000000000004,1.72,86.0,0.81,15,0,0.0,ZONE-RK04
0.9,7.5,8.0,69.1,285.22,0.72,3.01,69.0,2.1900000000000004,7,0,0.0,ZONE-HW03
5.7,114.2,125.0,29.7,259.74,0.39,1.03,67.7,0.09000000000000001,19,1,69.5,ZONE-RK03
6.6,6.9,98.3,2.3,286.38,0.58,1.66,91.8,1.1400000000000001,13,0,0.0,ZONE-HW02
42.2,109.0,147.3,54.9,288.57,0.41000000000000003,1.73,88.0,0.37,12,1,66.8,ZONE-HW04
15.9,30.6,82.7,3.2,286.56,0.51,1.66,92.2,1.11,13,0,0.0,ZONE-HW02
0.8,19.1,59.0,153.1,262.48,0.39,1.61,88.1,0.76,15,1,64.4,ZONE-RK04
1.7,53.6,65.4,35.1,285.16,0.5,1.54,93.3,1.1500000000000001,13,0,0.0,ZONE-HW02
5.7,21.0,29.2,49.0,293.13,0.88,2.08,96.6,0.07,17,0,0.0,ZONE-HW01
24.3,41.8,75.5,132.2,286.7,0.41000000000000003,1.4,91.8,1.08,13,1,37.9,ZONE-HW02
18.4,38.6,53.5,151.4,288.12,0.46,1.88,88.9,0.38,12,1,36.5,ZONE-HW04
12.9,20.4,36.1,113.8,263.15,0.43000000000000005,1.98,88.6,0.76,15,1,42.6,ZONE-RK04
0.7,145.9,152.9,111.3,262.55,0.4,1.7,87.3,0.8200000000000001,15,1,74.7,ZONE-RK04
7.5,27.8,134.1,37.3,293.52,0.8300000000000001,2.0100000000000002,95.9,0.08,17,1,61.1,ZONE-HW01
11.6,13.1,13.2,19.7,288.55,0.5,1.68,88.3,0.37,12,0,0.0,ZONE-HW04
17.1,21.0,27.0,37.0,288.52,0.32,1.6099999999999999,87.7,0.42000000000000004,12,0,0.0,ZONE-HW04
15.7,53.1,62.9,5.8,287.57,0.42000000000000004,1.63,86.1,0.36000000000000004,12,0,0.0,ZONE-HW04
42.3,51.4,147.4,139.4,286.11,0.47,1.43,92.3,1.11,13,1,68.6,ZONE-HW02
22.2,27.7,113.9,102.6,285.79,0.47,1.63,88.2,1.08,13,1,45.7,ZONE-HW02
13.6,25.9,41.1,9.1,268.77,0.7100000000000001,2.8899999999999997,72.8,0.26,6,0,0.0,ZONE-RK01
10.7,37.1,59.4,45.2,264.28,0.42,1.4700000000000002,93.3,0.5599999999999999,14,1,54.7,ZONE-RK02
6.8,37.5,153.3,12.5,285.68,0.48,1.6,91.0,1.1,13,1,55.1,ZONE-HW02
7.2,11.8,60.8,91.4,285.39,0.71,2.84,68.2,2.1700000000000004,7,0,0.0,ZONE-HW03
40.3,50.1,200.1,4.6,293.45,0.81,2.27,92.1,0.060000000000000005,17,1,72.5,ZONE-HW01
13.9,15.7,127.8,52.8,287.08,0.34,1.5899999999999999,86.9,0.44,12,1,57.1,ZONE-HW04
16.6,70.0,78.1,2.8,285.78,0.53,1.46,91.1,1.08,13,0,0.0,ZONE-HW02
31.7,43.0,49.9,44.2,268.34,0.8400000000000001,2.82,72.2,0.31,6,0,0.0,ZONE-RK01
13.7,14.6,30.7,2.3,261.96,0.4,1.74,85.5,0.8400000000000001,15,0,0.0,ZONE-RK04
8.2,75.8,278.5,70.9,275.8,0.22999999999999998,1.2899999999999998,65.2,0.24000000000000002,16,1,73.9,ZONE-HW05
2.6,73.5,109.8,11.7,293.53,0.87,2.16,97.0,0.08,17,1,58.4,ZONE-HW01
38.2,80.7,146.5,86.5,262.15,0.35000000000000003,1.6500000000000001,86.7,0.75,15,1,72.4,ZONE-RK04
3.4,10.5,68.8,17.4,275.54,0.24,1.25,64.3,0.16,16,1,48.6,ZONE-HW05
8.7,54.4,131.0,42.3,261.9,0.41000000000000003,1.9000000000000001,90.0,0.8200000000000001,15,1,73.0,ZONE-RK04
23.6,78.3,131.5,18.2,293.72,0.81,2.25,95.4,0.09,17,1,64.6,ZONE-HW01
4.8,16.1,22.3,22.3,274.05,0.19999999999999998,1.5299999999999998,67.2,0.17,16,0,0.0,ZONE-HW05
3.5,21.7,141.2,7.7,285.44,0.69,2.96,71.5,2.24,7,0,0.0,ZONE-HW03
19.1,54.0,59.0,179.1,288.12,0.36000000000000004,1.89,91.1,0.37,12,1,52.3,ZONE-HW04
12.6,26.2,96.8,20.8,268.71,0.8200000000000001,2.94,77.7,0.33999999999999997,6,0,0.0,ZONE-RK01
17.7,18.9,110.3,41.6,293.89,0.9500000000000001,2.3800000000000003,92.6,0.05,17,1,49.3,ZONE-HW01
15.2,22.7,79.2,103.6,285.48,0.6699999999999999,2.91,70.9,2.18,7,0,0.0,ZONE-HW03
9.6,38.4,68.9,157.2,268.8,0.76,2.71,77.6,0.33999999999999997,6,0,0.0,ZONE-RK01
10.3,65.6,146.4,37.0,261.74,0.43000000000000005,1.98,89.8,0.8400000000000001,15,1,74.3,ZONE-RK04
3.9,19.5,107.0,18.1,259.03,0.21999999999999997,1.0899999999999999,70.2,0.11,19,1,71.5,ZONE-RK03
11.1,60.3,82.1,71.9,293.05,0.91,2.0300000000000002,96.2,0.05,17,1,54.7,ZONE-HW01
4.2,7.7,86.8,7.3,284.06,0.7,3.13,69.5,2.25,7,0,0.0,ZONE-HW03
4.7,62.7,84.0,253.0,268.31,0.89,2.9499999999999997,76.3,0.32,6,1,54.4,ZONE-RK01
58.5,67.9,70.0,85.5,293.05,0.85,2.35,93.4,0.05,17,1,46.2,ZONE-HW01
9.0,12.2,73.7,2.2,268.75,0.8700000000000001,2.77,77.7,0.3,6,0,0.0,ZONE-RK01
30.6,35.1,41.9,13.5,262.93,0.45,1.71,85.5,0.79,15,0,0.0,ZONE-RK04
48.4,83.8,164.6,35.5,288.09,0.37,1.8599999999999999,90.4,0.4,12,1,68.4,ZONE-HW04
6.1,14.1,46.9,56.2,285.81,0.52,1.45,93.9,1.1300000000000001,13,0,0.0,ZONE-HW02
15.0,23.9,172.4,13.0,260.63,0.35,1.2,68.3,0.09000000000000001,19,1,71.3,ZONE-RK03
50.6,51.0,83.8,28.4,294.77,0.87,2.14,94.8,0.08,17,1,45.0,ZONE-HW01
8.9,34.3,62.9,37.5,260.78,0.27,1.3699999999999999,70.9,0.060000000000000005,19,1,67.1,ZONE-RK03
19.8,54.5,144.1,20.1,260.7,0.31,1.39,69.8,0.13,19,1,70.9,ZONE-RK03
14.1,40.5,63.6,46.6,285.76,0.7999999999999999,3.02,70.1,2.21,7,0,0.0,ZONE-HW03
5.6,10.2,22.2,7.8,294.87,0.93,2.0700000000000003,93.4,0.07,17,0,0.0,ZONE-HW01
17.2,49.6,200.0,91.6,285.98,0.47,1.63,90.2,1.1400000000000001,13,1,70.5,ZONE-HW02
0.8,65.5,164.8,41.0,284.44,0.6699999999999999,2.96,71.5,2.16,7,0,0.0,ZONE-HW03
13.2,125.2,163.2,165.0,287.31,0.44,1.8,90.3,0.44,12,1,75.4,ZONE-HW04
1.3,7.7,36.8,61.5,264.99,0.58,1.6800000000000002,90.8,0.63,14,0,0.0,ZONE-RK02
25.4,158.7,183.3,3.4,294.65,0.91,2.04,96.9,0.05,17,1,68.0,ZONE-HW01
24.2,52.0,63.1,47.8,264.41,0.5700000000000001,1.6700000000000002,89.4,0.6,14,1,51.1,ZONE-RK02
20.3,64.4,99.0,25.5,286.32,0.4,1.54,90.1,1.09,13,1,31.5,ZONE-HW02
54.6,87.3,113.5,23.0,288.27,0.42000000000000004,1.77,91.9,0.4,12,1,59.0,ZONE-HW04
19.7,28.0,37.4,52.8,294.4,0.97,2.1500000000000004,95.2,0.05,17,0,0.0,ZONE-HW01
5.1,34.8,41.1,74.5,286.9,0.54,1.7,90.3,1.1500000000000001,13,0,0.0,ZONE-HW02
5.0,5.0,11.8,189.9,264.95,0.51,1.4300000000000002,93.3,0.62,14,1,45.5,ZONE-RK02
30.3,38.3,113.6,65.7,287.76,0.37,1.74,88.8,0.38,12,1,57.5,ZONE-HW04
53.1,67.1,124.3,4.6,287.43,0.38,1.5,86.8,0.44,12,1,61.3,ZONE-HW04
7.6,107.2,145.9,23.8,274.89,0.3,1.39,66.2,0.19,16,1,74.8,ZONE-HW05
1.9,38.4,90.2,32.8,267.51,0.7200000000000001,2.8099999999999996,73.0,0.3,6,0,0.0,ZONE-RK01
45.2,45.9,64.0,177.7,259.08,0.32,1.17,69.1,0.15000000000000002,19,1,67.9,ZONE-RK03
5.8,14.5,52.7,121.5,287.97,0.30000000000000004,1.81,90.8,0.44,12,0,0.0,ZONE-HW04
1.6,87.6,166.9,14.0,284.09,0.6399999999999999,2.94,71.1,2.23,7,0,0.0,ZONE-HW03
18.7,33.3,59.0,107.0,262.93,0.46,1.98,85.7,0.77,15,1,51.4,ZONE-RK04
49.4,53.5,80.8,45.9,267.88,0.77,2.88,72.1,0.3,6,0,0.0,ZONE-RK01
7.1,20.6,23.3,81.0,286.27,0.42,1.49,89.7,1.11,13,0,0.0,ZONE-HW02
8.6,15.1,99.8,113.6,284.13,0.62,3.15,71.0,2.2,7,0,0.0,ZONE-HW03
10.0,20.6,71.4,23.8,275.84,0.38,1.5499999999999998,62.7,0.17,16,1,43.1,ZONE-HW05
4.0,43.3,45.4,7.0,262.39,0.5,1.75,86.6,0.76,15,1,34.4,ZONE-RK04
0.1,5.1,8.7,383.1,260.16,0.21999999999999997,1.02,66.2,0.08,19,1,73.2,ZONE-RK03
5.1,9.9,23.7,192.6,284.02,0.61,3.12,67.7,2.22,7,0,0.0,ZONE-HW03
11.0,24.6,127.9,35.2,274.02,0.38,1.25,67.5,0.24000000000000002,16,1,70.8,ZONE-HW05
6.1,13.1,36.8,26.7,262.83,0.4,1.69,86.0,0.81,15,0,0.0,ZONE-RK04
17.0,27.3,70.3,4.8,275.72,0.21,1.47,67.1,0.16,16,1,50.1,ZONE-HW05
3.2,18.9,157.1,33.2,288.03,0.5,1.73,87.5,0.43000000000000005,12,1,65.2,ZONE-HW04
16.4,25.2,32.0,4.2,286.88,0.5700000000000001,1.46,92.5,1.05,13,0,0.0,ZONE-HW02
5.5,10.6,20.2,100.1,286.56,0.41000000000000003,1.57,93.6,1.09,13,0,0.0,ZONE-HW02
0.2,24.7,48.6,49.4,263.0,0.33,1.85,89.7,0.8400000000000001,15,1,40.1,ZONE-RK04
12.4,23.7,41.2,92.5,259.48,0.3,1.2,65.5,0.11,19,1,65.9,ZONE-RK03
30.8,37.2,42.3,159.7,274.17,0.38,1.2599999999999998,65.8,0.19,16,1,58.6,ZONE-HW05
6.5,30.5,52.8,9.4,288.3,0.5,1.64,91.0,0.41000000000000003,12,0,0.0,ZONE-HW04
13.3,35.6,46.9,42.1,294.71,0.89,2.2,96.5,0.08,17,0,0.0,ZONE-HW01
23.9,50.7,55.8,55.6,275.85,0.32,1.46,65.4,0.2,16,1,47.5,ZONE-HW05
18.2,65.4,115.0,11.6,288.95,0.41000000000000003,1.75,86.4,0.41000000000000003,12,1,55.5,ZONE-HW04
18.6,52.5,53.7,37.1,294.19,0.85,2.37,93.9,0.05,17,0,0.0,ZONE-HW01
6.1,39.3,51.5,62.6,262.2,0.36000000000000004,1.9300000000000002,88.1,0.79,15,1,46.3,ZONE-RK04
36.7,84.7,211.9,268.8,285.34,0.6399999999999999,3.05,71.7,2.23,7,1,63.9,ZONE-HW03
0.2,29.4,56.0,137.6,262.87,0.37,1.82,86.9,0.8300000000000001,15,1,59.0,ZONE-RK04
4.4,123.3,170.9,110.4,259.23,0.33999999999999997,1.1199999999999999,66.5,0.11,19,1,73.1,ZONE-RK03
1.3,7.4,78.4,1.6,285.37,0.53,1.5,89.5,1.1,13,0,0.0,ZONE-HW02
25.5,25.9,79.4,31.8,294.86,0.89,2.14,93.5,0.05,17,1,27.9,ZONE-HW01
14.2,49.9,70.9,8.0,285.63,0.7999999999999999,2.8,68.1,2.24,7,0,0.0,ZONE-HW03
1.1,27.8,64.6,94.9,287.91,0.5,1.73,87.7,0.41000000000000003,12,0,0.0,ZONE-HW04
10.7,27.2,52.6,1.9,262.03,0.5,1.85,87.9,0.76,15,1,30.2,ZONE-RK04
6.1,118.0,221.4,28.0,285.24,0.44,1.44,92.8,1.06,13,1,74.4,ZONE-HW02
13.3,69.7,98.8,1.3,293.21,0.91,2.0500000000000003,92.6,0.07,17,1,51.8,ZONE-HW01
1.2,22.6,197.0,82.7,268.78,0.81,2.5999999999999996,74.0,0.31,6,1,66.7,ZONE-RK01
1.1,7.4,81.2,128.9,284.48,0.6399999999999999,3.04,71.5,2.24,7,0,0.0,ZONE-HW03
14.4,45.4,46.8,123.4,286.68,0.43,1.52,89.9,1.07,13,0,0.0,ZONE-HW02
23.3,32.3,94.0,16.9,284.41,0.72,3.18,67.5,2.22,7,0,0.0,ZONE-HW03
0.6,7.3,17.1,28.8,294.62,0.8200000000000001,2.1,94.4,0.05,17,0,0.0,ZONE-HW01
8.1,29.4,61.8,22.1,260.78,0.38,1.1099999999999999,65.0,0.12000000000000001,19,1,65.3,ZONE-RK03
0.4,28.3,53.5,24.8,284.89,0.6499999999999999,3.14,69.5,2.1900000000000004,7,0,0.0,ZONE-HW03
30.3,71.5,169.0,47.8,260.48,0.27999999999999997,1.25,67.3,0.1,19,1,70.1,ZONE-RK03
2.1,37.8,49.3,40.7,287.87,0.48000000000000004,1.64,86.1,0.4,12,0,0.0,ZONE-HW04
1.0,53.3,60.0,163.4,285.68,0.72,2.95,71.2,2.21,7,0,0.0,ZONE-HW03
30.0,48.7,116.9,67.6,284.34,0.6799999999999999,2.89,69.1,2.18,7,0,0.0,ZONE-HW03
24.4,41.4,118.4,43.5,294.8,0.88,2.35,97.8,0.07,17,1,60.2,ZONE-HW01
42.4,62.4,93.5,107.6,264.9,0.56,1.56,91.1,0.59,14,1,69.0,ZONE-RK02
25.9,50.2,60.1,44.1,288.82,0.32,1.5999999999999999,87.4,0.39,12,0,0.0,ZONE-HW04
51.7,93.6,176.9,2.3,293.96,0.8300000000000001,2.3400000000000003,95.9,0.060000000000000005,17,1,73.3,ZONE-HW01
9.5,40.7,129.3,3.5,268.96,0.77,2.9,72.5,0.33999999999999997,6,1,25.9,ZONE-RK01
28.7,52.5,63.5,26.7,274.1,0.21999999999999997,1.5699999999999998,64.7,0.18000000000000002,16,1,56.4,ZONE-HW05
5.0,27.7,30.4,12.1,294.74,0.8400000000000001,2.16,93.0,0.05,17,0,0.0,ZONE-HW01
25.1,29.4,42.7,42.3,265.24,0.51,1.7100000000000002,94.2,0.64,14,1,36.9,ZONE-RK02
10.9,54.2,83.8,109.2,294.1,0.99,2.3600000000000003,93.4,0.08,17,1,50.7,ZONE-HW01
14.4,18.0,26.5,40.2,264.13,0.42,1.73,90.1,0.5599999999999999,14,0,0.0,ZONE-RK02
7.6,48.4,91.9,34.4,288.11,0.37,1.5699999999999998,89.2,0.37,12,1,46.8,ZONE-HW04
2.8,10.5,53.3,38.5,286.71,0.55,1.51,88.1,1.1,13,0,0.0,ZONE-HW02
10.9,16.5,70.9,134.0,267.79,0.73,2.79,77.1,0.27,6,0,0.0,ZONE-RK01
4.5,24.8,210.3,28.4,286.15,0.46,1.4,89.1,1.06,13,1,67.4,ZONE-HW02
13.6,16.4,63.0,6.6,267.13,0.78,2.5999999999999996,74.8,0.32999999999999996,6,0,0.0,ZONE-RK01
48.0,85.7,163.3,85.2,285.1,0.75,3.16,69.8,2.21,7,0,0.0,ZONE-HW03
13.4,31.3,129.0,220.0,274.71,0.32,1.49,66.5,0.23,16,1,71.7,ZONE-HW05
10.4,90.8,134.6,54.1,284.33,0.77,2.85,67.2,2.16,7,0,0.0,ZONE-HW03
9.1,16.1,16.3,19.3,286.68,0.42,1.66,90.3,1.08,13,0,0.0,ZONE-HW02
10.7,25.0,54.8,276.1,267.63,0.74,2.61,74.6,0.31,6,1,38.4,ZONE-RK01
6.5,24.6,31.8,3.4,260.3,0.26,1.0999999999999999,65.1,0.07,19,1,56.1,ZONE-RK03
22.4,47.8,119.3,11.4,287.8,0.44,1.65,87.2,0.36000000000000004,12,1,56.9,ZONE-HW04
12.7,21.5,34.4,0.8,263.4,0.48000000000000004,1.97,86.8,0.76,15,0,0.0,ZONE-RK04
2.1,13.2,19.4,298.1,288.82,0.48000000000000004,1.8499999999999999,86.5,0.38,12,1,33.4,ZONE-HW04
5.5,9.7,20.8,62.0,274.95,0.39,1.5499999999999998,64.9,0.19,16,0,0.0,ZONE-HW05
1.0,60.5,223.4,19.8,262.12,0.4,1.6,85.6,0.8200000000000001,15,1,72.4,ZONE-RK04
9.0,9.7,60.9,37.4,267.05,0.74,2.8099999999999996,72.1,0.29,6,0,0.0,ZONE-RK01
4.7,11.7,64.8,37.7,287.69,0.37,1.65,90.8,0.41000000000000003,12,0,0.0,ZONE-HW04
3.0,38.0,79.6,137.0,288.52,0.39,1.71,90.0,0.4,12,1,52.6,ZONE-HW04
1.9,48.1,104.1,8.6,274.13,0.39,1.5699999999999998,64.3,0.22,16,1,62.3,ZONE-HW05
17.8,35.3,180.3,10.7,293.29,0.9500000000000001,2.08,95.7,0.05,17,1,67.6,ZONE-HW01
15.4,29.8,186.9,28.0,267.61,0.89,2.6799999999999997,75.4,0.29,6,1,67.1,ZONE-RK01
49.1,118.6,134.4,113.9,259.85,0.31,1.4,66.3,0.15000000000000002,19,1,69.3,ZONE-RK03
81.4,90.1,118.8,51.4,267.53,0.8,2.63,74.8,0.35,6,1,56.4,ZONE-RK01
5.2,5.7,18.1,23.2,287.23,0.43000000000000005,1.8199999999999998,88.1,0.42000000000000004,12,0,0.0,ZONE-HW04
8.8,14.4,117.7,85.4,286.7,0.59,1.4,91.4,1.1400000000000001,13,1,40.8,ZONE-HW02
1.3,32.8,85.8,219.0,286.26,0.47,1.3599999999999999,92.1,1.12,13,1,54.6,ZONE-HW02
0.0,8.5,139.9,188.3,294.61,0.96,2.1,96.9,0.05,17,1,68.0,ZONE-HW01
19.1,62.6,67.4,50.5,274.6,0.39,1.5999999999999999,62.3,0.21000000000000002,16,1,58.1,ZONE-HW05
4.0,10.0,93.1,10.2,293.21,0.8300000000000001,2.0900000000000003,96.7,0.09,17,1,33.9,ZONE-HW01
9.5,93.2,103.5,267.1,260.85,0.33999999999999997,1.2,67.5,0.09000000000000001,19,1,72.5,ZONE-RK03
77.5,101.8,111.1,26.6,293.16,0.8300000000000001,2.1900000000000004,97.6,0.05,17,1,64.9,ZONE-HW01
8.3,19.4,35.9,250.9,267.87,0.8600000000000001,2.6599999999999997,74.8,0.25,6,0,0.0,ZONE-RK01
2.5,42.2,42.2,63.5,285.24,0.45,1.65,91.0,1.1500000000000001,13,0,0.0,ZONE-HW02
37.1,47.3,57.6,73.8,262.31,0.47000000000000003,1.71,88.7,0.77,15,1,53.2,ZONE-RK04
18.7,53.6,72.8,20.3,286.19,0.5700000000000001,1.34,88.5,1.12,13,0,0.0,ZONE-HW02
46.8,123.8,154.4,131.0,260.08,0.3,1.04,70.8,0.13,19,1,73.2,ZONE-RK03
9.0,25.6,34.1,38.9,267.0,0.74,2.65,77.9,0.29,6,0,0.0,ZONE-RK01
11.6,12.3,41.7,106.4,286.33,0.42,1.37,89.9,1.06,13,0,0.0,ZONE-HW02
17.1,47.3,167.5,1.3,265.98,0.52,1.73,90.2,0.57,14,1,70.0,ZONE-RK02
12.2,58.6,97.6,27.4,287.22,0.42000000000000004,1.75,89.2,0.43000000000000005,12,1,44.0,ZONE-HW04
2.2,67.8,99.6,147.3,264.92,0.5700000000000001,1.46,93.7,0.6,14,1,70.7,ZONE-RK02
13.2,46.8,128.3,75.3,262.88,0.31000000000000005,1.94,89.0,0.8200000000000001,15,1,72.7,ZONE-RK04
7.6,29.2,110.4,32.7,286.9,0.46,1.56,92.9,1.09,13,1,33.5,ZONE-HW02
7.4,10.4,133.4,6.7,294.33,0.8400000000000001,2.18,96.2,0.05,17,1,53.8,ZONE-HW01
15.7,31.7,57.7,79.7,264.3,0.6,1.4500000000000002,93.3,0.58,14,1,54.2,ZONE-RK02
1.0,28.0,101.9,123.3,286.16,0.54,1.47,88.7,1.11,13,1,44.2,ZONE-HW02
2.8,71.1,124.5,149.5,275.46,0.26,1.48,67.4,0.22,16,1,70.3,ZONE-HW05
10.0,33.4,159.1,161.1,284.38,0.61,2.81,72.1,2.18,7,0,0.0,ZONE-HW03
8.9,18.5,43.5,34.3,260.63,0.29,1.39,69.7,0.14,19,1,60.8,ZONE-RK03
5.1,14.5,113.2,5.1,286.49,0.54,1.56,93.7,1.1300000000000001,13,0,0.0,ZONE-HW02
17.0,22.7,43.8,4.4,259.01,0.36,1.38,67.5,0.1,19,1,63.0,ZONE-RK03
4.7,48.6,156.7,17.5,259.08,0.22999999999999998,1.21,68.0,0.08,19,1,69.5,ZONE-RK03
9.3,28.4,131.8,100.7,259.84,0.35,1.25,69.3,0.13,19,1,70.8,ZONE-RK03
10.8,44.1,138.1,0.7,267.21,0.8500000000000001,2.9899999999999998,73.2,0.26,6,1,40.3,ZONE-RK01
7.7,79.0,146.4,54.8,274.55,0.27999999999999997,1.41,65.5,0.24000000000000002,16,1,68.9,ZONE-HW05
11.3,24.1,60.9,74.6,267.91,0.8400000000000001,2.82,75.2,0.32999999999999996,6,0,0.0,ZONE-RK01
8.1,45.7,144.4,11.8,267.57,0.7000000000000001,2.84,77.8,0.26,6,1,55.2,ZONE-RK01
9.0,24.7,82.9,20.1,285.86,0.7799999999999999,3.04,68.4,2.18,7,0,0.0,ZONE-HW03
15.3,78.3,105.4,169.4,262.4,0.36000000000000004,1.86,85.2,0.77,15,1,74.4,ZONE-RK04
74.8,78.2,91.5,210.2,293.79,0.8,2.0900000000000003,93.3,0.08,17,1,67.3,ZONE-HW01
47.7,50.8,51.6,12.3,267.86,0.89,2.92,73.6,0.32999999999999996,6,0,0.0,ZONE-RK01
82.9,88.9,123.8,132.1,275.88,0.19999999999999998,1.5499999999999998,66.4,0.23,16,1,73.7,ZONE-HW05
0.3,28.1,44.3,138.8,267.99,0.8200000000000001,2.8099999999999996,75.3,0.32999999999999996,6,0,0.0,ZONE-RK01
5.0,39.8,95.9,17.5,263.35,0.38,1.8900000000000001,86.1,0.8200000000000001,15,1,56.0,ZONE-RK04
0.5,16.3,33.4,115.9,284.16,0.73,3.18,67.1,2.16,7,0,0.0,ZONE-HW03
24.2,42.5,89.1,64.9,293.34,0.86,2.1,93.0,0.05,17,1,54.1,ZONE-HW01
26.3,42.9,59.0,21.6,285.2,0.59,1.42,91.3,1.1,13,0,0.0,ZONE-HW02
11.5,29.4,58.4,6.7,264.15,0.43,1.4500000000000002,94.6,0.65,14,1,41.4,ZONE-RK02
19.0,26.2,37.2,37.3,294.93,0.8200000000000001,2.18,92.7,0.08,17,0,0.0,ZONE-HW01
3.9,30.2,53.4,41.7,274.93,0.21999999999999997,1.47,63.7,0.16,16,1,46.8,ZONE-HW05
11.6,18.4,26.9,148.7,285.35,0.56,1.52,89.5,1.05,13,0,0.0,ZONE-HW02
8.5,24.4,26.2,48.2,265.98,0.43,1.54,92.1,0.62,14,0,0.0,ZONE-RK02
12.1,36.7,98.1,13.7,262.46,0.48000000000000004,1.85,85.2,0.8400000000000001,15,1,60.9,ZONE-RK04
4.4,54.3,201.3,10.2,284.21,0.7,3.12,68.3,2.1700000000000004,7,0,0.0,ZONE-HW03
10.3,17.5,20.6,27.6,288.55,0.45,1.53,92.0,0.37,12,0,0.0,ZONE-HW04
2.3,39.4,77.5,10.9,288.11,0.39,1.63,88.2,0.44,12,0,0.0,ZONE-HW04
0.1,49.6,59.3,65.2,267.91,0.7000000000000001,2.7399999999999998,77.9,0.33999999999999997,6,0,0.0,ZONE-RK01
6.2,32.6,51.6,6.4,285.83,0.5700000000000001,1.69,93.2,1.06,13,0,0.0,ZONE-HW02
3.8,10.0,37.9,75.2,265.19,0.51,1.4500000000000002,89.8,0.6,14,1,38.5,ZONE-RK02
4.6,5.0,41.6,65.2,285.24,0.56,1.61,91.8,1.07,13,0,0.0,ZONE-HW02
49.4,76.1,108.0,59.6,275.64,0.26,1.54,62.3,0.18000000000000002,16,1,72.8,ZONE-HW05
39.4,92.3,111.8,19.0,260.39,0.36,1.4,66.7,0.13,19,1,75.4,ZONE-RK03
4.6,25.7,93.8,49.0,274.73,0.3,1.5,64.4,0.15000000000000002,16,1,60.8,ZONE-HW05
1.1,39.7,121.7,23.9,260.42,0.37,1.3699999999999999,68.6,0.14,19,1,70.2,ZONE-RK03
16.4,33.1,143.1,130.6,265.95,0.55,1.53,89.7,0.61,14,1,71.9,ZONE-RK02
11.2,46.5,153.9,47.9,264.46,0.46,1.7400000000000002,92.3,0.6,14,1,74.0,ZONE-RK02
5.6,47.6,60.0,34.4,275.87,0.37,1.42,67.4,0.22,16,1,45.1,ZONE-HW05
30.1,68.8,94.7,16.9,285.5,0.61,3.17,69.5,2.22,7,0,0.0,ZONE-HW03
6.6,16.6,26.3,95.2,294.48,0.8300000000000001,2.04,97.7,0.05,17,0,0.0,ZONE-HW01
4.4,22.6,47.0,281.5,287.09,0.46,1.66,86.6,0.37,12,1,57.0,ZONE-HW04
7.4,9.9,14.6,62.5,261.66,0.33,1.86,88.4,0.8400000000000001,15,0,0.0,ZONE-RK04
13.7,30.0,58.3,3.9,267.94,0.8500000000000001,2.65,76.4,0.32999999999999996,6,0,0.0,ZONE-RK01
10.9,32.0,40.1,7.7,274.48,0.27999999999999997,1.47,67.3,0.21000000000000002,16,0,0.0,ZONE-HW05
2.0,5.2,52.2,15.3,262.49,0.35000000000000003,1.77,88.7,0.79,15,1,32.2,ZONE-RK04
4.3,10.0,168.3,135.0,293.69,0.88,2.24,97.5,0.05,17,1,68.7,ZONE-HW01
3.9,15.8,27.6,47.4,265.41,0.45,1.6400000000000001,89.0,0.5599999999999999,14,0,0.0,ZONE-RK02
0.3,33.7,70.7,160.2,262.99,0.44,1.83,89.9,0.81,15,1,69.3,ZONE-RK04
2.7,51.6,130.1,9.5,261.76,0.31000000000000005,2.0,89.5,0.8200000000000001,15,1,70.5,ZONE-RK04
7.6,13.2,27.9,21.4,260.93,0.26,1.05,65.0,0.07,19,1,51.7,ZONE-RK03
12.2,28.1,175.7,9.5,267.83,0.77,2.78,72.9,0.31,6,1,55.5,ZONE-RK01
54.6,62.5,136.6,29.0,285.65,0.48,1.56,92.1,1.09,13,1,53.8,ZONE-HW02
2.3,60.8,79.3,75.3,259.41,0.27,1.3499999999999999,70.1,0.12000000000000001,19,1,71.0,ZONE-RK03
12.5,31.6,65.8,92.2,293.87,0.85,2.1700000000000004,93.0,0.08,17,1,40.2,ZONE-HW01
1.4,34.5,147.6,4.2,288.05,0.34,1.54,87.7,0.38,12,1,60.2,ZONE-HW04
2.3,40.1,68.8,36.2,267.95,0.8500000000000001,2.63,74.7,0.27999999999999997,6,0,0.0,ZONE-RK01
2.2,23.4,30.2,45.3,262.4,0.44,1.71,87.9,0.79,15,0,0.0,ZONE-RK04
21.6,30.6,63.4,338.1,259.96,0.29,1.05,69.7,0.11,19,1,70.9,ZONE-RK03
17.4,72.6,99.4,102.2,275.02,0.39,1.24,66.3,0.2,16,1,71.3,ZONE-HW05
0.6,4.5,15.8,36.0,294.72,0.9,2.12,94.4,0.05,17,0,0.0,ZONE-HW01
28.0,40.8,94.0,86.5,264.48,0.46,1.7200000000000002,93.5,0.62,14,1,67.7,ZONE-RK02
13.2,26.5,69.5,29.3,275.84,0.32999999999999996,1.5899999999999999,62.0,0.25,16,1,40.5,ZONE-HW05
1.3,149.3,156.1,5.3,274.84,0.27,1.39,63.1,0.22,16,1,73.5,ZONE-HW05
31.6,42.4,94.9,27.9,284.5,0.76,3.03,70.8,2.22,7,0,0.0,ZONE-HW03
7.5,16.6,37.6,37.0,285.19,0.49,1.38,89.5,1.05,13,0,0.0,ZONE-HW02
19.1,40.6,184.3,3.0,285.71,0.55,1.51,91.0,1.09,13,1,65.3,ZONE-HW02
10.5,36.8,163.2,3.5,264.21,0.58,1.49,94.2,0.57,14,1,70.2,ZONE-RK02
12.8,70.4,84.2,146.3,264.21,0.6,1.62,93.3,0.57,14,1,67.5,ZONE-RK02
0.3,39.9,175.1,74.9,285.19,0.45,1.67,90.5,1.1500000000000001,13,1,68.2,ZONE-HW02
8.7,10.1,136.5,44.5,288.79,0.32,1.8699999999999999,89.7,0.36000000000000004,12,1,56.0,ZONE-HW04
0.4,35.5,68.4,9.3,275.49,0.39,1.2999999999999998,64.9,0.18000000000000002,16,1,43.7,ZONE-HW05
3.6,5.6,48.3,68.1,268.85,0.8,3.0,76.8,0.33999999999999997,6,0,0.0,ZONE-RK01
10.6,61.6,160.3,66.9,264.18,0.52,1.77,90.7,0.59,14,1,70.3,ZONE-RK02
0.2,35.8,62.9,58.4,286.51,0.51,1.37,92.4,1.1500000000000001,13,0,0.0,ZONE-HW02
15.7,28.6,153.1,10.1,268.33,0.74,2.9299999999999997,73.4,0.25,6,1,45.5,ZONE-RK01
16.7,16.8,146.1,8.4,261.9,0.36000000000000004,1.62,87.7,0.81,15,1,65.6,ZONE-RK04
1.5,13.6,37.0,16.9,262.23,0.45,1.9000000000000001,90.0,0.79,15,0,0.0,ZONE-RK04
13.2,30.8,32.5,27.0,265.67,0.43,1.55,90.0,0.5499999999999999,14,1,26.2,ZONE-RK02
24.9,60.0,124.5,83.8,284.22,0.75,2.88,67.9,2.16,7,0,0.0,ZONE-HW03
5.6,8.7,24.6,124.8,262.9,0.33,1.8900000000000001,89.3,0.8400000000000001,15,1,33.0,ZONE-RK04
59.0,79.4,79.9,10.6,286.77,0.43,1.7,91.2,1.11,13,0,0.0,ZONE-HW02
5.8,31.7,35.6,201.0,287.85,0.42000000000000004,1.8199999999999998,87.7,0.38,12,1,28.7,ZONE-HW04
6.8,79.9,155.7,98.6,267.39,0.76,2.9099999999999997,74.8,0.26,6,1,68.3,ZONE-RK01
14.0,43.6,94.4,69.4,260.8,0.25,1.28,70.7,0.060000000000000005,19,1,71.1,ZONE-RK03
12.1,141.1,207.0,105.0,259.11,0.24,1.3499999999999999,69.8,0.07,19,1,68.4,ZONE-RK03
30.9,38.2,42.6,46.2,275.77,0.25,1.42,64.0,0.2,16,1,36.2,ZONE-HW05
10.8,63.8,93.1,59.2,286.1,0.5700000000000001,1.32,90.9,1.1300000000000001,13,1,31.2,ZONE-HW02
11.2,12.4,60.2,123.2,262.9,0.32,1.6600000000000001,87.7,0.79,15,1,59.1,ZONE-RK04
2.6,29.7,74.7,12.6,265.48,0.46,1.4700000000000002,90.7,0.63,14,1,47.8,ZONE-RK02
2.0,119.4,144.4,18.1,268.56,0.8600000000000001,2.88,77.2,0.32,6,1,59.1,ZONE-RK01
2.8,35.8,82.8,72.2,260.52,0.36,1.23,65.5,0.07,19,1,74.1,ZONE-RK03
1.4,68.6,93.3,26.3,264.88,0.58,1.6600000000000001,89.3,0.61,14,1,68.3,ZONE-RK02
9.3,24.1,123.7,185.4,268.44,0.9,2.73,76.0,0.32999999999999996,6,1,57.9,ZONE-RK01
5.4,65.2,141.3,187.0,294.51,0.85,2.0300000000000002,96.9,0.060000000000000005,17,1,71.9,ZONE-HW01
4.2,30.0,46.0,121.6,287.57,0.4,1.81,86.9,0.43000000000000005,12,0,0.0,ZONE-HW04
0.1,25.1,45.8,27.3,294.0,0.96,2.1300000000000003,94.8,0.05,17,0,0.0,ZONE-HW01
15.5,72.7,119.7,134.3,287.05,0.42000000000000004,1.5,87.6,0.37,12,1,67.4,ZONE-HW04
4.6,26.6,56.5,0.8,285.18,0.54,1.41,88.9,1.09,13,0,0.0,ZONE-HW02
12.2,44.7,89.5,93.3,264.47,0.43,1.51,90.4,0.58,14,1,69.1,ZONE-RK02
12.7,14.8,21.0,63.5,285.62,0.43,1.53,92.4,1.11,13,0,0.0,ZONE-HW02
4.8,7.3,35.4,56.6,268.25,0.7100000000000001,2.6799999999999997,74.5,0.33999999999999997,6,0,0.0,ZONE-RK01
6.0,44.2,95.8,28.3,274.92,0.27,1.5999999999999999,66.6,0.23,16,1,66.4,ZONE-HW05
21.1,52.5,103.2,56.4,274.37,0.21,1.3099999999999998,62.3,0.16,16,1,67.4,ZONE-HW05
0.2,36.0,59.6,200.1,274.25,0.31,1.41,62.0,0.21000000000000002,16,1,64.2,ZONE-HW05
25.6,52.2,66.7,15.9,260.09,0.29,1.3499999999999999,66.5,0.07,19,1,70.3,ZONE-RK03
6.2,25.6,43.2,50.6,262.56,0.31000000000000005,1.71,85.9,0.76,15,1,40.8,ZONE-RK04
2.7,116.8,122.5,188.1,294.45,0.9,2.2600000000000002,96.0,0.05,17,1,69.7,ZONE-HW01
36.7,59.1,123.6,40.1,267.49,0.78,2.8899999999999997,74.2,0.32,6,1,43.6,ZONE-RK01
14.9,27.4,45.3,60.4,261.71,0.49,1.7,87.8,0.75,15,1,40.8,ZONE-RK04
10.3,36.3,53.2,32.0,284.31,0.7899999999999999,2.95,68.7,2.24,7,0,0.0,ZONE-HW03
1.3,2.9,17.5,5.4,259.81,0.25,1.27,67.0,0.12000000000000001,19,1,40.1,ZONE-RK03
1.6,51.9,53.9,75.3,268.34,0.79,2.7199999999999998,76.8,0.33999999999999997,6,0,0.0,ZONE-RK01
4.8,66.4,99.6,25.5,275.15,0.36,1.4,67.5,0.23,16,1,67.9,ZONE-HW05
10.9,25.3,66.8,8.5,285.48,0.54,1.51,93.0,1.08,13,0,0.0,ZONE-HW02
87.1,103.7,125.1,86.7,259.93,0.37,1.02,69.1,0.05,19,1,73.4,ZONE-RK03
6.8,60.5,90.8,89.0,268.99,0.76,2.6799999999999997,73.3,0.35,6,1,33.5,ZONE-RK01
1.7,57.8,124.3,16.7,263.16,0.35000000000000003,1.73,89.3,0.79,15,1,66.9,ZONE-RK04
2.4,13.8,200.4,20.8,260.61,0.21999999999999997,1.28,67.7,0.1,19,1,75.0,ZONE-RK03
9.1,10.0,35.3,59.3,265.09,0.52,1.48,92.6,0.61,14,1,27.5,ZONE-RK02
45.9,67.7,153.2,55.5,261.77,0.43000000000000005,2.0,85.2,0.79,15,1,67.5,ZONE-RK04
0.6,12.0,54.8,210.5,265.91,0.58,1.6400000000000001,92.0,0.63,14,1,61.2,ZONE-RK02
29.4,37.2,49.6,15.7,284.19,0.7899999999999999,3.14,71.7,2.22,7,0,0.0,ZONE-HW03
38.4,95.9,170.5,34.9,275.78,0.19999999999999998,1.27,66.9,0.25,16,1,68.0,ZONE-HW05
10.5,29.2,43.8,49.2,264.67,0.48,1.62,94.0,0.6,14,1,37.5,ZONE-RK02
0.5,4.7,113.5,97.5,284.67,0.73,3.0,71.4,2.23,7,0,0.0,ZONE-HW03
8.2,30.0,53.1,94.5,265.92,0.58,1.77,94.3,0.62,14,1,49.3,ZONE-RK02
23.0,66.2,130.3,16.0,285.27,0.41000000000000003,1.42,88.4,1.06,13,1,54.3,ZONE-HW02
6.2,25.2,45.3,98.4,293.22,0.86,2.0900000000000003,95.2,0.05,17,0,0.0,ZONE-HW01
6.0,10.5,36.0,273.5,268.17,0.8500000000000001,2.76,73.0,0.32,6,0,0.0,ZONE-RK01
3.8,32.2,60.6,5.2,262.71,0.4,1.6300000000000001,87.7,0.78,15,1,41.7,ZONE-RK04
10.0,46.3,82.3,144.0,264.51,0.41000000000000003,1.7000000000000002,93.4,0.5599999999999999,14,1,69.3,ZONE-RK02
5.1,7.8,145.7,33.3,268.66,0.8300000000000001,2.9099999999999997,74.0,0.3,6,1,37.0,ZONE-RK01
12.9,60.0,79.6,88.2,285.93,0.75,3.01,67.6,2.22,7,0,0.0,ZONE-HW03
2.2,12.5,20.3,116.7,285.56,0.6,2.82,68.2,2.25,7,0,0.0,ZONE-HW03
3.8,41.7,185.2,52.5,275.77,0.27,1.3599999999999999,65.6,0.23,16,1,73.7,ZONE-HW05
11.6,30.1,49.8,45.2,284.31,0.69,2.93,71.5,2.16,7,0,0.0,ZONE-HW03
13.9,141.9,280.7,138.7,260.54,0.25,1.14,65.3,0.09000000000000001,19,1,72.4,ZONE-RK03
33.0,51.9,105.5,157.8,285.14,0.7,3.14,69.5,2.21,7,0,0.0,ZONE-HW03
7.5,105.4,132.3,64.3,260.24,0.4,1.33,66.7,0.15000000000000002,19,1,68.8,ZONE-RK03
18.6,108.8,122.8,96.0,294.79,0.8,2.21,94.7,0.05,17,1,68.4,ZONE-HW01
11.0,20.4,95.3,56.2,288.73,0.48000000000000004,1.79,89.2,0.39,12,1,33.0,ZONE-HW04
16.2,27.9,60.7,67.2,286.23,0.42,1.34,90.2,1.12,13,0,0.0,ZONE-HW02
7.8,14.4,177.4,50.1,268.21,0.7100000000000001,2.75,75.4,0.32,6,1,65.0,ZONE-RK01
19.9,35.8,57.7,36.6,294.15,0.99,2.29,94.7,0.05,17,0,0.0,ZONE-HW01
7.9,31.5,70.7,48.1,259.81,0.32,1.23,70.7,0.09000000000000001,19,1,70.4,ZONE-RK03
2.2,22.8,32.1,9.4,285.74,0.73,3.13,70.9,2.23,7,0,0.0,ZONE-HW03
40.5,68.4,122.3,36.0,287.18,0.4,1.56,90.7,0.41000000000000003,12,1,64.2,ZONE-HW04
36.0,66.5,139.8,32.2,261.79,0.41000000000000003,1.72,89.6,0.8400000000000001,15,1,71.3,ZONE-RK04
48.3,99.8,196.0,13.2,263.41,0.48000000000000004,1.6400000000000001,90.0,0.8300000000000001,15,1,69.6,ZONE-RK04
4.7,14.8,30.6,135.4,260.55,0.29,1.23,70.8,0.060000000000000005,19,1,68.2,ZONE-RK03
0.5,2.9,18.9,15.6,268.98,0.79,2.76,72.7,0.32999999999999996,6,0,0.0,ZONE-RK01
4.0,52.0,93.4,0.4,268.28,0.73,2.69,75.4,0.35,6,0,0.0,ZONE-RK01
8.4,24.1,30.1,78.9,262.54,0.34,1.87,88.6,0.79,15,1,31.4,ZONE-RK04
18.2,56.5,121.7,0.0,274.28,0.38,1.5,67.0,0.25,16,1,69.9,ZONE-HW05
46.2,96.7,213.9,1.1,286.92,0.58,1.35,88.9,1.12,13,1,71.6,ZONE-HW02
40.7,90.5,181.3,6.9,285.06,0.56,1.61,90.4,1.1300000000000001,13,1,68.4,ZONE-HW02
20.1,116.6,173.3,59.2,259.87,0.25,1.31,67.3,0.09000000000000001,19,1,71.2,ZONE-RK03
43.7,61.3,107.0,45.3,265.85,0.44,1.62,93.9,0.5599999999999999,14,1,71.5,ZONE-RK02
40.5,42.9,77.7,81.3,260.53,0.36,1.13,67.0,0.14,19,1,67.5,ZONE-RK03
23.5,49.7,169.5,199.3,263.05,0.38,1.6600000000000001,88.5,0.8300000000000001,15,1,74.7,ZONE-RK04
1.0,16.4,17.6,28.0,294.25,0.81,2.0100000000000002,97.8,0.05,17,0,0.0,ZONE-HW01
11.5,84.0,177.7,9.5,261.5,0.43000000000000005,1.81,88.6,0.8400000000000001,15,1,70.7,ZONE-RK04
1.5,28.2,66.2,21.7,267.23,0.9,2.75,73.2,0.26,6,0,0.0,ZONE-RK01
34.5,113.2,139.0,154.7,263.13,0.37,1.99,90.1,0.75,15,1,68.4,ZONE-RK04
7.3,47.3,79.6,9.2,274.11,0.32999999999999996,1.23,65.8,0.16,16,1,60.9,ZONE-HW05
39.5,57.7,124.0,32.0,267.91,0.8500000000000001,2.9499999999999997,75.1,0.33999999999999997,6,1,41.8,ZONE-RK01
0.3,3.5,37.8,82.0,285.25,0.61,2.95,70.8,2.18,7,0,0.0,ZONE-HW03
6.1,41.8,101.8,85.2,287.88,0.42000000000000004,1.66,86.3,0.44,12,1,55.5,ZONE-HW04
10.2,84.1,117.7,41.9,285.53,0.6799999999999999,2.85,67.8,2.1500000000000004,7,0,0.0,ZONE-HW03
3.3,14.3,16.5,70.3,265.49,0.5,1.6500000000000001,91.8,0.59,14,0,0.0,ZONE-RK02
4.3,15.2,88.9,27.7,268.96,0.81,2.9699999999999998,72.4,0.32999999999999996,6,0,0.0,ZONE-RK01
4.2,9.8,84.4,9.7,267.79,0.8,2.8099999999999996,72.4,0.27,6,0,0.0,ZONE-RK01
9.1,30.3,88.4,70.2,262.41,0.32,1.6500000000000001,90.6,0.79,15,1,68.7,ZONE-RK04
25.0,26.4,44.0,23.0,262.19,0.49,1.6400000000000001,88.3,0.76,15,1,28.2,ZONE-RK04
2.4,12.6,31.1,51.7,260.36,0.21999999999999997,1.0699999999999998,67.3,0.07,19,1,60.8,ZONE-RK03
16.3,30.7,94.3,28.7,275.96,0.26,1.39,65.3,0.25,16,1,59.2,ZONE-HW05
5.1,28.5,29.7,5.8,261.94,0.31000000000000005,1.87,86.8,0.78,15,0,0.0,ZONE-RK04
8.1,94.0,157.9,6.5,268.45,0.73,2.8299999999999996,72.3,0.33999999999999997,6,1,60.2,ZONE-RK01
28.1,67.6,114.8,120.1,268.95,0.7200000000000001,2.71,78.0,0.27,6,1,56.3,ZONE-RK01
7.8,15.3,51.2,55.7,294.66,0.88,2.21,97.6,0.09,17,0,0.0,ZONE-HW01
11.6,36.6,185.1,162.8,288.33,0.33,1.5699999999999998,86.1,0.37,12,1,68.2,ZONE-HW04
31.3,79.8,223.4,7.3,288.79,0.42000000000000004,1.83,86.6,0.37,12,1,71.7,ZONE-HW04
4.6,25.1,118.8,49.2,284.34,0.71,3.09,69.9,2.22,7,0,0.0,ZONE-HW03
20.7,25.2,39.7,92.1,287.47,0.39,1.83,91.2,0.4,12,0,0.0,ZONE-HW04
2.7,15.7,31.1,30.1,265.7,0.44,1.6700000000000002,90.9,0.5499999999999999,14,0,0.0,ZONE-RK02
18.5,32.3,72.8,7.4,262.64,0.39,1.9000000000000001,88.0,0.8200000000000001,15,1,47.0,ZONE-RK04
24.5,38.4,90.7,90.5,284.81,0.7899999999999999,2.85,69.9,2.16,7,0,0.0,ZONE-HW03
3.5,68.3,116.2,39.2,287.47,0.38,1.81,86.9,0.43000000000000005,12,1,57.3,ZONE-HW04
3.0,88.6,158.9,16.3,267.75,0.73,2.86,73.0,0.27,6,1,62.6,ZONE-RK01
6.2,56.0,115.5,101.6,259.17,0.27999999999999997,1.3499999999999999,67.2,0.13,19,1,72.1,ZONE-RK03
8.7,46.5,70.9,16.6,288.87,0.44,1.66,86.9,0.36000000000000004,12,0,0.0,ZONE-HW04
15.0,126.9,145.5,43.3,259.15,0.31,1.13,67.4,0.1,19,1,72.7,ZONE-RK03
16.8,40.2,132.9,100.4,268.12,0.81,2.8699999999999997,73.4,0.31,6,1,53.7,ZONE-RK01
0.9,194.4,264.2,139.6,275.74,0.39,1.25,67.5,0.24000000000000002,16,1,74.4,ZONE-HW05
15.8,74.0,80.0,29.9,262.82,0.41000000000000003,1.99,88.6,0.8200000000000001,15,1,61.5,ZONE-RK04
31.4,38.2,42.3,108.6,294.3,0.86,2.24,97.1,0.060000000000000005,17,1,28.6,ZONE-HW01
27.1,32.4,128.7,81.3,265.29,0.46,1.58,92.3,0.6,14,1,72.7,ZONE-RK02
11.0,64.2,91.4,15.1,268.39,0.79,2.7399999999999998,73.1,0.33999999999999997,6,0,0.0,ZONE-RK01
5.0,26.1,64.0,114.6,284.9,0.7,3.02,72.8,2.1700000000000004,7,0,0.0,ZONE-HW03
23.5,49.6,125.5,14.9,287.55,0.46,1.89,86.4,0.41000000000000003,12,1,57.1,ZONE-HW04
0.8,62.9,66.8,19.8,288.22,0.4,1.72,91.1,0.41000000000000003,12,0,0.0,ZONE-HW04
17.8,33.6,138.1,24.8,285.01,0.74,2.86,72.0,2.18,7,0,0.0,ZONE-HW03
0.2,10.9,54.0,33.0,262.49,0.45,1.92,88.2,0.8200000000000001,15,1,26.8,ZONE-RK04
11.5,74.3,196.1,21.6,260.36,0.36,1.15,69.2,0.14,19,1,73.3,ZONE-RK03
9.3,33.2,182.1,460.9,286.51,0.48,1.59,90.0,1.1,13,1,68.2,ZONE-HW02
4.0,42.9,66.6,0.6,264.34,0.58,1.4700000000000002,93.5,0.64,14,1,46.6,ZONE-RK02
0.1,18.6,52.1,1.6,260.87,0.27999999999999997,1.24,66.2,0.09000000000000001,19,1,63.8,ZONE-RK03
17.4,27.8,68.8,25.1,293.37,0.85,2.3800000000000003,96.1,0.07,17,0,0.0,ZONE-HW01
2.7,18.4,31.6,53.6,294.58,0.97,2.0900000000000003,97.6,0.05,17,0,0.0,ZONE-HW01
3.3,24.6,33.2,77.8,264.68,0.43,1.4300000000000002,93.1,0.58,14,1,42.8,ZONE-RK02
21.0,24.5,56.0,5.1,286.44,0.59,1.37,93.7,1.09,13,0,0.0,ZONE-HW02
13.7,22.9,60.4,51.0,259.81,0.32,1.3499999999999999,66.3,0.1,19,1,69.3,ZONE-RK03
38.7,62.6,106.3,36.0,285.2,0.5700000000000001,1.68,88.6,1.12,13,1,32.3,ZONE-HW02
44.7,89.7,106.5,130.1,268.9,0.8,2.71,74.3,0.33999999999999997,6,1,55.4,ZONE-RK01
8.5,61.4,147.9,14.7,286.51,0.55,1.41,89.6,1.05,13,1,56.5,ZONE-HW02
18.1,28.4,46.1,24.6,265.76,0.58,1.73,89.4,0.63,14,0,0.0,ZONE-RK02
19.4,27.2,27.2,87.9,288.2,0.33,1.58,91.0,0.38,12,0,0.0,ZONE-HW04
2.8,6.1,19.7,33.5,262.04,0.31000000000000005,1.94,86.3,0.78,15,0,0.0,ZONE-RK04
9.7,11.1,187.4,88.1,285.59,0.42,1.63,89.2,1.07,13,1,65.4,ZONE-HW02
5.9,17.4,47.2,68.9,263.14,0.4,1.94,88.1,0.77,15,1,37.6,ZONE-RK04
2.4,8.7,106.8,20.7,285.09,0.59,1.41,93.1,1.12,13,0,0.0,ZONE-HW02
7.2,68.7,123.1,29.3,264.57,0.55,1.4300000000000002,93.7,0.57,14,1,69.3,ZONE-RK02
17.3,17.9,84.4,46.7,275.9,0.21999999999999997,1.44,64.8,0.16,16,1,60.1,ZONE-HW05
25.2,118.0,248.0,168.0,260.52,0.19999999999999998,1.14,66.4,0.1,19,1,72.5,ZONE-RK03
10.8,24.2,55.5,82.0,285.8,0.58,1.67,91.3,1.1400000000000001,13,0,0.0,ZONE-HW02
32.3,39.3,164.5,118.2,284.83,0.7899999999999999,3.15,70.5,2.1900000000000004,7,0,0.0,ZONE-HW03
57.8,121.5,137.9,7.8,288.08,0.36000000000000004,1.8499999999999999,86.8,0.42000000000000004,12,1,67.7,ZONE-HW04
1.8,12.1,59.7,114.2,294.08,0.87,2.24,97.8,0.08,17,1,31.5,ZONE-HW01
34.4,63.7,64.0,14.4,293.36,0.8300000000000001,2.3800000000000003,97.5,0.1,17,1,32.7,ZONE-HW01
1.6,15.1,49.9,3.1,285.97,0.61,3.17,67.0,2.1500000000000004,7,0,0.0,ZONE-HW03
6.4,12.3,64.4,43.7,260.6,0.27,1.0899999999999999,68.9,0.07,19,1,71.5,ZONE-RK03
10.3,27.0,183.2,16.9,260.29,0.37,1.4,65.7,0.08,19,1,70.4,ZONE-RK03
10.9,50.9,91.6,185.2,261.51,0.37,1.61,86.2,0.81,15,1,70.9,ZONE-RK04
7.1,25.8,30.4,65.7,260.36,0.26,1.1099999999999999,68.1,0.11,19,1,62.4,ZONE-RK03
5.1,10.3,49.6,53.2,287.29,0.49,1.78,91.6,0.39,12,0,0.0,ZONE-HW04
1.2,37.1,86.0,14.7,288.44,0.36000000000000004,1.67,90.5,0.36000000000000004,12,1,34.8,ZONE-HW04
9.5,47.7,85.4,35.2,260.84,0.26,1.38,65.4,0.07,19,1,72.8,ZONE-RK03
5.8,34.1,174.0,78.0,275.62,0.21999999999999997,1.25,67.0,0.16,16,1,72.5,ZONE-HW05
1.2,19.7,130.4,6.9,268.25,0.8200000000000001,2.6199999999999997,76.4,0.33999999999999997,6,1,29.7,ZONE-RK01
67.5,156.8,160.9,189.6,284.52,0.6299999999999999,3.09,69.8,2.1500000000000004,7,1,41.9,ZONE-HW03
6.8,62.7,89.8,40.7,287.81,0.44,1.77,87.1,0.37,12,1,42.7,ZONE-HW04
15.1,59.8,61.5,63.0,287.64,0.45,1.65,89.8,0.4,12,1,29.2,ZONE-HW04
3.1,15.8,37.2,44.3,267.65,0.8200000000000001,2.8,76.7,0.32,6,0,0.0,ZONE-RK01
6.1,9.5,17.4,2.4,287.76,0.43000000000000005,1.5999999999999999,86.6,0.36000000000000004,12,0,0.0,ZONE-HW04
9.5,102.2,108.3,204.7,260.44,0.39,1.26,66.1,0.1,19,1,69.7,ZONE-RK03
19.8,50.2,102.0,122.7,288.57,0.45,1.8699999999999999,89.9,0.45,12,1,61.7,ZONE-HW04
1.7,22.8,82.5,61.9,267.65,0.73,2.8299999999999996,75.4,0.31,6,0,0.0,ZONE-RK01
26.8,29.1,87.8,53.5,285.76,0.7899999999999999,3.09,71.8,2.22,7,0,0.0,ZONE-HW03
7.2,19.7,68.2,155.1,265.28,0.45,1.62,90.4,0.57,14,1,65.8,ZONE-RK02
10.3,62.5,88.2,7.6,263.08,0.47000000000000003,1.82,86.9,0.8400000000000001,15,1,57.3,ZONE-RK04
1.0,2.6,26.5,28.8,264.98,0.53,1.6900000000000002,94.3,0.57,14,0,0.0,ZONE-RK02
19.0,59.7,62.3,17.5,284.58,0.7899999999999999,3.03,68.6,2.18,7,0,0.0,ZONE-HW03
4.8,28.6,36.4,10.1,288.22,0.45,1.5699999999999998,88.7,0.43000000000000005,12,0,0.0,ZONE-HW04
43.2,92.1,102.1,36.5,287.01,0.41000000000000003,1.68,87.0,0.38,12,1,60.2,ZONE-HW04
6.6,53.6,89.3,9.6,288.52,0.48000000000000004,1.79,87.3,0.42000000000000004,12,1,32.1,ZONE-HW04
20.1,35.3,50.6,33.0,260.16,0.31,1.3699999999999999,66.5,0.060000000000000005,19,1,68.0,ZONE-RK03
10.3,22.9,36.7,35.6,264.27,0.47,1.6900000000000002,93.4,0.5599999999999999,14,1,29.7,ZONE-RK02
0.3,44.7,54.1,3.1,268.77,0.75,2.82,75.6,0.33999999999999997,6,0,0.0,ZONE-RK01
15.9,60.5,144.6,47.6,288.04,0.4,1.73,88.1,0.37,12,1,68.7,ZONE-HW04
3.4,43.5,103.7,19.8,286.33,0.47,1.39,91.2,1.1400000000000001,13,0,0.0,ZONE-HW02
35.1,38.4,241.2,137.8,267.4,0.76,2.7199999999999998,77.5,0.31,6,1,74.2,ZONE-RK01
17.5,101.3,165.4,14.8,285.22,0.41000000000000003,1.63,89.0,1.07,13,1,69.6,ZONE-HW02
8.8,11.0,35.7,94.7,264.05,0.43,1.6300000000000001,93.7,0.62,14,1,41.6,ZONE-RK02
7.3,19.3,64.5,144.0,286.33,0.42,1.38,89.7,1.1400000000000001,13,0,0.0,ZONE-HW02
0.7,15.3,23.9,83.2,274.39,0.32,1.2799999999999998,62.0,0.19,16,0,0.0,ZONE-HW05
1.7,34.5,51.4,15.5,287.17,0.44,1.7,89.7,0.36000000000000004,12,0,0.0,ZONE-HW04
41.3,41.9,70.7,1.5,284.1,0.6299999999999999,2.86,68.2,2.16,7,0,0.0,ZONE-HW03
9.9,30.8,50.2,9.9,287.82,0.45,1.56,86.7,0.43000000000000005,12,0,0.0,ZONE-HW04
7.1,40.6,116.9,53.0,264.23,0.48,1.4400000000000002,94.5,0.5499999999999999,14,1,70.6,ZONE-RK02
13.4,20.1,37.0,12.4,267.89,0.8400000000000001,2.86,77.6,0.32999999999999996,6,0,0.0,ZONE-RK01
4.3,11.9,48.5,57.9,261.9,0.42000000000000004,1.8900000000000001,85.2,0.81,15,1,32.8,ZONE-RK04
43.5,50.0,101.3,119.0,285.42,0.4,1.37,91.9,1.12,13,1,50.9,ZONE-HW02
12.3,21.1,36.3,2.8,274.21,0.35,1.3099999999999998,62.6,0.18000000000000002,16,0,0.0,ZONE-HW05
5.5,46.4,48.8,17.3,275.37,0.32999999999999996,1.2599999999999998,64.0,0.15000000000000002,16,1,42.6,ZONE-HW05
18.4,64.2,94.6,83.8,259.3,0.26,1.05,70.0,0.11,19,1,73.2,ZONE-RK03
7.4,12.6,38.0,60.7,286.99,0.47,1.45,92.7,1.1300000000000001,13,0,0.0,ZONE-HW02
44.4,46.5,81.9,27.9,268.61,0.74,2.8699999999999997,75.6,0.26,6,0,0.0,ZONE-RK01
10.6,11.3,30.1,120.0,288.65,0.46,1.5899999999999999,88.7,0.36000000000000004,12,0,0.0,ZONE-HW04
12.1,30.1,46.9,24.8,262.35,0.37,1.73,87.2,0.78,15,1,39.5,ZONE-RK04
7.2,61.4,232.3,40.4,263.19,0.35000000000000003,1.6300000000000001,89.5,0.77,15,1,69.1,ZONE-RK04
7.5,63.7,91.5,56.2,288.86,0.38,1.64,87.0,0.37,12,1,49.6,ZONE-HW04
3.9,44.7,82.7,115.9,267.33,0.8200000000000001,2.78,76.3,0.26,6,1,30.2,ZONE-RK01
22.8,30.1,93.0,112.7,267.82,0.73,2.94,75.2,0.33999999999999997,6,1,25.1,ZONE-RK01
6.4,12.1,12.2,42.0,285.52,0.5700000000000001,1.63,92.1,1.11,13,0,0.0,ZONE-HW02
6.5,30.8,41.2,137.5,262.9,0.47000000000000003,1.61,85.4,0.75,15,1,52.2,ZONE-RK04
4.5,12.2,45.0,48.4,285.91,0.71,3.11,69.7,2.1900000000000004,7,0,0.0,ZONE-HW03
3.6,13.1,22.4,88.7,294.25,0.87,2.24,96.7,0.05,17,0,0.0,ZONE-HW01
22.1,40.7,103.3,93.2,293.85,0.8300000000000001,2.1,94.9,0.05,17,1,64.8,ZONE-HW01
2.2,103.8,189.8,16.0,293.92,0.8,2.02,92.4,0.05,17,1,73.8,ZONE-HW01
3.1,7.1,14.5,96.5,264.08,0.41000000000000003,1.76,93.8,0.61,14,0,0.0,ZONE-RK02
9.5,55.3,123.9,65.0,264.9,0.46,1.78,91.9,0.59,14,1,66.5,ZONE-RK02
17.4,18.0,36.7,71.1,268.03,0.8600000000000001,2.8699999999999997,74.7,0.26,6,0,0.0,ZONE-RK01
0.1,1.1,96.6,80.6,268.74,0.7200000000000001,2.7399999999999998,72.4,0.26,6,0,0.0,ZONE-RK01
4.6,39.5,118.1,25.6,274.08,0.29,1.2999999999999998,64.8,0.17,16,1,64.8,ZONE-HW05
0.6,81.6,102.8,7.9,268.63,0.76,2.9899999999999998,77.7,0.3,6,1,27.1,ZONE-RK01
10.2,54.1,66.6,22.0,284.35,0.74,2.81,70.4,2.1700000000000004,7,0,0.0,ZONE-HW03
4.2,147.8,158.8,60.0,275.72,0.33999999999999997,1.38,66.2,0.21000000000000002,16,1,71.8,ZONE-HW05
38.9,43.7,220.5,206.3,261.74,0.30000000000000004,1.6800000000000002,89.0,0.8400000000000001,15,1,69.6,ZONE-RK04
32.4,39.6,89.9,100.2,284.31,0.76,3.18,72.5,2.23,7,0,0.0,ZONE-HW03
64.1,70.1,142.7,29.0,284.87,0.6299999999999999,2.94,67.4,2.1700000000000004,7,0,0.0,ZONE-HW03
2.9,19.3,98.3,43.8,260.4,0.3,1.01,70.9,0.09000000000000001,19,1,70.3,ZONE-RK03
11.6,171.5,197.0,66.9,294.93,0.93,2.0100000000000002,92.4,0.05,17,1,71.5,ZONE-HW01
6.8,21.8,81.3,194.5,288.33,0.32,1.5999999999999999,86.1,0.42000000000000004,12,1,57.5,ZONE-HW04
11.7,55.6,60.3,16.6,275.54,0.31,1.5299999999999998,65.4,0.22,16,1,48.5,ZONE-HW05
10.5,11.1,25.7,51.0,294.15,0.86,2.27,96.2,0.05,17,0,0.0,ZONE-HW01
0.2,9.4,45.5,59.6,259.08,0.32,1.2,69.8,0.08,19,1,67.8,ZONE-RK03
39.0,70.1,96.9,186.5,288.86,0.38,1.74,91.9,0.41000000000000003,12,1,68.1,ZONE-HW04
23.0,29.7,36.7,78.9,262.43,0.39,1.6500000000000001,87.5,0.81,15,1,42.3,ZONE-RK04
12.3,59.1,126.2,68.7,264.82,0.48,1.4400000000000002,90.3,0.58,14,1,67.1,ZONE-RK02
64.4,87.3,93.3,123.3,288.14,0.35000000000000003,1.83,90.6,0.39,12,1,61.7,ZONE-HW04
4.4,49.5,207.0,83.5,275.34,0.32,1.43,67.5,0.25,16,1,71.5,ZONE-HW05
13.6,32.1,54.8,30.5,267.13,0.8600000000000001,2.71,77.3,0.32999999999999996,6,0,0.0,ZONE-RK01
15.2,56.9,113.6,15.5,259.05,0.29,1.21,69.9,0.1,19,1,68.8,ZONE-RK03
10.2,57.3,89.6,53.8,264.82,0.5700000000000001,1.6600000000000001,93.0,0.61,14,1,66.6,ZONE-RK02
22.1,54.6,80.9,158.0,293.19,0.99,2.37,97.7,0.08,17,1,58.8,ZONE-HW01
2.7,164.9,171.2,1.1,275.19,0.38,1.51,64.7,0.16,16,1,68.7,ZONE-HW05
33.1,41.5,106.9,116.6,288.93,0.45,1.72,89.8,0.45,12,1,61.8,ZONE-HW04
29.4,172.8,190.2,86.7,274.06,0.36,1.23,65.3,0.19,16,1,70.1,ZONE-HW05
1.8,17.5,111.7,32.1,274.28,0.35,1.38,67.3,0.19,16,1,65.3,ZONE-HW05
13.4,34.4,86.3,252.6,262.64,0.39,1.8,87.6,0.75,15,1,68.1,ZONE-RK04
0.9,26.5,125.9,46.0,267.52,0.7100000000000001,2.79,74.8,0.26,6,1,44.0,ZONE-RK01
1.2,25.9,46.1,11.8,262.26,0.32,1.84,85.5,0.81,15,1,25.5,ZONE-RK04
28.4,50.5,185.9,114.8,260.02,0.3,1.33,66.6,0.07,19,1,73.3,ZONE-RK03
17.7,17.9,45.8,15.4,275.81,0.22999999999999998,1.49,64.4,0.24000000000000002,16,0,0.0,ZONE-HW05
36.3,42.1,58.9,50.9,288.33,0.31000000000000005,1.52,88.1,0.42000000000000004,12,0,0.0,ZONE-HW04
4.6,11.7,57.4,6.5,294.81,0.8200000000000001,2.23,92.7,0.05,17,0,0.0,ZONE-HW01
0.9,14.9,78.7,56.6,288.8,0.43000000000000005,1.5699999999999998,87.7,0.44,12,0,0.0,ZONE-HW04
8.2,33.2,55.9,192.6,275.12,0.27,1.3499999999999999,62.6,0.24000000000000002,16,1,65.2,ZONE-HW05
0.8,34.4,145.4,114.0,284.36,0.73,3.15,72.6,2.22,7,0,0.0,ZONE-HW03
3.1,13.6,76.7,6.2,294.67,0.88,2.22,96.3,0.09,17,0,0.0,ZONE-HW01
25.1,63.2,128.6,7.4,284.05,0.69,2.92,67.4,2.1500000000000004,7,0,0.0,ZONE-HW03
19.0,53.2,142.1,3.0,274.68,0.27999999999999997,1.2599999999999998,67.6,0.21000000000000002,16,1,68.2,ZONE-HW05
0.4,14.4,22.5,57.2,284.55,0.71,2.8,72.8,2.25,7,0,0.0,ZONE-HW03
37.4,52.3,145.5,0.0,262.03,0.38,1.8800000000000001,86.4,0.75,15,1,69.5,ZONE-RK04
2.8,3.7,23.6,167.2,293.79,0.8300000000000001,2.4000000000000004,95.2,0.060000000000000005,17,0,0.0,ZONE-HW01
1.5,29.5,59.5,195.2,264.85,0.52,1.4300000000000002,90.8,0.57,14,1,69.4,ZONE-RK02
2.0,9.1,10.6,39.8,262.22,0.45,1.84,89.9,0.8500000000000001,15,0,0.0,ZONE-RK04
4.9,66.1,112.5,66.7,262.93,0.32,1.69,89.3,0.8400000000000001,15,1,68.5,ZONE-RK04
11.4,14.3,43.7,532.8,261.59,0.35000000000000003,1.82,85.6,0.78,15,1,74.3,ZONE-RK04
27.0,94.2,180.8,7.6,268.82,0.77,2.98,76.5,0.3,6,1,65.4,ZONE-RK01
3.9,4.0,22.1,8.0,264.86,0.53,1.75,93.2,0.58,14,0,0.0,ZONE-RK02
9.6,43.5,147.3,96.8,284.8,0.61,3.1,69.9,2.24,7,0,0.0,ZONE-HW03
41.9,43.6,44.2,75.8,265.54,0.43,1.5,92.2,0.63,14,1,51.5,ZONE-RK02
5.1,13.9,34.0,22.0,275.08,0.38,1.2,64.4,0.23,16,0,0.0,ZONE-HW05
10.7,28.1,64.0,78.2,259.19,0.21999999999999997,1.1099999999999999,68.1,0.15000000000000002,19,1,72.0,ZONE-RK03
7.3,16.0,25.1,30.1,286.25,0.58,1.55,93.7,1.1,13,0,0.0,ZONE-HW02
20.3,62.7,117.7,18.7,275.23,0.38,1.48,65.5,0.22,16,1,68.2,ZONE-HW05
13.3,38.7,71.8,55.9,294.86,0.88,2.12,97.4,0.05,17,1,37.2,ZONE-HW01
10.2,35.2,98.1,8.1,294.96,0.96,2.02,92.7,0.05,17,1,41.9,ZONE-HW01
20.8,25.2,28.6,261.3,259.12,0.33999999999999997,1.19,67.2,0.12000000000000001,19,1,69.7,ZONE-RK03
47.2,49.1,78.4,14.4,267.7,0.7100000000000001,2.63,76.1,0.26,6,0,0.0,ZONE-RK01
10.0,63.2,213.6,70.4,275.51,0.31,1.3599999999999999,64.5,0.17,16,1,75.7,ZONE-HW05
6.6,34.3,53.0,168.4,259.2,0.32,1.13,68.6,0.09000000000000001,19,1,66.9,ZONE-RK03
30.6,55.1,74.7,24.3,268.19,0.8300000000000001,2.7199999999999998,72.8,0.3,6,0,0.0,ZONE-RK01
0.5,51.3,81.2,27.5,293.36,0.86,2.1500000000000004,94.3,0.09,17,1,44.0,ZONE-HW01
9.6,60.8,67.5,136.5,275.23,0.29,1.3599999999999999,64.0,0.19,16,1,63.8,ZONE-HW05
34.2,122.2,147.5,17.1,293.63,0.97,2.2,94.7,0.05,17,1,66.4,ZONE-HW01
7.0,19.1,28.8,65.4,288.57,0.36000000000000004,1.63,87.3,0.43000000000000005,12,0,0.0,ZONE-HW04
9.7,69.9,71.5,72.3,267.85,0.75,2.9099999999999997,73.5,0.29,6,0,0.0,ZONE-RK01
21.6,64.3,172.9,91.4,285.57,0.77,2.87,69.5,2.22,7,0,0.0,ZONE-HW03
39.4,51.5,86.5,1.0,267.22,0.8300000000000001,2.84,74.1,0.33999999999999997,6,0,0.0,ZONE-RK01
0.1,8.3,13.6,21.1,268.39,0.8400000000000001,2.6599999999999997,73.1,0.27,6,0,0.0,ZONE-RK01
2.9,3.8,123.8,0.6,293.36,0.9500000000000001,2.18,97.8,0.05,17,1,51.1,ZONE-HW01
20.0,25.0,146.7,156.3,293.8,0.9500000000000001,2.25,94.3,0.05,17,1,67.3,ZONE-HW01
15.9,49.4,49.7,293.4,264.18,0.58,1.7400000000000002,93.9,0.58,14,1,72.2,ZONE-RK02
31.5,99.1,152.9,29.6,285.99,0.6,3.16,70.2,2.16,7,0,0.0,ZONE-HW03
33.6,43.9,85.3,7.4,275.96,0.3,1.4,65.4,0.17,16,1,54.3,ZONE-HW05
38.3,42.9,55.6,57.2,285.89,0.56,1.31,92.8,1.09,13,0,0.0,ZONE-HW02
21.7,50.7,63.9,0.1,285.59,0.77,3.06,69.5,2.16,7,0,0.0,ZONE-HW03
21.2,147.6,230.6,43.2,265.84,0.41000000000000003,1.61,90.4,0.63,14,1,71.8,ZONE-RK02
35.1,50.9,88.1,45.4,262.36,0.44,1.8900000000000001,90.2,0.8,15,1,63.0,ZONE-RK04
8.9,53.7,91.1,26.7,286.95,0.53,1.45,89.6,1.1,13,0,0.0,ZONE-HW02
4.5,5.7,49.5,18.3,293.26,0.93,2.2800000000000002,93.4,0.05,17,0,0.0,ZONE-HW01
2.4,34.2,91.4,97.6,293.72,0.9500000000000001,2.3800000000000003,92.3,0.07,17,1,50.4,ZONE-HW01
10.5,77.8,215.5,115.3,294.31,0.86,2.1900000000000004,96.4,0.09,17,1,74.6,ZONE-HW01
15.1,26.0,229.6,22.4,264.22,0.59,1.46,93.3,0.59,14,1,74.0,ZONE-RK02
3.4,20.9,23.8,268.8,288.36,0.42000000000000004,1.83,86.5,0.39,12,1,34.3,ZONE-HW04
13.3,37.7,91.0,48.1,261.99,0.36000000000000004,1.86,89.5,0.8,15,1,59.8,ZONE-RK04
0.5,28.9,91.9,37.7,275.08,0.33999999999999997,1.5299999999999998,67.4,0.19,16,1,56.7,ZONE-HW05
21.2,28.9,41.4,12.3,274.12,0.37,1.44,64.3,0.17,16,0,0.0,ZONE-HW05
7.0,63.3,151.3,33.8,267.51,0.8400000000000001,2.6799999999999997,74.3,0.35,6,1,62.0,ZONE-RK01
13.3,51.6,65.4,12.9,286.44,0.5,1.3599999999999999,91.7,1.07,13,0,0.0,ZONE-HW02
53.7,82.5,281.8,28.8,263.26,0.30000000000000004,1.94,90.2,0.8300000000000001,15,1,73.9,ZONE-RK04
18.2,25.8,40.9,50.2,274.14,0.37,1.38,65.0,0.2,16,1,30.7,ZONE-HW05
5.8,11.3,26.6,2.5,284.69,0.6299999999999999,2.9,72.5,2.25,7,0,0.0,ZONE-HW03
18.3,38.6,43.5,13.2,293.52,0.81,2.21,96.9,0.09,17,0,0.0,ZONE-HW01
1.6,30.0,34.9,98.3,264.95,0.52,1.58,93.7,0.5599999999999999,14,1,47.4,ZONE-RK02
0.3,8.9,119.6,88.7,285.48,0.52,1.3599999999999999,90.7,1.1,13,1,44.8,ZONE-HW02
1.1,52.7,86.7,131.3,275.47,0.36,1.43,64.6,0.21000000000000002,16,1,68.0,ZONE-HW05
13.8,48.2,300.0,18.5,260.77,0.35,1.24,66.8,0.15000000000000002,19,1,71.8,ZONE-RK03
14.7,33.2,35.2,1.0,260.68,0.21999999999999997,1.3399999999999999,69.1,0.08,19,1,57.0,ZONE-RK03
1.9,33.3,75.2,56.4,265.72,0.6,1.62,94.8,0.62,14,1,54.7,ZONE-RK02
0.5,19.5,148.8,35.5,260.81,0.37,1.26,68.6,0.07,19,1,69.6,ZONE-RK03
14.7,60.1,136.7,51.3,264.3,0.42,1.6600000000000001,92.3,0.5499999999999999,14,1,74.4,ZONE-RK02
29.3,44.2,154.0,19.2,260.89,0.31,1.39,68.1,0.1,19,1,68.2,ZONE-RK03
4.9,6.5,85.9,37.8,275.85,0.22999999999999998,1.25,66.9,0.15000000000000002,16,1,55.7,ZONE-HW05
3.9,11.8,127.6,125.7,267.03,0.8400000000000001,2.75,74.6,0.26,6,1,54.7,ZONE-RK01
12.1,40.8,73.0,34.8,275.68,0.32,1.5499999999999998,67.5,0.22,16,1,55.4,ZONE-HW05
37.1,41.1,68.2,29.6,264.02,0.42,1.52,91.2,0.63,14,1,54.0,ZONE-RK02
10.3,28.7,65.3,10.6,263.3,0.36000000000000004,1.73,86.5,0.8400000000000001,15,1,42.3,ZONE-RK04
10.8,19.1,29.3,4.7,268.57,0.76,2.9099999999999997,76.6,0.31,6,0,0.0,ZONE-RK01
21.6,38.3,87.6,91.0,259.39,0.26,1.3499999999999999,68.5,0.13,19,1,73.4,ZONE-RK03
17.1,36.2,60.7,33.0,267.01,0.8500000000000001,3.0,74.7,0.32999999999999996,6,0,0.0,ZONE-RK01
15.3,35.8,130.4,145.4,259.01,0.36,1.1099999999999999,67.0,0.12000000000000001,19,1,70.9,ZONE-RK03
2.8,7.2,57.0,25.1,264.66,0.58,1.4200000000000002,91.6,0.64,14,1,34.1,ZONE-RK02
0.3,66.2,79.1,185.4,293.18,0.8,2.2600000000000002,97.5,0.05,17,1,63.2,ZONE-HW01
19.0,62.1,73.3,18.7,265.41,0.58,1.78,94.9,0.5499999999999999,14,1,57.7,ZONE-RK02
11.0,16.7,34.9,27.1,285.2,0.52,1.67,91.5,1.1300000000000001,13,0,0.0,ZONE-HW02
2.6,9.5,87.2,12.8,287.08,0.42000000000000004,1.65,89.4,0.37,12,0,0.0,ZONE-HW04
0.4,30.2,216.6,28.2,285.1,0.6599999999999999,2.86,70.2,2.21,7,0,0.0,ZONE-HW03
1.9,27.2,145.6,107.3,284.32,0.72,3.11,70.2,2.2,7,0,0.0,ZONE-HW03
14.6,26.0,65.0,6.7,275.11,0.38,1.43,64.8,0.25,16,1,38.5,ZONE-HW05
17.0,55.7,223.4,21.1,288.56,0.31000000000000005,1.51,90.8,0.39,12,1,70.5,ZONE-HW04
0.3,24.0,85.3,109.4,265.14,0.58,1.4100000000000001,92.6,0.5599999999999999,14,1,69.6,ZONE-RK02
3.2,12.3,48.2,28.1,259.86,0.33999999999999997,1.4,67.7,0.15000000000000002,19,1,60.4,ZONE-RK03
29.5,48.8,129.2,60.8,275.66,0.24,1.21,67.9,0.21000000000000002,16,1,66.5,ZONE-HW05
22.2,34.3,123.3,22.5,286.87,0.59,1.61,90.2,1.1,13,1,36.3,ZONE-HW02
11.8,19.0,51.3,26.8,264.92,0.49,1.6800000000000002,93.0,0.5599999999999999,14,1,36.1,ZONE-RK02
4.7,107.0,115.7,108.4,260.57,0.21999999999999997,1.27,70.0,0.11,19,1,70.2,ZONE-RK03
62.2,62.8,122.8,20.4,285.88,0.69,2.87,67.8,2.24,7,0,0.0,ZONE-HW03
0.6,16.1,152.9,0.8,286.02,0.41000000000000003,1.32,92.2,1.1500000000000001,13,1,53.5,ZONE-HW02
13.3,34.2,137.5,6.1,285.53,0.43,1.63,90.1,1.08,13,1,45.1,ZONE-HW02
17.2,51.4,106.7,199.7,267.64,0.8600000000000001,2.65,77.1,0.26,6,1,64.2,ZONE-RK01
26.0,27.3,59.1,35.5,285.99,0.4,1.53,93.6,1.05,13,0,0.0,ZONE-HW02
5.6,23.6,47.8,39.6,284.44,0.74,2.94,68.7,2.16,7,0,0.0,ZONE-HW03
58.1,60.9,188.6,45.8,259.42,0.22999999999999998,1.3399999999999999,67.8,0.07,19,1,69.3,ZONE-RK03
14.7,67.9,90.3,39.4,275.22,0.38,1.5499999999999998,63.7,0.16,16,1,64.3,ZONE-HW05
7.9,22.0,151.9,123.6,274.37,0.33999999999999997,1.49,63.4,0.16,16,1,70.6,ZONE-HW05
1.7,5.1,33.0,7.3,285.88,0.71,3.17,71.6,2.1500000000000004,7,0,0.0,ZONE-HW03
14.5,19.2,56.1,0.5,264.12,0.47,1.62,93.2,0.64,14,1,31.7,ZONE-RK02
5.7,39.6,72.7,268.0,286.95,0.52,1.6400000000000001,93.3,1.06,13,1,57.7,ZONE-HW02
31.1,44.4,46.7,130.8,264.63,0.49,1.7000000000000002,89.3,0.59,14,1,61.5,ZONE-RK02
36.3,87.8,94.6,432.1,287.11,0.41000000000000003,1.58,86.2,0.36000000000000004,12,1,71.2,ZONE-HW04
4.5,43.1,162.4,18.8,286.36,0.4,1.49,93.4,1.1300000000000001,13,1,63.1,ZONE-HW02
35.8,46.9,234.3,23.1,275.15,0.26,1.48,66.2,0.17,16,1,73.1,ZONE-HW05
46.0,47.7,109.5,53.2,274.94,0.32,1.43,67.2,0.19,16,1,65.2,ZONE-HW05
9.7,17.3,78.4,14.8,293.56,0.89,2.0500000000000003,97.0,0.05,17,1,29.9,ZONE-HW01
12.1,20.9,176.6,2.0,275.85,0.4,1.2799999999999998,63.9,0.2,16,1,68.4,ZONE-HW05
3.3,11.6,38.3,18.5,264.07,0.47,1.46,93.6,0.62,14,0,0.0,ZONE-RK02
10.1,71.9,134.2,60.7,284.44,0.6399999999999999,2.99,68.8,2.25,7,0,0.0,ZONE-HW03
1.4,36.9,46.0,108.0,285.88,0.5,1.65,89.5,1.1400000000000001,13,0,0.0,ZONE-HW02
4.3,20.5,42.1,137.0,259.84,0.21,1.3399999999999999,70.9,0.09000000000000001,19,1,71.1,ZONE-RK03
2.0,27.0,34.7,85.4,287.39,0.41000000000000003,1.9,92.0,0.44,12,0,0.0,ZONE-HW04
35.3,52.4,85.9,183.6,275.01,0.31,1.5899999999999999,63.9,0.17,16,1,73.0,ZONE-HW05
11.0,31.1,74.3,81.8,293.81,0.8300000000000001,2.02,94.0,0.05,17,1,44.6,ZONE-HW01
1.7,53.3,81.9,5.3,294.41,0.88,2.18,94.0,0.05,17,1,40.5,ZONE-HW01
23.1,37.3,42.6,70.3,259.41,0.24,1.33,68.6,0.1,19,1,65.9,ZONE-RK03
31.8,97.4,255.5,141.6,285.21,0.5,1.58,92.4,1.12,13,1,72.7,ZONE-HW02
0.0,14.4,99.7,31.9,261.7,0.32,1.6400000000000001,89.7,0.8400000000000001,15,1,59.5,ZONE-RK04
13.8,41.8,64.5,164.4,267.28,0.8600000000000001,2.88,74.7,0.29,6,0,0.0,ZONE-RK01
10.5,29.3,329.1,47.6,259.34,0.19999999999999998,1.29,67.2,0.07,19,1,74.5,ZONE-RK03
2.9,24.5,108.6,105.0,294.4,0.8200000000000001,2.0700000000000003,92.0,0.05,17,1,58.7,ZONE-HW01
23.3,60.2,74.9,138.7,288.8,0.46,1.8599999999999999,88.1,0.45,12,1,44.4,ZONE-HW04
33.6,40.1,47.1,259.9,285.52,0.74,2.82,68.9,2.18,7,0,0.0,ZONE-HW03
30.4,97.5,206.2,54.6,260.81,0.27,1.3199999999999998,69.1,0.11,19,1,71.5,ZONE-RK03
15.6,39.2,41.8,95.8,285.06,0.46,1.68,91.0,1.1300000000000001,13,0,0.0,ZONE-HW02
10.6,41.9,76.8,47.4,263.19,0.39,1.82,90.6,0.8200000000000001,15,1,59.4,ZONE-RK04
2.8,12.6,21.2,15.2,286.29,0.58,1.57,93.0,1.05,13,0,0.0,ZONE-HW02
54.2,59.2,74.9,62.5,284.58,0.74,2.89,68.8,2.22,7,0,0.0,ZONE-HW03
14.1,19.1,98.0,107.7,262.88,0.42000000000000004,1.6,87.1,0.8400000000000001,15,1,69.5,ZONE-RK04
4.1,14.3,153.3,122.3,284.09,0.72,3.19,68.7,2.16,7,0,0.0,ZONE-HW03
17.9,20.5,47.6,57.4,294.25,0.98,2.3800000000000003,97.9,0.05,17,0,0.0,ZONE-HW01
3.1,20.9,66.8,27.8,260.92,0.27,1.3,66.5,0.09000000000000001,19,1,67.4,ZONE-RK03
22.8,77.9,97.4,127.7,259.09,0.27999999999999997,1.01,67.4,0.1,19,1,75.3,ZONE-RK03
1.6,56.2,64.5,6.1,268.29,0.78,2.77,77.5,0.32999999999999996,6,0,0.0,ZONE-RK01
15.4,34.6,153.8,31.6,267.15,0.78,2.78,73.6,0.32999999999999996,6,1,56.7,ZONE-RK01
5.1,25.9,56.3,29.6,288.0,0.44,1.55,91.3,0.37,12,0,0.0,ZONE-HW04
17.7,60.5,156.4,252.5,262.64,0.36000000000000004,1.83,90.8,0.79,15,1,69.7,ZONE-RK04
4.7,42.5,67.6,79.1,267.79,0.79,2.9,77.1,0.27999999999999997,6,0,0.0,ZONE-RK01
9.7,162.1,227.4,213.3,267.44,0.8300000000000001,2.9299999999999997,72.4,0.27,6,1,71.0,ZONE-RK01
27.0,97.0,181.2,43.0,293.26,0.88,2.1100000000000003,94.8,0.05,17,1,72.1,ZONE-HW01
4.4,18.3,19.3,52.0,260.32,0.31,1.31,66.3,0.07,19,1,53.1,ZONE-RK03
10.5,32.8,215.3,169.7,264.14,0.55,1.4100000000000001,89.2,0.64,14,1,71.3,ZONE-RK02
2.6,16.4,44.0,31.3,267.71,0.7000000000000001,2.9099999999999997,75.2,0.33999999999999997,6,0,0.0,ZONE-RK01
24.0,46.3,88.7,134.2,274.51,0.19999999999999998,1.5499999999999998,62.7,0.19,16,1,68.1,ZONE-HW05
24.6,28.9,91.5,40.0,260.23,0.19999999999999998,1.3599999999999999,67.0,0.15000000000000002,19,1,73.6,ZONE-RK03
5.2,6.7,40.1,30.7,286.51,0.6,1.52,93.9,1.1,13,0,0.0,ZONE-HW02
4.3,39.9,113.3,19.7,259.18,0.32,1.24,67.5,0.07,19,1,67.6,ZONE-RK03
0.8,57.5,58.0,193.6,262.34,0.46,1.67,85.1,0.8200000000000001,15,1,66.7,ZONE-RK04
14.8,26.5,40.6,0.6,286.04,0.42,1.48,90.8,1.05,13,0,0.0,ZONE-HW02
4.0,8.4,55.8,12.8,259.0,0.29,1.04,67.1,0.07,19,1,66.2,ZONE-RK03
11.3,38.1,55.8,2.5,274.01,0.24,1.48,63.0,0.21000000000000002,16,1,39.6,ZONE-HW05
0.6,1.4,68.6,26.8,259.14,0.38,1.21,65.7,0.11,19,1,65.3,ZONE-RK03
23.9,40.9,71.1,50.3,268.37,0.81,2.77,76.6,0.3,6,0,0.0,ZONE-RK01
18.7,28.3,34.8,56.8,262.57,0.37,1.82,89.4,0.8400000000000001,15,1,32.3,ZONE-RK04
5.9,23.4,75.5,47.7,288.38,0.39,1.78,86.6,0.41000000000000003,12,0,0.0,ZONE-HW04
14.5,38.1,105.4,85.7,268.42,0.8500000000000001,2.9099999999999997,77.5,0.3,6,1,35.3,ZONE-RK01
11.5,45.6,149.0,39.6,261.63,0.5,1.84,85.9,0.8400000000000001,15,1,70.2,ZONE-RK04
8.0,51.3,95.0,5.2,260.61,0.26,1.38,66.9,0.060000000000000005,19,1,67.3,ZONE-RK03
33.4,34.3,103.3,99.5,274.28,0.33999999999999997,1.39,62.0,0.17,16,1,65.8,ZONE-HW05
45.9,47.6,93.0,39.1,294.07,0.93,2.3400000000000003,93.4,0.07,17,1,43.1,ZONE-HW01
6.0,8.8,50.2,45.6,293.18,0.86,2.39,95.9,0.07,17,0,0.0,ZONE-HW01
1.7,30.1,97.1,102.1,275.5,0.21,1.5899999999999999,67.7,0.21000000000000002,16,1,69.0,ZONE-HW05
35.4,51.2,204.2,140.4,268.35,0.8500000000000001,2.8899999999999997,72.8,0.31,6,1,74.6,ZONE-RK01
5.3,10.5,39.1,36.0,294.87,0.9400000000000001,2.0900000000000003,92.8,0.07,17,0,0.0,ZONE-HW01
12.9,39.2,108.5,49.9,287.72,0.49,1.78,86.6,0.39,12,1,45.9,ZONE-HW04
1.7,60.3,78.8,248.6,260.01,0.27999999999999997,1.3499999999999999,67.4,0.09000000000000001,19,1,67.9,ZONE-RK03
1.9,97.2,102.0,18.4,267.69,0.8600000000000001,2.69,77.0,0.3,6,1,37.8,ZONE-RK01
0.7,37.3,132.3,39.9,265.22,0.44,1.7100000000000002,93.1,0.62,14,1,73.6,ZONE-RK02
39.6,66.4,116.1,130.7,264.83,0.58,1.6700000000000002,93.5,0.6,14,1,70.0,ZONE-RK02
5.3,18.4,136.6,161.9,268.72,0.73,2.9,75.2,0.26,6,1,63.2,ZONE-RK01
56.3,125.9,132.7,121.5,293.5,0.99,2.22,93.7,0.060000000000000005,17,1,70.1,ZONE-HW01
7.9,148.6,180.6,56.5,260.13,0.36,1.08,65.7,0.1,19,1,72.0,ZONE-RK03
11.3,22.9,26.8,158.2,285.81,0.58,1.69,90.5,1.1500000000000001,13,0,0.0,ZONE-HW02
24.3,28.8,103.8,68.8,284.92,0.75,3.16,69.3,2.22,7,0,0.0,ZONE-HW03
7.9,16.7,114.9,84.3,259.17,0.3,1.16,67.2,0.08,19,1,69.8,ZONE-RK03
11.9,40.1,44.9,45.0,293.6,0.81,2.39,94.3,0.05,17,0,0.0,ZONE-HW01
3.2,10.2,64.3,169.5,294.21,0.8400000000000001,2.0900000000000003,94.5,0.05,17,1,49.7,ZONE-HW01
7.8,14.8,67.1,143.5,284.33,0.6399999999999999,3.14,69.3,2.1900000000000004,7,0,0.0,ZONE-HW03
20.7,81.6,120.1,97.6,264.18,0.59,1.5,93.7,0.62,14,1,74.4,ZONE-RK02
2.3,15.1,39.8,50.1,286.88,0.51,1.43,92.0,1.06,13,0,0.0,ZONE-HW02
39.7,101.9,109.1,13.3,275.7,0.32999999999999996,1.5799999999999998,65.2,0.2,16,1,72.7,ZONE-HW05
6.6,16.9,64.6,163.2,265.48,0.59,1.46,90.4,0.58,14,1,65.8,ZONE-RK02
49.2,81.0,172.1,52.1,265.32,0.51,1.55,90.3,0.61,14,1,74.2,ZONE-RK02
3.5,25.8,66.3,95.0,260.44,0.39,1.1099999999999999,67.8,0.15000000000000002,19,1,72.6,ZONE-RK03
3.7,17.5,40.1,224.3,267.73,0.75,2.6999999999999997,77.7,0.33999999999999997,6,0,0.0,ZONE-RK01
8.8,51.0,120.5,21.6,268.62,0.75,2.63,77.0,0.32999999999999996,6,1,38.7,ZONE-RK01
12.7,80.1,112.3,203.2,284.06,0.7999999999999999,2.91,72.2,2.23,7,0,0.0,ZONE-HW03
3.6,5.9,116.9,131.7,285.83,0.71,2.91,69.0,2.2,7,0,0.0,ZONE-HW03
73.6,107.7,245.7,122.8,294.44,0.99,2.37,94.0,0.05,17,1,75.7,ZONE-HW01
27.9,53.2,77.3,190.9,284.74,0.69,3.14,69.4,2.24,7,0,0.0,ZONE-HW03
8.5,31.7,61.2,58.2,274.76,0.36,1.3699999999999999,67.4,0.16,16,1,50.1,ZONE-HW05
9.5,11.0,117.9,41.1,293.74,0.91,2.3600000000000003,95.4,0.09,17,1,55.2,ZONE-HW01
13.3,17.8,18.0,19.7,294.02,0.96,2.0700000000000003,94.4,0.05,17,0,0.0,ZONE-HW01
18.3,21.4,141.2,16.9,286.15,0.48,1.6400000000000001,89.1,1.1400000000000001,13,1,38.9,ZONE-HW02
3.4,9.4,10.1,103.4,288.74,0.36000000000000004,1.5999999999999999,90.7,0.41000000000000003,12,0,0.0,ZONE-HW04
31.2,59.8,70.2,23.5,264.53,0.48,1.77,90.7,0.65,14,1,59.1,ZONE-RK02
9.7,102.3,116.5,92.1,275.17,0.25,1.5599999999999998,67.6,0.23,16,1,69.5,ZONE-HW05
8.7,19.3,49.7,5.2,286.77,0.44,1.62,90.7,1.09,13,0,0.0,ZONE-HW02
24.0,32.4,97.0,5.0,287.45,0.49,1.77,86.1,0.4,12,1,29.9,ZONE-HW04
46.5,52.9,160.1,116.1,264.99,0.51,1.54,90.0,0.64,14,1,68.3,ZONE-RK02
51.6,71.1,136.1,32.4,274.89,0.38,1.42,63.9,0.17,16,1,73.0,ZONE-HW05
3.1,20.7,29.8,281.4,294.48,0.8400000000000001,2.3600000000000003,95.0,0.05,17,1,47.1,ZONE-HW01
1.5,28.2,77.4,54.1,287.1,0.4,1.76,87.0,0.41000000000000003,12,0,0.0,ZONE-HW04
16.3,20.0,60.5,23.7,268.38,0.78,2.7399999999999998,76.5,0.26,6,0,0.0,ZONE-RK01
42.2,85.3,265.0,2.7,287.93,0.33,1.67,90.1,0.39,12,1,69.5,ZONE-HW04
5.0,11.5,12.1,19.4,267.22,0.88,2.86,72.3,0.32999999999999996,6,0,0.0,ZONE-RK01
17.0,24.9,60.5,153.1,286.63,0.56,1.67,88.4,1.1400000000000001,13,0,0.0,ZONE-HW02
17.8,32.9,56.2,42.6,285.65,0.5,1.69,88.2,1.1400000000000001,13,0,0.0,ZONE-HW02
2.9,33.1,55.7,133.9,288.71,0.34,1.55,87.9,0.38,12,1,36.5,ZONE-HW04
21.2,49.5,72.1,16.5,261.74,0.31000000000000005,1.72,90.8,0.8200000000000001,15,1,54.5,ZONE-RK04
22.5,42.5,55.2,15.2,263.03,0.41000000000000003,1.85,85.5,0.8500000000000001,15,1,40.0,ZONE-RK04
2.7,47.7,60.7,52.4,261.74,0.38,1.74,89.3,0.8,15,1,54.8,ZONE-RK04
9.0,35.0,139.8,141.6,268.2,0.74,2.8899999999999997,77.1,0.32999999999999996,6,1,60.8,ZONE-RK01
9.0,9.5,37.3,65.2,286.93,0.47,1.66,92.0,1.07,13,0,0.0,ZONE-HW02
12.2,43.8,52.2,72.8,261.8,0.33,1.8800000000000001,89.9,0.77,15,1,55.4,ZONE-RK04
3.0,44.7,65.4,86.6,275.21,0.22999999999999998,1.3099999999999998,67.1,0.22,16,1,64.0,ZONE-HW05
0.7,16.4,77.4,18.0,263.06,0.35000000000000003,1.69,87.6,0.8,15,1,53.7,ZONE-RK04
23.8,53.7,98.0,30.5,287.79,0.48000000000000004,1.72,88.8,0.4,12,1,43.2,ZONE-HW04
9.9,37.2,69.2,83.9,288.58,0.32,1.7,87.0,0.44,12,1,29.8,ZONE-HW04
8.5,15.3,27.3,0.4,264.03,0.42,1.56,91.1,0.63,14,0,0.0,ZONE-RK02
5.4,46.9,125.9,15.8,274.44,0.39,1.47,65.8,0.17,16,1,65.1,ZONE-HW05
47.9,68.8,193.2,85.9,288.33,0.47000000000000003,1.67,90.2,0.38,12,1,74.3,ZONE-HW04
19.2,21.9,34.3,0.6,284.96,0.6599999999999999,3.1,67.8,2.1700000000000004,7,0,0.0,ZONE-HW03
18.9,31.6,108.8,29.0,263.46,0.5,1.6600000000000001,86.0,0.8200000000000001,15,1,59.7,ZONE-RK04
25.7,29.9,39.4,29.2,265.51,0.46,1.8,91.1,0.65,14,0,0.0,ZONE-RK02
7.9,20.8,92.9,7.1,260.43,0.32999999999999996,1.27,70.2,0.07,19,1,73.3,ZONE-RK03
6.5,61.0,64.5,199.7,284.11,0.6399999999999999,3.16,73.0,2.18,7,0,0.0,ZONE-HW03
64.4,67.2,84.4,32.6,286.31,0.58,1.4,93.4,1.1300000000000001,13,0,0.0,ZONE-HW02
22.5,49.7,101.4,99.2,288.73,0.35000000000000003,1.8399999999999999,86.7,0.36000000000000004,12,1,56.2,ZONE-HW04
1.9,55.6,116.7,60.3,287.55,0.47000000000000003,1.5,90.0,0.37,12,1,62.2,ZONE-HW04
33.1,69.2,80.5,39.3,294.54,0.93,2.1300000000000003,92.1,0.07,17,1,43.3,ZONE-HW01
10.2,11.9,166.6,9.6,284.35,0.73,3.0,68.7,2.1900000000000004,7,0,0.0,ZONE-HW03
17.9,39.1,40.4,181.1,288.31,0.38,1.63,87.7,0.4,12,1,33.5,ZONE-HW04
28.6,50.9,63.9,9.1,294.14,0.96,2.37,96.0,0.05,17,0,0.0,ZONE-HW01
6.8,15.6,50.9,237.5,285.95,0.6499999999999999,2.83,71.6,2.22,7,0,0.0,ZONE-HW03
12.8,79.0,131.6,45.1,285.86,0.4,1.67,88.5,1.12,13,1,58.4,ZONE-HW02
28.9,48.0,149.5,24.1,262.68,0.39,1.8,89.8,0.76,15,1,73.1,ZONE-RK04
2.1,60.1,104.4,153.9,259.04,0.22999999999999998,1.39,69.0,0.060000000000000005,19,1,74.8,ZONE-RK03
41.7,43.4,78.2,32.9,287.19,0.45,1.54,87.8,0.44,12,1,29.6,ZONE-HW04
14.7,62.0,78.5,57.0,285.81,0.72,2.99,70.4,2.2,7,0,0.0,ZONE-HW03
18.5,22.8,106.9,65.2,268.13,0.8,2.69,73.0,0.3,6,0,0.0,ZONE-RK01
44.8,57.2,62.9,49.4,287.46,0.46,1.89,87.1,0.39,12,0,0.0,ZONE-HW04
1.3,106.0,108.0,98.0,285.35,0.61,3.18,71.2,2.25,7,0,0.0,ZONE-HW03
11.2,25.0,28.4,68.1,275.24,0.32999999999999996,1.3699999999999999,63.4,0.21000000000000002,16,0,0.0,ZONE-HW05
13.2,23.1,143.6,25.4,263.38,0.44,1.96,89.2,0.78,15,1,65.9,ZONE-RK04
9.0,32.5,37.8,188.3,265.26,0.48,1.52,89.2,0.6,14,1,61.8,ZONE-RK02
7.0,9.5,34.0,64.2,285.36,0.42,1.32,88.7,1.06,13,0,0.0,ZONE-HW02
10.8,46.4,49.3,23.4,268.55,0.8,2.75,78.0,0.31,6,0,0.0,ZONE-RK01
25.7,28.2,124.9,6.7,288.6,0.36000000000000004,1.5,86.3,0.36000000000000004,12,1,56.0,ZONE-HW04
27.0,40.4,87.8,11.6,287.79,0.36000000000000004,1.77,88.6,0.39,12,1,31.6,ZONE-HW04
1.0,8.3,15.1,26.2,288.85,0.48000000000000004,1.54,90.9,0.39,12,0,0.0,ZONE-HW04
10.8,37.5,115.5,74.7,285.85,0.6,1.4,90.0,1.05,13,1,43.1,ZONE-HW02
14.1,30.0,62.1,37.5,286.4,0.49,1.32,92.4,1.1500000000000001,13,0,0.0,ZONE-HW02
27.7,35.5,35.8,73.8,285.23,0.7899999999999999,2.98,67.7,2.21,7,0,0.0,ZONE-HW03
3.4,69.6,167.6,5.6,285.27,0.54,1.39,89.2,1.12,13,1,65.1,ZONE-HW02
1.7,22.2,69.2,22.5,267.36,0.77,2.6599999999999997,73.0,0.29,6,0,0.0,ZONE-RK01
18.9,46.0,65.6,1.8,262.35,0.35000000000000003,1.6300000000000001,86.9,0.78,15,1,50.2,ZONE-RK04
20.8,28.1,118.0,38.2,275.68,0.35,1.44,64.1,0.18000000000000002,16,1,67.8,ZONE-HW05
12.9,74.8,174.4,32.5,262.1,0.37,1.7,90.4,0.8400000000000001,15,1,73.6,ZONE-RK04
3.5,48.3,76.7,14.9,294.42,0.96,2.3200000000000003,93.8,0.05,17,1,29.9,ZONE-HW01
35.2,41.8,43.1,1.4,263.01,0.35000000000000003,1.8800000000000001,90.1,0.78,15,1,31.1,ZONE-RK04
14.6,47.1,65.7,27.0,262.65,0.35000000000000003,1.76,85.1,0.8300000000000001,15,1,53.4,ZONE-RK04
6.2,40.4,43.4,185.3,274.34,0.24,1.44,65.0,0.16,16,1,65.3,ZONE-HW05
3.8,244.6,254.0,103.3,263.48,0.43000000000000005,1.81,89.6,0.8,15,1,74.9,ZONE-RK04
3.8,6.3,110.2,137.0,293.2,0.8300000000000001,2.39,98.0,0.08,17,1,62.2,ZONE-HW01
7.8,44.2,84.9,134.2,268.38,0.7200000000000001,2.79,72.3,0.27999999999999997,6,1,37.1,ZONE-RK01
5.7,27.9,61.1,30.6,274.7,0.26,1.48,64.5,0.18000000000000002,16,1,47.9,ZONE-HW05
33.3,38.7,46.8,60.2,260.72,0.22999999999999998,1.0999999999999999,65.3,0.08,19,1,66.9,ZONE-RK03
16.1,22.6,47.4,205.0,293.76,0.81,2.29,93.3,0.05,17,1,43.3,ZONE-HW01
4.2,37.3,104.7,41.6,285.21,0.56,1.38,93.2,1.08,13,1,32.8,ZONE-HW02
41.6,81.6,112.2,59.0,286.06,0.52,1.38,91.5,1.11,13,1,55.8,ZONE-HW02
17.7,44.6,150.1,30.9,268.11,0.79,2.92,77.5,0.31,6,1,57.4,ZONE-RK01
5.3,12.5,14.4,3.1,294.41,0.91,2.08,96.2,0.05,17,0,0.0,ZONE-HW01
30.6,64.6,118.6,66.8,261.67,0.34,1.82,87.2,0.8400000000000001,15,1,68.4,ZONE-RK04
28.4,48.0,150.2,31.2,259.38,0.27999999999999997,1.3699999999999999,69.4,0.05,19,1,69.8,ZONE-RK03
39.2,75.2,90.1,58.1,293.92,0.8400000000000001,2.16,95.9,0.05,17,1,57.0,ZONE-HW01
11.4,15.9,60.6,26.5,288.43,0.38,1.8,90.0,0.42000000000000004,12,0,0.0,ZONE-HW04
0.8,89.9,141.2,146.6,275.66,0.21,1.52,67.9,0.22,16,1,73.4,ZONE-HW05
16.9,30.1,66.0,78.8,260.14,0.26,1.3,70.8,0.07,19,1,72.3,ZONE-RK03
48.4,57.2,161.2,180.5,265.29,0.59,1.58,90.7,0.6,14,1,69.3,ZONE-RK02
16.6,96.9,122.3,214.1,267.6,0.8700000000000001,2.6199999999999997,73.4,0.32999999999999996,6,1,71.2,ZONE-RK01
18.2,19.5,138.2,46.4,267.33,0.8600000000000001,2.84,73.7,0.29,6,1,39.0,ZONE-RK01
9.3,34.4,42.5,44.3,286.46,0.55,1.6,89.2,1.06,13,0,0.0,ZONE-HW02
26.7,27.2,43.1,0.2,260.25,0.25,1.05,65.8,0.09000000000000001,19,1,65.3,ZONE-RK03
8.1,47.2,127.4,203.3,261.91,0.30000000000000004,1.61,86.2,0.79,15,1,71.2,ZONE-RK04
14.1,22.9,151.8,104.5,265.34,0.49,1.58,94.6,0.5499999999999999,14,1,74.2,ZONE-RK02
12.8,48.5,177.6,87.2,260.55,0.32,1.14,69.9,0.07,19,1,74.0,ZONE-RK03
6.9,44.4,46.5,34.2,259.56,0.27,1.02,70.6,0.07,19,1,65.6,ZONE-RK03
7.8,13.3,14.5,10.0,275.54,0.36,1.27,62.2,0.18000000000000002,16,0,0.0,ZONE-HW05
15.9,64.5,286.5,29.8,259.09,0.31,1.18,70.7,0.13,19,1,74.5,ZONE-RK03
13.7,96.7,105.8,88.5,267.18,0.8400000000000001,2.98,76.0,0.26,6,1,49.6,ZONE-RK01
21.1,23.9,122.7,117.4,285.12,0.56,1.59,93.5,1.08,13,1,57.0,ZONE-HW02
0.5,3.4,5.9,28.5,288.46,0.49,1.83,88.9,0.41000000000000003,12,0,0.0,ZONE-HW04
10.7,33.5,49.1,169.8,287.64,0.35000000000000003,1.54,90.7,0.41000000000000003,12,1,43.7,ZONE-HW04
6.9,8.3,26.1,53.0,293.1,0.87,2.22,95.2,0.09,17,0,0.0,ZONE-HW01
7.9,17.5,24.5,119.7,260.58,0.29,1.06,68.0,0.14,19,1,62.0,ZONE-RK03
83.4,95.4,119.4,67.4,286.2,0.56,1.53,92.1,1.09,13,1,61.1,ZONE-HW02
19.0,33.9,151.6,57.5,294.43,0.98,2.29,92.9,0.05,17,1,65.0,ZONE-HW01
9.0,40.2,192.9,110.8,262.4,0.45,1.6300000000000001,86.1,0.76,15,1,68.5,ZONE-RK04
0.6,12.7,44.5,26.4,267.24,0.79,2.8099999999999996,73.4,0.27999999999999997,6,0,0.0,ZONE-RK01
18.1,70.6,136.3,317.8,274.83,0.38,1.45,66.0,0.24000000000000002,16,1,75.1,ZONE-HW05
4.8,67.2,140.0,31.5,288.71,0.47000000000000003,1.69,90.2,0.43000000000000005,12,1,68.1,ZONE-HW04
19.9,23.2,101.1,53.2,259.71,0.32,1.25,66.5,0.09000000000000001,19,1,71.7,ZONE-RK03
5.2,37.2,88.5,16.5,264.99,0.43,1.46,92.0,0.59,14,1,59.8,ZONE-RK02
0.5,17.6,59.7,146.5,262.62,0.34,1.61,90.1,0.76,15,1,59.7,ZONE-RK04
39.5,62.1,132.2,40.5,259.75,0.26,1.3199999999999998,68.5,0.11,19,1,74.6,ZONE-RK03
20.6,27.5,50.7,70.4,263.32,0.45,1.6,88.2,0.77,15,1,50.6,ZONE-RK04
0.3,38.8,129.1,35.7,293.6,0.98,2.33,93.8,0.08,17,1,60.4,ZONE-HW01
8.9,66.1,140.8,23.8,285.02,0.49,1.62,88.1,1.09,13,1,57.8,ZONE-HW02
5.9,40.0,81.4,12.4,275.37,0.21,1.51,63.9,0.23,16,1,54.5,ZONE-HW05
5.6,74.7,133.0,298.7,294.25,0.98,2.16,95.8,0.05,17,1,75.3,ZONE-HW01
21.9,107.3,119.5,103.3,285.83,0.45,1.48,91.0,1.08,13,1,62.8,ZONE-HW02
0.3,33.6,65.3,29.8,286.13,0.4,1.33,90.4,1.1,13,0,0.0,ZONE-HW02
29.8,87.6,88.7,65.8,260.62,0.22999999999999998,1.26,68.4,0.14,19,1,68.7,ZONE-RK03
6.9,23.0,112.2,26.0,293.23,0.86,2.35,97.6,0.05,17,1,49.3,ZONE-HW01
43.0,48.9,103.2,78.1,285.63,0.53,1.53,89.4,1.07,13,1,42.1,ZONE-HW02
4.4,16.2,106.2,100.4,260.29,0.22999999999999998,1.25,66.8,0.13,19,1,68.8,ZONE-RK03
6.0,28.9,32.1,16.4,284.75,0.6699999999999999,2.9,70.1,2.21,7,0,0.0,ZONE-HW03
10.0,12.7,105.4,88.6,274.68,0.24,1.49,63.3,0.2,16,1,69.2,ZONE-HW05
43.1,78.6,219.6,56.6,267.55,0.81,2.94,76.2,0.27,6,1,73.7,ZONE-RK01
13.8,126.9,178.3,2.2,264.35,0.43,1.78,90.0,0.5599999999999999,14,1,73.8,ZONE-RK02
19.3,90.1,169.5,61.4,275.33,0.38,1.48,65.2,0.24000000000000002,16,1,72.0,ZONE-HW05
16.7,155.4,160.2,77.0,275.0,0.27999999999999997,1.5599999999999998,62.6,0.21000000000000002,16,1,72.1,ZONE-HW05
5.0,35.7,82.5,11.7,294.11,0.81,2.12,93.8,0.05,17,1,38.4,ZONE-HW01
3.5,32.7,39.6,21.6,267.09,0.78,2.8299999999999996,75.0,0.33999999999999997,6,0,0.0,ZONE-RK01
27.0,38.9,72.4,198.3,288.28,0.4,1.83,89.1,0.43000000000000005,12,1,58.4,ZONE-HW04
3.9,18.7,65.3,98.6,284.56,0.77,3.1,71.7,2.16,7,0,0.0,ZONE-HW03
34.8,108.9,183.8,18.1,285.45,0.6399999999999999,3.06,67.7,2.16,7,0,0.0,ZONE-HW03
0.4,14.9,22.5,86.7,285.62,0.6399999999999999,2.88,67.1,2.22,7,0,0.0,ZONE-HW03
16.2,17.5,108.1,20.0,267.57,0.8200000000000001,2.8099999999999996,76.8,0.26,6,0,0.0,ZONE-RK01
8.5,41.6,69.7,40.7,288.88,0.48000000000000004,1.73,91.2,0.44,12,0,0.0,ZONE-HW04
1.0,16.4,88.8,172.7,264.94,0.52,1.46,93.6,0.61,14,1,69.6,ZONE-RK02
8.0,24.5,85.1,200.2,294.15,0.91,2.2600000000000002,95.1,0.05,17,1,64.4,ZONE-HW01
4.7,22.1,101.6,65.9,267.11,0.88,2.77,72.1,0.32,6,0,0.0,ZONE-RK01
1.8,31.4,41.7,50.0,260.41,0.21,1.14,66.2,0.07,19,1,64.5,ZONE-RK03
11.3,74.0,105.0,22.9,274.79,0.37,1.2,65.8,0.18000000000000002,16,1,65.6,ZONE-HW05
3.9,66.1,75.5,38.8,263.27,0.48000000000000004,1.82,85.0,0.79,15,1,60.3,ZONE-RK04
3.1,47.6,79.8,30.3,285.68,0.72,3.06,70.4,2.21,7,0,0.0,ZONE-HW03
6.7,64.1,104.4,88.6,267.9,0.81,2.77,76.9,0.32999999999999996,6,1,47.3,ZONE-RK01
34.1,103.7,123.6,213.2,261.85,0.41000000000000003,1.96,90.3,0.8,15,1,75.0,ZONE-RK04
0.4,14.6,127.7,22.5,261.93,0.4,1.96,85.5,0.78,15,1,63.1,ZONE-RK04
4.8,15.6,63.0,40.4,275.83,0.35,1.51,63.1,0.2,16,1,37.2,ZONE-HW05
19.5,87.1,143.2,16.0,274.61,0.36,1.2,62.4,0.17,16,1,71.1,ZONE-HW05
40.5,49.7,57.8,6.6,259.4,0.25,1.24,65.6,0.1,19,1,67.2,ZONE-RK03
12.4,16.0,23.5,25.0,262.2,0.34,1.8900000000000001,89.4,0.76,15,0,0.0,ZONE-RK04
5.0,32.8,117.6,100.3,287.65,0.49,1.79,90.2,0.39,12,1,63.4,ZONE-HW04
4.6,13.0,181.8,0.6,287.77,0.43000000000000005,1.67,89.8,0.39,12,1,67.6,ZONE-HW04
31.8,38.5,185.6,29.3,268.27,0.89,2.8099999999999996,77.1,0.32999999999999996,6,1,62.2,ZONE-RK01
8.7,45.5,89.8,26.8,265.24,0.49,1.58,91.5,0.6,14,1,62.6,ZONE-RK02
12.1,51.5,53.7,0.8,264.7,0.52,1.6300000000000001,92.2,0.57,14,1,45.2,ZONE-RK02
9.2,13.4,68.0,16.9,286.32,0.44,1.57,93.9,1.1300000000000001,13,0,0.0,ZONE-HW02
8.5,15.1,54.9,8.6,260.4,0.27999999999999997,1.28,69.9,0.1,19,1,65.3,ZONE-RK03
0.4,2.0,156.2,10.7,286.15,0.42,1.43,89.2,1.11,13,1,49.1,ZONE-HW02
18.5,20.6,26.3,49.8,259.69,0.24,1.1099999999999999,67.6,0.11,19,1,62.4,ZONE-RK03
9.4,100.2,245.1,105.9,294.77,0.92,2.24,94.7,0.060000000000000005,17,1,69.1,ZONE-HW01
13.8,32.0,54.0,205.7,284.85,0.7999999999999999,2.92,71.6,2.21,7,0,0.0,ZONE-HW03
13.9,39.9,53.1,3.3,284.97,0.71,3.02,70.6,2.18,7,0,0.0,ZONE-HW03
43.6,54.9,84.1,8.5,287.51,0.37,1.75,89.4,0.39,12,1,30.2,ZONE-HW04
27.2,28.0,117.8,10.6,274.39,0.32,1.4,63.8,0.19,16,1,63.4,ZONE-HW05
32.6,71.9,80.9,58.4,288.04,0.43000000000000005,1.58,90.4,0.4,12,1,47.9,ZONE-HW04
5.6,11.5,109.5,36.2,284.59,0.72,2.81,68.7,2.1500000000000004,7,0,0.0,ZONE-HW03
7.6,13.2,37.3,143.7,260.33,0.3,1.16,65.1,0.15000000000000002,19,1,64.1,ZONE-RK03
6.8,97.6,243.8,11.0,267.33,0.73,2.78,74.4,0.27999999999999997,6,1,72.4,ZONE-RK01
2.9,62.5,87.4,0.3,267.04,0.81,2.71,77.0,0.29,6,0,0.0,ZONE-RK01
4.8,32.1,112.4,10.0,265.54,0.4,1.75,92.4,0.57,14,1,67.0,ZONE-RK02
1.8,78.4,147.9,62.4,267.66,0.76,2.9299999999999997,75.3,0.31,6,1,64.8,ZONE-RK01
22.0,38.8,109.8,32.5,294.67,0.9500000000000001,2.04,94.1,0.1,17,1,51.2,ZONE-HW01
4.2,43.4,70.6,278.8,260.85,0.29,1.15,65.1,0.05,19,1,68.2,ZONE-RK03
6.4,82.8,217.9,19.4,286.44,0.55,1.46,91.6,1.1400000000000001,13,1,71.7,ZONE-HW02
24.0,41.0,165.8,41.9,261.53,0.49,1.74,86.8,0.81,15,1,73.3,ZONE-RK04
20.5,39.4,52.3,15.6,263.15,0.5,1.87,90.4,0.78,15,1,36.3,ZONE-RK04
8.3,50.6,97.1,81.7,268.01,0.8,2.8899999999999997,72.1,0.26,6,1,30.4,ZONE-RK01
5.0,24.7,27.0,119.1,285.76,0.76,2.81,70.8,2.1700000000000004,7,0,0.0,ZONE-HW03
68.9,84.6,85.2,13.0,286.78,0.42,1.39,93.5,1.08,13,1,34.3,ZONE-HW02
15.9,44.3,121.8,20.5,260.2,0.39,1.16,66.6,0.08,19,1,70.8,ZONE-RK03
21.6,56.5,76.0,55.2,285.64,0.6699999999999999,2.92,67.2,2.16,7,0,0.0,ZONE-HW03
2.4,20.5,127.0,38.3,259.23,0.38,1.24,67.6,0.1,19,1,69.9,ZONE-RK03
27.4,54.2,64.9,60.9,285.54,0.6399999999999999,3.14,67.7,2.1500000000000004,7,0,0.0,ZONE-HW03
10.6,25.9,32.3,37.7,261.93,0.43000000000000005,1.86,87.6,0.75,15,0,0.0,ZONE-RK04
1.1,4.2,31.1,25.5,287.61,0.48000000000000004,1.6199999999999999,87.7,0.43000000000000005,12,0,0.0,ZONE-HW04
39.0,53.1,124.0,52.9,286.19,0.52,1.43,88.6,1.1300000000000001,13,1,46.2,ZONE-HW02
18.3,27.3,169.6,52.9,262.13,0.4,1.6300000000000001,85.8,0.78,15,1,70.1,ZONE-RK04
26.7,40.3,45.6,78.4,264.33,0.5700000000000001,1.76,89.3,0.62,14,1,44.3,ZONE-RK02
0.1,19.4,30.1,69.1,260.89,0.39,1.03,69.3,0.1,19,1,65.2,ZONE-RK03
58.3,77.0,162.0,49.6,260.27,0.29,1.06,69.6,0.1,19,1,72.3,ZONE-RK03
10.3,90.3,200.6,107.9,262.73,0.41000000000000003,1.8800000000000001,86.9,0.78,15,1,69.4,ZONE-RK04
5.3,28.9,41.6,41.1,293.34,0.97,2.06,97.2,0.05,17,0,0.0,ZONE-HW01
9.9,63.3,176.5,37.5,265.95,0.47,1.55,89.5,0.5599999999999999,14,1,70.3,ZONE-RK02
0.3,59.7,69.3,68.1,268.06,0.8300000000000001,2.75,75.6,0.27999999999999997,6,0,0.0,ZONE-RK01
0.4,15.7,229.0,7.4,287.61,0.39,1.81,89.8,0.39,12,1,68.2,ZONE-HW04
8.3,19.3,137.0,142.5,288.75,0.45,1.8399999999999999,87.8,0.43000000000000005,12,1,68.5,ZONE-HW04
4.1,6.6,55.9,28.7,264.71,0.46,1.7200000000000002,92.4,0.57,14,1,35.4,ZONE-RK02
16.7,17.7,24.9,81.2,261.57,0.35000000000000003,1.8,85.2,0.77,15,1,28.9,ZONE-RK04
3.6,62.1,65.1,17.0,284.17,0.76,3.08,68.4,2.21,7,0,0.0,ZONE-HW03
98.1,115.1,175.8,14.1,259.85,0.21,1.19,68.2,0.07,19,1,75.3,ZONE-RK03
14.1,53.0,71.9,123.6,264.71,0.43,1.62,90.2,0.58,14,1,67.2,ZONE-RK02
13.9,28.7,69.5,60.2,259.63,0.21,1.0699999999999998,67.7,0.08,19,1,68.6,ZONE-RK03
2.7,18.2,39.2,35.9,263.35,0.45,1.79,89.8,0.8,15,0,0.0,ZONE-RK04
21.5,41.3,182.2,24.3,265.02,0.5700000000000001,1.54,93.1,0.57,14,1,69.8,ZONE-RK02
8.1,54.5,94.0,55.4,284.99,0.75,2.98,69.3,2.1700000000000004,7,0,0.0,ZONE-HW03
0.8,16.1,31.9,512.1,285.18,0.61,2.92,68.3,2.1900000000000004,7,0,0.0,ZONE-HW03
5.5,70.3,126.7,29.2,294.78,0.93,2.1700000000000004,97.8,0.05,17,1,66.3,ZONE-HW01
11.8,66.9,174.3,12.2,268.38,0.7200000000000001,2.8099999999999996,75.3,0.3,6,1,65.5,ZONE-RK01
6.2,18.4,20.5,63.8,275.81,0.37,1.47,64.0,0.16,16,0,0.0,ZONE-HW05
28.9,43.3,110.7,69.2,265.08,0.48,1.61,94.4,0.57,14,1,67.6,ZONE-RK02
7.1,11.7,73.5,135.0,294.47,0.9,2.21,95.7,0.09,17,1,47.0,ZONE-HW01
17.4,17.9,30.1,5.0,288.17,0.39,1.72,91.3,0.43000000000000005,12,0,0.0,ZONE-HW04
12.7,55.1,61.0,127.6,287.66,0.44,1.64,89.1,0.44,12,1,43.2,ZONE-HW04
12.2,47.3,225.0,6.1,267.36,0.7100000000000001,2.9,74.8,0.3,6,1,71.4,ZONE-RK01
34.7,38.7,63.7,133.5,265.64,0.46,1.62,92.8,0.64,14,1,63.0,ZONE-RK02
35.5,56.7,101.8,86.2,264.92,0.59,1.7000000000000002,92.2,0.64,14,1,66.4,ZONE-RK02
26.8,30.7,113.8,45.9,286.62,0.56,1.62,89.2,1.1,13,1,33.1,ZONE-HW02
9.0,25.5,61.1,203.1,275.99,0.4,1.24,63.1,0.17,16,1,61.7,ZONE-HW05
11.9,103.7,113.6,90.1,275.01,0.35,1.54,62.7,0.16,16,1,68.8,ZONE-HW05
25.1,59.2,105.9,58.2,288.67,0.32,1.88,88.0,0.35000000000000003,12,1,58.8,ZONE-HW04
29.6,81.3,87.8,132.1,260.67,0.29,1.23,67.2,0.060000000000000005,19,1,74.6,ZONE-RK03
8.0,16.8,118.7,39.6,285.17,0.6399999999999999,3.12,67.5,2.23,7,0,0.0,ZONE-HW03
24.8,34.0,34.2,47.9,286.49,0.51,1.31,92.3,1.1500000000000001,13,0,0.0,ZONE-HW02
1.6,43.7,59.9,41.0,268.54,0.8300000000000001,2.6799999999999997,76.0,0.25,6,0,0.0,ZONE-RK01
1.4,11.5,87.5,11.5,264.24,0.45,1.6300000000000001,89.1,0.65,14,1,52.6,ZONE-RK02
15.6,90.4,147.3,116.6,287.61,0.43000000000000005,1.63,86.7,0.42000000000000004,12,1,66.8,ZONE-HW04
1.7,10.4,122.9,87.9,268.38,0.77,2.8099999999999996,72.6,0.3,6,1,34.1,ZONE-RK01
15.3,48.0,74.7,3.2,293.66,0.98,2.12,96.3,0.05,17,1,26.7,ZONE-HW01
23.0,57.1,89.1,161.0,286.87,0.56,1.51,89.2,1.1300000000000001,13,1,43.9,ZONE-HW02
6.1,16.6,119.7,111.6,287.16,0.44,1.7,89.6,0.41000000000000003,12,1,58.2,ZONE-HW04
10.9,15.1,27.2,74.7,263.1,0.31000000000000005,1.6,87.0,0.78,15,1,33.2,ZONE-RK04
7.3,61.6,211.3,114.7,284.18,0.73,2.92,71.0,2.16,7,1,31.1,ZONE-HW03
7.1,53.7,75.4,12.8,285.64,0.6499999999999999,2.99,68.1,2.18,7,0,0.0,ZONE-HW03
0.5,15.1,132.0,19.1,264.2,0.46,1.56,93.1,0.5499999999999999,14,1,65.8,ZONE-RK02
3.5,108.5,109.8,107.9,275.82,0.29,1.27,62.2,0.17,16,1,71.9,ZONE-HW05
5.8,6.9,131.8,10.5,284.82,0.6699999999999999,2.9,68.1,2.16,7,0,0.0,ZONE-HW03
12.0,21.6,25.0,3.6,293.51,0.96,2.27,92.5,0.09,17,0,0.0,ZONE-HW01
1.8,4.0,75.5,46.5,288.92,0.36000000000000004,1.8599999999999999,88.0,0.44,12,0,0.0,ZONE-HW04
6.3,22.6,154.8,169.1,293.82,0.85,2.39,97.8,0.05,17,1,72.1,ZONE-HW01
18.9,83.7,103.0,33.6,274.0,0.3,1.2899999999999998,63.6,0.2,16,1,66.5,ZONE-HW05
14.3,43.6,76.5,35.8,260.87,0.3,1.04,68.8,0.12000000000000001,19,1,69.6,ZONE-RK03
64.2,115.8,144.3,91.0,275.51,0.25,1.3299999999999998,63.3,0.15000000000000002,16,1,71.0,ZONE-HW05
4.7,7.9,29.6,36.1,267.84,0.78,2.88,77.2,0.32,6,0,0.0,ZONE-RK01
0.3,50.9,73.2,60.8,268.14,0.73,2.8099999999999996,77.1,0.33999999999999997,6,0,0.0,ZONE-RK01
1.2,7.0,117.2,65.7,274.91,0.25,1.3299999999999998,67.8,0.16,16,1,69.6,ZONE-HW05
45.0,245.5,268.7,24.8,286.08,0.58,1.35,90.9,1.1,13,1,75.1,ZONE-HW02
29.3,226.7,276.4,111.0,268.28,0.78,2.82,75.4,0.26,6,1,68.8,ZONE-RK01
22.8,36.0,78.7,125.3,285.68,0.76,3.11,71.6,2.1500000000000004,7,0,0.0,ZONE-HW03
17.5,18.1,38.6,10.9,294.89,0.92,2.3000000000000003,97.4,0.05,17,0,0.0,ZONE-HW01
4.0,74.8,76.7,17.4,262.6,0.39,1.9000000000000001,90.8,0.77,15,1,59.5,ZONE-RK04
5.6,34.4,72.6,17.2,284.57,0.69,2.81,68.5,2.1700000000000004,7,0,0.0,ZONE-HW03
2.7,10.8,45.7,22.1,268.21,0.8200000000000001,2.65,77.7,0.27,6,0,0.0,ZONE-RK01
44.2,62.9,65.9,91.5,285.94,0.6399999999999999,2.85,67.8,2.18,7,0,0.0,ZONE-HW03
6.0,37.8,54.2,59.2,260.94,0.38,1.03,70.1,0.14,19,1,65.8,ZONE-RK03
22.2,101.1,116.2,28.5,265.22,0.54,1.54,91.8,0.5499999999999999,14,1,72.5,ZONE-RK02
9.4,88.0,203.8,6.6,264.04,0.54,1.6,92.5,0.62,14,1,68.7,ZONE-RK02
2.1,22.6,28.2,29.7,261.82,0.37,1.9100000000000001,90.0,0.81,15,0,0.0,ZONE-RK04
2.4,32.7,182.0,400.7,268.24,0.8400000000000001,2.7199999999999998,77.7,0.33999999999999997,6,1,69.0,ZONE-RK01
7.1,34.5,131.5,8.7,294.09,0.89,2.23,96.4,0.05,17,1,62.4,ZONE-HW01
17.5,33.3,44.8,36.1,294.73,0.91,2.08,93.1,0.05,17,0,0.0,ZONE-HW01
1.2,36.9,51.5,26.1,288.68,0.46,1.5699999999999998,86.1,0.43000000000000005,12,0,0.0,ZONE-HW04
1.9,61.9,95.9,59.4,261.84,0.32,1.81,88.7,0.75,15,1,66.6,ZONE-RK04
12.6,28.5,39.2,95.7,274.86,0.33999999999999997,1.2899999999999998,64.8,0.16,16,1,45.0,ZONE-HW05
2.0,5.3,67.2,16.4,259.11,0.39,1.31,65.2,0.08,19,1,66.8,ZONE-RK03
5.5,24.8,54.6,86.3,285.79,0.6799999999999999,2.85,70.4,2.1700000000000004,7,0,0.0,ZONE-HW03
14.6,45.6,108.2,24.2,275.17,0.19999999999999998,1.39,65.6,0.15000000000000002,16,1,64.0,ZONE-HW05
5.8,23.1,41.5,293.7,261.77,0.49,1.83,85.1,0.8300000000000001,15,1,63.9,ZONE-RK04
25.2,30.6,30.9,3.1,287.18,0.45,1.51,88.7,0.37,12,0,0.0,ZONE-HW04
4.2,7.8,45.9,136.6,264.41,0.56,1.6300000000000001,93.5,0.6,14,1,48.1,ZONE-RK02
20.0,27.3,52.8,49.6,284.99,0.6399999999999999,2.81,71.9,2.18,7,0,0.0,ZONE-HW03
24.9,79.7,199.9,49.8,294.49,0.96,2.4000000000000004,92.7,0.05,17,1,73.9,ZONE-HW01
17.8,21.4,63.1,20.0,264.95,0.4,1.5,90.5,0.5599999999999999,14,1,51.5,ZONE-RK02
8.5,38.7,53.6,3.8,263.02,0.36000000000000004,1.9100000000000001,90.4,0.77,15,1,35.6,ZONE-RK04
0.2,0.9,1.3,8.2,284.03,0.6699999999999999,2.89,70.5,2.23,7,0,0.0,ZONE-HW03
4.1,11.6,228.0,25.6,260.91,0.38,1.27,65.1,0.08,19,1,73.9,ZONE-RK03
2.0,25.7,123.3,79.3,288.6,0.39,1.5699999999999998,89.7,0.37,12,1,58.4,ZONE-HW04
5.3,30.0,92.7,91.2,285.63,0.44,1.35,90.5,1.12,13,1,34.2,ZONE-HW02
16.5,77.9,180.0,60.5,294.44,0.8,2.39,92.8,0.09,17,1,73.8,ZONE-HW01
8.4,39.2,124.4,0.4,286.17,0.47,1.45,88.8,1.06,13,1,38.3,ZONE-HW02
72.4,78.5,110.3,143.9,286.91,0.51,1.67,88.5,1.1300000000000001,13,1,59.1,ZONE-HW02
3.8,23.2,30.3,35.2,285.99,0.74,3.09,71.8,2.24,7,0,0.0,ZONE-HW03
2.9,16.5,39.9,349.1,293.96,0.89,2.35,97.9,0.07,17,1,59.3,ZONE-HW01
78.9,82.6,147.3,3.7,287.76,0.31000000000000005,1.5,89.2,0.38,12,1,66.1,ZONE-HW04
0.5,3.8,172.1,198.0,275.5,0.29,1.46,67.9,0.25,16,1,68.7,ZONE-HW05
3.2,8.5,22.3,50.7,267.98,0.8200000000000001,2.8299999999999996,72.5,0.27999999999999997,6,0,0.0,ZONE-RK01
12.6,20.1,90.8,25.9,267.81,0.8500000000000001,2.9099999999999997,77.6,0.32999999999999996,6,0,0.0,ZONE-RK01
38.3,70.4,99.1,109.2,262.29,0.49,1.85,90.0,0.8300000000000001,15,1,73.3,ZONE-RK04
25.5,35.8,56.6,192.4,294.08,0.9,2.1100000000000003,97.7,0.05,17,1,52.3,ZONE-HW01
2.7,4.0,34.3,113.1,262.65,0.41000000000000003,1.73,87.6,0.76,15,1,40.6,ZONE-RK04
22.2,97.8,135.9,7.4,259.13,0.22999999999999998,1.3,68.0,0.14,19,1,69.0,ZONE-RK03
13.3,58.5,63.4,13.3,267.72,0.77,2.9499999999999997,76.6,0.25,6,0,0.0,ZONE-RK01
0.2,27.2,136.1,77.7,267.04,0.8,2.6999999999999997,73.8,0.32,6,1,50.2,ZONE-RK01
60.3,62.3,179.0,117.8,262.69,0.42000000000000004,1.6,88.1,0.8300000000000001,15,1,72.4,ZONE-RK04
5.7,114.6,131.6,154.1,264.24,0.42,1.7200000000000002,89.1,0.65,14,1,74.6,ZONE-RK02
31.9,74.4,115.8,8.9,285.14,0.75,2.86,68.4,2.22,7,0,0.0,ZONE-HW03
11.4,24.6,103.2,99.4,263.37,0.45,1.83,88.2,0.8300000000000001,15,1,68.4,ZONE-RK04
36.2,36.6,119.4,195.2,267.78,0.81,2.8899999999999997,73.8,0.35,6,1,62.8,ZONE-RK01
23.4,27.6,31.8,1.5,274.85,0.4,1.3599999999999999,62.2,0.15000000000000002,16,0,0.0,ZONE-HW05
14.9,44.7,261.5,35.5,274.55,0.24,1.3699999999999999,67.3,0.22,16,1,69.9,ZONE-HW05
6.0,35.4,122.7,193.3,287.16,0.32,1.8499999999999999,87.9,0.42000000000000004,12,1,68.9,ZONE-HW04
24.4,41.1,91.5,135.8,286.39,0.47,1.3599999999999999,91.4,1.1300000000000001,13,1,41.4,ZONE-HW02
10.1,17.4,26.7,0.0,267.38,0.75,2.94,72.1,0.29,6,0,0.0,ZONE-RK01
19.0,22.5,36.5,24.8,286.53,0.46,1.46,90.7,1.09,13,0,0.0,ZONE-HW02
12.3,27.5,83.6,4.0,293.57,0.98,2.1100000000000003,94.4,0.05,17,1,30.4,ZONE-HW01
2.0,22.7,43.2,24.5,264.12,0.43,1.75,93.3,0.63,14,1,33.7,ZONE-RK02
1.0,68.8,127.7,9.1,275.82,0.33999999999999997,1.2599999999999998,62.8,0.17,16,1,69.0,ZONE-HW05
1.0,111.5,168.7,37.8,294.94,0.8300000000000001,2.3600000000000003,92.8,0.05,17,1,71.1,ZONE-HW01
18.1,60.5,136.2,45.5,264.99,0.54,1.76,91.8,0.63,14,1,69.2,ZONE-RK02
8.4,8.7,139.3,64.7,262.32,0.33,1.97,87.1,0.8,15,1,65.5,ZONE-RK04
3.4,79.0,202.2,316.9,264.32,0.42,1.7100000000000002,94.7,0.61,14,1,70.7,ZONE-RK02
31.1,214.5,228.5,129.3,274.23,0.27999999999999997,1.23,63.1,0.21000000000000002,16,1,70.6,ZONE-HW05
26.0,33.9,39.1,271.8,267.57,0.8700000000000001,2.76,77.3,0.26,6,1,31.2,ZONE-RK01
5.3,66.7,66.9,1.5,261.61,0.39,1.61,85.5,0.81,15,1,54.6,ZONE-RK04
9.4,17.6,76.1,58.4,287.17,0.32,1.8499999999999999,91.4,0.37,12,1,32.2,ZONE-HW04
1.2,6.5,31.1,14.4,284.14,0.62,2.81,72.4,2.24,7,0,0.0,ZONE-HW03
23.6,39.7,44.6,46.4,285.02,0.55,1.47,90.0,1.1500000000000001,13,0,0.0,ZONE-HW02
1.4,5.5,19.2,137.4,293.62,0.9500000000000001,2.39,93.8,0.05,17,0,0.0,ZONE-HW01
38.8,91.3,111.6,22.3,260.96,0.27999999999999997,1.0899999999999999,68.8,0.09000000000000001,19,1,75.4,ZONE-RK03
11.9,50.3,301.1,9.9,265.24,0.47,1.4000000000000001,92.0,0.62,14,1,73.0,ZONE-RK02
0.8,36.4,125.7,131.1,263.43,0.36000000000000004,1.94,86.6,0.78,15,1,74.3,ZONE-RK04
17.0,109.4,145.2,171.6,264.98,0.48,1.4700000000000002,94.6,0.63,14,1,73.9,ZONE-RK02
51.5,107.9,126.4,15.3,260.65,0.32999999999999996,1.0699999999999998,67.7,0.05,19,1,71.0,ZONE-RK03
11.9,30.0,135.1,7.4,285.41,0.6799999999999999,2.94,71.2,2.1900000000000004,7,0,0.0,ZONE-HW03
4.5,46.3,51.3,27.1,260.71,0.26,1.03,70.6,0.14,19,1,70.5,ZONE-RK03
7.3,36.5,45.1,137.9,285.7,0.69,3.14,68.6,2.21,7,0,0.0,ZONE-HW03
8.9,83.6,115.1,22.5,287.93,0.32,1.56,86.4,0.37,12,1,57.8,ZONE-HW04
2.3,2.4,40.4,7.9,285.95,0.62,3.0,70.0,2.2,7,0,0.0,ZONE-HW03
7.5,34.2,50.3,13.5,294.95,0.8300000000000001,2.1300000000000003,93.6,0.05,17,0,0.0,ZONE-HW01
22.4,110.4,115.7,11.8,267.61,0.78,2.9,74.3,0.27,6,1,46.3,ZONE-RK01
48.3,49.5,239.5,0.3,264.67,0.53,1.7400000000000002,92.6,0.63,14,1,69.2,ZONE-RK02
31.0,42.0,181.5,26.7,294.15,0.8300000000000001,2.39,96.0,0.05,17,1,68.5,ZONE-HW01
