location,zone_id,ward,rainfall_1h,rainfall_6h,rainfall_24h,previous_rainfall,elevation,slope,drainage_density,built_up_percentage,distance_to_waterbody,historical_flood_frequency,flooded,water_depth_cm,data_source
IIT Roorkee Campus,ZONE-RK01,Ward 04,40.2,137.7,371.2,189.9,268.29,0.81,2.72,73.4,0.32,6,1,64.3,Roorkee & Haridwar Hydro-Meteorological Station Dataset
IIT Roorkee Campus,ZONE-RK01,Ward 04,40.7,192.1,295.9,201.3,267.8,0.79,2.76,73.7,0.33,6,1,69.8,Roorkee & Haridwar Hydro-Meteorological Station Dataset
IIT Roorkee Campus,ZONE-RK01,Ward 04,50.3,154.9,373.0,196.0,267.46,0.87,2.81,73.3,0.29,6,1,65.2,Roorkee & Haridwar Hydro-Meteorological Station Dataset
IIT Roorkee Campus,ZONE-RK01,Ward 04,53.5,171.1,357.2,183.8,267.86,0.82,2.69,75.6,0.32,6,1,64.5,Roorkee & Haridwar Hydro-Meteorological Station Dataset
IIT Roorkee Campus,ZONE-RK01,Ward 04,42.0,158.9,365.3,186.5,268.0,0.81,2.95,73.8,0.34,6,1,67.5,Roorkee & Haridwar Hydro-Meteorological Station Dataset
IIT Roorkee Campus,ZONE-RK01,Ward 04,49.0,139.6,383.8,193.6,267.59,0.8,2.57,73.3,0.29,6,1,68.2,Roorkee & Haridwar Hydro-Meteorological Station Dataset
IIT Roorkee Campus,ZONE-RK01,Ward 04,44.4,171.4,385.8,186.4,268.07,0.81,2.72,74.5,0.33,6,1,69.1,Roorkee & Haridwar Hydro-Meteorological Station Dataset
IIT Roorkee Campus,ZONE-RK01,Ward 04,39.7,163.2,330.4,191.1,267.88,0.83,2.83,75.4,0.29,6,1,66.6,Roorkee & Haridwar Hydro-Meteorological Station Dataset
IIT Roorkee Campus,ZONE-RK01,Ward 04,46.7,137.8,410.6,199.5,267.85,0.9,2.82,75.5,0.37,6,1,69.7,Roorkee & Haridwar Hydro-Meteorological Station Dataset
IIT Roorkee Campus,ZONE-RK01,Ward 04,39.4,157.8,338.5,198.7,268.22,0.77,2.81,74.6,0.32,6,1,66.0,Roorkee & Haridwar Hydro-Meteorological Station Dataset
IIT Roorkee Campus,ZONE-RK01,Ward 04,43.3,159.6,357.5,179.1,268.14,0.83,2.77,77.7,0.25,6,1,65.1,Roorkee & Haridwar Hydro-Meteorological Station Dataset
IIT Roorkee Campus,ZONE-RK01,Ward 04,46.3,175.7,318.0,182.0,267.85,0.81,2.77,75.4,0.25,6,1,69.0,Roorkee & Haridwar Hydro-Meteorological Station Dataset
IIT Roorkee Campus,ZONE-RK01,Ward 04,47.4,182.3,346.1,193.0,268.19,0.83,2.82,76.6,0.29,6,1,66.5,Roorkee & Haridwar Hydro-Meteorological Station Dataset
IIT Roorkee Campus,ZONE-RK01,Ward 04,41.4,173.6,345.2,173.7,268.12,0.78,2.72,74.7,0.29,6,1,65.7,Roorkee & Haridwar Hydro-Meteorological Station Dataset
IIT Roorkee Campus,ZONE-RK01,Ward 04,42.6,157.1,346.3,193.7,268.0,0.82,2.88,74.4,0.28,6,1,68.8,Roorkee & Haridwar Hydro-Meteorological Station Dataset
IIT Roorkee Campus,ZONE-RK01,Ward 04,43.8,164.4,396.0,196.0,268.48,0.79,2.79,72.8,0.24,6,1,66.7,Roorkee & Haridwar Hydro-Meteorological Station Dataset
IIT Roorkee Campus,ZONE-RK01,Ward 04,41.2,154.0,370.5,188.2,268.16,0.85,2.74,74.5,0.35,6,1,67.4,Roorkee & Haridwar Hydro-Meteorological Station Dataset
IIT Roorkee Campus,ZONE-RK01,Ward 04,38.6,187.8,374.4,183.7,268.45,0.79,2.8,77.3,0.19,6,1,68.1,Roorkee & Haridwar Hydro-Meteorological Station Dataset
IIT Roorkee Campus,ZONE-RK01,Ward 04,36.1,169.0,372.4,200.6,267.66,0.84,2.91,74.4,0.26,6,1,68.1,Roorkee & Haridwar Hydro-Meteorological Station Dataset
IIT Roorkee Campus,ZONE-RK01,Ward 04,39.4,170.5,376.9,184.2,267.63,0.78,2.92,75.4,0.35,6,1,70.0,Roorkee & Haridwar Hydro-Meteorological Station Dataset
IIT Roorkee Campus,ZONE-RK01,Ward 04,40.6,158.1,371.0,173.6,267.79,0.71,2.86,76.3,0.36,6,1,64.9,Roorkee & Haridwar Hydro-Meteorological Station Dataset
IIT Roorkee Campus,ZONE-RK01,Ward 04,33.8,136.0,363.0,188.3,268.15,0.82,2.66,75.6,0.3,6,1,64.6,Roorkee & Haridwar Hydro-Meteorological Station Dataset
IIT Roorkee Campus,ZONE-RK01,Ward 04,35.8,144.1,353.5,190.4,268.0,0.75,2.82,75.3,0.33,6,1,65.8,Roorkee & Haridwar Hydro-Meteorological Station Dataset
IIT Roorkee Campus,ZONE-RK01,Ward 04,41.2,181.8,386.0,194.7,268.07,0.82,2.87,75.8,0.34,6,1,65.8,Roorkee & Haridwar Hydro-Meteorological Station Dataset
IIT Roorkee Campus,ZONE-RK01,Ward 04,42.9,178.5,374.2,182.1,267.78,0.82,2.91,73.5,0.29,6,1,64.7,Roorkee & Haridwar Hydro-Meteorological Station Dataset
IIT Roorkee Campus,ZONE-RK01,Ward 04,46.4,161.4,353.6,202.2,267.95,0.85,2.91,76.8,0.27,6,1,69.2,Roorkee & Haridwar Hydro-Meteorological Station Dataset
IIT Roorkee Campus,ZONE-RK01,Ward 04,45.4,165.1,411.1,189.6,267.96,0.79,2.83,75.1,0.23,6,1,66.0,Roorkee & Haridwar Hydro-Meteorological Station Dataset
IIT Roorkee Campus,ZONE-RK01,Ward 04,46.9,152.2,354.4,188.2,267.75,0.84,2.56,73.8,0.4,6,1,68.3,Roorkee & Haridwar Hydro-Meteorological Station Dataset
IIT Roorkee Campus,ZONE-RK01,Ward 04,47.4,157.3,345.5,175.7,267.99,0.79,2.58,74.1,0.29,6,1,66.1,Roorkee & Haridwar Hydro-Meteorological Station Dataset
IIT Roorkee Campus,ZONE-RK01,Ward 04,37.3,138.6,374.7,185.4,268.02,0.79,2.83,74.9,0.35,6,1,65.5,Roorkee & Haridwar Hydro-Meteorological Station Dataset
IIT Roorkee Campus,ZONE-RK01,Ward 04,44.1,167.0,302.5,190.4,268.21,0.77,2.8,75.1,0.31,6,1,65.0,Roorkee & Haridwar Hydro-Meteorological Station Dataset
IIT Roorkee Campus,ZONE-RK01,Ward 04,46.9,195.6,398.7,190.1,267.78,0.83,2.77,76.3,0.32,6,1,69.6,Roorkee & Haridwar Hydro-Meteorological Station Dataset
IIT Roorkee Campus,ZONE-RK01,Ward 04,40.4,161.8,334.6,184.0,268.2,0.78,2.84,76.2,0.37,6,1,64.3,Roorkee & Haridwar Hydro-Meteorological Station Dataset
IIT Roorkee Campus,ZONE-RK01,Ward 04,48.3,157.9,351.8,200.0,267.92,0.73,2.74,77.0,0.29,6,1,67.2,Roorkee & Haridwar Hydro-Meteorological Station Dataset
IIT Roorkee Campus,ZONE-RK01,Ward 04,49.7,170.2,387.0,184.0,267.91,0.89,2.84,76.3,0.31,6,1,65.4,Roorkee & Haridwar Hydro-Meteorological Station Dataset
IIT Roorkee Campus,ZONE-RK01,Ward 04,58.4,235.7,519.9,237.1,268.28,0.8,2.69,75.4,0.31,6,1,68.6,Roorkee & Haridwar Hydro-Meteorological Station Dataset
IIT Roorkee Campus,ZONE-RK01,Ward 04,62.0,208.3,422.9,233.6,267.7,0.73,2.77,74.3,0.24,6,1,68.7,Roorkee & Haridwar Hydro-Meteorological Station Dataset
IIT Roorkee Campus,ZONE-RK01,Ward 04,50.7,219.1,424.5,240.4,268.13,0.77,3.04,75.7,0.26,6,1,66.7,Roorkee & Haridwar Hydro-Meteorological Station Dataset
IIT Roorkee Campus,ZONE-RK01,Ward 04,58.3,224.8,473.4,243.3,268.31,0.77,2.93,73.5,0.32,6,1,68.3,Roorkee & Haridwar Hydro-Meteorological Station Dataset
IIT Roorkee Campus,ZONE-RK01,Ward 04,60.7,219.3,491.4,239.7,267.94,0.82,2.67,75.8,0.31,6,1,68.9,Roorkee & Haridwar Hydro-Meteorological Station Dataset
IIT Roorkee Campus,ZONE-RK01,Ward 04,51.7,195.0,503.6,239.3,267.97,0.77,2.83,75.9,0.3,6,1,69.6,Roorkee & Haridwar Hydro-Meteorological Station Dataset
IIT Roorkee Campus,ZONE-RK01,Ward 04,59.0,219.6,551.0,253.6,268.0,0.75,2.98,74.6,0.29,6,1,66.5,Roorkee & Haridwar Hydro-Meteorological Station Dataset
IIT Roorkee Campus,ZONE-RK01,Ward 04,43.2,202.7,557.9,243.7,268.11,0.84,2.78,76.2,0.3,6,1,65.3,Roorkee & Haridwar Hydro-Meteorological Station Dataset
IIT Roorkee Campus,ZONE-RK01,Ward 04,58.8,210.1,482.7,232.1,268.25,0.86,2.73,75.3,0.32,6,1,68.9,Roorkee & Haridwar Hydro-Meteorological Station Dataset
IIT Roorkee Campus,ZONE-RK01,Ward 04,65.8,216.9,521.8,242.9,268.03,0.78,2.86,75.1,0.26,6,1,67.4,Roorkee & Haridwar Hydro-Meteorological Station Dataset
IIT Roorkee Campus,ZONE-RK01,Ward 04,56.0,218.3,441.0,234.8,268.25,0.79,2.57,73.5,0.27,6,1,67.0,Roorkee & Haridwar Hydro-Meteorological Station Dataset
IIT Roorkee Campus,ZONE-RK01,Ward 04,51.5,172.8,448.7,249.2,268.03,0.86,2.87,74.5,0.36,6,1,66.7,Roorkee & Haridwar Hydro-Meteorological Station Dataset
IIT Roorkee Campus,ZONE-RK01,Ward 04,59.9,193.6,411.0,231.5,268.06,0.78,2.91,74.7,0.33,6,1,69.6,Roorkee & Haridwar Hydro-Meteorological Station Dataset
IIT Roorkee Campus,ZONE-RK01,Ward 04,62.0,211.8,453.5,229.9,268.03,0.78,2.94,75.6,0.31,6,1,65.2,Roorkee & Haridwar Hydro-Meteorological Station Dataset
IIT Roorkee Campus,ZONE-RK01,Ward 04,53.3,203.1,548.8,253.1,267.79,0.85,2.8,75.1,0.34,6,1,69.2,Roorkee & Haridwar Hydro-Meteorological Station Dataset
IIT Roorkee Campus,ZONE-RK01,Ward 04,53.4,204.0,478.0,238.4,268.28,0.73,2.91,74.6,0.25,6,1,68.9,Roorkee & Haridwar Hydro-Meteorological Station Dataset
IIT Roorkee Campus,ZONE-RK01,Ward 04,51.5,246.6,468.2,251.5,267.88,0.87,2.67,72.6,0.29,6,1,69.4,Roorkee & Haridwar Hydro-Meteorological Station Dataset
IIT Roorkee Campus,ZONE-RK01,Ward 04,64.6,213.6,425.1,237.6,267.73,0.75,2.9,75.3,0.27,6,1,65.2,Roorkee & Haridwar Hydro-Meteorological Station Dataset
IIT Roorkee Campus,ZONE-RK01,Ward 04,57.7,218.3,433.7,242.8,268.48,0.87,2.68,75.1,0.39,6,1,69.5,Roorkee & Haridwar Hydro-Meteorological Station Dataset
IIT Roorkee Campus,ZONE-RK01,Ward 04,54.5,168.6,442.0,237.3,267.71,0.73,2.73,73.4,0.29,6,1,64.6,Roorkee & Haridwar Hydro-Meteorological Station Dataset
IIT Roorkee Campus,ZONE-RK01,Ward 04,46.2,184.8,555.6,242.7,267.85,0.79,2.78,74.4,0.28,6,1,68.6,Roorkee & Haridwar Hydro-Meteorological Station Dataset
IIT Roorkee Campus,ZONE-RK01,Ward 04,42.4,203.4,462.2,246.7,268.3,0.9,2.74,75.8,0.33,6,1,66.7,Roorkee & Haridwar Hydro-Meteorological Station Dataset
IIT Roorkee Campus,ZONE-RK01,Ward 04,45.0,195.8,476.9,221.7,268.19,0.82,2.92,74.8,0.36,6,1,67.2,Roorkee & Haridwar Hydro-Meteorological Station Dataset
IIT Roorkee Campus,ZONE-RK01,Ward 04,60.2,201.9,496.8,244.9,267.87,0.76,2.95,75.5,0.34,6,1,67.1,Roorkee & Haridwar Hydro-Meteorological Station Dataset
IIT Roorkee Campus,ZONE-RK01,Ward 04,63.2,249.9,527.8,238.2,267.84,0.81,2.82,74.8,0.32,6,1,66.7,Roorkee & Haridwar Hydro-Meteorological Station Dataset
IIT Roorkee Campus,ZONE-RK01,Ward 04,56.3,208.7,462.0,245.8,268.02,0.82,3.1,76.2,0.31,6,1,68.1,Roorkee & Haridwar Hydro-Meteorological Station Dataset
IIT Roorkee Campus,ZONE-RK01,Ward 04,55.6,211.5,446.0,241.7,267.82,0.77,2.6,73.8,0.34,6,1,65.9,Roorkee & Haridwar Hydro-Meteorological Station Dataset
IIT Roorkee Campus,ZONE-RK01,Ward 04,58.3,223.1,527.1,223.1,268.29,0.79,2.91,76.9,0.29,6,1,69.2,Roorkee & Haridwar Hydro-Meteorological Station Dataset
IIT Roorkee Campus,ZONE-RK01,Ward 04,58.0,207.8,428.2,246.3,268.2,0.82,2.94,76.5,0.31,6,1,68.1,Roorkee & Haridwar Hydro-Meteorological Station Dataset
IIT Roorkee Campus,ZONE-RK01,Ward 04,64.9,222.5,430.8,253.1,268.06,0.87,2.52,76.6,0.33,6,1,68.2,Roorkee & Haridwar Hydro-Meteorological Station Dataset
IIT Roorkee Campus,ZONE-RK01,Ward 04,55.4,235.8,519.8,232.6,268.18,0.85,2.72,75.1,0.33,6,1,66.3,Roorkee & Haridwar Hydro-Meteorological Station Dataset
IIT Roorkee Campus,ZONE-RK01,Ward 04,53.4,199.9,484.8,246.6,267.77,0.8,2.95,74.4,0.39,6,1,69.2,Roorkee & Haridwar Hydro-Meteorological Station Dataset
IIT Roorkee Campus,ZONE-RK01,Ward 04,60.3,165.4,513.3,248.6,268.08,0.87,2.68,72.8,0.3,6,1,69.3,Roorkee & Haridwar Hydro-Meteorological Station Dataset
IIT Roorkee Campus,ZONE-RK01,Ward 04,54.4,196.9,501.2,239.8,267.98,0.84,2.74,74.7,0.27,6,1,68.4,Roorkee & Haridwar Hydro-Meteorological Station Dataset
IIT Roorkee Campus,ZONE-RK01,Ward 04,54.7,210.5,477.9,230.7,268.25,0.79,3.0,72.2,0.29,6,1,67.7,Roorkee & Haridwar Hydro-Meteorological Station Dataset
IIT Roorkee Campus,ZONE-RK01,Ward 04,34.0,136.3,292.6,104.3,268.17,0.86,2.76,75.2,0.23,6,1,67.7,Roorkee & Haridwar Hydro-Meteorological Station Dataset
IIT Roorkee Campus,ZONE-RK01,Ward 04,34.5,128.4,299.4,108.1,267.97,0.83,2.75,74.8,0.31,6,1,66.6,Roorkee & Haridwar Hydro-Meteorological Station Dataset
IIT Roorkee Campus,ZONE-RK01,Ward 04,38.1,141.4,292.7,113.3,268.12,0.91,2.9,75.0,0.25,6,1,64.3,Roorkee & Haridwar Hydro-Meteorological Station Dataset
IIT Roorkee Campus,ZONE-RK01,Ward 04,32.1,142.6,273.8,114.0,267.97,0.83,2.91,76.6,0.28,6,1,64.3,Roorkee & Haridwar Hydro-Meteorological Station Dataset
IIT Roorkee Campus,ZONE-RK01,Ward 04,44.6,123.9,271.8,117.0,268.18,0.82,2.89,73.8,0.27,6,1,69.0,Roorkee & Haridwar Hydro-Meteorological Station Dataset
IIT Roorkee Campus,ZONE-RK01,Ward 04,37.0,124.1,304.8,122.4,267.98,0.85,2.78,75.9,0.28,6,1,66.1,Roorkee & Haridwar Hydro-Meteorological Station Dataset
IIT Roorkee Campus,ZONE-RK01,Ward 04,40.4,119.5,308.4,95.0,267.78,0.8,2.86,75.0,0.31,6,1,69.7,Roorkee & Haridwar Hydro-Meteorological Station Dataset
IIT Roorkee Campus,ZONE-RK01,Ward 04,37.1,129.5,283.4,106.8,268.18,0.75,2.68,76.6,0.29,6,1,67.7,Roorkee & Haridwar Hydro-Meteorological Station Dataset
IIT Roorkee Campus,ZONE-RK01,Ward 04,32.8,115.2,341.5,109.4,268.04,0.83,2.81,75.0,0.32,6,1,65.0,Roorkee & Haridwar Hydro-Meteorological Station Dataset
IIT Roorkee Campus,ZONE-RK01,Ward 04,34.5,121.9,285.1,98.7,268.09,0.81,2.83,74.5,0.3,6,1,64.7,Roorkee & Haridwar Hydro-Meteorological Station Dataset
IIT Roorkee Campus,ZONE-RK01,Ward 04,32.8,157.8,311.9,120.8,268.1,0.73,2.79,73.7,0.28,6,1,64.6,Roorkee & Haridwar Hydro-Meteorological Station Dataset
IIT Roorkee Campus,ZONE-RK01,Ward 04,40.5,156.5,277.1,115.5,268.14,0.75,2.91,75.7,0.24,6,1,66.2,Roorkee & Haridwar Hydro-Meteorological Station Dataset
IIT Roorkee Campus,ZONE-RK01,Ward 04,43.3,125.1,285.3,107.8,267.95,0.79,2.83,75.5,0.34,6,1,65.2,Roorkee & Haridwar Hydro-Meteorological Station Dataset
IIT Roorkee Campus,ZONE-RK01,Ward 04,34.1,144.1,310.0,98.2,267.77,0.75,2.63,74.9,0.26,6,1,69.6,Roorkee & Haridwar Hydro-Meteorological Station Dataset
IIT Roorkee Campus,ZONE-RK01,Ward 04,40.3,141.5,297.9,121.6,267.93,0.7,2.86,75.0,0.38,6,1,64.5,Roorkee & Haridwar Hydro-Meteorological Station Dataset
IIT Roorkee Campus,ZONE-RK01,Ward 04,40.1,135.3,351.5,108.9,268.38,0.85,2.87,76.2,0.26,6,1,64.3,Roorkee & Haridwar Hydro-Meteorological Station Dataset
IIT Roorkee Campus,ZONE-RK01,Ward 04,41.2,130.3,286.3,110.5,267.89,0.79,2.81,75.2,0.3,6,1,64.3,Roorkee & Haridwar Hydro-Meteorological Station Dataset
IIT Roorkee Campus,ZONE-RK01,Ward 04,27.3,131.5,336.8,110.9,268.0,0.82,2.8,74.2,0.31,6,1,65.0,Roorkee & Haridwar Hydro-Meteorological Station Dataset
IIT Roorkee Campus,ZONE-RK01,Ward 04,40.8,129.3,321.2,108.6,267.85,0.84,2.8,75.4,0.38,6,1,67.6,Roorkee & Haridwar Hydro-Meteorological Station Dataset
IIT Roorkee Campus,ZONE-RK01,Ward 04,36.5,113.5,252.4,103.9,267.77,0.75,3.02,74.2,0.33,6,1,68.2,Roorkee & Haridwar Hydro-Meteorological Station Dataset
IIT Roorkee Campus,ZONE-RK01,Ward 04,40.1,142.6,311.8,110.2,268.04,0.86,2.82,74.0,0.3,6,1,65.1,Roorkee & Haridwar Hydro-Meteorological Station Dataset
IIT Roorkee Campus,ZONE-RK01,Ward 04,31.8,143.6,294.3,121.2,268.2,0.82,2.83,76.3,0.31,6,1,68.2,Roorkee & Haridwar Hydro-Meteorological Station Dataset
IIT Roorkee Campus,ZONE-RK01,Ward 04,32.0,122.4,250.0,114.5,268.21,0.86,2.67,76.9,0.27,6,1,67.6,Roorkee & Haridwar Hydro-Meteorological Station Dataset
IIT Roorkee Campus,ZONE-RK01,Ward 04,29.1,127.2,317.2,97.8,267.86,0.74,2.73,71.9,0.29,6,1,67.4,Roorkee & Haridwar Hydro-Meteorological Station Dataset
IIT Roorkee Campus,ZONE-RK01,Ward 04,35.9,129.0,235.3,99.4,267.81,0.74,2.89,73.7,0.28,6,1,67.3,Roorkee & Haridwar Hydro-Meteorological Station Dataset
IIT Roorkee Campus,ZONE-RK01,Ward 04,39.7,113.5,289.8,99.6,268.39,0.73,2.87,74.1,0.33,6,1,66.5,Roorkee & Haridwar Hydro-Meteorological Station Dataset
IIT Roorkee Campus,ZONE-RK01,Ward 04,38.6,117.7,244.3,102.2,268.07,0.77,2.96,75.0,0.27,6,1,69.5,Roorkee & Haridwar Hydro-Meteorological Station Dataset
IIT Roorkee Campus,ZONE-RK01,Ward 04,36.0,127.3,260.4,115.4,267.73,0.78,2.99,72.6,0.28,6,1,67.4,Roorkee & Haridwar Hydro-Meteorological Station Dataset
IIT Roorkee Campus,ZONE-RK01,Ward 04,36.1,134.5,292.1,104.6,268.35,0.79,2.61,75.0,0.32,6,1,68.0,Roorkee & Haridwar Hydro-Meteorological Station Dataset
IIT Roorkee Campus,ZONE-RK01,Ward 04,33.6,115.6,316.4,104.2,268.02,0.82,2.9,75.7,0.36,6,1,68.8,Roorkee & Haridwar Hydro-Meteorological Station Dataset
IIT Roorkee Campus,ZONE-RK01,Ward 04,34.4,140.2,315.7,112.2,268.02,0.76,2.68,75.9,0.32,6,1,65.4,Roorkee & Haridwar Hydro-Meteorological Station Dataset
IIT Roorkee Campus,ZONE-RK01,Ward 04,32.5,120.3,287.5,125.7,267.85,0.84,2.84,74.0,0.19,6,1,66.7,Roorkee & Haridwar Hydro-Meteorological Station Dataset
IIT Roorkee Campus,ZONE-RK01,Ward 04,33.6,127.3,335.0,105.0,268.02,0.83,2.76,72.1,0.32,6,1,67.6,Roorkee & Haridwar Hydro-Meteorological Station Dataset
IIT Roorkee Campus,ZONE-RK01,Ward 04,26.4,132.8,289.7,104.9,267.86,0.83,2.74,73.5,0.32,6,1,64.4,Roorkee & Haridwar Hydro-Meteorological Station Dataset
IIT Roorkee Campus,ZONE-RK01,Ward 04,22.9,126.1,240.7,115.7,267.97,0.86,2.58,74.4,0.39,6,1,65.6,Roorkee & Haridwar Hydro-Meteorological Station Dataset
IIT Roorkee Campus,ZONE-RK01,Ward 04,25.0,93.9,185.1,93.1,268.05,0.79,2.69,74.0,0.31,6,1,65.8,Roorkee & Haridwar Hydro-Meteorological Station Dataset
IIT Roorkee Campus,ZONE-RK01,Ward 04,27.0,120.7,180.8,87.2,267.92,0.75,2.82,75.7,0.28,6,1,67.2,Roorkee & Haridwar Hydro-Meteorological Station Dataset
IIT Roorkee Campus,ZONE-RK01,Ward 04,25.5,95.0,197.9,83.7,268.04,0.87,2.8,75.0,0.32,6,1,66.4,Roorkee & Haridwar Hydro-Meteorological Station Dataset
IIT Roorkee Campus,ZONE-RK01,Ward 04,25.5,82.4,142.2,66.8,268.14,0.78,2.7,74.8,0.28,6,1,56.9,Roorkee & Haridwar Hydro-Meteorological Station Dataset
IIT Roorkee Campus,ZONE-RK01,Ward 04,22.6,84.7,168.7,75.9,268.06,0.8,2.62,76.3,0.31,6,1,63.8,Roorkee & Haridwar Hydro-Meteorological Station Dataset
IIT Roorkee Campus,ZONE-RK01,Ward 04,20.7,85.6,223.8,91.7,267.98,0.84,2.67,75.2,0.3,6,1,68.6,Roorkee & Haridwar Hydro-Meteorological Station Dataset
IIT Roorkee Campus,ZONE-RK01,Ward 04,23.4,104.7,187.8,69.2,268.02,0.84,2.71,75.3,0.26,6,1,66.1,Roorkee & Haridwar Hydro-Meteorological Station Dataset
IIT Roorkee Campus,ZONE-RK01,Ward 04,23.8,88.1,187.1,81.3,268.18,0.83,2.53,75.9,0.35,6,1,63.4,Roorkee & Haridwar Hydro-Meteorological Station Dataset
IIT Roorkee Campus,ZONE-RK01,Ward 04,23.2,78.3,193.7,80.0,267.93,0.78,2.74,75.0,0.24,6,1,64.1,Roorkee & Haridwar Hydro-Meteorological Station Dataset
IIT Roorkee Campus,ZONE-RK01,Ward 04,24.2,84.9,215.4,84.4,268.02,0.73,2.8,74.6,0.3,6,1,69.2,Roorkee & Haridwar Hydro-Meteorological Station Dataset
IIT Roorkee Campus,ZONE-RK01,Ward 04,23.5,108.2,212.3,81.1,267.95,0.79,2.86,75.7,0.27,6,1,67.8,Roorkee & Haridwar Hydro-Meteorological Station Dataset
IIT Roorkee Campus,ZONE-RK01,Ward 04,28.3,103.5,210.4,79.7,268.08,0.84,2.73,74.7,0.28,6,1,69.5,Roorkee & Haridwar Hydro-Meteorological Station Dataset
IIT Roorkee Campus,ZONE-RK01,Ward 04,25.9,99.5,206.2,79.3,268.24,0.76,2.66,75.9,0.32,6,1,64.9,Roorkee & Haridwar Hydro-Meteorological Station Dataset
IIT Roorkee Campus,ZONE-RK01,Ward 04,26.4,96.9,183.7,62.1,267.58,0.79,2.7,75.6,0.34,6,1,63.4,Roorkee & Haridwar Hydro-Meteorological Station Dataset
IIT Roorkee Campus,ZONE-RK01,Ward 04,26.9,100.3,199.7,92.1,267.89,0.76,2.82,74.5,0.29,6,1,67.0,Roorkee & Haridwar Hydro-Meteorological Station Dataset
IIT Roorkee Campus,ZONE-RK01,Ward 04,22.2,92.6,187.8,79.3,267.58,0.87,2.85,74.9,0.3,6,1,65.8,Roorkee & Haridwar Hydro-Meteorological Station Dataset
IIT Roorkee Campus,ZONE-RK01,Ward 04,25.4,102.7,231.1,83.7,268.34,0.73,2.89,74.9,0.3,6,1,64.2,Roorkee & Haridwar Hydro-Meteorological Station Dataset
IIT Roorkee Campus,ZONE-RK01,Ward 04,24.5,96.3,205.4,85.8,268.0,0.82,2.72,74.2,0.25,6,1,66.2,Roorkee & Haridwar Hydro-Meteorological Station Dataset
IIT Roorkee Campus,ZONE-RK01,Ward 04,22.9,85.8,212.2,64.9,267.98,0.76,2.88,75.3,0.28,6,1,63.7,Roorkee & Haridwar Hydro-Meteorological Station Dataset
IIT Roorkee Campus,ZONE-RK01,Ward 04,31.6,97.9,209.5,61.7,267.88,0.85,2.78,74.1,0.33,6,1,66.6,Roorkee & Haridwar Hydro-Meteorological Station Dataset
IIT Roorkee Campus,ZONE-RK01,Ward 04,22.6,93.7,209.9,82.6,267.77,0.75,2.79,75.0,0.35,6,1,64.8,Roorkee & Haridwar Hydro-Meteorological Station Dataset
IIT Roorkee Campus,ZONE-RK01,Ward 04,23.8,83.1,168.4,76.1,268.03,0.86,2.79,75.6,0.36,6,1,62.6,Roorkee & Haridwar Hydro-Meteorological Station Dataset
IIT Roorkee Campus,ZONE-RK01,Ward 04,18.2,80.9,173.7,86.4,268.39,0.75,2.73,74.5,0.27,6,1,63.9,Roorkee & Haridwar Hydro-Meteorological Station Dataset
IIT Roorkee Campus,ZONE-RK01,Ward 04,24.7,98.6,221.2,65.2,268.06,0.85,2.75,75.2,0.28,6,1,67.0,Roorkee & Haridwar Hydro-Meteorological Station Dataset
IIT Roorkee Campus,ZONE-RK01,Ward 04,22.5,102.3,194.9,84.4,267.58,0.76,2.72,73.5,0.29,6,1,68.1,Roorkee & Haridwar Hydro-Meteorological Station Dataset
IIT Roorkee Campus,ZONE-RK01,Ward 04,21.7,87.2,189.3,77.5,268.12,0.79,2.68,76.5,0.37,6,1,65.9,Roorkee & Haridwar Hydro-Meteorological Station Dataset
IIT Roorkee Campus,ZONE-RK01,Ward 04,21.9,101.5,157.5,91.6,267.85,0.82,2.73,74.3,0.31,6,1,63.6,Roorkee & Haridwar Hydro-Meteorological Station Dataset
IIT Roorkee Campus,ZONE-RK01,Ward 04,22.9,100.5,227.7,94.6,267.92,0.8,2.84,75.1,0.36,6,1,66.4,Roorkee & Haridwar Hydro-Meteorological Station Dataset
IIT Roorkee Campus,ZONE-RK01,Ward 04,27.2,87.1,212.2,82.5,268.12,0.74,2.83,74.0,0.35,6,1,64.2,Roorkee & Haridwar Hydro-Meteorological Station Dataset
IIT Roorkee Campus,ZONE-RK01,Ward 04,27.3,97.1,220.7,76.4,267.73,0.79,2.86,76.3,0.32,6,1,65.0,Roorkee & Haridwar Hydro-Meteorological Station Dataset
IIT Roorkee Campus,ZONE-RK01,Ward 04,26.1,100.7,209.2,75.7,267.9,0.86,2.73,76.0,0.26,6,1,63.6,Roorkee & Haridwar Hydro-Meteorological Station Dataset
IIT Roorkee Campus,ZONE-RK01,Ward 04,22.5,91.1,198.2,64.6,268.07,0.75,2.53,76.3,0.27,6,1,66.5,Roorkee & Haridwar Hydro-Meteorological Station Dataset
IIT Roorkee Campus,ZONE-RK01,Ward 04,19.3,80.4,203.0,71.9,267.68,0.72,2.83,75.5,0.28,6,1,66.8,Roorkee & Haridwar Hydro-Meteorological Station Dataset
IIT Roorkee Campus,ZONE-RK01,Ward 04,24.8,93.1,182.3,76.7,268.31,0.82,2.76,75.5,0.28,6,1,66.5,Roorkee & Haridwar Hydro-Meteorological Station Dataset
IIT Roorkee Campus,ZONE-RK01,Ward 04,24.5,78.2,146.4,83.8,267.89,0.71,2.88,75.5,0.29,6,1,61.2,Roorkee & Haridwar Hydro-Meteorological Station Dataset
IIT Roorkee Campus,ZONE-RK01,Ward 04,22.9,60.9,136.9,68.3,268.03,0.76,2.86,75.1,0.27,6,1,52.1,Roorkee & Haridwar Hydro-Meteorological Station Dataset
IIT Roorkee Campus,ZONE-RK01,Ward 04,19.4,62.6,153.5,61.5,268.15,0.79,2.74,76.0,0.26,6,1,61.2,Roorkee & Haridwar Hydro-Meteorological Station Dataset
IIT Roorkee Campus,ZONE-RK01,Ward 04,19.0,62.5,150.3,56.9,268.28,0.76,2.73,75.3,0.32,6,1,55.9,Roorkee & Haridwar Hydro-Meteorological Station Dataset
IIT Roorkee Campus,ZONE-RK01,Ward 04,18.9,67.9,128.1,35.3,268.0,0.8,2.8,73.3,0.23,6,1,45.5,Roorkee & Haridwar Hydro-Meteorological Station Dataset
IIT Roorkee Campus,ZONE-RK01,Ward 04,13.9,72.4,123.6,58.9,267.95,0.8,2.7,75.1,0.21,6,1,52.8,Roorkee & Haridwar Hydro-Meteorological Station Dataset
IIT Roorkee Campus,ZONE-RK01,Ward 04,17.4,70.1,145.6,51.8,267.69,0.83,2.97,75.2,0.28,6,1,55.1,Roorkee & Haridwar Hydro-Meteorological Station Dataset
IIT Roorkee Campus,ZONE-RK01,Ward 04,18.0,60.9,127.1,36.1,268.13,0.75,2.85,76.1,0.31,6,1,42.3,Roorkee & Haridwar Hydro-Meteorological Station Dataset
IIT Roorkee Campus,ZONE-RK01,Ward 04,17.2,60.4,153.9,50.1,268.17,0.84,2.86,75.1,0.38,6,1,53.0,Roorkee & Haridwar Hydro-Meteorological Station Dataset
IIT Roorkee Campus,ZONE-RK01,Ward 04,21.5,52.7,133.7,57.1,268.09,0.83,2.74,75.0,0.31,6,1,46.1,Roorkee & Haridwar Hydro-Meteorological Station Dataset
IIT Roorkee Campus,ZONE-RK01,Ward 04,18.9,61.0,128.7,32.6,268.0,0.85,2.83,74.1,0.42,6,1,38.5,Roorkee & Haridwar Hydro-Meteorological Station Dataset
IIT Roorkee Campus,ZONE-RK01,Ward 04,16.3,67.4,133.7,45.3,267.94,0.79,2.75,73.9,0.31,6,1,50.4,Roorkee & Haridwar Hydro-Meteorological Station Dataset
IIT Roorkee Campus,ZONE-RK01,Ward 04,17.9,76.0,154.9,60.6,268.2,0.8,2.91,75.6,0.24,6,1,61.9,Roorkee & Haridwar Hydro-Meteorological Station Dataset
IIT Roorkee Campus,ZONE-RK01,Ward 04,18.4,66.8,129.1,57.5,268.13,0.8,2.69,75.0,0.36,6,1,49.4,Roorkee & Haridwar Hydro-Meteorological Station Dataset
IIT Roorkee Campus,ZONE-RK01,Ward 04,18.9,61.8,153.5,49.6,268.04,0.83,2.75,75.7,0.31,6,1,56.9,Roorkee & Haridwar Hydro-Meteorological Station Dataset
IIT Roorkee Campus,ZONE-RK01,Ward 04,19.8,61.6,146.0,33.6,268.06,0.8,2.76,74.4,0.3,6,1,49.5,Roorkee & Haridwar Hydro-Meteorological Station Dataset
IIT Roorkee Campus,ZONE-RK01,Ward 04,17.0,60.2,132.9,52.2,267.99,0.87,2.94,76.5,0.28,6,1,47.0,Roorkee & Haridwar Hydro-Meteorological Station Dataset
IIT Roorkee Campus,ZONE-RK01,Ward 04,17.3,59.2,147.1,66.4,267.6,0.75,2.6,73.7,0.29,6,1,58.1,Roorkee & Haridwar Hydro-Meteorological Station Dataset
IIT Roorkee Campus,ZONE-RK01,Ward 04,19.8,65.8,149.5,50.1,267.91,0.77,2.76,74.9,0.31,6,1,55.6,Roorkee & Haridwar Hydro-Meteorological Station Dataset
IIT Roorkee Campus,ZONE-RK01,Ward 04,18.9,70.1,147.9,47.4,267.94,0.82,2.78,73.7,0.35,6,1,58.2,Roorkee & Haridwar Hydro-Meteorological Station Dataset
IIT Roorkee Campus,ZONE-RK01,Ward 04,17.2,61.7,159.8,59.1,267.94,0.88,2.69,75.2,0.36,6,1,57.1,Roorkee & Haridwar Hydro-Meteorological Station Dataset
IIT Roorkee Campus,ZONE-RK01,Ward 04,20.3,57.4,135.6,45.9,268.44,0.85,2.87,76.9,0.31,6,1,45.6,Roorkee & Haridwar Hydro-Meteorological Station Dataset
IIT Roorkee Campus,ZONE-RK01,Ward 04,18.4,70.3,158.6,59.6,267.85,0.87,2.58,73.8,0.29,6,1,62.9,Roorkee & Haridwar Hydro-Meteorological Station Dataset
IIT Roorkee Campus,ZONE-RK01,Ward 04,17.5,69.0,139.0,52.6,267.99,0.81,2.87,73.4,0.29,6,1,49.5,Roorkee & Haridwar Hydro-Meteorological Station Dataset
IIT Roorkee Campus,ZONE-RK01,Ward 04,18.6,70.4,124.9,34.2,267.83,0.81,2.77,75.9,0.26,6,1,45.0,Roorkee & Haridwar Hydro-Meteorological Station Dataset
IIT Roorkee Campus,ZONE-RK01,Ward 04,16.6,58.2,139.2,52.0,268.2,0.83,2.74,74.8,0.28,6,1,51.8,Roorkee & Haridwar Hydro-Meteorological Station Dataset
IIT Roorkee Campus,ZONE-RK01,Ward 04,20.7,73.1,129.9,47.9,268.29,0.74,2.67,77.2,0.35,6,1,51.4,Roorkee & Haridwar Hydro-Meteorological Station Dataset
IIT Roorkee Campus,ZONE-RK01,Ward 04,16.7,73.4,136.6,44.9,268.37,0.85,2.74,75.0,0.34,6,1,47.9,Roorkee & Haridwar Hydro-Meteorological Station Dataset
IIT Roorkee Campus,ZONE-RK01,Ward 04,18.1,74.6,138.4,55.7,268.0,0.76,2.85,76.0,0.31,6,1,57.4,Roorkee & Haridwar Hydro-Meteorological Station Dataset
IIT Roorkee Campus,ZONE-RK01,Ward 04,18.4,64.9,151.5,52.8,267.95,0.73,2.99,74.6,0.31,6,1,54.2,Roorkee & Haridwar Hydro-Meteorological Station Dataset
IIT Roorkee Campus,ZONE-RK01,Ward 04,18.2,85.4,137.4,44.9,267.93,0.81,2.71,74.6,0.28,6,1,56.9,Roorkee & Haridwar Hydro-Meteorological Station Dataset
IIT Roorkee Campus,ZONE-RK01,Ward 04,19.4,65.2,140.4,47.3,267.77,0.92,2.99,74.3,0.21,6,1,49.0,Roorkee & Haridwar Hydro-Meteorological Station Dataset
IIT Roorkee Campus,ZONE-RK01,Ward 04,20.8,60.3,143.9,45.3,267.7,0.83,2.75,75.3,0.32,6,1,55.3,Roorkee & Haridwar Hydro-Meteorological Station Dataset
IIT Roorkee Campus,ZONE-RK01,Ward 04,15.4,65.1,122.0,53.0,267.99,0.78,2.8,74.7,0.28,6,1,42.3,Roorkee & Haridwar Hydro-Meteorological Station Dataset
IIT Roorkee Campus,ZONE-RK01,Ward 04,18.9,68.3,170.1,55.4,268.23,0.81,2.66,75.2,0.37,6,1,60.2,Roorkee & Haridwar Hydro-Meteorological Station Dataset
IIT Roorkee Campus,ZONE-RK01,Ward 04,17.3,63.3,142.1,48.8,267.98,0.75,2.92,74.2,0.34,6,1,54.5,Roorkee & Haridwar Hydro-Meteorological Station Dataset
IIT Roorkee Campus,ZONE-RK01,Ward 04,12.2,43.1,89.2,23.6,268.35,0.79,2.76,74.9,0.35,6,0,0.0,Roorkee & Haridwar Hydro-Meteorological Station Dataset
IIT Roorkee Campus,ZONE-RK01,Ward 04,12.7,41.6,84.1,37.9,267.99,0.86,2.82,74.8,0.22,6,0,0.0,Roorkee & Haridwar Hydro-Meteorological Station Dataset
IIT Roorkee Campus,ZONE-RK01,Ward 04,11.1,40.4,88.0,20.4,267.85,0.84,2.7,74.0,0.29,6,0,0.0,Roorkee & Haridwar Hydro-Meteorological Station Dataset
IIT Roorkee Campus,ZONE-RK01,Ward 04,14.2,47.9,82.8,39.4,268.18,0.77,2.79,75.3,0.34,6,0,0.0,Roorkee & Haridwar Hydro-Meteorological Station Dataset
IIT Roorkee Campus,ZONE-RK01,Ward 04,11.5,33.2,99.2,43.0,268.02,0.85,2.73,75.6,0.29,6,0,0.0,Roorkee & Haridwar Hydro-Meteorological Station Dataset
IIT Roorkee Campus,ZONE-RK01,Ward 04,10.7,48.1,96.3,29.1,268.01,0.76,2.61,74.4,0.34,6,0,0.0,Roorkee & Haridwar Hydro-Meteorological Station Dataset
IIT Roorkee Campus,ZONE-RK01,Ward 04,13.2,45.6,80.5,23.4,268.01,0.8,2.82,76.1,0.29,6,0,0.0,Roorkee & Haridwar Hydro-Meteorological Station Dataset
IIT Roorkee Campus,ZONE-RK01,Ward 04,14.3,42.7,79.6,23.4,267.84,0.8,2.95,75.6,0.27,6,0,0.0,Roorkee & Haridwar Hydro-Meteorological Station Dataset
IIT Roorkee Campus,ZONE-RK01,Ward 04,12.0,37.8,101.5,31.5,268.15,0.71,2.8,73.9,0.29,6,0,0.0,Roorkee & Haridwar Hydro-Meteorological Station Dataset
IIT Roorkee Campus,ZONE-RK01,Ward 04,11.6,43.7,88.6,25.7,267.9,0.79,2.8,76.4,0.31,6,0,0.0,Roorkee & Haridwar Hydro-Meteorological Station Dataset
IIT Roorkee Campus,ZONE-RK01,Ward 04,13.0,44.1,94.1,36.7,268.13,0.8,2.73,75.0,0.3,6,0,0.0,Roorkee & Haridwar Hydro-Meteorological Station Dataset
IIT Roorkee Campus,ZONE-RK01,Ward 04,10.9,50.9,93.1,21.0,267.72,0.82,2.76,75.0,0.35,6,0,0.0,Roorkee & Haridwar Hydro-Meteorological Station Dataset
IIT Roorkee Campus,ZONE-RK01,Ward 04,11.1,44.7,113.7,36.6,268.05,0.81,2.89,74.4,0.29,6,0,0.0,Roorkee & Haridwar Hydro-Meteorological Station Dataset
IIT Roorkee Campus,ZONE-RK01,Ward 04,11.8,44.8,95.5,26.5,268.13,0.8,2.79,75.5,0.35,6,0,0.0,Roorkee & Haridwar Hydro-Meteorological Station Dataset
IIT Roorkee Campus,ZONE-RK01,Ward 04,10.4,46.6,93.0,23.2,267.93,0.75,2.8,76.7,0.35,6,0,0.0,Roorkee & Haridwar Hydro-Meteorological Station Dataset
IIT Roorkee Campus,ZONE-RK01,Ward 04,11.8,44.7,90.4,26.9,268.12,0.79,2.91,76.4,0.31,6,0,0.0,Roorkee & Haridwar Hydro-Meteorological Station Dataset
IIT Roorkee Campus,ZONE-RK01,Ward 04,13.6,45.9,101.2,22.9,268.03,0.73,2.77,77.6,0.31,6,0,0.0,Roorkee & Haridwar Hydro-Meteorological Station Dataset
IIT Roorkee Campus,ZONE-RK01,Ward 04,13.2,48.6,92.4,10.3,268.25,0.81,2.84,73.4,0.23,6,0,0.0,Roorkee & Haridwar Hydro-Meteorological Station Dataset
IIT Roorkee Campus,ZONE-RK01,Ward 04,11.3,44.3,111.3,28.4,267.93,0.78,2.8,74.1,0.28,6,0,0.0,Roorkee & Haridwar Hydro-Meteorological Station Dataset
IIT Roorkee Campus,ZONE-RK01,Ward 04,10.8,44.2,96.3,38.8,267.83,0.75,2.8,74.2,0.35,6,0,0.0,Roorkee & Haridwar Hydro-Meteorological Station Dataset
IIT Roorkee Campus,ZONE-RK01,Ward 04,10.8,45.5,94.7,20.1,268.05,0.79,2.74,75.5,0.28,6,0,0.0,Roorkee & Haridwar Hydro-Meteorological Station Dataset
IIT Roorkee Campus,ZONE-RK01,Ward 04,13.6,47.0,92.3,27.2,268.04,0.83,2.65,74.4,0.27,6,0,0.0,Roorkee & Haridwar Hydro-Meteorological Station Dataset
IIT Roorkee Campus,ZONE-RK01,Ward 04,11.2,41.8,88.4,14.7,268.16,0.78,2.79,76.3,0.28,6,0,0.0,Roorkee & Haridwar Hydro-Meteorological Station Dataset
IIT Roorkee Campus,ZONE-RK01,Ward 04,11.9,42.1,101.7,28.5,268.17,0.79,2.82,75.2,0.28,6,0,0.0,Roorkee & Haridwar Hydro-Meteorological Station Dataset
IIT Roorkee Campus,ZONE-RK01,Ward 04,12.3,48.7,99.0,36.0,268.34,0.79,2.71,73.9,0.35,6,0,0.0,Roorkee & Haridwar Hydro-Meteorological Station Dataset
IIT Roorkee Campus,ZONE-RK01,Ward 04,10.7,49.4,112.8,40.3,268.11,0.74,2.89,75.6,0.25,6,1,26.8,Roorkee & Haridwar Hydro-Meteorological Station Dataset
IIT Roorkee Campus,ZONE-RK01,Ward 04,14.0,49.4,95.8,33.3,268.05,0.82,2.85,74.1,0.3,6,0,0.0,Roorkee & Haridwar Hydro-Meteorological Station Dataset
IIT Roorkee Campus,ZONE-RK01,Ward 04,11.2,39.4,108.5,24.4,268.24,0.83,2.86,75.6,0.25,6,0,0.0,Roorkee & Haridwar Hydro-Meteorological Station Dataset
IIT Roorkee Campus,ZONE-RK01,Ward 04,14.4,49.2,101.1,26.7,268.19,0.77,2.89,75.2,0.25,6,0,0.0,Roorkee & Haridwar Hydro-Meteorological Station Dataset
IIT Roorkee Campus,ZONE-RK01,Ward 04,13.4,42.6,93.3,23.5,267.66,0.78,2.71,74.1,0.11,6,0,0.0,Roorkee & Haridwar Hydro-Meteorological Station Dataset
IIT Roorkee Campus,ZONE-RK01,Ward 04,12.6,46.0,91.4,23.1,268.15,0.77,2.7,73.2,0.36,6,0,0.0,Roorkee & Haridwar Hydro-Meteorological Station Dataset
IIT Roorkee Campus,ZONE-RK01,Ward 04,11.4,48.7,98.4,18.9,268.03,0.81,2.9,74.8,0.3,6,0,0.0,Roorkee & Haridwar Hydro-Meteorological Station Dataset
IIT Roorkee Campus,ZONE-RK01,Ward 04,11.5,45.5,95.7,27.5,268.22,0.77,3.06,75.1,0.24,6,0,0.0,Roorkee & Haridwar Hydro-Meteorological Station Dataset
IIT Roorkee Campus,ZONE-RK01,Ward 04,11.0,47.2,96.6,29.0,267.92,0.84,2.77,74.4,0.33,6,0,0.0,Roorkee & Haridwar Hydro-Meteorological Station Dataset
IIT Roorkee Campus,ZONE-RK01,Ward 04,10.2,42.6,94.5,22.9,268.42,0.8,2.67,74.8,0.29,6,0,0.0,Roorkee & Haridwar Hydro-Meteorological Station Dataset
IIT Roorkee Campus,ZONE-RK01,Ward 04,6.5,26.6,58.4,17.6,268.1,0.89,2.82,74.7,0.31,6,0,0.0,Roorkee & Haridwar Hydro-Meteorological Station Dataset
IIT Roorkee Campus,ZONE-RK01,Ward 04,7.4,27.0,61.3,22.3,268.27,0.83,2.96,73.0,0.28,6,0,0.0,Roorkee & Haridwar Hydro-Meteorological Station Dataset
IIT Roorkee Campus,ZONE-RK01,Ward 04,7.1,22.7,54.4,17.0,268.34,0.77,2.75,75.2,0.25,6,0,0.0,Roorkee & Haridwar Hydro-Meteorological Station Dataset
IIT Roorkee Campus,ZONE-RK01,Ward 04,7.6,24.2,56.2,3.5,267.97,0.77,2.89,73.7,0.31,6,0,0.0,Roorkee & Haridwar Hydro-Meteorological Station Dataset
IIT Roorkee Campus,ZONE-RK01,Ward 04,7.5,25.6,55.8,22.3,268.03,0.79,2.73,74.1,0.36,6,0,0.0,Roorkee & Haridwar Hydro-Meteorological Station Dataset
IIT Roorkee Campus,ZONE-RK01,Ward 04,6.4,29.8,55.8,33.5,268.11,0.81,2.89,76.5,0.37,6,0,0.0,Roorkee & Haridwar Hydro-Meteorological Station Dataset
IIT Roorkee Campus,ZONE-RK01,Ward 04,6.8,30.7,50.3,32.3,268.11,0.8,2.73,75.8,0.37,6,0,0.0,Roorkee & Haridwar Hydro-Meteorological Station Dataset
IIT Roorkee Campus,ZONE-RK01,Ward 04,7.5,27.8,45.7,27.8,267.98,0.74,2.89,76.4,0.3,6,0,0.0,Roorkee & Haridwar Hydro-Meteorological Station Dataset
IIT Roorkee Campus,ZONE-RK01,Ward 04,7.6,22.4,47.9,12.5,267.74,0.87,2.78,74.1,0.25,6,0,0.0,Roorkee & Haridwar Hydro-Meteorological Station Dataset
IIT Roorkee Campus,ZONE-RK01,Ward 04,6.8,23.5,44.5,12.6,268.23,0.83,2.93,76.1,0.31,6,0,0.0,Roorkee & Haridwar Hydro-Meteorological Station Dataset
IIT Roorkee Campus,ZONE-RK01,Ward 04,6.2,26.5,55.1,20.2,268.44,0.83,3.0,74.4,0.27,6,0,0.0,Roorkee & Haridwar Hydro-Meteorological Station Dataset
IIT Roorkee Campus,ZONE-RK01,Ward 04,7.1,27.0,56.5,21.6,268.39,0.82,2.74,74.9,0.36,6,0,0.0,Roorkee & Haridwar Hydro-Meteorological Station Dataset
IIT Roorkee Campus,ZONE-RK01,Ward 04,7.1,25.1,46.6,27.5,268.04,0.89,2.89,76.9,0.26,6,0,0.0,Roorkee & Haridwar Hydro-Meteorological Station Dataset
IIT Roorkee Campus,ZONE-RK01,Ward 04,6.8,23.8,64.0,23.4,268.02,0.79,2.91,74.0,0.26,6,0,0.0,Roorkee & Haridwar Hydro-Meteorological Station Dataset
IIT Roorkee Campus,ZONE-RK01,Ward 04,6.6,23.0,54.8,5.6,267.89,0.85,3.02,73.8,0.33,6,0,0.0,Roorkee & Haridwar Hydro-Meteorological Station Dataset
IIT Roorkee Campus,ZONE-RK01,Ward 04,7.5,22.9,54.5,23.0,267.94,0.8,2.88,73.7,0.32,6,0,0.0,Roorkee & Haridwar Hydro-Meteorological Station Dataset
IIT Roorkee Campus,ZONE-RK01,Ward 04,6.4,28.9,59.7,26.0,267.89,0.83,2.67,74.4,0.29,6,0,0.0,Roorkee & Haridwar Hydro-Meteorological Station Dataset
IIT Roorkee Campus,ZONE-RK01,Ward 04,7.1,23.9,51.8,30.5,268.19,0.86,3.01,72.9,0.29,6,0,0.0,Roorkee & Haridwar Hydro-Meteorological Station Dataset
IIT Roorkee Campus,ZONE-RK01,Ward 04,8.3,28.7,60.2,10.6,267.93,0.8,2.92,74.2,0.31,6,0,0.0,Roorkee & Haridwar Hydro-Meteorological Station Dataset
IIT Roorkee Campus,ZONE-RK01,Ward 04,5.8,24.9,53.6,8.0,268.48,0.8,3.09,76.4,0.29,6,0,0.0,Roorkee & Haridwar Hydro-Meteorological Station Dataset
IIT Roorkee Campus,ZONE-RK01,Ward 04,7.3,22.5,54.0,22.4,268.07,0.83,2.87,76.7,0.33,6,0,0.0,Roorkee & Haridwar Hydro-Meteorological Station Dataset
IIT Roorkee Campus,ZONE-RK01,Ward 04,7.8,22.9,49.4,21.4,267.98,0.79,2.9,74.5,0.27,6,0,0.0,Roorkee & Haridwar Hydro-Meteorological Station Dataset
IIT Roorkee Campus,ZONE-RK01,Ward 04,6.2,28.5,52.6,10.9,268.11,0.78,2.89,75.5,0.3,6,0,0.0,Roorkee & Haridwar Hydro-Meteorological Station Dataset
IIT Roorkee Campus,ZONE-RK01,Ward 04,6.7,25.3,61.7,20.7,268.19,0.86,2.73,75.9,0.24,6,0,0.0,Roorkee & Haridwar Hydro-Meteorological Station Dataset
IIT Roorkee Campus,ZONE-RK01,Ward 04,7.5,28.7,61.2,11.5,268.09,0.81,2.88,75.5,0.3,6,0,0.0,Roorkee & Haridwar Hydro-Meteorological Station Dataset
IIT Roorkee Campus,ZONE-RK01,Ward 04,7.1,27.4,63.0,17.6,267.92,0.78,2.81,75.5,0.29,6,0,0.0,Roorkee & Haridwar Hydro-Meteorological Station Dataset
IIT Roorkee Campus,ZONE-RK01,Ward 04,7.4,29.3,57.1,20.4,268.32,0.8,2.81,75.0,0.32,6,0,0.0,Roorkee & Haridwar Hydro-Meteorological Station Dataset
IIT Roorkee Campus,ZONE-RK01,Ward 04,6.6,27.5,47.8,10.4,267.99,0.88,2.82,76.1,0.22,6,0,0.0,Roorkee & Haridwar Hydro-Meteorological Station Dataset
IIT Roorkee Campus,ZONE-RK01,Ward 04,7.3,25.3,55.1,14.5,267.78,0.78,2.57,74.2,0.24,6,0,0.0,Roorkee & Haridwar Hydro-Meteorological Station Dataset
IIT Roorkee Campus,ZONE-RK01,Ward 04,7.8,22.0,57.5,25.6,267.85,0.76,2.8,76.0,0.31,6,0,0.0,Roorkee & Haridwar Hydro-Meteorological Station Dataset
IIT Roorkee Campus,ZONE-RK01,Ward 04,6.9,33.0,56.5,17.1,268.17,0.82,2.9,73.4,0.3,6,0,0.0,Roorkee & Haridwar Hydro-Meteorological Station Dataset
IIT Roorkee Campus,ZONE-RK01,Ward 04,7.6,23.1,59.6,22.5,268.11,0.76,2.67,73.9,0.27,6,0,0.0,Roorkee & Haridwar Hydro-Meteorological Station Dataset
IIT Roorkee Campus,ZONE-RK01,Ward 04,7.3,23.9,51.8,0.0,267.71,0.8,2.6,74.9,0.3,6,0,0.0,Roorkee & Haridwar Hydro-Meteorological Station Dataset
IIT Roorkee Campus,ZONE-RK01,Ward 04,8.4,23.4,63.9,28.4,267.99,0.78,2.74,74.0,0.27,6,0,0.0,Roorkee & Haridwar Hydro-Meteorological Station Dataset
IIT Roorkee Campus,ZONE-RK01,Ward 04,7.0,28.2,46.0,17.8,268.13,0.77,2.76,73.8,0.29,6,0,0.0,Roorkee & Haridwar Hydro-Meteorological Station Dataset
IIT Roorkee Campus,ZONE-RK01,Ward 04,2.2,8.2,18.0,1.7,267.81,0.78,2.7,75.7,0.27,6,0,0.0,Roorkee & Haridwar Hydro-Meteorological Station Dataset
IIT Roorkee Campus,ZONE-RK01,Ward 04,2.7,8.6,16.6,0.0,267.89,0.84,2.9,72.6,0.3,6,0,0.0,Roorkee & Haridwar Hydro-Meteorological Station Dataset
IIT Roorkee Campus,ZONE-RK01,Ward 04,2.7,8.6,19.4,19.4,268.16,0.71,2.72,71.9,0.28,6,0,0.0,Roorkee & Haridwar Hydro-Meteorological Station Dataset
IIT Roorkee Campus,ZONE-RK01,Ward 04,3.0,7.3,17.4,4.2,268.55,0.79,2.88,75.4,0.28,6,0,0.0,Roorkee & Haridwar Hydro-Meteorological Station Dataset
IIT Roorkee Campus,ZONE-RK01,Ward 04,2.3,7.6,17.4,0.0,267.9,0.75,2.75,73.7,0.3,6,0,0.0,Roorkee & Haridwar Hydro-Meteorological Station Dataset
IIT Roorkee Campus,ZONE-RK01,Ward 04,2.3,9.5,16.6,0.0,268.12,0.87,2.83,75.2,0.32,6,0,0.0,Roorkee & Haridwar Hydro-Meteorological Station Dataset
IIT Roorkee Campus,ZONE-RK01,Ward 04,2.5,7.6,19.6,0.0,267.93,0.75,2.59,75.7,0.29,6,0,0.0,Roorkee & Haridwar Hydro-Meteorological Station Dataset
IIT Roorkee Campus,ZONE-RK01,Ward 04,2.4,8.5,17.1,0.0,268.06,0.8,2.58,76.6,0.4,6,0,0.0,Roorkee & Haridwar Hydro-Meteorological Station Dataset
IIT Roorkee Campus,ZONE-RK01,Ward 04,2.5,7.5,16.9,2.8,268.14,0.82,2.69,73.9,0.41,6,0,0.0,Roorkee & Haridwar Hydro-Meteorological Station Dataset
IIT Roorkee Campus,ZONE-RK01,Ward 04,2.3,9.0,16.0,9.5,268.29,0.84,3.01,74.6,0.36,6,0,0.0,Roorkee & Haridwar Hydro-Meteorological Station Dataset
IIT Roorkee Campus,ZONE-RK01,Ward 04,2.9,7.0,20.6,3.6,267.9,0.8,2.89,75.7,0.35,6,0,0.0,Roorkee & Haridwar Hydro-Meteorological Station Dataset
IIT Roorkee Campus,ZONE-RK01,Ward 04,2.2,6.8,19.9,11.5,268.08,0.76,2.98,74.6,0.26,6,0,0.0,Roorkee & Haridwar Hydro-Meteorological Station Dataset
IIT Roorkee Campus,ZONE-RK01,Ward 04,2.6,8.3,13.5,9.5,267.91,0.83,2.9,75.4,0.34,6,0,0.0,Roorkee & Haridwar Hydro-Meteorological Station Dataset
IIT Roorkee Campus,ZONE-RK01,Ward 04,2.8,7.7,18.4,0.0,267.93,0.77,2.75,76.0,0.37,6,0,0.0,Roorkee & Haridwar Hydro-Meteorological Station Dataset
IIT Roorkee Campus,ZONE-RK01,Ward 04,2.3,8.0,17.8,0.0,267.85,0.83,2.88,74.1,0.21,6,0,0.0,Roorkee & Haridwar Hydro-Meteorological Station Dataset
IIT Roorkee Campus,ZONE-RK01,Ward 04,2.4,6.7,19.3,12.0,267.7,0.83,2.88,75.6,0.25,6,0,0.0,Roorkee & Haridwar Hydro-Meteorological Station Dataset
IIT Roorkee Campus,ZONE-RK01,Ward 04,2.3,8.5,18.1,0.0,268.07,0.84,2.84,75.5,0.29,6,0,0.0,Roorkee & Haridwar Hydro-Meteorological Station Dataset
IIT Roorkee Campus,ZONE-RK01,Ward 04,2.7,7.8,17.1,17.5,268.42,0.79,2.78,74.4,0.29,6,0,0.0,Roorkee & Haridwar Hydro-Meteorological Station Dataset
IIT Roorkee Campus,ZONE-RK01,Ward 04,2.9,8.3,15.8,0.0,268.39,0.77,2.62,75.8,0.29,6,0,0.0,Roorkee & Haridwar Hydro-Meteorological Station Dataset
IIT Roorkee Campus,ZONE-RK01,Ward 04,2.7,8.3,16.1,0.0,268.04,0.74,2.81,75.9,0.33,6,0,0.0,Roorkee & Haridwar Hydro-Meteorological Station Dataset
IIT Roorkee Campus,ZONE-RK01,Ward 04,2.5,6.4,17.2,6.7,268.21,0.73,2.83,75.9,0.35,6,0,0.0,Roorkee & Haridwar Hydro-Meteorological Station Dataset
IIT Roorkee Campus,ZONE-RK01,Ward 04,2.5,7.8,19.0,11.2,267.72,0.72,2.88,74.7,0.32,6,0,0.0,Roorkee & Haridwar Hydro-Meteorological Station Dataset
IIT Roorkee Campus,ZONE-RK01,Ward 04,2.6,7.9,20.9,5.3,267.94,0.8,2.58,75.3,0.28,6,0,0.0,Roorkee & Haridwar Hydro-Meteorological Station Dataset
IIT Roorkee Campus,ZONE-RK01,Ward 04,2.6,8.1,15.7,12.3,268.41,0.9,2.78,74.3,0.36,6,0,0.0,Roorkee & Haridwar Hydro-Meteorological Station Dataset
IIT Roorkee Campus,ZONE-RK01,Ward 04,2.4,8.4,15.9,15.6,268.32,0.82,2.75,75.5,0.25,6,0,0.0,Roorkee & Haridwar Hydro-Meteorological Station Dataset
IIT Roorkee Campus,ZONE-RK01,Ward 04,2.0,8.6,20.1,3.3,267.76,0.8,2.77,77.0,0.28,6,0,0.0,Roorkee & Haridwar Hydro-Meteorological Station Dataset
IIT Roorkee Campus,ZONE-RK01,Ward 04,2.3,8.6,17.8,0.0,267.84,0.82,2.89,75.8,0.31,6,0,0.0,Roorkee & Haridwar Hydro-Meteorological Station Dataset
IIT Roorkee Campus,ZONE-RK01,Ward 04,2.6,6.7,21.3,0.0,268.13,0.87,2.72,74.1,0.24,6,0,0.0,Roorkee & Haridwar Hydro-Meteorological Station Dataset
IIT Roorkee Campus,ZONE-RK01,Ward 04,2.5,8.1,21.1,15.8,267.81,0.82,2.92,77.3,0.31,6,0,0.0,Roorkee & Haridwar Hydro-Meteorological Station Dataset
IIT Roorkee Campus,ZONE-RK01,Ward 04,2.6,7.6,15.8,11.4,268.04,0.83,2.81,73.7,0.29,6,0,0.0,Roorkee & Haridwar Hydro-Meteorological Station Dataset
IIT Roorkee Campus,ZONE-RK01,Ward 04,2.9,6.2,18.5,0.0,268.18,0.78,2.86,74.7,0.3,6,0,0.0,Roorkee & Haridwar Hydro-Meteorological Station Dataset
IIT Roorkee Campus,ZONE-RK01,Ward 04,2.2,7.4,17.6,15.1,267.9,0.73,2.88,76.3,0.29,6,0,0.0,Roorkee & Haridwar Hydro-Meteorological Station Dataset
IIT Roorkee Campus,ZONE-RK01,Ward 04,2.5,8.4,15.1,0.6,267.98,0.86,2.86,76.6,0.31,6,0,0.0,Roorkee & Haridwar Hydro-Meteorological Station Dataset
IIT Roorkee Campus,ZONE-RK01,Ward 04,2.9,8.3,16.6,6.4,268.04,0.82,3.08,76.6,0.37,6,0,0.0,Roorkee & Haridwar Hydro-Meteorological Station Dataset
IIT Roorkee Campus,ZONE-RK01,Ward 04,2.4,6.0,20.5,9.7,267.53,0.84,2.8,74.4,0.34,6,0,0.0,Roorkee & Haridwar Hydro-Meteorological Station Dataset
IIT Roorkee Campus,ZONE-RK01,Ward 04,0.0,0.0,0.0,1.1,267.99,0.79,2.75,75.5,0.33,6,0,0.0,Roorkee & Haridwar Hydro-Meteorological Station Dataset
IIT Roorkee Campus,ZONE-RK01,Ward 04,0.0,0.0,0.0,0.5,267.88,0.84,2.72,74.5,0.3,6,0,0.0,Roorkee & Haridwar Hydro-Meteorological Station Dataset
IIT Roorkee Campus,ZONE-RK01,Ward 04,0.0,0.0,0.0,5.3,268.02,0.84,2.71,73.4,0.19,6,0,0.0,Roorkee & Haridwar Hydro-Meteorological Station Dataset
IIT Roorkee Campus,ZONE-RK01,Ward 04,0.0,0.0,0.0,6.6,267.97,0.78,2.87,74.4,0.31,6,0,0.0,Roorkee & Haridwar Hydro-Meteorological Station Dataset
IIT Roorkee Campus,ZONE-RK01,Ward 04,0.0,0.0,0.0,0.0,267.86,0.8,2.77,74.3,0.26,6,0,0.0,Roorkee & Haridwar Hydro-Meteorological Station Dataset
IIT Roorkee Campus,ZONE-RK01,Ward 04,0.0,0.0,0.0,7.4,267.93,0.79,2.85,73.8,0.31,6,0,0.0,Roorkee & Haridwar Hydro-Meteorological Station Dataset
IIT Roorkee Campus,ZONE-RK01,Ward 04,0.0,0.0,0.0,15.1,268.2,0.75,2.65,75.6,0.28,6,0,0.0,Roorkee & Haridwar Hydro-Meteorological Station Dataset
IIT Roorkee Campus,ZONE-RK01,Ward 04,0.0,0.0,0.0,13.8,268.04,0.83,2.61,75.4,0.31,6,0,0.0,Roorkee & Haridwar Hydro-Meteorological Station Dataset
IIT Roorkee Campus,ZONE-RK01,Ward 04,0.0,0.0,0.0,0.0,267.85,0.87,2.76,75.5,0.3,6,0,0.0,Roorkee & Haridwar Hydro-Meteorological Station Dataset
IIT Roorkee Campus,ZONE-RK01,Ward 04,0.0,0.0,0.0,5.7,268.17,0.78,2.8,75.0,0.35,6,0,0.0,Roorkee & Haridwar Hydro-Meteorological Station Dataset
IIT Roorkee Campus,ZONE-RK01,Ward 04,0.0,0.0,0.0,0.0,268.21,0.77,2.84,74.8,0.28,6,0,0.0,Roorkee & Haridwar Hydro-Meteorological Station Dataset
IIT Roorkee Campus,ZONE-RK01,Ward 04,0.0,0.0,0.0,0.0,267.97,0.78,2.87,75.8,0.23,6,0,0.0,Roorkee & Haridwar Hydro-Meteorological Station Dataset
IIT Roorkee Campus,ZONE-RK01,Ward 04,0.0,0.0,0.0,0.0,268.09,0.82,2.85,74.4,0.29,6,0,0.0,Roorkee & Haridwar Hydro-Meteorological Station Dataset
IIT Roorkee Campus,ZONE-RK01,Ward 04,0.0,0.0,0.0,15.8,267.6,0.74,2.81,74.7,0.32,6,0,0.0,Roorkee & Haridwar Hydro-Meteorological Station Dataset
IIT Roorkee Campus,ZONE-RK01,Ward 04,0.0,0.0,0.0,0.0,267.87,0.75,2.78,75.3,0.32,6,0,0.0,Roorkee & Haridwar Hydro-Meteorological Station Dataset
IIT Roorkee Campus,ZONE-RK01,Ward 04,0.0,0.0,0.0,0.0,267.9,0.84,2.87,74.4,0.33,6,0,0.0,Roorkee & Haridwar Hydro-Meteorological Station Dataset
IIT Roorkee Campus,ZONE-RK01,Ward 04,0.0,0.0,0.0,10.5,267.87,0.75,2.8,74.2,0.33,6,0,0.0,Roorkee & Haridwar Hydro-Meteorological Station Dataset
IIT Roorkee Campus,ZONE-RK01,Ward 04,0.0,0.0,0.0,2.2,267.89,0.85,2.81,77.4,0.29,6,0,0.0,Roorkee & Haridwar Hydro-Meteorological Station Dataset
IIT Roorkee Campus,ZONE-RK01,Ward 04,0.0,0.0,0.0,0.0,267.92,0.82,2.85,76.3,0.33,6,0,0.0,Roorkee & Haridwar Hydro-Meteorological Station Dataset
IIT Roorkee Campus,ZONE-RK01,Ward 04,0.0,0.0,0.0,1.3,268.15,0.78,2.64,74.7,0.25,6,0,0.0,Roorkee & Haridwar Hydro-Meteorological Station Dataset
IIT Roorkee Campus,ZONE-RK01,Ward 04,0.0,0.0,0.0,2.1,268.08,0.79,2.93,74.1,0.26,6,0,0.0,Roorkee & Haridwar Hydro-Meteorological Station Dataset
IIT Roorkee Campus,ZONE-RK01,Ward 04,0.0,0.0,0.0,1.9,267.99,0.85,2.76,75.8,0.25,6,0,0.0,Roorkee & Haridwar Hydro-Meteorological Station Dataset
IIT Roorkee Campus,ZONE-RK01,Ward 04,0.0,0.0,0.0,0.6,267.9,0.75,2.94,75.7,0.25,6,0,0.0,Roorkee & Haridwar Hydro-Meteorological Station Dataset
IIT Roorkee Campus,ZONE-RK01,Ward 04,0.0,0.0,0.0,3.9,268.0,0.84,2.76,74.0,0.24,6,0,0.0,Roorkee & Haridwar Hydro-Meteorological Station Dataset
IIT Roorkee Campus,ZONE-RK01,Ward 04,0.0,0.0,0.0,2.1,268.15,0.76,2.9,74.5,0.28,6,0,0.0,Roorkee & Haridwar Hydro-Meteorological Station Dataset
IIT Roorkee Campus,ZONE-RK01,Ward 04,0.0,0.0,0.0,0.0,267.65,0.78,2.6,75.0,0.36,6,0,0.0,Roorkee & Haridwar Hydro-Meteorological Station Dataset
IIT Roorkee Campus,ZONE-RK01,Ward 04,0.0,0.0,0.0,4.2,268.08,0.79,2.87,77.1,0.35,6,0,0.0,Roorkee & Haridwar Hydro-Meteorological Station Dataset
IIT Roorkee Campus,ZONE-RK01,Ward 04,0.0,0.0,0.0,0.0,267.85,0.8,2.86,73.6,0.3,6,0,0.0,Roorkee & Haridwar Hydro-Meteorological Station Dataset
IIT Roorkee Campus,ZONE-RK01,Ward 04,0.0,0.0,0.0,13.1,268.06,0.8,2.81,74.4,0.34,6,0,0.0,Roorkee & Haridwar Hydro-Meteorological Station Dataset
IIT Roorkee Campus,ZONE-RK01,Ward 04,0.0,0.0,0.0,5.2,267.9,0.78,2.77,75.4,0.25,6,0,0.0,Roorkee & Haridwar Hydro-Meteorological Station Dataset
IIT Roorkee Campus,ZONE-RK01,Ward 04,0.0,0.0,0.0,0.0,268.08,0.82,2.72,76.0,0.25,6,0,0.0,Roorkee & Haridwar Hydro-Meteorological Station Dataset
IIT Roorkee Campus,ZONE-RK01,Ward 04,0.0,0.0,0.0,2.9,268.29,0.89,2.9,75.4,0.34,6,0,0.0,Roorkee & Haridwar Hydro-Meteorological Station Dataset
IIT Roorkee Campus,ZONE-RK01,Ward 04,0.0,0.0,0.0,3.0,267.94,0.82,3.0,75.8,0.29,6,0,0.0,Roorkee & Haridwar Hydro-Meteorological Station Dataset
IIT Roorkee Campus,ZONE-RK01,Ward 04,0.0,0.0,0.0,0.0,267.86,0.83,2.8,74.2,0.27,6,0,0.0,Roorkee & Haridwar Hydro-Meteorological Station Dataset
IIT Roorkee Campus,ZONE-RK01,Ward 04,0.0,0.0,0.0,0.0,268.08,0.82,2.91,74.3,0.34,6,0,0.0,Roorkee & Haridwar Hydro-Meteorological Station Dataset
Civil Lines Roorkee,ZONE-RK02,Ward 12,42.6,160.7,387.8,187.8,264.99,0.45,1.54,92.4,0.58,14,1,67.9,Roorkee & Haridwar Hydro-Meteorological Station Dataset
Civil Lines Roorkee,ZONE-RK02,Ward 12,41.2,173.4,334.2,186.2,265.08,0.47,1.63,90.3,0.66,14,1,68.0,Roorkee & Haridwar Hydro-Meteorological Station Dataset
Civil Lines Roorkee,ZONE-RK02,Ward 12,44.6,153.5,382.8,184.8,264.59,0.45,1.59,91.6,0.6,14,1,64.3,Roorkee & Haridwar Hydro-Meteorological Station Dataset
Civil Lines Roorkee,ZONE-RK02,Ward 12,41.2,169.6,392.1,184.8,264.93,0.54,1.61,91.0,0.61,14,1,69.4,Roorkee & Haridwar Hydro-Meteorological Station Dataset
Civil Lines Roorkee,ZONE-RK02,Ward 12,38.8,144.4,398.7,189.1,264.61,0.46,1.59,92.4,0.6,14,1,65.4,Roorkee & Haridwar Hydro-Meteorological Station Dataset
Civil Lines Roorkee,ZONE-RK02,Ward 12,40.8,133.4,361.2,194.4,264.84,0.46,1.42,90.6,0.62,14,1,68.5,Roorkee & Haridwar Hydro-Meteorological Station Dataset
Civil Lines Roorkee,ZONE-RK02,Ward 12,30.1,178.4,311.8,191.8,264.62,0.49,1.64,91.7,0.6,14,1,64.5,Roorkee & Haridwar Hydro-Meteorological Station Dataset
Civil Lines Roorkee,ZONE-RK02,Ward 12,41.1,165.5,432.2,188.2,265.11,0.48,1.61,92.4,0.6,14,1,65.3,Roorkee & Haridwar Hydro-Meteorological Station Dataset
Civil Lines Roorkee,ZONE-RK02,Ward 12,36.7,182.1,317.5,183.3,265.02,0.47,1.48,93.3,0.59,14,1,68.7,Roorkee & Haridwar Hydro-Meteorological Station Dataset
Civil Lines Roorkee,ZONE-RK02,Ward 12,42.3,166.5,377.3,193.5,265.12,0.46,1.65,92.9,0.56,14,1,64.5,Roorkee & Haridwar Hydro-Meteorological Station Dataset
Civil Lines Roorkee,ZONE-RK02,Ward 12,51.0,165.6,365.3,194.1,264.8,0.56,1.78,92.6,0.64,14,1,68.6,Roorkee & Haridwar Hydro-Meteorological Station Dataset
Civil Lines Roorkee,ZONE-RK02,Ward 12,39.2,156.9,336.7,178.9,265.42,0.54,1.71,92.6,0.64,14,1,69.2,Roorkee & Haridwar Hydro-Meteorological Station Dataset
Civil Lines Roorkee,ZONE-RK02,Ward 12,45.5,159.9,350.0,196.1,265.04,0.56,1.6,92.2,0.69,14,1,65.3,Roorkee & Haridwar Hydro-Meteorological Station Dataset
Civil Lines Roorkee,ZONE-RK02,Ward 12,45.3,150.6,366.3,197.6,264.79,0.45,1.69,91.2,0.61,14,1,66.1,Roorkee & Haridwar Hydro-Meteorological Station Dataset
Civil Lines Roorkee,ZONE-RK02,Ward 12,43.9,190.1,346.2,177.1,265.22,0.54,1.55,93.4,0.58,14,1,67.2,Roorkee & Haridwar Hydro-Meteorological Station Dataset
Civil Lines Roorkee,ZONE-RK02,Ward 12,51.9,171.5,366.7,189.5,265.0,0.46,1.91,91.1,0.6,14,1,69.9,Roorkee & Haridwar Hydro-Meteorological Station Dataset
Civil Lines Roorkee,ZONE-RK02,Ward 12,45.5,148.1,319.2,191.6,265.03,0.54,1.58,92.0,0.56,14,1,66.6,Roorkee & Haridwar Hydro-Meteorological Station Dataset
Civil Lines Roorkee,ZONE-RK02,Ward 12,37.5,146.0,374.7,191.8,265.2,0.5,1.69,91.4,0.66,14,1,69.9,Roorkee & Haridwar Hydro-Meteorological Station Dataset
Civil Lines Roorkee,ZONE-RK02,Ward 12,44.1,161.4,311.4,188.9,265.2,0.58,1.54,93.3,0.67,14,1,65.6,Roorkee & Haridwar Hydro-Meteorological Station Dataset
Civil Lines Roorkee,ZONE-RK02,Ward 12,42.2,156.2,336.3,194.6,264.91,0.55,1.57,91.7,0.6,14,1,65.0,Roorkee & Haridwar Hydro-Meteorological Station Dataset
Civil Lines Roorkee,ZONE-RK02,Ward 12,44.2,172.2,401.3,181.0,264.72,0.56,1.57,91.8,0.67,14,1,64.2,Roorkee & Haridwar Hydro-Meteorological Station Dataset
Civil Lines Roorkee,ZONE-RK02,Ward 12,39.5,150.4,376.0,204.8,265.22,0.53,1.64,91.9,0.64,14,1,64.7,Roorkee & Haridwar Hydro-Meteorological Station Dataset
Civil Lines Roorkee,ZONE-RK02,Ward 12,40.5,166.9,398.1,194.6,264.84,0.56,1.58,92.1,0.58,14,1,66.2,Roorkee & Haridwar Hydro-Meteorological Station Dataset
Civil Lines Roorkee,ZONE-RK02,Ward 12,41.8,149.2,347.6,179.1,265.41,0.49,1.79,89.7,0.58,14,1,66.5,Roorkee & Haridwar Hydro-Meteorological Station Dataset
Civil Lines Roorkee,ZONE-RK02,Ward 12,48.9,170.0,377.1,172.8,265.15,0.57,1.58,90.9,0.54,14,1,64.3,Roorkee & Haridwar Hydro-Meteorological Station Dataset
Civil Lines Roorkee,ZONE-RK02,Ward 12,50.0,162.3,401.1,187.9,265.3,0.47,1.6,91.1,0.56,14,1,64.8,Roorkee & Haridwar Hydro-Meteorological Station Dataset
Civil Lines Roorkee,ZONE-RK02,Ward 12,42.9,149.3,354.5,191.8,264.87,0.56,1.55,91.6,0.65,14,1,65.9,Roorkee & Haridwar Hydro-Meteorological Station Dataset
Civil Lines Roorkee,ZONE-RK02,Ward 12,44.9,160.3,330.4,192.2,264.95,0.5,1.74,92.2,0.66,14,1,64.9,Roorkee & Haridwar Hydro-Meteorological Station Dataset
Civil Lines Roorkee,ZONE-RK02,Ward 12,43.4,129.1,364.4,180.1,265.22,0.51,1.42,91.2,0.6,14,1,67.3,Roorkee & Haridwar Hydro-Meteorological Station Dataset
Civil Lines Roorkee,ZONE-RK02,Ward 12,40.6,147.7,317.9,187.8,265.01,0.5,1.58,91.7,0.56,14,1,67.8,Roorkee & Haridwar Hydro-Meteorological Station Dataset
Civil Lines Roorkee,ZONE-RK02,Ward 12,44.2,157.2,333.2,200.6,264.96,0.49,1.66,92.2,0.6,14,1,68.0,Roorkee & Haridwar Hydro-Meteorological Station Dataset
Civil Lines Roorkee,ZONE-RK02,Ward 12,41.6,180.4,300.2,176.8,264.98,0.59,1.67,93.2,0.6,14,1,64.7,Roorkee & Haridwar Hydro-Meteorological Station Dataset
Civil Lines Roorkee,ZONE-RK02,Ward 12,47.4,175.1,384.8,196.9,265.38,0.54,1.59,90.7,0.62,14,1,64.6,Roorkee & Haridwar Hydro-Meteorological Station Dataset
Civil Lines Roorkee,ZONE-RK02,Ward 12,39.5,140.8,341.2,188.1,265.02,0.47,1.44,89.9,0.59,14,1,64.8,Roorkee & Haridwar Hydro-Meteorological Station Dataset
Civil Lines Roorkee,ZONE-RK02,Ward 12,45.6,172.5,319.3,177.8,264.75,0.57,1.53,92.6,0.56,14,1,68.8,Roorkee & Haridwar Hydro-Meteorological Station Dataset
Civil Lines Roorkee,ZONE-RK02,Ward 12,63.0,209.2,490.8,245.9,265.23,0.44,1.67,91.3,0.55,14,1,66.9,Roorkee & Haridwar Hydro-Meteorological Station Dataset
Civil Lines Roorkee,ZONE-RK02,Ward 12,48.6,201.2,516.6,232.2,265.08,0.53,1.59,91.0,0.57,14,1,67.5,Roorkee & Haridwar Hydro-Meteorological Station Dataset
Civil Lines Roorkee,ZONE-RK02,Ward 12,47.2,208.4,450.0,242.7,265.23,0.39,1.73,92.3,0.6,14,1,67.2,Roorkee & Haridwar Hydro-Meteorological Station Dataset
Civil Lines Roorkee,ZONE-RK02,Ward 12,46.1,208.4,476.4,234.1,264.93,0.5,1.63,92.3,0.6,14,1,67.1,Roorkee & Haridwar Hydro-Meteorological Station Dataset
Civil Lines Roorkee,ZONE-RK02,Ward 12,51.6,203.2,507.1,240.3,265.07,0.52,1.71,91.8,0.59,14,1,64.5,Roorkee & Haridwar Hydro-Meteorological Station Dataset
Civil Lines Roorkee,ZONE-RK02,Ward 12,54.2,207.9,510.0,246.3,265.14,0.49,1.53,90.8,0.6,14,1,67.8,Roorkee & Haridwar Hydro-Meteorological Station Dataset
Civil Lines Roorkee,ZONE-RK02,Ward 12,51.0,202.4,477.0,223.5,265.52,0.48,1.58,90.9,0.58,14,1,64.1,Roorkee & Haridwar Hydro-Meteorological Station Dataset
Civil Lines Roorkee,ZONE-RK02,Ward 12,49.4,202.7,436.5,238.6,265.07,0.44,1.69,93.5,0.57,14,1,64.3,Roorkee & Haridwar Hydro-Meteorological Station Dataset
Civil Lines Roorkee,ZONE-RK02,Ward 12,44.5,221.0,467.8,249.4,264.68,0.44,1.61,91.0,0.6,14,1,69.6,Roorkee & Haridwar Hydro-Meteorological Station Dataset
Civil Lines Roorkee,ZONE-RK02,Ward 12,66.5,191.2,563.0,234.2,264.79,0.49,1.54,92.0,0.67,14,1,68.3,Roorkee & Haridwar Hydro-Meteorological Station Dataset
Civil Lines Roorkee,ZONE-RK02,Ward 12,60.2,218.8,569.7,240.1,264.99,0.5,1.55,91.0,0.63,14,1,67.6,Roorkee & Haridwar Hydro-Meteorological Station Dataset
Civil Lines Roorkee,ZONE-RK02,Ward 12,53.2,216.0,457.1,235.2,265.05,0.5,1.54,91.7,0.63,14,1,68.0,Roorkee & Haridwar Hydro-Meteorological Station Dataset
Civil Lines Roorkee,ZONE-RK02,Ward 12,61.3,170.9,434.3,239.0,265.02,0.46,1.68,91.1,0.66,14,1,68.0,Roorkee & Haridwar Hydro-Meteorological Station Dataset
Civil Lines Roorkee,ZONE-RK02,Ward 12,59.1,178.0,450.0,234.4,265.08,0.48,1.64,92.4,0.49,14,1,66.1,Roorkee & Haridwar Hydro-Meteorological Station Dataset
Civil Lines Roorkee,ZONE-RK02,Ward 12,56.7,206.1,400.7,235.6,264.9,0.49,1.53,92.6,0.57,14,1,66.5,Roorkee & Haridwar Hydro-Meteorological Station Dataset
Civil Lines Roorkee,ZONE-RK02,Ward 12,54.3,230.5,396.9,248.9,265.02,0.49,1.53,92.8,0.64,14,1,68.3,Roorkee & Haridwar Hydro-Meteorological Station Dataset
Civil Lines Roorkee,ZONE-RK02,Ward 12,51.9,186.4,452.4,245.9,264.97,0.51,1.7,90.1,0.59,14,1,65.5,Roorkee & Haridwar Hydro-Meteorological Station Dataset
Civil Lines Roorkee,ZONE-RK02,Ward 12,58.6,198.0,501.8,244.2,264.81,0.5,1.71,91.4,0.57,14,1,67.9,Roorkee & Haridwar Hydro-Meteorological Station Dataset
Civil Lines Roorkee,ZONE-RK02,Ward 12,49.0,237.0,517.7,240.1,265.02,0.53,1.72,91.7,0.59,14,1,65.2,Roorkee & Haridwar Hydro-Meteorological Station Dataset
Civil Lines Roorkee,ZONE-RK02,Ward 12,59.5,215.0,470.9,227.3,264.95,0.47,1.66,93.0,0.63,14,1,68.1,Roorkee & Haridwar Hydro-Meteorological Station Dataset
Civil Lines Roorkee,ZONE-RK02,Ward 12,48.3,210.7,571.4,229.8,264.71,0.53,1.56,93.7,0.59,14,1,68.0,Roorkee & Haridwar Hydro-Meteorological Station Dataset
Civil Lines Roorkee,ZONE-RK02,Ward 12,56.0,220.0,470.8,236.5,265.3,0.44,1.4,92.5,0.63,14,1,67.0,Roorkee & Haridwar Hydro-Meteorological Station Dataset
Civil Lines Roorkee,ZONE-RK02,Ward 12,42.6,211.9,484.0,240.8,264.89,0.45,1.46,91.9,0.5,14,1,68.2,Roorkee & Haridwar Hydro-Meteorological Station Dataset
Civil Lines Roorkee,ZONE-RK02,Ward 12,57.5,217.3,534.8,238.3,265.05,0.57,1.46,92.2,0.67,14,1,67.9,Roorkee & Haridwar Hydro-Meteorological Station Dataset
Civil Lines Roorkee,ZONE-RK02,Ward 12,58.1,202.8,485.3,226.7,264.83,0.53,1.68,92.3,0.59,14,1,68.2,Roorkee & Haridwar Hydro-Meteorological Station Dataset
Civil Lines Roorkee,ZONE-RK02,Ward 12,54.4,224.1,447.3,240.1,264.86,0.5,1.75,91.1,0.59,14,1,66.1,Roorkee & Haridwar Hydro-Meteorological Station Dataset
Civil Lines Roorkee,ZONE-RK02,Ward 12,52.4,180.0,469.9,244.3,265.08,0.52,1.44,91.3,0.61,14,1,66.2,Roorkee & Haridwar Hydro-Meteorological Station Dataset
Civil Lines Roorkee,ZONE-RK02,Ward 12,54.2,230.7,468.2,247.8,264.46,0.57,1.67,91.6,0.63,14,1,64.7,Roorkee & Haridwar Hydro-Meteorological Station Dataset
Civil Lines Roorkee,ZONE-RK02,Ward 12,59.1,202.8,465.6,238.6,265.02,0.4,1.58,92.1,0.57,14,1,68.6,Roorkee & Haridwar Hydro-Meteorological Station Dataset
Civil Lines Roorkee,ZONE-RK02,Ward 12,47.5,209.4,463.9,242.6,265.45,0.48,1.63,93.1,0.66,14,1,69.9,Roorkee & Haridwar Hydro-Meteorological Station Dataset
Civil Lines Roorkee,ZONE-RK02,Ward 12,52.2,200.7,521.7,250.2,265.02,0.48,1.46,92.0,0.67,14,1,65.9,Roorkee & Haridwar Hydro-Meteorological Station Dataset
Civil Lines Roorkee,ZONE-RK02,Ward 12,62.3,220.8,411.0,236.9,265.08,0.51,1.73,90.2,0.59,14,1,69.7,Roorkee & Haridwar Hydro-Meteorological Station Dataset
Civil Lines Roorkee,ZONE-RK02,Ward 12,55.5,236.9,518.1,235.1,264.84,0.48,1.67,90.7,0.53,14,1,65.6,Roorkee & Haridwar Hydro-Meteorological Station Dataset
Civil Lines Roorkee,ZONE-RK02,Ward 12,61.4,210.0,506.3,248.4,265.13,0.57,1.62,93.6,0.68,14,1,67.2,Roorkee & Haridwar Hydro-Meteorological Station Dataset
Civil Lines Roorkee,ZONE-RK02,Ward 12,56.2,220.8,490.2,238.0,264.46,0.55,1.6,93.9,0.53,14,1,67.5,Roorkee & Haridwar Hydro-Meteorological Station Dataset
Civil Lines Roorkee,ZONE-RK02,Ward 12,39.8,138.7,272.3,103.4,265.04,0.55,1.53,93.6,0.66,14,1,64.2,Roorkee & Haridwar Hydro-Meteorological Station Dataset
Civil Lines Roorkee,ZONE-RK02,Ward 12,29.2,120.8,338.0,98.6,265.08,0.51,1.57,91.2,0.62,14,1,65.1,Roorkee & Haridwar Hydro-Meteorological Station Dataset
Civil Lines Roorkee,ZONE-RK02,Ward 12,34.6,133.4,326.9,116.7,265.11,0.53,1.4,91.6,0.6,14,1,64.2,Roorkee & Haridwar Hydro-Meteorological Station Dataset
Civil Lines Roorkee,ZONE-RK02,Ward 12,32.4,120.3,312.3,110.1,264.92,0.41,1.69,89.8,0.59,14,1,69.2,Roorkee & Haridwar Hydro-Meteorological Station Dataset
Civil Lines Roorkee,ZONE-RK02,Ward 12,37.3,125.6,242.2,118.9,265.12,0.51,1.47,93.5,0.63,14,1,68.0,Roorkee & Haridwar Hydro-Meteorological Station Dataset
Civil Lines Roorkee,ZONE-RK02,Ward 12,29.5,156.4,265.5,112.9,264.97,0.46,1.67,91.6,0.61,14,1,66.0,Roorkee & Haridwar Hydro-Meteorological Station Dataset
Civil Lines Roorkee,ZONE-RK02,Ward 12,37.4,141.2,291.9,96.3,264.96,0.55,1.51,90.9,0.6,14,1,69.0,Roorkee & Haridwar Hydro-Meteorological Station Dataset
Civil Lines Roorkee,ZONE-RK02,Ward 12,37.7,127.4,252.7,110.3,264.85,0.47,1.61,91.7,0.63,14,1,65.0,Roorkee & Haridwar Hydro-Meteorological Station Dataset
Civil Lines Roorkee,ZONE-RK02,Ward 12,39.0,142.0,314.5,104.8,265.05,0.51,1.7,90.8,0.62,14,1,65.3,Roorkee & Haridwar Hydro-Meteorological Station Dataset
Civil Lines Roorkee,ZONE-RK02,Ward 12,36.1,132.7,253.9,113.5,265.34,0.45,1.5,90.6,0.67,14,1,68.5,Roorkee & Haridwar Hydro-Meteorological Station Dataset
Civil Lines Roorkee,ZONE-RK02,Ward 12,37.6,136.8,240.5,108.2,265.26,0.54,1.66,92.4,0.55,14,1,69.0,Roorkee & Haridwar Hydro-Meteorological Station Dataset
Civil Lines Roorkee,ZONE-RK02,Ward 12,36.8,113.6,319.2,120.8,265.11,0.53,1.49,90.8,0.53,14,1,65.5,Roorkee & Haridwar Hydro-Meteorological Station Dataset
Civil Lines Roorkee,ZONE-RK02,Ward 12,32.4,132.1,247.8,102.2,264.98,0.53,1.56,92.3,0.62,14,1,68.1,Roorkee & Haridwar Hydro-Meteorological Station Dataset
Civil Lines Roorkee,ZONE-RK02,Ward 12,33.4,102.2,252.8,108.8,265.35,0.51,1.6,91.1,0.61,14,1,65.0,Roorkee & Haridwar Hydro-Meteorological Station Dataset
Civil Lines Roorkee,ZONE-RK02,Ward 12,31.2,145.7,304.3,129.2,264.84,0.48,1.68,92.5,0.6,14,1,65.9,Roorkee & Haridwar Hydro-Meteorological Station Dataset
Civil Lines Roorkee,ZONE-RK02,Ward 12,37.0,110.3,368.5,124.4,264.69,0.49,1.63,92.1,0.61,14,1,64.3,Roorkee & Haridwar Hydro-Meteorological Station Dataset
Civil Lines Roorkee,ZONE-RK02,Ward 12,30.4,124.1,306.2,100.4,265.01,0.52,1.63,92.2,0.61,14,1,68.9,Roorkee & Haridwar Hydro-Meteorological Station Dataset
Civil Lines Roorkee,ZONE-RK02,Ward 12,33.6,120.6,269.0,103.7,264.88,0.54,1.38,92.6,0.52,14,1,65.5,Roorkee & Haridwar Hydro-Meteorological Station Dataset
Civil Lines Roorkee,ZONE-RK02,Ward 12,39.5,119.0,289.4,108.5,265.54,0.36,1.74,90.8,0.67,14,1,65.4,Roorkee & Haridwar Hydro-Meteorological Station Dataset
Civil Lines Roorkee,ZONE-RK02,Ward 12,29.9,143.9,291.8,111.9,265.09,0.48,1.48,93.0,0.56,14,1,64.9,Roorkee & Haridwar Hydro-Meteorological Station Dataset
Civil Lines Roorkee,ZONE-RK02,Ward 12,26.2,121.3,274.6,123.6,265.08,0.56,1.42,91.3,0.59,14,1,66.8,Roorkee & Haridwar Hydro-Meteorological Station Dataset
Civil Lines Roorkee,ZONE-RK02,Ward 12,33.8,90.9,285.5,98.2,265.48,0.54,1.43,92.7,0.6,14,1,69.5,Roorkee & Haridwar Hydro-Meteorological Station Dataset
Civil Lines Roorkee,ZONE-RK02,Ward 12,42.6,113.0,259.6,93.3,264.63,0.49,1.62,91.3,0.56,14,1,64.8,Roorkee & Haridwar Hydro-Meteorological Station Dataset
Civil Lines Roorkee,ZONE-RK02,Ward 12,38.0,117.9,340.2,115.6,265.06,0.54,1.55,90.8,0.63,14,1,69.3,Roorkee & Haridwar Hydro-Meteorological Station Dataset
Civil Lines Roorkee,ZONE-RK02,Ward 12,33.8,150.0,288.7,120.9,264.78,0.56,1.68,91.6,0.56,14,1,69.3,Roorkee & Haridwar Hydro-Meteorological Station Dataset
Civil Lines Roorkee,ZONE-RK02,Ward 12,34.8,140.1,314.0,115.4,265.27,0.42,1.56,92.1,0.64,14,1,64.7,Roorkee & Haridwar Hydro-Meteorological Station Dataset
Civil Lines Roorkee,ZONE-RK02,Ward 12,34.8,122.4,283.9,114.2,265.13,0.47,1.48,92.6,0.51,14,1,68.3,Roorkee & Haridwar Hydro-Meteorological Station Dataset
Civil Lines Roorkee,ZONE-RK02,Ward 12,29.5,104.6,271.2,95.4,265.15,0.56,1.56,92.1,0.58,14,1,67.2,Roorkee & Haridwar Hydro-Meteorological Station Dataset
Civil Lines Roorkee,ZONE-RK02,Ward 12,34.9,130.0,287.0,119.0,265.18,0.49,1.75,92.7,0.56,14,1,68.6,Roorkee & Haridwar Hydro-Meteorological Station Dataset
Civil Lines Roorkee,ZONE-RK02,Ward 12,31.5,147.3,307.5,121.5,265.34,0.51,1.65,93.2,0.63,14,1,64.4,Roorkee & Haridwar Hydro-Meteorological Station Dataset
Civil Lines Roorkee,ZONE-RK02,Ward 12,27.8,133.4,263.0,108.9,264.62,0.51,1.65,92.1,0.51,14,1,66.4,Roorkee & Haridwar Hydro-Meteorological Station Dataset
Civil Lines Roorkee,ZONE-RK02,Ward 12,39.1,115.7,332.3,117.1,265.2,0.5,1.54,91.3,0.6,14,1,68.4,Roorkee & Haridwar Hydro-Meteorological Station Dataset
Civil Lines Roorkee,ZONE-RK02,Ward 12,32.7,142.1,295.4,95.8,264.7,0.55,1.57,93.9,0.68,14,1,67.3,Roorkee & Haridwar Hydro-Meteorological Station Dataset
Civil Lines Roorkee,ZONE-RK02,Ward 12,31.4,127.9,274.9,112.2,265.11,0.47,1.49,91.3,0.6,14,1,66.1,Roorkee & Haridwar Hydro-Meteorological Station Dataset
Civil Lines Roorkee,ZONE-RK02,Ward 12,32.1,102.4,262.6,109.3,265.34,0.44,1.6,91.3,0.62,14,1,69.3,Roorkee & Haridwar Hydro-Meteorological Station Dataset
Civil Lines Roorkee,ZONE-RK02,Ward 12,25.9,85.6,244.5,76.6,265.3,0.52,1.55,91.9,0.64,14,1,68.0,Roorkee & Haridwar Hydro-Meteorological Station Dataset
Civil Lines Roorkee,ZONE-RK02,Ward 12,19.9,94.7,216.6,81.1,264.79,0.47,1.74,91.8,0.58,14,1,69.3,Roorkee & Haridwar Hydro-Meteorological Station Dataset
Civil Lines Roorkee,ZONE-RK02,Ward 12,27.6,55.1,180.2,84.8,265.19,0.5,1.48,91.8,0.55,14,1,67.2,Roorkee & Haridwar Hydro-Meteorological Station Dataset
Civil Lines Roorkee,ZONE-RK02,Ward 12,22.4,91.6,193.7,78.9,264.86,0.53,1.56,92.2,0.64,14,1,64.5,Roorkee & Haridwar Hydro-Meteorological Station Dataset
Civil Lines Roorkee,ZONE-RK02,Ward 12,25.1,101.4,210.0,86.0,265.27,0.57,1.71,91.4,0.57,14,1,66.3,Roorkee & Haridwar Hydro-Meteorological Station Dataset
Civil Lines Roorkee,ZONE-RK02,Ward 12,20.7,80.0,206.6,89.9,264.84,0.5,1.82,90.9,0.62,14,1,66.8,Roorkee & Haridwar Hydro-Meteorological Station Dataset
Civil Lines Roorkee,ZONE-RK02,Ward 12,21.9,95.3,205.8,67.3,264.61,0.51,1.67,92.6,0.58,14,1,67.6,Roorkee & Haridwar Hydro-Meteorological Station Dataset
Civil Lines Roorkee,ZONE-RK02,Ward 12,25.3,85.1,213.7,84.0,264.93,0.5,1.68,92.1,0.55,14,1,69.5,Roorkee & Haridwar Hydro-Meteorological Station Dataset
Civil Lines Roorkee,ZONE-RK02,Ward 12,23.9,90.1,218.7,82.9,265.12,0.62,1.73,94.2,0.63,14,1,65.0,Roorkee & Haridwar Hydro-Meteorological Station Dataset
Civil Lines Roorkee,ZONE-RK02,Ward 12,25.3,78.6,208.2,77.8,264.88,0.5,1.79,92.4,0.56,14,1,65.8,Roorkee & Haridwar Hydro-Meteorological Station Dataset
Civil Lines Roorkee,ZONE-RK02,Ward 12,20.4,92.6,198.0,80.8,264.78,0.5,1.7,91.9,0.6,14,1,68.6,Roorkee & Haridwar Hydro-Meteorological Station Dataset
Civil Lines Roorkee,ZONE-RK02,Ward 12,21.0,96.1,218.4,83.9,264.93,0.5,1.59,92.6,0.6,14,1,64.6,Roorkee & Haridwar Hydro-Meteorological Station Dataset
Civil Lines Roorkee,ZONE-RK02,Ward 12,24.5,94.9,200.2,81.5,265.17,0.57,1.66,92.8,0.59,14,1,66.1,Roorkee & Haridwar Hydro-Meteorological Station Dataset
Civil Lines Roorkee,ZONE-RK02,Ward 12,25.9,104.9,206.9,52.3,265.14,0.56,1.76,91.4,0.59,14,1,69.7,Roorkee & Haridwar Hydro-Meteorological Station Dataset
Civil Lines Roorkee,ZONE-RK02,Ward 12,24.8,92.2,238.1,54.1,265.11,0.55,1.47,91.5,0.65,14,1,69.0,Roorkee & Haridwar Hydro-Meteorological Station Dataset
Civil Lines Roorkee,ZONE-RK02,Ward 12,22.7,79.3,246.5,100.3,264.95,0.51,1.7,94.1,0.59,14,1,64.7,Roorkee & Haridwar Hydro-Meteorological Station Dataset
Civil Lines Roorkee,ZONE-RK02,Ward 12,23.6,83.4,183.0,70.2,265.05,0.48,1.53,91.5,0.54,14,1,65.1,Roorkee & Haridwar Hydro-Meteorological Station Dataset
Civil Lines Roorkee,ZONE-RK02,Ward 12,25.9,87.1,178.6,76.0,264.82,0.53,1.65,93.8,0.6,14,1,66.9,Roorkee & Haridwar Hydro-Meteorological Station Dataset
Civil Lines Roorkee,ZONE-RK02,Ward 12,24.7,93.4,208.2,83.6,264.69,0.46,1.58,90.9,0.57,14,1,64.3,Roorkee & Haridwar Hydro-Meteorological Station Dataset
Civil Lines Roorkee,ZONE-RK02,Ward 12,23.4,108.7,194.5,93.8,264.74,0.51,1.67,91.3,0.57,14,1,65.8,Roorkee & Haridwar Hydro-Meteorological Station Dataset
Civil Lines Roorkee,ZONE-RK02,Ward 12,22.8,107.7,203.7,84.6,265.46,0.53,1.64,91.7,0.63,14,1,65.4,Roorkee & Haridwar Hydro-Meteorological Station Dataset
Civil Lines Roorkee,ZONE-RK02,Ward 12,24.0,91.8,188.8,75.7,265.15,0.53,1.65,92.7,0.62,14,1,67.6,Roorkee & Haridwar Hydro-Meteorological Station Dataset
Civil Lines Roorkee,ZONE-RK02,Ward 12,21.9,85.2,203.6,107.6,265.36,0.5,1.71,91.5,0.54,14,1,65.0,Roorkee & Haridwar Hydro-Meteorological Station Dataset
Civil Lines Roorkee,ZONE-RK02,Ward 12,24.7,84.0,237.0,79.6,264.95,0.46,1.55,91.7,0.6,14,1,65.3,Roorkee & Haridwar Hydro-Meteorological Station Dataset
Civil Lines Roorkee,ZONE-RK02,Ward 12,26.0,72.7,224.0,75.9,264.84,0.46,1.5,93.4,0.62,14,1,64.7,Roorkee & Haridwar Hydro-Meteorological Station Dataset
Civil Lines Roorkee,ZONE-RK02,Ward 12,22.2,87.3,205.9,93.9,264.88,0.5,1.56,92.4,0.66,14,1,67.7,Roorkee & Haridwar Hydro-Meteorological Station Dataset
Civil Lines Roorkee,ZONE-RK02,Ward 12,24.0,84.3,138.1,86.3,264.58,0.5,1.55,92.8,0.65,14,1,65.2,Roorkee & Haridwar Hydro-Meteorological Station Dataset
Civil Lines Roorkee,ZONE-RK02,Ward 12,24.1,88.3,205.6,72.8,265.39,0.52,1.76,90.8,0.59,14,1,68.6,Roorkee & Haridwar Hydro-Meteorological Station Dataset
Civil Lines Roorkee,ZONE-RK02,Ward 12,24.0,98.8,192.8,85.8,264.72,0.41,1.72,92.2,0.65,14,1,69.1,Roorkee & Haridwar Hydro-Meteorological Station Dataset
Civil Lines Roorkee,ZONE-RK02,Ward 12,24.9,94.5,185.3,79.3,264.57,0.5,1.72,91.9,0.53,14,1,66.4,Roorkee & Haridwar Hydro-Meteorological Station Dataset
Civil Lines Roorkee,ZONE-RK02,Ward 12,22.8,82.7,182.1,81.1,265.04,0.5,1.78,92.8,0.65,14,1,65.1,Roorkee & Haridwar Hydro-Meteorological Station Dataset
Civil Lines Roorkee,ZONE-RK02,Ward 12,21.1,84.8,177.8,90.7,264.59,0.46,1.43,92.3,0.59,14,1,67.3,Roorkee & Haridwar Hydro-Meteorological Station Dataset
Civil Lines Roorkee,ZONE-RK02,Ward 12,19.6,81.3,205.9,81.4,265.23,0.52,1.75,91.2,0.62,14,1,66.0,Roorkee & Haridwar Hydro-Meteorological Station Dataset
Civil Lines Roorkee,ZONE-RK02,Ward 12,21.0,98.6,242.6,71.7,264.65,0.5,1.49,90.7,0.64,14,1,68.8,Roorkee & Haridwar Hydro-Meteorological Station Dataset
Civil Lines Roorkee,ZONE-RK02,Ward 12,23.6,80.1,198.3,82.3,265.49,0.55,1.62,93.5,0.6,14,1,68.5,Roorkee & Haridwar Hydro-Meteorological Station Dataset
Civil Lines Roorkee,ZONE-RK02,Ward 12,15.0,59.9,141.3,41.4,265.4,0.5,1.62,93.6,0.64,14,1,63.9,Roorkee & Haridwar Hydro-Meteorological Station Dataset
Civil Lines Roorkee,ZONE-RK02,Ward 12,17.5,71.4,146.4,53.8,264.67,0.51,1.83,92.1,0.63,14,1,63.6,Roorkee & Haridwar Hydro-Meteorological Station Dataset
Civil Lines Roorkee,ZONE-RK02,Ward 12,19.1,69.0,121.8,48.7,265.08,0.51,1.54,92.0,0.66,14,1,63.9,Roorkee & Haridwar Hydro-Meteorological Station Dataset
Civil Lines Roorkee,ZONE-RK02,Ward 12,21.2,54.3,153.6,53.9,265.0,0.46,1.67,92.2,0.7,14,1,64.5,Roorkee & Haridwar Hydro-Meteorological Station Dataset
Civil Lines Roorkee,ZONE-RK02,Ward 12,17.5,58.4,149.7,40.6,265.02,0.5,1.49,91.1,0.54,14,1,67.7,Roorkee & Haridwar Hydro-Meteorological Station Dataset
Civil Lines Roorkee,ZONE-RK02,Ward 12,17.9,63.8,148.1,61.9,265.09,0.42,1.64,91.3,0.58,14,1,68.1,Roorkee & Haridwar Hydro-Meteorological Station Dataset
Civil Lines Roorkee,ZONE-RK02,Ward 12,22.5,69.8,160.7,35.8,265.19,0.56,1.63,91.5,0.57,14,1,64.9,Roorkee & Haridwar Hydro-Meteorological Station Dataset
Civil Lines Roorkee,ZONE-RK02,Ward 12,17.8,69.4,152.8,55.6,265.4,0.59,1.57,91.1,0.63,14,1,66.9,Roorkee & Haridwar Hydro-Meteorological Station Dataset
Civil Lines Roorkee,ZONE-RK02,Ward 12,20.2,57.9,136.7,51.7,264.98,0.51,1.78,91.4,0.63,14,1,67.2,Roorkee & Haridwar Hydro-Meteorological Station Dataset
Civil Lines Roorkee,ZONE-RK02,Ward 12,18.7,73.8,138.9,39.5,265.39,0.47,1.4,90.7,0.6,14,1,67.6,Roorkee & Haridwar Hydro-Meteorological Station Dataset
Civil Lines Roorkee,ZONE-RK02,Ward 12,17.6,60.6,128.7,55.9,265.01,0.42,1.63,92.2,0.67,14,1,66.9,Roorkee & Haridwar Hydro-Meteorological Station Dataset
Civil Lines Roorkee,ZONE-RK02,Ward 12,17.1,60.8,115.0,50.2,265.07,0.49,1.62,92.8,0.64,14,1,62.5,Roorkee & Haridwar Hydro-Meteorological Station Dataset
Civil Lines Roorkee,ZONE-RK02,Ward 12,13.9,74.4,135.4,54.8,264.91,0.45,1.5,92.2,0.59,14,1,63.9,Roorkee & Haridwar Hydro-Meteorological Station Dataset
Civil Lines Roorkee,ZONE-RK02,Ward 12,17.3,71.0,159.6,61.6,264.8,0.55,1.62,91.8,0.61,14,1,69.6,Roorkee & Haridwar Hydro-Meteorological Station Dataset
Civil Lines Roorkee,ZONE-RK02,Ward 12,18.4,73.6,117.8,66.7,265.33,0.53,1.56,91.7,0.67,14,1,66.0,Roorkee & Haridwar Hydro-Meteorological Station Dataset
Civil Lines Roorkee,ZONE-RK02,Ward 12,16.6,66.1,122.3,39.7,265.24,0.54,1.68,92.3,0.66,14,1,67.0,Roorkee & Haridwar Hydro-Meteorological Station Dataset
Civil Lines Roorkee,ZONE-RK02,Ward 12,18.6,70.9,126.0,37.9,264.82,0.49,1.72,91.4,0.58,14,1,63.6,Roorkee & Haridwar Hydro-Meteorological Station Dataset
Civil Lines Roorkee,ZONE-RK02,Ward 12,19.0,64.1,152.8,48.9,265.2,0.49,1.51,91.0,0.61,14,1,65.1,Roorkee & Haridwar Hydro-Meteorological Station Dataset
Civil Lines Roorkee,ZONE-RK02,Ward 12,17.9,71.2,126.5,54.4,264.63,0.51,1.55,91.6,0.52,14,1,67.0,Roorkee & Haridwar Hydro-Meteorological Station Dataset
Civil Lines Roorkee,ZONE-RK02,Ward 12,20.5,59.1,149.6,59.5,265.14,0.48,1.48,92.0,0.63,14,1,66.6,Roorkee & Haridwar Hydro-Meteorological Station Dataset
Civil Lines Roorkee,ZONE-RK02,Ward 12,14.2,68.9,139.1,41.7,265.21,0.49,1.53,91.1,0.71,14,1,63.9,Roorkee & Haridwar Hydro-Meteorological Station Dataset
Civil Lines Roorkee,ZONE-RK02,Ward 12,16.5,59.1,150.1,54.1,265.27,0.6,1.49,92.9,0.63,14,1,67.5,Roorkee & Haridwar Hydro-Meteorological Station Dataset
Civil Lines Roorkee,ZONE-RK02,Ward 12,18.5,59.8,134.1,54.0,264.78,0.52,1.58,92.7,0.62,14,1,63.3,Roorkee & Haridwar Hydro-Meteorological Station Dataset
Civil Lines Roorkee,ZONE-RK02,Ward 12,16.8,70.9,162.6,55.3,264.83,0.51,1.39,93.0,0.51,14,1,65.1,Roorkee & Haridwar Hydro-Meteorological Station Dataset
Civil Lines Roorkee,ZONE-RK02,Ward 12,22.6,60.5,154.4,59.0,265.03,0.5,1.57,92.3,0.58,14,1,66.7,Roorkee & Haridwar Hydro-Meteorological Station Dataset
Civil Lines Roorkee,ZONE-RK02,Ward 12,22.5,61.8,144.6,61.9,264.96,0.57,1.54,92.1,0.63,14,1,63.8,Roorkee & Haridwar Hydro-Meteorological Station Dataset
Civil Lines Roorkee,ZONE-RK02,Ward 12,15.7,62.6,147.7,47.5,265.12,0.48,1.57,93.3,0.62,14,1,63.6,Roorkee & Haridwar Hydro-Meteorological Station Dataset
Civil Lines Roorkee,ZONE-RK02,Ward 12,17.9,67.2,150.4,45.8,265.13,0.57,1.54,92.2,0.64,14,1,67.3,Roorkee & Haridwar Hydro-Meteorological Station Dataset
Civil Lines Roorkee,ZONE-RK02,Ward 12,17.5,59.7,143.1,51.0,265.12,0.46,1.61,93.6,0.57,14,1,64.7,Roorkee & Haridwar Hydro-Meteorological Station Dataset
Civil Lines Roorkee,ZONE-RK02,Ward 12,15.0,66.0,144.5,61.0,264.69,0.47,1.52,90.2,0.66,14,1,67.4,Roorkee & Haridwar Hydro-Meteorological Station Dataset
Civil Lines Roorkee,ZONE-RK02,Ward 12,18.5,66.9,130.6,49.0,264.89,0.55,1.5,91.7,0.63,14,1,68.3,Roorkee & Haridwar Hydro-Meteorological Station Dataset
Civil Lines Roorkee,ZONE-RK02,Ward 12,17.8,57.7,173.3,42.2,265.35,0.44,1.7,92.3,0.56,14,1,64.8,Roorkee & Haridwar Hydro-Meteorological Station Dataset
Civil Lines Roorkee,ZONE-RK02,Ward 12,15.4,63.1,154.7,47.6,265.23,0.4,1.72,92.1,0.56,14,1,65.4,Roorkee & Haridwar Hydro-Meteorological Station Dataset
Civil Lines Roorkee,ZONE-RK02,Ward 12,18.0,62.3,123.1,51.4,264.89,0.5,1.72,92.0,0.6,14,1,68.0,Roorkee & Haridwar Hydro-Meteorological Station Dataset
Civil Lines Roorkee,ZONE-RK02,Ward 12,16.8,63.3,145.4,43.2,264.8,0.59,1.85,91.0,0.59,14,1,66.2,Roorkee & Haridwar Hydro-Meteorological Station Dataset
Civil Lines Roorkee,ZONE-RK02,Ward 12,11.4,46.2,88.4,29.3,264.94,0.51,1.58,92.5,0.61,14,1,57.9,Roorkee & Haridwar Hydro-Meteorological Station Dataset
Civil Lines Roorkee,ZONE-RK02,Ward 12,11.9,42.4,102.4,34.0,264.97,0.49,1.71,92.8,0.6,14,1,61.2,Roorkee & Haridwar Hydro-Meteorological Station Dataset
Civil Lines Roorkee,ZONE-RK02,Ward 12,12.6,48.8,87.6,28.2,265.35,0.46,1.65,91.4,0.61,14,1,56.7,Roorkee & Haridwar Hydro-Meteorological Station Dataset
Civil Lines Roorkee,ZONE-RK02,Ward 12,12.9,41.2,91.8,15.4,265.2,0.55,1.56,92.2,0.59,14,1,54.6,Roorkee & Haridwar Hydro-Meteorological Station Dataset
Civil Lines Roorkee,ZONE-RK02,Ward 12,10.2,53.6,103.2,32.2,264.79,0.53,1.63,93.0,0.62,14,1,64.1,Roorkee & Haridwar Hydro-Meteorological Station Dataset
Civil Lines Roorkee,ZONE-RK02,Ward 12,12.2,42.4,95.7,42.0,265.23,0.5,1.6,93.3,0.62,14,1,58.2,Roorkee & Haridwar Hydro-Meteorological Station Dataset
Civil Lines Roorkee,ZONE-RK02,Ward 12,11.7,46.2,107.3,50.4,264.91,0.52,1.49,91.8,0.66,14,1,66.3,Roorkee & Haridwar Hydro-Meteorological Station Dataset
Civil Lines Roorkee,ZONE-RK02,Ward 12,14.5,41.8,93.6,45.7,264.67,0.45,1.27,93.0,0.62,14,1,65.2,Roorkee & Haridwar Hydro-Meteorological Station Dataset
Civil Lines Roorkee,ZONE-RK02,Ward 12,11.1,44.5,106.3,29.6,265.05,0.46,1.53,93.9,0.63,14,1,65.8,Roorkee & Haridwar Hydro-Meteorological Station Dataset
Civil Lines Roorkee,ZONE-RK02,Ward 12,12.4,54.2,110.8,35.9,264.77,0.47,1.53,91.2,0.62,14,1,64.6,Roorkee & Haridwar Hydro-Meteorological Station Dataset
Civil Lines Roorkee,ZONE-RK02,Ward 12,10.7,42.4,88.5,25.5,265.19,0.52,1.73,92.5,0.52,14,1,55.0,Roorkee & Haridwar Hydro-Meteorological Station Dataset
Civil Lines Roorkee,ZONE-RK02,Ward 12,11.3,44.1,108.9,31.5,265.09,0.51,1.63,92.4,0.59,14,1,65.0,Roorkee & Haridwar Hydro-Meteorological Station Dataset
Civil Lines Roorkee,ZONE-RK02,Ward 12,12.7,44.3,95.4,29.6,264.95,0.5,1.59,93.8,0.65,14,1,59.5,Roorkee & Haridwar Hydro-Meteorological Station Dataset
Civil Lines Roorkee,ZONE-RK02,Ward 12,13.0,41.2,91.5,26.3,265.04,0.58,1.59,91.3,0.6,14,1,59.0,Roorkee & Haridwar Hydro-Meteorological Station Dataset
Civil Lines Roorkee,ZONE-RK02,Ward 12,12.9,48.6,115.7,28.9,265.1,0.48,1.68,92.7,0.6,14,1,62.0,Roorkee & Haridwar Hydro-Meteorological Station Dataset
Civil Lines Roorkee,ZONE-RK02,Ward 12,11.2,44.6,85.3,41.3,264.63,0.51,1.64,92.1,0.6,14,1,58.4,Roorkee & Haridwar Hydro-Meteorological Station Dataset
Civil Lines Roorkee,ZONE-RK02,Ward 12,12.4,42.5,93.8,26.0,265.0,0.47,1.57,91.1,0.58,14,1,58.0,Roorkee & Haridwar Hydro-Meteorological Station Dataset
Civil Lines Roorkee,ZONE-RK02,Ward 12,11.6,40.6,92.1,25.3,264.84,0.46,1.58,92.1,0.64,14,1,58.2,Roorkee & Haridwar Hydro-Meteorological Station Dataset
Civil Lines Roorkee,ZONE-RK02,Ward 12,9.7,41.2,90.3,25.9,264.96,0.55,1.33,91.1,0.69,14,1,59.4,Roorkee & Haridwar Hydro-Meteorological Station Dataset
Civil Lines Roorkee,ZONE-RK02,Ward 12,12.0,46.9,100.5,37.5,264.74,0.47,1.63,92.4,0.58,14,1,63.8,Roorkee & Haridwar Hydro-Meteorological Station Dataset
Civil Lines Roorkee,ZONE-RK02,Ward 12,12.0,45.8,88.4,36.8,265.01,0.44,1.44,92.4,0.71,14,1,56.7,Roorkee & Haridwar Hydro-Meteorological Station Dataset
Civil Lines Roorkee,ZONE-RK02,Ward 12,9.8,36.9,97.9,20.5,265.04,0.53,1.6,90.9,0.58,14,1,61.8,Roorkee & Haridwar Hydro-Meteorological Station Dataset
Civil Lines Roorkee,ZONE-RK02,Ward 12,11.1,43.8,114.5,35.9,264.75,0.48,1.42,91.7,0.65,14,1,65.0,Roorkee & Haridwar Hydro-Meteorological Station Dataset
Civil Lines Roorkee,ZONE-RK02,Ward 12,12.7,40.5,92.1,18.1,265.01,0.51,1.74,90.4,0.62,14,1,57.9,Roorkee & Haridwar Hydro-Meteorological Station Dataset
Civil Lines Roorkee,ZONE-RK02,Ward 12,11.7,38.3,105.3,34.6,264.89,0.51,1.41,93.4,0.62,14,1,64.1,Roorkee & Haridwar Hydro-Meteorological Station Dataset
Civil Lines Roorkee,ZONE-RK02,Ward 12,12.4,47.0,84.9,36.6,265.21,0.52,1.96,92.8,0.57,14,1,56.5,Roorkee & Haridwar Hydro-Meteorological Station Dataset
Civil Lines Roorkee,ZONE-RK02,Ward 12,12.5,43.1,86.3,26.8,264.96,0.47,1.65,92.0,0.62,14,1,54.9,Roorkee & Haridwar Hydro-Meteorological Station Dataset
Civil Lines Roorkee,ZONE-RK02,Ward 12,12.9,42.9,95.1,36.0,264.73,0.54,1.55,91.3,0.55,14,1,61.9,Roorkee & Haridwar Hydro-Meteorological Station Dataset
Civil Lines Roorkee,ZONE-RK02,Ward 12,13.2,48.0,90.3,23.3,265.34,0.53,1.68,92.3,0.59,14,1,57.0,Roorkee & Haridwar Hydro-Meteorological Station Dataset
Civil Lines Roorkee,ZONE-RK02,Ward 12,12.2,46.3,91.8,41.2,265.09,0.61,1.62,92.3,0.58,14,1,60.1,Roorkee & Haridwar Hydro-Meteorological Station Dataset
Civil Lines Roorkee,ZONE-RK02,Ward 12,13.0,46.0,81.9,25.3,265.21,0.48,1.47,92.9,0.64,14,1,56.7,Roorkee & Haridwar Hydro-Meteorological Station Dataset
Civil Lines Roorkee,ZONE-RK02,Ward 12,11.2,37.8,105.1,22.7,264.93,0.53,1.56,90.6,0.59,14,1,62.7,Roorkee & Haridwar Hydro-Meteorological Station Dataset
Civil Lines Roorkee,ZONE-RK02,Ward 12,11.6,38.7,99.9,37.4,265.4,0.52,1.36,91.0,0.54,14,1,59.5,Roorkee & Haridwar Hydro-Meteorological Station Dataset
Civil Lines Roorkee,ZONE-RK02,Ward 12,9.6,46.3,90.9,38.2,265.26,0.47,1.65,94.2,0.66,14,1,62.3,Roorkee & Haridwar Hydro-Meteorological Station Dataset
Civil Lines Roorkee,ZONE-RK02,Ward 12,12.8,37.8,105.6,42.5,265.18,0.44,1.61,91.3,0.63,14,1,61.3,Roorkee & Haridwar Hydro-Meteorological Station Dataset
Civil Lines Roorkee,ZONE-RK02,Ward 12,5.7,27.4,55.1,27.8,264.84,0.47,1.62,90.9,0.6,14,1,37.2,Roorkee & Haridwar Hydro-Meteorological Station Dataset
Civil Lines Roorkee,ZONE-RK02,Ward 12,6.4,25.7,51.9,21.2,264.95,0.52,1.45,89.7,0.7,14,1,26.9,Roorkee & Haridwar Hydro-Meteorological Station Dataset
Civil Lines Roorkee,ZONE-RK02,Ward 12,6.7,21.7,62.2,26.8,264.93,0.54,1.59,92.5,0.56,14,1,41.3,Roorkee & Haridwar Hydro-Meteorological Station Dataset
Civil Lines Roorkee,ZONE-RK02,Ward 12,8.3,25.0,57.1,7.3,265.43,0.54,1.4,91.4,0.66,14,1,26.8,Roorkee & Haridwar Hydro-Meteorological Station Dataset
Civil Lines Roorkee,ZONE-RK02,Ward 12,6.5,25.4,45.1,11.3,264.89,0.41,1.73,91.5,0.58,14,0,0.0,Roorkee & Haridwar Hydro-Meteorological Station Dataset
Civil Lines Roorkee,ZONE-RK02,Ward 12,7.6,22.2,66.8,29.6,264.98,0.48,1.66,91.0,0.56,14,1,42.0,Roorkee & Haridwar Hydro-Meteorological Station Dataset
Civil Lines Roorkee,ZONE-RK02,Ward 12,6.4,27.1,67.1,19.4,265.15,0.48,1.78,93.3,0.61,14,1,39.7,Roorkee & Haridwar Hydro-Meteorological Station Dataset
Civil Lines Roorkee,ZONE-RK02,Ward 12,5.9,22.6,52.3,4.2,265.16,0.47,1.53,92.0,0.53,14,1,32.5,Roorkee & Haridwar Hydro-Meteorological Station Dataset
Civil Lines Roorkee,ZONE-RK02,Ward 12,7.9,30.2,61.5,18.5,264.81,0.47,1.59,92.0,0.54,14,1,42.4,Roorkee & Haridwar Hydro-Meteorological Station Dataset
Civil Lines Roorkee,ZONE-RK02,Ward 12,7.5,27.0,58.6,25.7,264.75,0.52,1.5,92.3,0.53,14,1,42.2,Roorkee & Haridwar Hydro-Meteorological Station Dataset
Civil Lines Roorkee,ZONE-RK02,Ward 12,7.6,27.6,57.2,14.0,265.21,0.5,1.58,90.8,0.59,14,1,35.3,Roorkee & Haridwar Hydro-Meteorological Station Dataset
Civil Lines Roorkee,ZONE-RK02,Ward 12,7.4,24.4,58.1,15.2,265.22,0.45,1.7,91.0,0.59,14,1,35.3,Roorkee & Haridwar Hydro-Meteorological Station Dataset
Civil Lines Roorkee,ZONE-RK02,Ward 12,6.7,21.8,60.1,11.8,265.16,0.52,1.52,91.4,0.61,14,1,30.8,Roorkee & Haridwar Hydro-Meteorological Station Dataset
Civil Lines Roorkee,ZONE-RK02,Ward 12,7.4,21.9,53.1,30.9,265.15,0.51,1.49,92.2,0.57,14,1,36.4,Roorkee & Haridwar Hydro-Meteorological Station Dataset
Civil Lines Roorkee,ZONE-RK02,Ward 12,7.7,26.9,62.6,8.1,264.73,0.46,1.85,91.7,0.59,14,1,34.7,Roorkee & Haridwar Hydro-Meteorological Station Dataset
Civil Lines Roorkee,ZONE-RK02,Ward 12,5.9,30.4,66.0,31.7,264.9,0.55,1.61,92.8,0.59,14,1,44.9,Roorkee & Haridwar Hydro-Meteorological Station Dataset
Civil Lines Roorkee,ZONE-RK02,Ward 12,7.2,27.1,60.4,20.4,264.66,0.49,1.54,92.3,0.52,14,1,42.6,Roorkee & Haridwar Hydro-Meteorological Station Dataset
Civil Lines Roorkee,ZONE-RK02,Ward 12,6.9,21.3,60.6,24.7,264.99,0.55,1.67,91.2,0.6,14,1,36.9,Roorkee & Haridwar Hydro-Meteorological Station Dataset
Civil Lines Roorkee,ZONE-RK02,Ward 12,7.3,25.1,53.6,19.4,265.05,0.41,1.68,91.8,0.55,14,1,32.9,Roorkee & Haridwar Hydro-Meteorological Station Dataset
Civil Lines Roorkee,ZONE-RK02,Ward 12,7.2,24.0,53.9,20.5,265.24,0.47,1.66,92.8,0.51,14,1,33.8,Roorkee & Haridwar Hydro-Meteorological Station Dataset
Civil Lines Roorkee,ZONE-RK02,Ward 12,6.6,23.5,61.3,27.6,265.01,0.5,1.58,93.0,0.62,14,1,40.4,Roorkee & Haridwar Hydro-Meteorological Station Dataset
Civil Lines Roorkee,ZONE-RK02,Ward 12,6.9,22.0,56.5,22.8,265.25,0.48,1.45,92.5,0.59,14,1,33.3,Roorkee & Haridwar Hydro-Meteorological Station Dataset
Civil Lines Roorkee,ZONE-RK02,Ward 12,7.4,25.0,52.2,17.6,264.88,0.45,1.5,91.3,0.55,14,1,36.9,Roorkee & Haridwar Hydro-Meteorological Station Dataset
Civil Lines Roorkee,ZONE-RK02,Ward 12,7.6,23.8,51.2,14.7,265.29,0.5,1.56,93.5,0.6,14,1,31.1,Roorkee & Haridwar Hydro-Meteorological Station Dataset
Civil Lines Roorkee,ZONE-RK02,Ward 12,8.0,23.4,65.6,19.3,265.15,0.49,1.77,90.3,0.6,14,1,35.8,Roorkee & Haridwar Hydro-Meteorological Station Dataset
Civil Lines Roorkee,ZONE-RK02,Ward 12,7.1,26.7,51.2,17.0,265.04,0.54,1.55,90.9,0.53,14,1,28.2,Roorkee & Haridwar Hydro-Meteorological Station Dataset
Civil Lines Roorkee,ZONE-RK02,Ward 12,7.8,26.0,52.6,25.8,265.04,0.51,1.53,92.3,0.61,14,1,31.4,Roorkee & Haridwar Hydro-Meteorological Station Dataset
Civil Lines Roorkee,ZONE-RK02,Ward 12,6.5,26.7,53.8,24.7,264.84,0.59,1.57,92.8,0.56,14,1,36.2,Roorkee & Haridwar Hydro-Meteorological Station Dataset
Civil Lines Roorkee,ZONE-RK02,Ward 12,6.7,20.8,54.7,3.1,265.03,0.46,1.73,92.9,0.6,14,1,27.5,Roorkee & Haridwar Hydro-Meteorological Station Dataset
Civil Lines Roorkee,ZONE-RK02,Ward 12,6.9,24.5,58.9,21.2,265.03,0.56,1.52,91.9,0.66,14,1,34.4,Roorkee & Haridwar Hydro-Meteorological Station Dataset
Civil Lines Roorkee,ZONE-RK02,Ward 12,6.4,29.8,59.1,19.6,265.0,0.49,1.72,92.7,0.6,14,1,39.5,Roorkee & Haridwar Hydro-Meteorological Station Dataset
Civil Lines Roorkee,ZONE-RK02,Ward 12,6.8,24.7,46.9,17.2,265.46,0.47,1.66,91.2,0.58,14,0,0.0,Roorkee & Haridwar Hydro-Meteorological Station Dataset
Civil Lines Roorkee,ZONE-RK02,Ward 12,7.9,27.4,57.0,26.2,265.08,0.5,1.54,90.2,0.66,14,1,31.9,Roorkee & Haridwar Hydro-Meteorological Station Dataset
Civil Lines Roorkee,ZONE-RK02,Ward 12,6.4,29.5,52.1,15.7,265.31,0.47,1.74,90.2,0.6,14,1,27.4,Roorkee & Haridwar Hydro-Meteorological Station Dataset
Civil Lines Roorkee,ZONE-RK02,Ward 12,7.5,24.2,61.7,20.2,264.42,0.54,1.71,91.8,0.59,14,1,35.1,Roorkee & Haridwar Hydro-Meteorological Station Dataset
Civil Lines Roorkee,ZONE-RK02,Ward 12,2.3,7.7,20.1,15.5,265.1,0.51,1.6,91.8,0.56,14,0,0.0,Roorkee & Haridwar Hydro-Meteorological Station Dataset
Civil Lines Roorkee,ZONE-RK02,Ward 12,2.7,8.3,19.7,0.0,265.19,0.47,1.46,90.7,0.55,14,0,0.0,Roorkee & Haridwar Hydro-Meteorological Station Dataset
Civil Lines Roorkee,ZONE-RK02,Ward 12,2.7,8.3,20.2,3.7,264.9,0.45,1.57,90.9,0.59,14,0,0.0,Roorkee & Haridwar Hydro-Meteorological Station Dataset
Civil Lines Roorkee,ZONE-RK02,Ward 12,2.7,7.5,19.1,12.8,264.89,0.53,1.54,92.7,0.55,14,0,0.0,Roorkee & Haridwar Hydro-Meteorological Station Dataset
Civil Lines Roorkee,ZONE-RK02,Ward 12,2.7,8.2,15.0,0.0,264.85,0.49,1.64,92.6,0.57,14,0,0.0,Roorkee & Haridwar Hydro-Meteorological Station Dataset
Civil Lines Roorkee,ZONE-RK02,Ward 12,2.4,8.6,16.7,3.1,265.0,0.43,1.6,91.9,0.55,14,0,0.0,Roorkee & Haridwar Hydro-Meteorological Station Dataset
Civil Lines Roorkee,ZONE-RK02,Ward 12,2.7,7.4,19.5,0.4,265.11,0.51,1.54,92.0,0.61,14,0,0.0,Roorkee & Haridwar Hydro-Meteorological Station Dataset
Civil Lines Roorkee,ZONE-RK02,Ward 12,2.6,8.1,19.0,8.4,265.02,0.48,1.77,92.8,0.6,14,0,0.0,Roorkee & Haridwar Hydro-Meteorological Station Dataset
Civil Lines Roorkee,ZONE-RK02,Ward 12,2.8,8.2,20.0,0.0,265.09,0.48,1.58,91.0,0.58,14,0,0.0,Roorkee & Haridwar Hydro-Meteorological Station Dataset
Civil Lines Roorkee,ZONE-RK02,Ward 12,2.2,7.8,17.8,0.0,264.95,0.49,1.69,89.5,0.6,14,0,0.0,Roorkee & Haridwar Hydro-Meteorological Station Dataset
Civil Lines Roorkee,ZONE-RK02,Ward 12,3.1,6.3,18.0,6.1,264.8,0.51,1.56,92.1,0.62,14,0,0.0,Roorkee & Haridwar Hydro-Meteorological Station Dataset
Civil Lines Roorkee,ZONE-RK02,Ward 12,2.6,8.7,18.4,0.0,265.15,0.46,1.66,92.9,0.63,14,0,0.0,Roorkee & Haridwar Hydro-Meteorological Station Dataset
Civil Lines Roorkee,ZONE-RK02,Ward 12,2.6,7.8,16.5,7.4,264.79,0.53,1.58,91.8,0.61,14,0,0.0,Roorkee & Haridwar Hydro-Meteorological Station Dataset
Civil Lines Roorkee,ZONE-RK02,Ward 12,2.6,8.1,16.6,0.0,264.82,0.44,1.72,90.9,0.64,14,0,0.0,Roorkee & Haridwar Hydro-Meteorological Station Dataset
Civil Lines Roorkee,ZONE-RK02,Ward 12,2.6,8.7,19.5,12.1,264.69,0.38,1.49,94.9,0.61,14,0,0.0,Roorkee & Haridwar Hydro-Meteorological Station Dataset
Civil Lines Roorkee,ZONE-RK02,Ward 12,2.5,8.2,18.2,3.7,264.48,0.46,1.59,92.9,0.63,14,0,0.0,Roorkee & Haridwar Hydro-Meteorological Station Dataset
Civil Lines Roorkee,ZONE-RK02,Ward 12,2.7,7.8,16.9,9.7,264.81,0.55,1.57,94.1,0.63,14,0,0.0,Roorkee & Haridwar Hydro-Meteorological Station Dataset
Civil Lines Roorkee,ZONE-RK02,Ward 12,2.8,7.8,17.7,6.6,264.66,0.52,1.58,94.8,0.6,14,0,0.0,Roorkee & Haridwar Hydro-Meteorological Station Dataset
Civil Lines Roorkee,ZONE-RK02,Ward 12,2.4,6.9,21.5,6.0,265.27,0.5,1.57,92.7,0.61,14,0,0.0,Roorkee & Haridwar Hydro-Meteorological Station Dataset
Civil Lines Roorkee,ZONE-RK02,Ward 12,2.3,7.4,20.0,0.0,265.18,0.46,1.79,91.0,0.5,14,0,0.0,Roorkee & Haridwar Hydro-Meteorological Station Dataset
Civil Lines Roorkee,ZONE-RK02,Ward 12,2.4,8.5,18.5,13.4,265.07,0.44,1.61,90.4,0.63,14,0,0.0,Roorkee & Haridwar Hydro-Meteorological Station Dataset
Civil Lines Roorkee,ZONE-RK02,Ward 12,2.0,7.3,20.5,5.9,265.13,0.51,1.7,91.5,0.57,14,0,0.0,Roorkee & Haridwar Hydro-Meteorological Station Dataset
Civil Lines Roorkee,ZONE-RK02,Ward 12,2.6,8.2,21.1,3.6,264.62,0.46,1.61,91.3,0.63,14,0,0.0,Roorkee & Haridwar Hydro-Meteorological Station Dataset
Civil Lines Roorkee,ZONE-RK02,Ward 12,2.5,8.0,18.5,9.8,265.15,0.45,1.48,91.8,0.61,14,0,0.0,Roorkee & Haridwar Hydro-Meteorological Station Dataset
Civil Lines Roorkee,ZONE-RK02,Ward 12,2.7,9.3,17.7,6.2,265.16,0.47,1.68,91.1,0.66,14,0,0.0,Roorkee & Haridwar Hydro-Meteorological Station Dataset
Civil Lines Roorkee,ZONE-RK02,Ward 12,2.8,7.3,17.4,6.3,264.88,0.48,1.5,94.0,0.59,14,0,0.0,Roorkee & Haridwar Hydro-Meteorological Station Dataset
Civil Lines Roorkee,ZONE-RK02,Ward 12,2.5,9.7,19.3,11.6,264.76,0.5,1.59,92.0,0.62,14,0,0.0,Roorkee & Haridwar Hydro-Meteorological Station Dataset
Civil Lines Roorkee,ZONE-RK02,Ward 12,2.5,7.5,19.1,15.6,265.03,0.49,1.58,91.5,0.61,14,0,0.0,Roorkee & Haridwar Hydro-Meteorological Station Dataset
Civil Lines Roorkee,ZONE-RK02,Ward 12,2.4,8.0,22.8,0.0,265.04,0.52,1.64,92.5,0.64,14,0,0.0,Roorkee & Haridwar Hydro-Meteorological Station Dataset
Civil Lines Roorkee,ZONE-RK02,Ward 12,2.7,8.4,18.2,6.1,264.82,0.48,1.64,93.8,0.58,14,0,0.0,Roorkee & Haridwar Hydro-Meteorological Station Dataset
Civil Lines Roorkee,ZONE-RK02,Ward 12,2.5,8.8,15.5,6.1,264.78,0.44,1.47,91.5,0.63,14,0,0.0,Roorkee & Haridwar Hydro-Meteorological Station Dataset
Civil Lines Roorkee,ZONE-RK02,Ward 12,2.6,8.3,19.3,2.6,265.03,0.4,1.59,91.9,0.61,14,0,0.0,Roorkee & Haridwar Hydro-Meteorological Station Dataset
Civil Lines Roorkee,ZONE-RK02,Ward 12,2.1,7.7,20.4,1.0,264.84,0.46,1.67,93.8,0.54,14,0,0.0,Roorkee & Haridwar Hydro-Meteorological Station Dataset
Civil Lines Roorkee,ZONE-RK02,Ward 12,2.5,6.0,17.5,2.4,265.0,0.49,1.57,90.9,0.69,14,0,0.0,Roorkee & Haridwar Hydro-Meteorological Station Dataset
Civil Lines Roorkee,ZONE-RK02,Ward 12,2.5,9.0,18.6,0.0,265.01,0.47,1.59,91.3,0.55,14,0,0.0,Roorkee & Haridwar Hydro-Meteorological Station Dataset
Civil Lines Roorkee,ZONE-RK02,Ward 12,0.0,0.0,0.0,0.0,264.94,0.51,1.57,91.5,0.55,14,0,0.0,Roorkee & Haridwar Hydro-Meteorological Station Dataset
Civil Lines Roorkee,ZONE-RK02,Ward 12,0.0,0.0,0.0,7.5,265.02,0.45,1.48,92.3,0.56,14,0,0.0,Roorkee & Haridwar Hydro-Meteorological Station Dataset
Civil Lines Roorkee,ZONE-RK02,Ward 12,0.0,0.0,0.0,0.0,265.3,0.62,1.58,91.2,0.65,14,0,0.0,Roorkee & Haridwar Hydro-Meteorological Station Dataset
Civil Lines Roorkee,ZONE-RK02,Ward 12,0.0,0.0,0.0,7.3,265.14,0.44,1.47,92.6,0.66,14,0,0.0,Roorkee & Haridwar Hydro-Meteorological Station Dataset
Civil Lines Roorkee,ZONE-RK02,Ward 12,0.0,0.0,0.0,0.0,264.59,0.48,1.57,92.5,0.61,14,0,0.0,Roorkee & Haridwar Hydro-Meteorological Station Dataset
Civil Lines Roorkee,ZONE-RK02,Ward 12,0.0,0.0,0.0,0.0,265.01,0.5,1.61,92.6,0.57,14,0,0.0,Roorkee & Haridwar Hydro-Meteorological Station Dataset
Civil Lines Roorkee,ZONE-RK02,Ward 12,0.0,0.0,0.0,9.3,265.16,0.5,1.55,92.1,0.59,14,0,0.0,Roorkee & Haridwar Hydro-Meteorological Station Dataset
Civil Lines Roorkee,ZONE-RK02,Ward 12,0.0,0.0,0.0,0.0,264.62,0.52,1.47,93.3,0.62,14,0,0.0,Roorkee & Haridwar Hydro-Meteorological Station Dataset
Civil Lines Roorkee,ZONE-RK02,Ward 12,0.0,0.0,0.0,0.0,265.18,0.46,1.52,91.0,0.61,14,0,0.0,Roorkee & Haridwar Hydro-Meteorological Station Dataset
Civil Lines Roorkee,ZONE-RK02,Ward 12,0.0,0.0,0.0,3.3,264.72,0.55,1.59,90.6,0.57,14,0,0.0,Roorkee & Haridwar Hydro-Meteorological Station Dataset
Civil Lines Roorkee,ZONE-RK02,Ward 12,0.0,0.0,0.0,8.0,265.09,0.51,1.46,91.5,0.6,14,0,0.0,Roorkee & Haridwar Hydro-Meteorological Station Dataset
Civil Lines Roorkee,ZONE-RK02,Ward 12,0.0,0.0,0.0,0.0,265.05,0.49,1.42,91.3,0.53,14,0,0.0,Roorkee & Haridwar Hydro-Meteorological Station Dataset
Civil Lines Roorkee,ZONE-RK02,Ward 12,0.0,0.0,0.0,0.0,265.1,0.5,1.69,92.0,0.61,14,0,0.0,Roorkee & Haridwar Hydro-Meteorological Station Dataset
Civil Lines Roorkee,ZONE-RK02,Ward 12,0.0,0.0,0.0,0.0,265.03,0.49,1.55,91.2,0.62,14,0,0.0,Roorkee & Haridwar Hydro-Meteorological Station Dataset
Civil Lines Roorkee,ZONE-RK02,Ward 12,0.0,0.0,0.0,11.1,264.92,0.55,1.6,92.9,0.65,14,0,0.0,Roorkee & Haridwar Hydro-Meteorological Station Dataset
Civil Lines Roorkee,ZONE-RK02,Ward 12,0.0,0.0,0.0,15.8,264.93,0.51,1.62,91.2,0.61,14,0,0.0,Roorkee & Haridwar Hydro-Meteorological Station Dataset
Civil Lines Roorkee,ZONE-RK02,Ward 12,0.0,0.0,0.0,17.6,265.2,0.55,1.71,91.9,0.63,14,0,0.0,Roorkee & Haridwar Hydro-Meteorological Station Dataset
Civil Lines Roorkee,ZONE-RK02,Ward 12,0.0,0.0,0.0,0.0,265.23,0.52,1.45,92.7,0.58,14,0,0.0,Roorkee & Haridwar Hydro-Meteorological Station Dataset
Civil Lines Roorkee,ZONE-RK02,Ward 12,0.0,0.0,0.0,0.0,264.9,0.5,1.68,92.8,0.53,14,0,0.0,Roorkee & Haridwar Hydro-Meteorological Station Dataset
Civil Lines Roorkee,ZONE-RK02,Ward 12,0.0,0.0,0.0,0.0,264.59,0.49,1.6,91.7,0.62,14,0,0.0,Roorkee & Haridwar Hydro-Meteorological Station Dataset
Civil Lines Roorkee,ZONE-RK02,Ward 12,0.0,0.0,0.0,0.0,265.23,0.49,1.66,91.9,0.57,14,0,0.0,Roorkee & Haridwar Hydro-Meteorological Station Dataset
Civil Lines Roorkee,ZONE-RK02,Ward 12,0.0,0.0,0.0,0.0,265.04,0.48,1.65,90.5,0.67,14,0,0.0,Roorkee & Haridwar Hydro-Meteorological Station Dataset
Civil Lines Roorkee,ZONE-RK02,Ward 12,0.0,0.0,0.0,0.0,265.12,0.48,1.63,90.0,0.61,14,0,0.0,Roorkee & Haridwar Hydro-Meteorological Station Dataset
Civil Lines Roorkee,ZONE-RK02,Ward 12,0.0,0.0,0.0,2.0,265.01,0.49,1.52,91.6,0.63,14,0,0.0,Roorkee & Haridwar Hydro-Meteorological Station Dataset
Civil Lines Roorkee,ZONE-RK02,Ward 12,0.0,0.0,0.0,0.0,264.91,0.5,1.58,91.3,0.63,14,0,0.0,Roorkee & Haridwar Hydro-Meteorological Station Dataset
Civil Lines Roorkee,ZONE-RK02,Ward 12,0.0,0.0,0.0,0.0,265.23,0.55,1.56,91.4,0.56,14,0,0.0,Roorkee & Haridwar Hydro-Meteorological Station Dataset
Civil Lines Roorkee,ZONE-RK02,Ward 12,0.0,0.0,0.0,0.0,265.13,0.46,1.66,93.1,0.58,14,0,0.0,Roorkee & Haridwar Hydro-Meteorological Station Dataset
Civil Lines Roorkee,ZONE-RK02,Ward 12,0.0,0.0,0.0,0.0,264.81,0.5,1.65,92.1,0.62,14,0,0.0,Roorkee & Haridwar Hydro-Meteorological Station Dataset
Civil Lines Roorkee,ZONE-RK02,Ward 12,0.0,0.0,0.0,0.0,265.08,0.49,1.56,91.8,0.62,14,0,0.0,Roorkee & Haridwar Hydro-Meteorological Station Dataset
Civil Lines Roorkee,ZONE-RK02,Ward 12,0.0,0.0,0.0,0.0,265.15,0.53,1.6,92.8,0.58,14,0,0.0,Roorkee & Haridwar Hydro-Meteorological Station Dataset
Civil Lines Roorkee,ZONE-RK02,Ward 12,0.0,0.0,0.0,6.6,265.02,0.56,1.67,93.3,0.66,14,0,0.0,Roorkee & Haridwar Hydro-Meteorological Station Dataset
Civil Lines Roorkee,ZONE-RK02,Ward 12,0.0,0.0,0.0,0.0,265.17,0.5,1.57,92.7,0.66,14,0,0.0,Roorkee & Haridwar Hydro-Meteorological Station Dataset
Civil Lines Roorkee,ZONE-RK02,Ward 12,0.0,0.0,0.0,0.0,265.11,0.45,1.58,91.7,0.59,14,0,0.0,Roorkee & Haridwar Hydro-Meteorological Station Dataset
Civil Lines Roorkee,ZONE-RK02,Ward 12,0.0,0.0,0.0,0.0,264.83,0.5,1.66,91.8,0.61,14,0,0.0,Roorkee & Haridwar Hydro-Meteorological Station Dataset
Civil Lines Roorkee,ZONE-RK02,Ward 12,0.0,0.0,0.0,26.1,264.66,0.46,1.59,94.9,0.6,14,0,0.0,Roorkee & Haridwar Hydro-Meteorological Station Dataset
Solani River Aqueduct Basin,ZONE-RK03,Ward 18,37.9,156.5,348.3,195.7,260.25,0.28,1.08,68.3,0.18,19,1,65.0,Roorkee & Haridwar Hydro-Meteorological Station Dataset
Solani River Aqueduct Basin,ZONE-RK03,Ward 18,39.4,142.9,409.6,186.8,260.86,0.31,1.23,69.0,0.07,19,1,68.2,Roorkee & Haridwar Hydro-Meteorological Station Dataset
Solani River Aqueduct Basin,ZONE-RK03,Ward 18,45.2,137.2,408.6,174.3,259.75,0.29,1.36,68.2,0.15,19,1,65.5,Roorkee & Haridwar Hydro-Meteorological Station Dataset
Solani River Aqueduct Basin,ZONE-RK03,Ward 18,52.1,168.9,349.0,187.8,259.94,0.29,1.24,69.5,0.08,19,1,66.4,Roorkee & Haridwar Hydro-Meteorological Station Dataset
Solani River Aqueduct Basin,ZONE-RK03,Ward 18,46.3,145.4,349.5,206.5,260.13,0.26,1.1,65.2,0.1,19,1,68.3,Roorkee & Haridwar Hydro-Meteorological Station Dataset
Solani River Aqueduct Basin,ZONE-RK03,Ward 18,41.9,131.2,371.1,201.9,259.96,0.33,1.05,67.6,0.13,19,1,69.9,Roorkee & Haridwar Hydro-Meteorological Station Dataset
Solani River Aqueduct Basin,ZONE-RK03,Ward 18,38.5,176.0,401.3,185.7,259.83,0.29,1.21,67.2,0.05,19,1,67.0,Roorkee & Haridwar Hydro-Meteorological Station Dataset
Solani River Aqueduct Basin,ZONE-RK03,Ward 18,37.4,165.2,311.1,194.4,259.64,0.33,1.15,67.9,0.08,19,1,69.5,Roorkee & Haridwar Hydro-Meteorological Station Dataset
Solani River Aqueduct Basin,ZONE-RK03,Ward 18,46.8,190.3,344.5,169.8,260.06,0.23,1.02,69.5,0.06,19,1,64.4,Roorkee & Haridwar Hydro-Meteorological Station Dataset
Solani River Aqueduct Basin,ZONE-RK03,Ward 18,43.9,143.1,433.4,185.3,259.85,0.37,1.35,66.9,0.05,19,1,64.8,Roorkee & Haridwar Hydro-Meteorological Station Dataset
Solani River Aqueduct Basin,ZONE-RK03,Ward 18,41.2,182.4,318.7,194.9,260.14,0.31,1.19,67.8,0.06,19,1,66.7,Roorkee & Haridwar Hydro-Meteorological Station Dataset
Solani River Aqueduct Basin,ZONE-RK03,Ward 18,36.3,127.6,332.7,182.2,259.63,0.35,1.32,67.4,0.15,19,1,67.8,Roorkee & Haridwar Hydro-Meteorological Station Dataset
Solani River Aqueduct Basin,ZONE-RK03,Ward 18,45.8,148.8,329.3,198.9,260.23,0.29,1.08,66.2,0.1,19,1,69.9,Roorkee & Haridwar Hydro-Meteorological Station Dataset
Solani River Aqueduct Basin,ZONE-RK03,Ward 18,41.3,147.2,353.8,194.2,259.96,0.3,1.26,68.3,0.08,19,1,65.6,Roorkee & Haridwar Hydro-Meteorological Station Dataset
Solani River Aqueduct Basin,ZONE-RK03,Ward 18,42.2,163.1,364.3,193.0,260.14,0.27,1.15,66.9,0.15,19,1,67.3,Roorkee & Haridwar Hydro-Meteorological Station Dataset
Solani River Aqueduct Basin,ZONE-RK03,Ward 18,36.9,146.0,403.3,184.6,260.0,0.33,1.2,67.2,0.09,19,1,66.8,Roorkee & Haridwar Hydro-Meteorological Station Dataset
Solani River Aqueduct Basin,ZONE-RK03,Ward 18,52.0,181.5,391.6,206.5,259.97,0.35,1.27,66.2,0.15,19,1,66.1,Roorkee & Haridwar Hydro-Meteorological Station Dataset
Solani River Aqueduct Basin,ZONE-RK03,Ward 18,40.1,166.3,363.6,185.7,260.22,0.34,1.25,66.8,0.06,19,1,68.9,Roorkee & Haridwar Hydro-Meteorological Station Dataset
Solani River Aqueduct Basin,ZONE-RK03,Ward 18,42.0,153.0,393.7,203.0,259.83,0.3,1.2,68.5,0.15,19,1,68.4,Roorkee & Haridwar Hydro-Meteorological Station Dataset
Solani River Aqueduct Basin,ZONE-RK03,Ward 18,45.1,169.0,334.8,195.3,260.19,0.33,1.21,68.3,0.1,19,1,65.8,Roorkee & Haridwar Hydro-Meteorological Station Dataset
Solani River Aqueduct Basin,ZONE-RK03,Ward 18,35.9,129.5,333.0,196.3,259.95,0.29,1.15,68.5,0.15,19,1,68.7,Roorkee & Haridwar Hydro-Meteorological Station Dataset
Solani River Aqueduct Basin,ZONE-RK03,Ward 18,40.1,143.3,408.1,189.2,259.95,0.31,1.13,69.9,0.11,19,1,65.3,Roorkee & Haridwar Hydro-Meteorological Station Dataset
Solani River Aqueduct Basin,ZONE-RK03,Ward 18,32.8,157.4,387.0,190.0,259.92,0.36,1.19,66.3,0.09,19,1,69.2,Roorkee & Haridwar Hydro-Meteorological Station Dataset
Solani River Aqueduct Basin,ZONE-RK03,Ward 18,36.1,150.8,372.5,197.2,260.15,0.34,1.21,67.5,0.09,19,1,66.4,Roorkee & Haridwar Hydro-Meteorological Station Dataset
Solani River Aqueduct Basin,ZONE-RK03,Ward 18,50.2,160.2,393.0,185.9,259.73,0.29,0.95,70.3,0.15,19,1,64.5,Roorkee & Haridwar Hydro-Meteorological Station Dataset
Solani River Aqueduct Basin,ZONE-RK03,Ward 18,39.6,176.4,325.0,192.6,260.13,0.25,1.28,68.9,0.11,19,1,65.0,Roorkee & Haridwar Hydro-Meteorological Station Dataset
Solani River Aqueduct Basin,ZONE-RK03,Ward 18,40.1,159.8,334.9,186.6,260.3,0.25,1.19,67.6,0.08,19,1,68.1,Roorkee & Haridwar Hydro-Meteorological Station Dataset
Solani River Aqueduct Basin,ZONE-RK03,Ward 18,45.7,168.0,377.2,194.9,260.02,0.3,1.21,67.1,0.14,19,1,66.3,Roorkee & Haridwar Hydro-Meteorological Station Dataset
Solani River Aqueduct Basin,ZONE-RK03,Ward 18,43.3,159.5,346.5,189.2,260.45,0.32,1.22,67.0,0.05,19,1,65.6,Roorkee & Haridwar Hydro-Meteorological Station Dataset
Solani River Aqueduct Basin,ZONE-RK03,Ward 18,35.3,164.7,410.7,186.6,259.8,0.28,1.3,67.6,0.11,19,1,69.8,Roorkee & Haridwar Hydro-Meteorological Station Dataset
Solani River Aqueduct Basin,ZONE-RK03,Ward 18,46.8,157.7,301.7,181.7,260.27,0.27,1.14,65.9,0.05,19,1,65.3,Roorkee & Haridwar Hydro-Meteorological Station Dataset
Solani River Aqueduct Basin,ZONE-RK03,Ward 18,46.5,170.8,367.9,183.6,259.47,0.29,1.23,66.7,0.05,19,1,69.0,Roorkee & Haridwar Hydro-Meteorological Station Dataset
Solani River Aqueduct Basin,ZONE-RK03,Ward 18,35.0,169.1,350.7,192.3,259.57,0.39,1.23,68.7,0.11,19,1,66.8,Roorkee & Haridwar Hydro-Meteorological Station Dataset
Solani River Aqueduct Basin,ZONE-RK03,Ward 18,45.9,164.6,339.1,192.5,259.9,0.24,1.08,68.7,0.05,19,1,69.6,Roorkee & Haridwar Hydro-Meteorological Station Dataset
Solani River Aqueduct Basin,ZONE-RK03,Ward 18,45.6,181.3,318.8,190.2,259.95,0.36,1.1,67.9,0.16,19,1,64.8,Roorkee & Haridwar Hydro-Meteorological Station Dataset
Solani River Aqueduct Basin,ZONE-RK03,Ward 18,50.9,192.3,467.5,232.1,260.33,0.23,1.27,67.6,0.07,19,1,64.8,Roorkee & Haridwar Hydro-Meteorological Station Dataset
Solani River Aqueduct Basin,ZONE-RK03,Ward 18,46.0,266.3,464.6,245.1,259.8,0.26,1.23,67.9,0.06,19,1,65.8,Roorkee & Haridwar Hydro-Meteorological Station Dataset
Solani River Aqueduct Basin,ZONE-RK03,Ward 18,49.1,204.5,447.0,229.5,260.3,0.33,1.03,68.9,0.11,19,1,69.9,Roorkee & Haridwar Hydro-Meteorological Station Dataset
Solani River Aqueduct Basin,ZONE-RK03,Ward 18,56.8,231.7,460.7,228.5,259.73,0.28,1.16,68.2,0.15,19,1,64.8,Roorkee & Haridwar Hydro-Meteorological Station Dataset
Solani River Aqueduct Basin,ZONE-RK03,Ward 18,61.6,208.0,462.2,239.1,260.36,0.32,1.32,67.8,0.15,19,1,69.2,Roorkee & Haridwar Hydro-Meteorological Station Dataset
Solani River Aqueduct Basin,ZONE-RK03,Ward 18,54.7,218.6,423.6,246.7,259.94,0.32,1.14,69.1,0.06,19,1,66.4,Roorkee & Haridwar Hydro-Meteorological Station Dataset
Solani River Aqueduct Basin,ZONE-RK03,Ward 18,47.4,187.1,430.4,236.6,260.25,0.33,1.12,67.6,0.06,19,1,67.3,Roorkee & Haridwar Hydro-Meteorological Station Dataset
Solani River Aqueduct Basin,ZONE-RK03,Ward 18,48.0,217.2,448.9,239.9,259.99,0.35,1.06,67.9,0.14,19,1,67.3,Roorkee & Haridwar Hydro-Meteorological Station Dataset
Solani River Aqueduct Basin,ZONE-RK03,Ward 18,59.5,198.4,452.8,237.7,259.98,0.32,1.27,68.4,0.07,19,1,68.9,Roorkee & Haridwar Hydro-Meteorological Station Dataset
Solani River Aqueduct Basin,ZONE-RK03,Ward 18,44.1,179.8,560.5,249.7,259.99,0.27,1.19,67.9,0.05,19,1,64.7,Roorkee & Haridwar Hydro-Meteorological Station Dataset
Solani River Aqueduct Basin,ZONE-RK03,Ward 18,49.0,217.2,417.5,238.6,260.1,0.26,1.25,69.1,0.14,19,1,67.7,Roorkee & Haridwar Hydro-Meteorological Station Dataset
Solani River Aqueduct Basin,ZONE-RK03,Ward 18,54.6,173.0,408.3,245.7,260.35,0.31,1.14,68.9,0.08,19,1,65.0,Roorkee & Haridwar Hydro-Meteorological Station Dataset
Solani River Aqueduct Basin,ZONE-RK03,Ward 18,51.2,247.7,514.6,239.3,259.94,0.37,1.24,66.3,0.14,19,1,65.4,Roorkee & Haridwar Hydro-Meteorological Station Dataset
Solani River Aqueduct Basin,ZONE-RK03,Ward 18,56.5,209.0,388.9,242.2,259.96,0.33,1.36,67.2,0.06,19,1,66.9,Roorkee & Haridwar Hydro-Meteorological Station Dataset
Solani River Aqueduct Basin,ZONE-RK03,Ward 18,51.2,211.5,507.7,248.0,259.65,0.25,1.16,67.0,0.08,19,1,64.8,Roorkee & Haridwar Hydro-Meteorological Station Dataset
Solani River Aqueduct Basin,ZONE-RK03,Ward 18,50.6,237.1,417.2,247.9,259.91,0.33,1.25,68.3,0.15,19,1,65.5,Roorkee & Haridwar Hydro-Meteorological Station Dataset
Solani River Aqueduct Basin,ZONE-RK03,Ward 18,54.2,259.6,468.1,223.6,259.58,0.29,1.16,69.1,0.05,19,1,68.1,Roorkee & Haridwar Hydro-Meteorological Station Dataset
Solani River Aqueduct Basin,ZONE-RK03,Ward 18,56.7,218.0,456.0,243.8,259.86,0.37,1.08,68.2,0.12,19,1,66.9,Roorkee & Haridwar Hydro-Meteorological Station Dataset
Solani River Aqueduct Basin,ZONE-RK03,Ward 18,59.4,201.8,480.0,241.0,259.73,0.29,1.21,66.6,0.16,19,1,65.7,Roorkee & Haridwar Hydro-Meteorological Station Dataset
Solani River Aqueduct Basin,ZONE-RK03,Ward 18,51.4,181.6,458.4,233.4,260.13,0.35,1.12,68.2,0.06,19,1,66.8,Roorkee & Haridwar Hydro-Meteorological Station Dataset
Solani River Aqueduct Basin,ZONE-RK03,Ward 18,56.1,220.9,452.1,237.4,259.93,0.35,1.34,70.0,0.06,19,1,65.6,Roorkee & Haridwar Hydro-Meteorological Station Dataset
Solani River Aqueduct Basin,ZONE-RK03,Ward 18,48.1,213.1,469.9,227.9,259.87,0.29,1.32,68.3,0.12,19,1,67.4,Roorkee & Haridwar Hydro-Meteorological Station Dataset
Solani River Aqueduct Basin,ZONE-RK03,Ward 18,58.2,226.0,544.5,248.1,259.77,0.26,1.16,67.9,0.05,19,1,68.8,Roorkee & Haridwar Hydro-Meteorological Station Dataset
Solani River Aqueduct Basin,ZONE-RK03,Ward 18,47.1,183.6,488.0,234.6,260.05,0.29,1.24,66.3,0.09,19,1,69.8,Roorkee & Haridwar Hydro-Meteorological Station Dataset
Solani River Aqueduct Basin,ZONE-RK03,Ward 18,53.0,201.2,490.7,242.6,259.94,0.37,1.19,67.3,0.12,19,1,68.5,Roorkee & Haridwar Hydro-Meteorological Station Dataset
Solani River Aqueduct Basin,ZONE-RK03,Ward 18,52.3,203.8,510.3,238.3,260.39,0.32,1.2,68.5,0.13,19,1,66.7,Roorkee & Haridwar Hydro-Meteorological Station Dataset
Solani River Aqueduct Basin,ZONE-RK03,Ward 18,59.2,197.7,519.3,246.6,259.75,0.32,1.12,68.0,0.08,19,1,65.4,Roorkee & Haridwar Hydro-Meteorological Station Dataset
Solani River Aqueduct Basin,ZONE-RK03,Ward 18,55.8,217.0,472.3,229.4,260.09,0.35,1.11,67.6,0.05,19,1,65.3,Roorkee & Haridwar Hydro-Meteorological Station Dataset
Solani River Aqueduct Basin,ZONE-RK03,Ward 18,53.2,240.7,507.4,244.0,260.15,0.27,1.18,66.0,0.09,19,1,67.4,Roorkee & Haridwar Hydro-Meteorological Station Dataset
Solani River Aqueduct Basin,ZONE-RK03,Ward 18,49.6,218.0,485.3,245.9,259.72,0.29,1.17,67.1,0.1,19,1,65.1,Roorkee & Haridwar Hydro-Meteorological Station Dataset
Solani River Aqueduct Basin,ZONE-RK03,Ward 18,54.5,217.4,536.1,240.1,260.2,0.3,1.22,67.3,0.05,19,1,64.6,Roorkee & Haridwar Hydro-Meteorological Station Dataset
Solani River Aqueduct Basin,ZONE-RK03,Ward 18,48.1,198.7,527.5,239.1,259.82,0.31,1.26,68.5,0.08,19,1,69.8,Roorkee & Haridwar Hydro-Meteorological Station Dataset
Solani River Aqueduct Basin,ZONE-RK03,Ward 18,55.6,224.1,507.3,243.1,260.2,0.31,1.23,65.7,0.11,19,1,67.2,Roorkee & Haridwar Hydro-Meteorological Station Dataset
Solani River Aqueduct Basin,ZONE-RK03,Ward 18,58.6,184.9,412.6,240.2,260.24,0.26,1.24,67.7,0.14,19,1,66.8,Roorkee & Haridwar Hydro-Meteorological Station Dataset
Solani River Aqueduct Basin,ZONE-RK03,Ward 18,59.3,161.2,412.5,244.9,260.32,0.29,1.03,67.7,0.12,19,1,64.9,Roorkee & Haridwar Hydro-Meteorological Station Dataset
Solani River Aqueduct Basin,ZONE-RK03,Ward 18,41.7,125.0,314.6,103.8,259.95,0.29,1.34,67.6,0.12,19,1,67.1,Roorkee & Haridwar Hydro-Meteorological Station Dataset
Solani River Aqueduct Basin,ZONE-RK03,Ward 18,32.5,104.1,295.5,112.8,260.21,0.27,1.11,69.2,0.13,19,1,69.7,Roorkee & Haridwar Hydro-Meteorological Station Dataset
Solani River Aqueduct Basin,ZONE-RK03,Ward 18,39.5,145.6,348.7,112.0,260.13,0.37,1.12,69.4,0.06,19,1,67.2,Roorkee & Haridwar Hydro-Meteorological Station Dataset
Solani River Aqueduct Basin,ZONE-RK03,Ward 18,37.0,115.8,277.8,127.0,259.85,0.32,1.34,69.5,0.05,19,1,65.2,Roorkee & Haridwar Hydro-Meteorological Station Dataset
Solani River Aqueduct Basin,ZONE-RK03,Ward 18,32.0,127.7,292.7,117.1,259.7,0.25,1.14,68.2,0.11,19,1,65.4,Roorkee & Haridwar Hydro-Meteorological Station Dataset
Solani River Aqueduct Basin,ZONE-RK03,Ward 18,38.5,122.5,302.7,105.2,260.12,0.3,1.22,68.1,0.12,19,1,67.2,Roorkee & Haridwar Hydro-Meteorological Station Dataset
Solani River Aqueduct Basin,ZONE-RK03,Ward 18,32.6,124.0,271.6,106.1,260.41,0.35,1.18,67.7,0.06,19,1,64.9,Roorkee & Haridwar Hydro-Meteorological Station Dataset
Solani River Aqueduct Basin,ZONE-RK03,Ward 18,34.6,137.3,240.4,101.7,260.25,0.31,1.03,68.0,0.14,19,1,66.5,Roorkee & Haridwar Hydro-Meteorological Station Dataset
Solani River Aqueduct Basin,ZONE-RK03,Ward 18,30.2,118.8,266.1,110.8,259.65,0.26,1.18,70.6,0.05,19,1,69.7,Roorkee & Haridwar Hydro-Meteorological Station Dataset
Solani River Aqueduct Basin,ZONE-RK03,Ward 18,26.0,148.0,268.5,103.7,260.31,0.26,1.15,68.1,0.12,19,1,68.5,Roorkee & Haridwar Hydro-Meteorological Station Dataset
Solani River Aqueduct Basin,ZONE-RK03,Ward 18,36.0,106.6,285.1,117.7,259.97,0.3,1.33,66.8,0.06,19,1,67.1,Roorkee & Haridwar Hydro-Meteorological Station Dataset
Solani River Aqueduct Basin,ZONE-RK03,Ward 18,37.4,137.5,340.8,113.2,260.07,0.33,1.25,66.9,0.11,19,1,68.9,Roorkee & Haridwar Hydro-Meteorological Station Dataset
Solani River Aqueduct Basin,ZONE-RK03,Ward 18,40.9,139.8,299.1,94.2,259.87,0.32,1.0,66.5,0.09,19,1,69.6,Roorkee & Haridwar Hydro-Meteorological Station Dataset
Solani River Aqueduct Basin,ZONE-RK03,Ward 18,32.9,154.9,320.3,101.0,259.94,0.32,1.15,68.1,0.08,19,1,66.2,Roorkee & Haridwar Hydro-Meteorological Station Dataset
Solani River Aqueduct Basin,ZONE-RK03,Ward 18,33.6,129.6,240.4,115.1,259.78,0.23,1.28,68.6,0.06,19,1,64.2,Roorkee & Haridwar Hydro-Meteorological Station Dataset
Solani River Aqueduct Basin,ZONE-RK03,Ward 18,38.1,141.6,312.0,119.8,260.02,0.27,1.26,66.5,0.13,19,1,66.7,Roorkee & Haridwar Hydro-Meteorological Station Dataset
Solani River Aqueduct Basin,ZONE-RK03,Ward 18,35.6,147.6,330.8,105.5,260.01,0.27,1.23,68.5,0.05,19,1,64.9,Roorkee & Haridwar Hydro-Meteorological Station Dataset
Solani River Aqueduct Basin,ZONE-RK03,Ward 18,38.0,123.1,324.7,106.9,259.87,0.28,1.0,67.5,0.12,19,1,69.0,Roorkee & Haridwar Hydro-Meteorological Station Dataset
Solani River Aqueduct Basin,ZONE-RK03,Ward 18,36.7,110.8,292.5,126.1,259.65,0.34,1.12,67.7,0.12,19,1,68.9,Roorkee & Haridwar Hydro-Meteorological Station Dataset
Solani River Aqueduct Basin,ZONE-RK03,Ward 18,33.8,113.6,291.6,118.8,260.06,0.29,1.32,67.9,0.06,19,1,69.5,Roorkee & Haridwar Hydro-Meteorological Station Dataset
Solani River Aqueduct Basin,ZONE-RK03,Ward 18,35.2,118.4,305.1,120.1,259.96,0.28,1.17,67.2,0.12,19,1,65.3,Roorkee & Haridwar Hydro-Meteorological Station Dataset
Solani River Aqueduct Basin,ZONE-RK03,Ward 18,31.3,112.8,294.1,85.4,260.16,0.29,1.17,68.2,0.05,19,1,67.5,Roorkee & Haridwar Hydro-Meteorological Station Dataset
Solani River Aqueduct Basin,ZONE-RK03,Ward 18,36.3,133.5,254.4,112.0,259.7,0.27,1.31,68.6,0.15,19,1,65.0,Roorkee & Haridwar Hydro-Meteorological Station Dataset
Solani River Aqueduct Basin,ZONE-RK03,Ward 18,36.4,135.7,282.9,103.1,260.06,0.25,1.18,66.4,0.21,19,1,66.4,Roorkee & Haridwar Hydro-Meteorological Station Dataset
Solani River Aqueduct Basin,ZONE-RK03,Ward 18,34.3,114.0,363.2,119.3,260.04,0.32,0.97,67.8,0.11,19,1,67.1,Roorkee & Haridwar Hydro-Meteorological Station Dataset
Solani River Aqueduct Basin,ZONE-RK03,Ward 18,32.2,131.4,317.1,110.9,260.28,0.3,1.21,67.4,0.1,19,1,64.7,Roorkee & Haridwar Hydro-Meteorological Station Dataset
Solani River Aqueduct Basin,ZONE-RK03,Ward 18,34.4,106.0,325.1,115.2,259.92,0.32,1.36,68.3,0.07,19,1,66.5,Roorkee & Haridwar Hydro-Meteorological Station Dataset
Solani River Aqueduct Basin,ZONE-RK03,Ward 18,31.0,146.7,256.2,108.0,259.94,0.25,1.26,67.4,0.15,19,1,65.7,Roorkee & Haridwar Hydro-Meteorological Station Dataset
Solani River Aqueduct Basin,ZONE-RK03,Ward 18,36.1,125.4,273.2,116.8,260.07,0.3,1.11,66.8,0.06,19,1,65.7,Roorkee & Haridwar Hydro-Meteorological Station Dataset
Solani River Aqueduct Basin,ZONE-RK03,Ward 18,36.3,137.8,263.3,115.3,260.14,0.29,1.23,69.6,0.12,19,1,66.8,Roorkee & Haridwar Hydro-Meteorological Station Dataset
Solani River Aqueduct Basin,ZONE-RK03,Ward 18,33.5,119.5,291.3,117.5,259.87,0.36,1.11,68.0,0.16,19,1,64.8,Roorkee & Haridwar Hydro-Meteorological Station Dataset
Solani River Aqueduct Basin,ZONE-RK03,Ward 18,36.1,125.9,233.1,100.5,260.22,0.28,1.26,68.9,0.14,19,1,66.9,Roorkee & Haridwar Hydro-Meteorological Station Dataset
Solani River Aqueduct Basin,ZONE-RK03,Ward 18,39.2,144.9,298.8,105.8,260.14,0.31,1.13,68.5,0.05,19,1,65.7,Roorkee & Haridwar Hydro-Meteorological Station Dataset
Solani River Aqueduct Basin,ZONE-RK03,Ward 18,37.9,111.6,332.5,112.2,260.04,0.3,1.22,67.7,0.19,19,1,64.3,Roorkee & Haridwar Hydro-Meteorological Station Dataset
Solani River Aqueduct Basin,ZONE-RK03,Ward 18,36.7,135.8,287.4,116.8,259.92,0.35,1.25,68.2,0.09,19,1,64.7,Roorkee & Haridwar Hydro-Meteorological Station Dataset
Solani River Aqueduct Basin,ZONE-RK03,Ward 18,21.7,89.5,201.8,75.9,259.85,0.23,1.15,69.6,0.14,19,1,66.8,Roorkee & Haridwar Hydro-Meteorological Station Dataset
Solani River Aqueduct Basin,ZONE-RK03,Ward 18,22.3,73.5,164.3,84.2,259.63,0.28,1.13,67.3,0.14,19,1,67.9,Roorkee & Haridwar Hydro-Meteorological Station Dataset
Solani River Aqueduct Basin,ZONE-RK03,Ward 18,24.3,89.3,216.0,77.5,260.07,0.25,1.2,66.3,0.14,19,1,64.1,Roorkee & Haridwar Hydro-Meteorological Station Dataset
Solani River Aqueduct Basin,ZONE-RK03,Ward 18,24.2,80.9,206.0,79.3,259.82,0.29,1.22,66.7,0.12,19,1,67.0,Roorkee & Haridwar Hydro-Meteorological Station Dataset
Solani River Aqueduct Basin,ZONE-RK03,Ward 18,20.7,87.0,200.1,67.9,260.04,0.33,1.24,68.0,0.05,19,1,65.8,Roorkee & Haridwar Hydro-Meteorological Station Dataset
Solani River Aqueduct Basin,ZONE-RK03,Ward 18,18.0,97.8,172.3,70.2,259.92,0.32,1.06,68.0,0.05,19,1,67.7,Roorkee & Haridwar Hydro-Meteorological Station Dataset
Solani River Aqueduct Basin,ZONE-RK03,Ward 18,26.4,90.5,183.3,79.4,260.46,0.25,1.19,68.3,0.07,19,1,67.9,Roorkee & Haridwar Hydro-Meteorological Station Dataset
Solani River Aqueduct Basin,ZONE-RK03,Ward 18,26.3,93.3,194.5,88.3,260.31,0.33,1.04,67.4,0.14,19,1,68.1,Roorkee & Haridwar Hydro-Meteorological Station Dataset
Solani River Aqueduct Basin,ZONE-RK03,Ward 18,27.1,95.5,180.9,109.0,260.04,0.35,1.2,67.0,0.13,19,1,67.8,Roorkee & Haridwar Hydro-Meteorological Station Dataset
Solani River Aqueduct Basin,ZONE-RK03,Ward 18,26.1,89.6,194.5,76.4,260.22,0.33,1.28,68.9,0.12,19,1,68.1,Roorkee & Haridwar Hydro-Meteorological Station Dataset
Solani River Aqueduct Basin,ZONE-RK03,Ward 18,24.6,87.2,181.2,73.3,259.91,0.29,1.2,69.1,0.09,19,1,64.5,Roorkee & Haridwar Hydro-Meteorological Station Dataset
Solani River Aqueduct Basin,ZONE-RK03,Ward 18,25.9,82.4,169.3,57.2,260.09,0.34,1.19,67.9,0.13,19,1,68.0,Roorkee & Haridwar Hydro-Meteorological Station Dataset
Solani River Aqueduct Basin,ZONE-RK03,Ward 18,21.8,75.7,220.8,77.3,259.97,0.26,1.04,68.9,0.08,19,1,69.7,Roorkee & Haridwar Hydro-Meteorological Station Dataset
Solani River Aqueduct Basin,ZONE-RK03,Ward 18,23.3,78.5,145.9,82.4,260.2,0.31,1.1,68.0,0.09,19,1,66.9,Roorkee & Haridwar Hydro-Meteorological Station Dataset
Solani River Aqueduct Basin,ZONE-RK03,Ward 18,24.0,104.5,209.7,74.7,260.31,0.26,1.04,67.2,0.17,19,1,68.7,Roorkee & Haridwar Hydro-Meteorological Station Dataset
Solani River Aqueduct Basin,ZONE-RK03,Ward 18,26.1,85.3,200.4,80.6,259.88,0.3,1.32,68.3,0.09,19,1,65.4,Roorkee & Haridwar Hydro-Meteorological Station Dataset
Solani River Aqueduct Basin,ZONE-RK03,Ward 18,23.0,83.8,222.3,78.8,260.27,0.28,1.31,68.3,0.09,19,1,65.8,Roorkee & Haridwar Hydro-Meteorological Station Dataset
Solani River Aqueduct Basin,ZONE-RK03,Ward 18,22.2,108.0,201.4,76.4,260.05,0.32,1.26,66.9,0.08,19,1,65.1,Roorkee & Haridwar Hydro-Meteorological Station Dataset
Solani River Aqueduct Basin,ZONE-RK03,Ward 18,23.4,81.8,173.9,73.2,259.81,0.25,1.21,67.5,0.15,19,1,69.2,Roorkee & Haridwar Hydro-Meteorological Station Dataset
Solani River Aqueduct Basin,ZONE-RK03,Ward 18,26.8,90.4,168.5,77.6,260.05,0.23,1.34,67.5,0.05,19,1,67.3,Roorkee & Haridwar Hydro-Meteorological Station Dataset
Solani River Aqueduct Basin,ZONE-RK03,Ward 18,20.6,86.3,186.2,91.0,259.95,0.36,1.25,67.8,0.09,19,1,66.7,Roorkee & Haridwar Hydro-Meteorological Station Dataset
Solani River Aqueduct Basin,ZONE-RK03,Ward 18,25.2,107.2,220.8,81.0,259.75,0.3,1.14,67.4,0.18,19,1,66.6,Roorkee & Haridwar Hydro-Meteorological Station Dataset
Solani River Aqueduct Basin,ZONE-RK03,Ward 18,24.2,101.7,176.1,84.6,259.81,0.31,1.19,68.4,0.13,19,1,64.1,Roorkee & Haridwar Hydro-Meteorological Station Dataset
Solani River Aqueduct Basin,ZONE-RK03,Ward 18,25.8,101.3,221.9,72.5,260.17,0.23,1.14,68.3,0.11,19,1,67.2,Roorkee & Haridwar Hydro-Meteorological Station Dataset
Solani River Aqueduct Basin,ZONE-RK03,Ward 18,22.9,86.1,219.7,81.6,260.04,0.33,1.15,68.8,0.1,19,1,66.9,Roorkee & Haridwar Hydro-Meteorological Station Dataset
Solani River Aqueduct Basin,ZONE-RK03,Ward 18,24.3,87.4,175.3,81.5,260.04,0.31,0.99,69.7,0.14,19,1,68.8,Roorkee & Haridwar Hydro-Meteorological Station Dataset
Solani River Aqueduct Basin,ZONE-RK03,Ward 18,23.4,79.8,185.5,71.1,260.27,0.34,1.22,68.9,0.18,19,1,67.0,Roorkee & Haridwar Hydro-Meteorological Station Dataset
Solani River Aqueduct Basin,ZONE-RK03,Ward 18,25.2,102.6,183.3,73.2,260.44,0.29,1.19,66.8,0.12,19,1,65.1,Roorkee & Haridwar Hydro-Meteorological Station Dataset
Solani River Aqueduct Basin,ZONE-RK03,Ward 18,26.3,94.5,213.5,88.2,260.04,0.28,1.19,68.3,0.08,19,1,67.5,Roorkee & Haridwar Hydro-Meteorological Station Dataset
Solani River Aqueduct Basin,ZONE-RK03,Ward 18,24.6,83.3,207.3,83.5,259.91,0.33,1.01,68.9,0.13,19,1,66.1,Roorkee & Haridwar Hydro-Meteorological Station Dataset
Solani River Aqueduct Basin,ZONE-RK03,Ward 18,19.3,90.6,177.1,79.5,260.24,0.3,1.34,69.3,0.12,19,1,69.0,Roorkee & Haridwar Hydro-Meteorological Station Dataset
Solani River Aqueduct Basin,ZONE-RK03,Ward 18,23.9,88.8,184.9,76.6,260.05,0.29,1.25,66.7,0.07,19,1,65.1,Roorkee & Haridwar Hydro-Meteorological Station Dataset
Solani River Aqueduct Basin,ZONE-RK03,Ward 18,26.8,78.7,232.6,76.3,259.85,0.29,1.19,66.5,0.07,19,1,65.7,Roorkee & Haridwar Hydro-Meteorological Station Dataset
Solani River Aqueduct Basin,ZONE-RK03,Ward 18,23.2,90.9,197.7,81.2,259.45,0.36,1.3,69.0,0.11,19,1,65.4,Roorkee & Haridwar Hydro-Meteorological Station Dataset
Solani River Aqueduct Basin,ZONE-RK03,Ward 18,22.2,97.2,180.2,79.3,260.16,0.32,1.3,68.7,0.14,19,1,67.9,Roorkee & Haridwar Hydro-Meteorological Station Dataset
Solani River Aqueduct Basin,ZONE-RK03,Ward 18,19.3,69.9,135.1,52.9,259.88,0.23,1.03,69.0,0.09,19,1,68.5,Roorkee & Haridwar Hydro-Meteorological Station Dataset
Solani River Aqueduct Basin,ZONE-RK03,Ward 18,18.1,57.3,138.4,47.1,260.01,0.32,1.2,67.9,0.07,19,1,69.4,Roorkee & Haridwar Hydro-Meteorological Station Dataset
Solani River Aqueduct Basin,ZONE-RK03,Ward 18,18.9,59.7,135.6,63.8,260.03,0.22,1.27,69.1,0.15,19,1,64.0,Roorkee & Haridwar Hydro-Meteorological Station Dataset
Solani River Aqueduct Basin,ZONE-RK03,Ward 18,19.9,59.8,128.3,59.3,260.09,0.31,1.1,68.6,0.05,19,1,67.3,Roorkee & Haridwar Hydro-Meteorological Station Dataset
Solani River Aqueduct Basin,ZONE-RK03,Ward 18,16.8,65.3,129.6,43.0,259.88,0.35,1.1,67.4,0.1,19,1,66.7,Roorkee & Haridwar Hydro-Meteorological Station Dataset
Solani River Aqueduct Basin,ZONE-RK03,Ward 18,20.4,72.4,146.4,37.8,260.04,0.37,1.3,66.2,0.07,19,1,64.3,Roorkee & Haridwar Hydro-Meteorological Station Dataset
Solani River Aqueduct Basin,ZONE-RK03,Ward 18,18.8,71.3,139.6,45.7,260.06,0.33,1.19,67.4,0.12,19,1,65.2,Roorkee & Haridwar Hydro-Meteorological Station Dataset
Solani River Aqueduct Basin,ZONE-RK03,Ward 18,20.2,52.6,128.8,56.8,260.16,0.33,1.17,68.9,0.05,19,1,69.7,Roorkee & Haridwar Hydro-Meteorological Station Dataset
Solani River Aqueduct Basin,ZONE-RK03,Ward 18,18.8,60.9,122.2,49.0,259.98,0.29,1.38,67.3,0.1,19,1,64.7,Roorkee & Haridwar Hydro-Meteorological Station Dataset
Solani River Aqueduct Basin,ZONE-RK03,Ward 18,17.4,54.1,133.7,50.5,259.82,0.31,1.22,67.6,0.08,19,1,68.2,Roorkee & Haridwar Hydro-Meteorological Station Dataset
Solani River Aqueduct Basin,ZONE-RK03,Ward 18,16.7,60.2,154.0,57.8,260.12,0.37,1.46,69.5,0.09,19,1,64.1,Roorkee & Haridwar Hydro-Meteorological Station Dataset
Solani River Aqueduct Basin,ZONE-RK03,Ward 18,17.7,64.3,162.6,54.8,259.64,0.34,1.07,68.9,0.07,19,1,69.1,Roorkee & Haridwar Hydro-Meteorological Station Dataset
Solani River Aqueduct Basin,ZONE-RK03,Ward 18,16.6,62.2,112.2,52.3,259.83,0.37,1.18,71.0,0.05,19,1,65.0,Roorkee & Haridwar Hydro-Meteorological Station Dataset
Solani River Aqueduct Basin,ZONE-RK03,Ward 18,18.6,65.9,146.1,52.9,260.04,0.26,1.37,69.5,0.05,19,1,68.8,Roorkee & Haridwar Hydro-Meteorological Station Dataset
Solani River Aqueduct Basin,ZONE-RK03,Ward 18,17.5,64.6,143.7,48.9,260.47,0.29,1.22,68.9,0.18,19,1,64.7,Roorkee & Haridwar Hydro-Meteorological Station Dataset
Solani River Aqueduct Basin,ZONE-RK03,Ward 18,20.2,68.6,171.4,46.4,260.41,0.25,1.31,69.8,0.17,19,1,64.9,Roorkee & Haridwar Hydro-Meteorological Station Dataset
Solani River Aqueduct Basin,ZONE-RK03,Ward 18,18.0,72.5,140.0,76.0,259.66,0.34,1.29,68.1,0.09,19,1,66.3,Roorkee & Haridwar Hydro-Meteorological Station Dataset
Solani River Aqueduct Basin,ZONE-RK03,Ward 18,16.7,68.9,149.6,37.7,259.96,0.35,1.21,69.9,0.05,19,1,68.5,Roorkee & Haridwar Hydro-Meteorological Station Dataset
Solani River Aqueduct Basin,ZONE-RK03,Ward 18,16.4,62.6,169.6,46.4,259.98,0.27,1.44,68.7,0.1,19,1,64.5,Roorkee & Haridwar Hydro-Meteorological Station Dataset
Solani River Aqueduct Basin,ZONE-RK03,Ward 18,16.7,70.8,122.4,43.3,260.14,0.28,1.3,67.8,0.1,19,1,67.9,Roorkee & Haridwar Hydro-Meteorological Station Dataset
Solani River Aqueduct Basin,ZONE-RK03,Ward 18,18.4,56.9,140.6,48.3,259.82,0.31,1.12,70.1,0.16,19,1,68.2,Roorkee & Haridwar Hydro-Meteorological Station Dataset
Solani River Aqueduct Basin,ZONE-RK03,Ward 18,18.2,55.4,132.1,45.6,260.17,0.3,1.36,67.5,0.1,19,1,68.1,Roorkee & Haridwar Hydro-Meteorological Station Dataset
Solani River Aqueduct Basin,ZONE-RK03,Ward 18,16.1,71.8,142.9,45.0,260.0,0.24,1.27,69.1,0.12,19,1,68.7,Roorkee & Haridwar Hydro-Meteorological Station Dataset
Solani River Aqueduct Basin,ZONE-RK03,Ward 18,17.1,76.2,127.0,53.0,260.0,0.34,0.94,68.9,0.05,19,1,67.2,Roorkee & Haridwar Hydro-Meteorological Station Dataset
Solani River Aqueduct Basin,ZONE-RK03,Ward 18,18.1,64.9,128.1,47.3,260.13,0.32,1.09,67.1,0.13,19,1,64.3,Roorkee & Haridwar Hydro-Meteorological Station Dataset
Solani River Aqueduct Basin,ZONE-RK03,Ward 18,18.2,78.9,162.6,46.1,260.03,0.28,1.08,69.1,0.09,19,1,64.2,Roorkee & Haridwar Hydro-Meteorological Station Dataset
Solani River Aqueduct Basin,ZONE-RK03,Ward 18,16.4,61.5,166.8,51.9,260.13,0.34,1.15,67.3,0.13,19,1,68.7,Roorkee & Haridwar Hydro-Meteorological Station Dataset
Solani River Aqueduct Basin,ZONE-RK03,Ward 18,18.4,79.6,138.1,53.0,259.97,0.32,1.3,68.6,0.09,19,1,67.9,Roorkee & Haridwar Hydro-Meteorological Station Dataset
Solani River Aqueduct Basin,ZONE-RK03,Ward 18,19.0,63.7,141.7,53.8,260.01,0.36,1.25,67.9,0.17,19,1,64.6,Roorkee & Haridwar Hydro-Meteorological Station Dataset
Solani River Aqueduct Basin,ZONE-RK03,Ward 18,16.8,66.3,130.6,54.2,259.9,0.31,1.13,68.3,0.1,19,1,66.6,Roorkee & Haridwar Hydro-Meteorological Station Dataset
Solani River Aqueduct Basin,ZONE-RK03,Ward 18,16.5,60.2,138.1,49.5,259.75,0.31,1.25,68.8,0.12,19,1,66.6,Roorkee & Haridwar Hydro-Meteorological Station Dataset
Solani River Aqueduct Basin,ZONE-RK03,Ward 18,16.4,74.0,122.7,43.1,260.01,0.28,1.0,69.0,0.1,19,1,69.2,Roorkee & Haridwar Hydro-Meteorological Station Dataset
Solani River Aqueduct Basin,ZONE-RK03,Ward 18,18.9,50.3,131.0,40.2,259.93,0.33,1.15,67.5,0.05,19,1,65.2,Roorkee & Haridwar Hydro-Meteorological Station Dataset
Solani River Aqueduct Basin,ZONE-RK03,Ward 18,17.0,53.1,124.1,53.5,259.47,0.29,1.19,68.1,0.1,19,1,69.0,Roorkee & Haridwar Hydro-Meteorological Station Dataset
Solani River Aqueduct Basin,ZONE-RK03,Ward 18,18.7,56.6,139.9,45.1,259.91,0.32,1.21,67.8,0.05,19,1,67.4,Roorkee & Haridwar Hydro-Meteorological Station Dataset
Solani River Aqueduct Basin,ZONE-RK03,Ward 18,13.1,33.5,83.6,31.6,259.67,0.28,1.19,68.1,0.08,19,1,66.1,Roorkee & Haridwar Hydro-Meteorological Station Dataset
Solani River Aqueduct Basin,ZONE-RK03,Ward 18,12.5,50.3,92.3,31.8,260.39,0.35,1.3,68.4,0.1,19,1,66.6,Roorkee & Haridwar Hydro-Meteorological Station Dataset
Solani River Aqueduct Basin,ZONE-RK03,Ward 18,12.5,38.3,74.1,39.0,259.97,0.2,1.27,68.5,0.17,19,1,63.8,Roorkee & Haridwar Hydro-Meteorological Station Dataset
Solani River Aqueduct Basin,ZONE-RK03,Ward 18,14.3,46.1,88.5,31.1,259.89,0.25,1.19,68.2,0.11,19,1,65.5,Roorkee & Haridwar Hydro-Meteorological Station Dataset
Solani River Aqueduct Basin,ZONE-RK03,Ward 18,9.8,47.9,92.1,41.8,260.29,0.32,1.11,67.7,0.07,19,1,63.6,Roorkee & Haridwar Hydro-Meteorological Station Dataset
Solani River Aqueduct Basin,ZONE-RK03,Ward 18,11.4,46.9,102.1,27.3,259.81,0.27,1.25,67.3,0.08,19,1,64.3,Roorkee & Haridwar Hydro-Meteorological Station Dataset
Solani River Aqueduct Basin,ZONE-RK03,Ward 18,10.5,46.4,92.6,33.2,259.92,0.31,1.14,66.9,0.1,19,1,66.0,Roorkee & Haridwar Hydro-Meteorological Station Dataset
Solani River Aqueduct Basin,ZONE-RK03,Ward 18,11.0,36.7,99.2,41.9,260.11,0.28,1.39,67.1,0.16,19,1,65.5,Roorkee & Haridwar Hydro-Meteorological Station Dataset
Solani River Aqueduct Basin,ZONE-RK03,Ward 18,12.9,29.2,100.3,28.3,260.18,0.31,1.16,68.5,0.13,19,1,68.1,Roorkee & Haridwar Hydro-Meteorological Station Dataset
Solani River Aqueduct Basin,ZONE-RK03,Ward 18,11.6,46.2,105.8,45.1,260.24,0.38,1.24,67.6,0.09,19,1,64.0,Roorkee & Haridwar Hydro-Meteorological Station Dataset
Solani River Aqueduct Basin,ZONE-RK03,Ward 18,11.4,40.6,85.0,23.9,260.0,0.24,1.04,69.2,0.08,19,1,65.5,Roorkee & Haridwar Hydro-Meteorological Station Dataset
Solani River Aqueduct Basin,ZONE-RK03,Ward 18,11.8,48.6,99.3,23.6,259.99,0.3,1.26,67.5,0.17,19,1,67.2,Roorkee & Haridwar Hydro-Meteorological Station Dataset
Solani River Aqueduct Basin,ZONE-RK03,Ward 18,12.7,51.7,83.8,30.0,259.93,0.35,1.18,66.2,0.13,19,1,68.9,Roorkee & Haridwar Hydro-Meteorological Station Dataset
Solani River Aqueduct Basin,ZONE-RK03,Ward 18,13.1,54.7,76.2,26.4,260.11,0.36,1.26,68.0,0.05,19,1,64.2,Roorkee & Haridwar Hydro-Meteorological Station Dataset
Solani River Aqueduct Basin,ZONE-RK03,Ward 18,10.0,50.6,101.2,27.5,260.36,0.27,1.26,69.2,0.14,19,1,65.4,Roorkee & Haridwar Hydro-Meteorological Station Dataset
Solani River Aqueduct Basin,ZONE-RK03,Ward 18,11.3,39.9,98.9,20.1,260.19,0.28,1.22,67.0,0.05,19,1,64.6,Roorkee & Haridwar Hydro-Meteorological Station Dataset
Solani River Aqueduct Basin,ZONE-RK03,Ward 18,12.1,44.7,111.4,28.4,259.9,0.27,1.17,67.1,0.08,19,1,63.8,Roorkee & Haridwar Hydro-Meteorological Station Dataset
Solani River Aqueduct Basin,ZONE-RK03,Ward 18,11.9,42.0,110.4,27.3,260.06,0.28,1.31,68.2,0.11,19,1,67.9,Roorkee & Haridwar Hydro-Meteorological Station Dataset
Solani River Aqueduct Basin,ZONE-RK03,Ward 18,12.6,43.1,104.9,17.2,260.05,0.27,1.1,66.8,0.13,19,1,68.2,Roorkee & Haridwar Hydro-Meteorological Station Dataset
Solani River Aqueduct Basin,ZONE-RK03,Ward 18,10.2,35.7,88.0,44.5,260.25,0.3,1.14,68.5,0.09,19,1,63.7,Roorkee & Haridwar Hydro-Meteorological Station Dataset
Solani River Aqueduct Basin,ZONE-RK03,Ward 18,10.5,48.1,95.1,25.4,260.11,0.34,1.11,68.2,0.09,19,1,67.4,Roorkee & Haridwar Hydro-Meteorological Station Dataset
Solani River Aqueduct Basin,ZONE-RK03,Ward 18,11.4,53.5,97.7,23.7,260.28,0.3,1.42,67.2,0.08,19,1,67.3,Roorkee & Haridwar Hydro-Meteorological Station Dataset
Solani River Aqueduct Basin,ZONE-RK03,Ward 18,10.2,44.8,100.7,33.4,259.97,0.39,1.26,68.0,0.17,19,1,69.1,Roorkee & Haridwar Hydro-Meteorological Station Dataset
Solani River Aqueduct Basin,ZONE-RK03,Ward 18,10.2,51.4,85.9,25.3,260.17,0.28,1.16,67.3,0.12,19,1,64.3,Roorkee & Haridwar Hydro-Meteorological Station Dataset
Solani River Aqueduct Basin,ZONE-RK03,Ward 18,11.5,45.3,92.7,39.9,260.01,0.33,1.17,67.0,0.11,19,1,63.6,Roorkee & Haridwar Hydro-Meteorological Station Dataset
Solani River Aqueduct Basin,ZONE-RK03,Ward 18,12.6,48.1,97.9,30.4,260.24,0.25,1.11,67.9,0.06,19,1,69.0,Roorkee & Haridwar Hydro-Meteorological Station Dataset
Solani River Aqueduct Basin,ZONE-RK03,Ward 18,13.0,47.1,101.7,32.9,259.79,0.3,1.32,67.2,0.1,19,1,65.1,Roorkee & Haridwar Hydro-Meteorological Station Dataset
Solani River Aqueduct Basin,ZONE-RK03,Ward 18,9.5,34.8,86.9,20.2,259.62,0.2,1.2,68.0,0.16,19,1,63.3,Roorkee & Haridwar Hydro-Meteorological Station Dataset
Solani River Aqueduct Basin,ZONE-RK03,Ward 18,9.9,53.2,102.0,23.3,260.16,0.23,1.07,68.4,0.07,19,1,66.7,Roorkee & Haridwar Hydro-Meteorological Station Dataset
Solani River Aqueduct Basin,ZONE-RK03,Ward 18,12.3,50.4,96.3,24.8,260.0,0.28,1.24,66.5,0.05,19,1,68.2,Roorkee & Haridwar Hydro-Meteorological Station Dataset
Solani River Aqueduct Basin,ZONE-RK03,Ward 18,11.9,45.2,87.9,36.5,259.98,0.36,1.27,67.9,0.13,19,1,65.5,Roorkee & Haridwar Hydro-Meteorological Station Dataset
Solani River Aqueduct Basin,ZONE-RK03,Ward 18,10.2,48.8,114.9,35.5,259.74,0.39,1.23,67.7,0.11,19,1,65.7,Roorkee & Haridwar Hydro-Meteorological Station Dataset
Solani River Aqueduct Basin,ZONE-RK03,Ward 18,10.6,42.5,88.4,19.7,259.61,0.3,1.14,66.2,0.14,19,1,66.5,Roorkee & Haridwar Hydro-Meteorological Station Dataset
Solani River Aqueduct Basin,ZONE-RK03,Ward 18,10.7,42.9,92.3,29.9,259.91,0.31,1.06,68.0,0.08,19,1,67.8,Roorkee & Haridwar Hydro-Meteorological Station Dataset
Solani River Aqueduct Basin,ZONE-RK03,Ward 18,9.3,43.2,99.6,35.5,260.19,0.31,1.39,69.4,0.08,19,1,66.3,Roorkee & Haridwar Hydro-Meteorological Station Dataset
Solani River Aqueduct Basin,ZONE-RK03,Ward 18,6.5,31.8,46.1,15.2,259.99,0.29,1.22,67.9,0.08,19,1,62.5,Roorkee & Haridwar Hydro-Meteorological Station Dataset
Solani River Aqueduct Basin,ZONE-RK03,Ward 18,7.1,22.6,60.9,11.2,260.12,0.35,0.99,67.8,0.13,19,1,62.7,Roorkee & Haridwar Hydro-Meteorological Station Dataset
Solani River Aqueduct Basin,ZONE-RK03,Ward 18,7.4,23.8,61.8,23.6,260.08,0.36,1.26,68.0,0.08,19,1,63.1,Roorkee & Haridwar Hydro-Meteorological Station Dataset
Solani River Aqueduct Basin,ZONE-RK03,Ward 18,6.8,26.3,57.2,10.8,259.9,0.3,1.32,70.3,0.07,19,1,63.6,Roorkee & Haridwar Hydro-Meteorological Station Dataset
Solani River Aqueduct Basin,ZONE-RK03,Ward 18,6.2,23.5,53.7,17.0,260.14,0.25,1.08,69.1,0.05,19,1,64.7,Roorkee & Haridwar Hydro-Meteorological Station Dataset
Solani River Aqueduct Basin,ZONE-RK03,Ward 18,7.4,26.9,52.8,22.8,260.04,0.39,1.26,69.5,0.09,19,1,61.2,Roorkee & Haridwar Hydro-Meteorological Station Dataset
Solani River Aqueduct Basin,ZONE-RK03,Ward 18,6.5,22.2,56.4,15.7,260.03,0.33,1.07,67.6,0.05,19,1,63.4,Roorkee & Haridwar Hydro-Meteorological Station Dataset
Solani River Aqueduct Basin,ZONE-RK03,Ward 18,5.8,25.0,54.1,9.6,260.43,0.28,1.15,67.2,0.12,19,1,60.6,Roorkee & Haridwar Hydro-Meteorological Station Dataset
Solani River Aqueduct Basin,ZONE-RK03,Ward 18,6.1,26.4,56.0,22.0,260.11,0.27,1.14,66.0,0.12,19,1,61.9,Roorkee & Haridwar Hydro-Meteorological Station Dataset
Solani River Aqueduct Basin,ZONE-RK03,Ward 18,6.2,24.3,53.4,13.4,260.35,0.29,1.16,66.1,0.15,19,1,62.5,Roorkee & Haridwar Hydro-Meteorological Station Dataset
Solani River Aqueduct Basin,ZONE-RK03,Ward 18,8.0,24.6,50.5,20.1,259.9,0.27,1.3,68.5,0.05,19,1,63.9,Roorkee & Haridwar Hydro-Meteorological Station Dataset
Solani River Aqueduct Basin,ZONE-RK03,Ward 18,6.3,29.1,56.4,11.0,260.03,0.22,1.26,67.7,0.16,19,1,59.9,Roorkee & Haridwar Hydro-Meteorological Station Dataset
Solani River Aqueduct Basin,ZONE-RK03,Ward 18,7.2,23.8,61.8,14.3,260.12,0.35,1.27,67.7,0.13,19,1,64.8,Roorkee & Haridwar Hydro-Meteorological Station Dataset
Solani River Aqueduct Basin,ZONE-RK03,Ward 18,7.2,24.0,60.3,23.0,260.1,0.33,1.26,69.5,0.05,19,1,65.9,Roorkee & Haridwar Hydro-Meteorological Station Dataset
Solani River Aqueduct Basin,ZONE-RK03,Ward 18,8.0,22.5,49.7,21.2,259.89,0.33,1.28,68.3,0.09,19,1,60.6,Roorkee & Haridwar Hydro-Meteorological Station Dataset
Solani River Aqueduct Basin,ZONE-RK03,Ward 18,6.0,25.1,51.0,16.8,259.9,0.27,1.29,66.6,0.07,19,1,62.6,Roorkee & Haridwar Hydro-Meteorological Station Dataset
Solani River Aqueduct Basin,ZONE-RK03,Ward 18,7.2,23.9,46.8,28.7,260.19,0.3,1.19,69.0,0.15,19,1,57.9,Roorkee & Haridwar Hydro-Meteorological Station Dataset
Solani River Aqueduct Basin,ZONE-RK03,Ward 18,6.7,29.2,48.8,0.0,260.01,0.28,1.06,68.8,0.12,19,1,63.4,Roorkee & Haridwar Hydro-Meteorological Station Dataset
Solani River Aqueduct Basin,ZONE-RK03,Ward 18,5.4,26.0,49.8,27.4,260.09,0.25,1.18,66.6,0.05,19,1,62.8,Roorkee & Haridwar Hydro-Meteorological Station Dataset
Solani River Aqueduct Basin,ZONE-RK03,Ward 18,7.6,26.6,56.1,17.3,259.9,0.23,0.94,67.3,0.14,19,1,61.4,Roorkee & Haridwar Hydro-Meteorological Station Dataset
Solani River Aqueduct Basin,ZONE-RK03,Ward 18,7.3,20.7,56.0,18.9,260.12,0.25,1.15,68.8,0.05,19,1,62.3,Roorkee & Haridwar Hydro-Meteorological Station Dataset
Solani River Aqueduct Basin,ZONE-RK03,Ward 18,7.3,24.2,49.6,26.3,259.87,0.31,1.27,68.8,0.1,19,1,59.9,Roorkee & Haridwar Hydro-Meteorological Station Dataset
Solani River Aqueduct Basin,ZONE-RK03,Ward 18,7.3,27.9,55.1,25.3,259.89,0.27,1.35,67.9,0.09,19,1,62.6,Roorkee & Haridwar Hydro-Meteorological Station Dataset
Solani River Aqueduct Basin,ZONE-RK03,Ward 18,6.6,30.0,55.9,19.0,260.18,0.36,1.26,68.3,0.13,19,1,63.8,Roorkee & Haridwar Hydro-Meteorological Station Dataset
Solani River Aqueduct Basin,ZONE-RK03,Ward 18,7.1,23.4,48.9,15.4,260.18,0.28,1.35,67.3,0.06,19,1,59.1,Roorkee & Haridwar Hydro-Meteorological Station Dataset
Solani River Aqueduct Basin,ZONE-RK03,Ward 18,7.9,23.5,56.2,4.9,259.94,0.3,1.32,67.5,0.13,19,1,58.7,Roorkee & Haridwar Hydro-Meteorological Station Dataset
Solani River Aqueduct Basin,ZONE-RK03,Ward 18,6.1,28.6,48.9,23.9,259.8,0.34,1.28,68.9,0.1,19,1,61.6,Roorkee & Haridwar Hydro-Meteorological Station Dataset
Solani River Aqueduct Basin,ZONE-RK03,Ward 18,7.3,28.5,60.4,12.3,260.06,0.35,1.31,66.1,0.09,19,1,63.0,Roorkee & Haridwar Hydro-Meteorological Station Dataset
Solani River Aqueduct Basin,ZONE-RK03,Ward 18,7.4,27.0,54.3,12.1,260.03,0.39,1.26,66.0,0.12,19,1,60.1,Roorkee & Haridwar Hydro-Meteorological Station Dataset
Solani River Aqueduct Basin,ZONE-RK03,Ward 18,7.6,26.9,60.1,14.3,260.09,0.33,1.1,67.4,0.09,19,1,62.6,Roorkee & Haridwar Hydro-Meteorological Station Dataset
Solani River Aqueduct Basin,ZONE-RK03,Ward 18,8.8,19.3,53.6,17.1,259.79,0.3,1.31,69.4,0.06,19,1,61.1,Roorkee & Haridwar Hydro-Meteorological Station Dataset
Solani River Aqueduct Basin,ZONE-RK03,Ward 18,6.6,23.5,56.6,20.6,260.32,0.33,1.22,67.6,0.14,19,1,62.1,Roorkee & Haridwar Hydro-Meteorological Station Dataset
Solani River Aqueduct Basin,ZONE-RK03,Ward 18,7.1,30.1,57.5,9.3,260.26,0.34,1.13,68.2,0.1,19,1,61.4,Roorkee & Haridwar Hydro-Meteorological Station Dataset
Solani River Aqueduct Basin,ZONE-RK03,Ward 18,6.6,20.0,58.2,13.5,259.69,0.26,1.26,67.5,0.07,19,1,62.2,Roorkee & Haridwar Hydro-Meteorological Station Dataset
Solani River Aqueduct Basin,ZONE-RK03,Ward 18,5.9,26.2,53.3,8.6,260.25,0.35,1.19,68.2,0.11,19,1,60.3,Roorkee & Haridwar Hydro-Meteorological Station Dataset
Solani River Aqueduct Basin,ZONE-RK03,Ward 18,2.8,8.1,17.4,0.0,259.79,0.33,1.3,67.4,0.08,19,1,41.6,Roorkee & Haridwar Hydro-Meteorological Station Dataset
Solani River Aqueduct Basin,ZONE-RK03,Ward 18,2.2,7.9,17.8,7.3,260.06,0.26,1.32,68.8,0.1,19,1,38.6,Roorkee & Haridwar Hydro-Meteorological Station Dataset
Solani River Aqueduct Basin,ZONE-RK03,Ward 18,2.5,8.1,17.0,0.0,259.88,0.28,1.23,67.1,0.06,19,1,39.8,Roorkee & Haridwar Hydro-Meteorological Station Dataset
Solani River Aqueduct Basin,ZONE-RK03,Ward 18,2.2,9.5,18.0,0.0,259.98,0.25,1.08,69.0,0.15,19,1,39.3,Roorkee & Haridwar Hydro-Meteorological Station Dataset
Solani River Aqueduct Basin,ZONE-RK03,Ward 18,2.4,8.6,18.6,11.0,259.95,0.26,1.34,67.0,0.05,19,1,45.0,Roorkee & Haridwar Hydro-Meteorological Station Dataset
Solani River Aqueduct Basin,ZONE-RK03,Ward 18,2.7,5.6,20.2,2.0,259.98,0.38,1.04,69.1,0.19,19,1,38.3,Roorkee & Haridwar Hydro-Meteorological Station Dataset
Solani River Aqueduct Basin,ZONE-RK03,Ward 18,2.5,7.8,19.7,0.0,259.97,0.29,1.2,68.8,0.06,19,1,41.2,Roorkee & Haridwar Hydro-Meteorological Station Dataset
Solani River Aqueduct Basin,ZONE-RK03,Ward 18,2.7,8.5,14.1,0.0,259.88,0.23,1.05,67.8,0.05,19,1,43.4,Roorkee & Haridwar Hydro-Meteorological Station Dataset
Solani River Aqueduct Basin,ZONE-RK03,Ward 18,2.4,7.8,16.9,3.7,259.93,0.27,1.29,69.5,0.11,19,1,37.6,Roorkee & Haridwar Hydro-Meteorological Station Dataset
Solani River Aqueduct Basin,ZONE-RK03,Ward 18,2.5,7.8,19.3,2.0,260.32,0.29,1.09,66.3,0.07,19,1,39.0,Roorkee & Haridwar Hydro-Meteorological Station Dataset
Solani River Aqueduct Basin,ZONE-RK03,Ward 18,2.7,9.3,16.4,6.9,260.27,0.32,1.28,67.7,0.15,19,1,37.0,Roorkee & Haridwar Hydro-Meteorological Station Dataset
Solani River Aqueduct Basin,ZONE-RK03,Ward 18,2.6,7.4,19.6,0.0,259.74,0.26,1.26,67.5,0.05,19,1,43.6,Roorkee & Haridwar Hydro-Meteorological Station Dataset
Solani River Aqueduct Basin,ZONE-RK03,Ward 18,2.8,8.5,18.0,10.3,259.77,0.34,1.26,68.2,0.19,19,1,37.9,Roorkee & Haridwar Hydro-Meteorological Station Dataset
Solani River Aqueduct Basin,ZONE-RK03,Ward 18,2.7,8.5,16.6,15.7,259.79,0.36,1.39,68.4,0.11,19,1,37.6,Roorkee & Haridwar Hydro-Meteorological Station Dataset
Solani River Aqueduct Basin,ZONE-RK03,Ward 18,2.7,7.2,14.8,1.4,260.12,0.33,1.25,67.9,0.11,19,1,36.2,Roorkee & Haridwar Hydro-Meteorological Station Dataset
Solani River Aqueduct Basin,ZONE-RK03,Ward 18,2.8,8.4,16.2,1.5,259.88,0.35,1.25,69.0,0.13,19,1,38.7,Roorkee & Haridwar Hydro-Meteorological Station Dataset
Solani River Aqueduct Basin,ZONE-RK03,Ward 18,2.1,7.0,18.9,0.0,259.99,0.3,1.26,68.9,0.09,19,1,42.1,Roorkee & Haridwar Hydro-Meteorological Station Dataset
Solani River Aqueduct Basin,ZONE-RK03,Ward 18,2.5,7.1,17.2,7.7,260.06,0.29,1.14,69.3,0.08,19,1,42.6,Roorkee & Haridwar Hydro-Meteorological Station Dataset
Solani River Aqueduct Basin,ZONE-RK03,Ward 18,2.5,8.1,17.8,0.0,259.86,0.34,1.17,67.2,0.05,19,1,40.9,Roorkee & Haridwar Hydro-Meteorological Station Dataset
Solani River Aqueduct Basin,ZONE-RK03,Ward 18,2.8,9.7,19.1,6.2,259.89,0.29,1.29,67.7,0.09,19,1,40.0,Roorkee & Haridwar Hydro-Meteorological Station Dataset
Solani River Aqueduct Basin,ZONE-RK03,Ward 18,2.2,8.5,19.1,0.0,260.22,0.33,1.2,68.0,0.05,19,1,41.8,Roorkee & Haridwar Hydro-Meteorological Station Dataset
Solani River Aqueduct Basin,ZONE-RK03,Ward 18,2.2,7.4,16.4,0.0,259.99,0.29,1.41,66.1,0.08,19,1,35.8,Roorkee & Haridwar Hydro-Meteorological Station Dataset
Solani River Aqueduct Basin,ZONE-RK03,Ward 18,2.5,8.0,16.6,5.8,260.27,0.29,1.14,68.3,0.13,19,1,37.7,Roorkee & Haridwar Hydro-Meteorological Station Dataset
Solani River Aqueduct Basin,ZONE-RK03,Ward 18,2.8,7.4,18.2,11.4,259.81,0.29,1.3,68.8,0.07,19,1,44.7,Roorkee & Haridwar Hydro-Meteorological Station Dataset
Solani River Aqueduct Basin,ZONE-RK03,Ward 18,2.5,9.4,18.7,0.0,259.81,0.31,1.19,67.5,0.05,19,1,40.8,Roorkee & Haridwar Hydro-Meteorological Station Dataset
Solani River Aqueduct Basin,ZONE-RK03,Ward 18,2.5,6.7,17.5,11.3,259.98,0.34,1.32,66.9,0.14,19,1,38.5,Roorkee & Haridwar Hydro-Meteorological Station Dataset
Solani River Aqueduct Basin,ZONE-RK03,Ward 18,2.8,7.8,17.5,15.0,259.89,0.29,1.25,67.0,0.06,19,1,41.2,Roorkee & Haridwar Hydro-Meteorological Station Dataset
Solani River Aqueduct Basin,ZONE-RK03,Ward 18,2.7,6.8,19.6,1.4,260.27,0.27,1.14,67.8,0.15,19,1,41.3,Roorkee & Haridwar Hydro-Meteorological Station Dataset
Solani River Aqueduct Basin,ZONE-RK03,Ward 18,2.8,8.4,18.1,9.2,259.94,0.3,1.27,66.9,0.11,19,1,42.8,Roorkee & Haridwar Hydro-Meteorological Station Dataset
Solani River Aqueduct Basin,ZONE-RK03,Ward 18,2.7,8.5,18.4,11.2,259.83,0.24,1.3,69.0,0.07,19,1,44.6,Roorkee & Haridwar Hydro-Meteorological Station Dataset
Solani River Aqueduct Basin,ZONE-RK03,Ward 18,2.3,8.5,15.2,2.5,260.08,0.28,1.31,66.0,0.1,19,1,35.4,Roorkee & Haridwar Hydro-Meteorological Station Dataset
Solani River Aqueduct Basin,ZONE-RK03,Ward 18,1.7,6.8,17.3,1.2,260.11,0.3,1.3,68.1,0.12,19,1,37.6,Roorkee & Haridwar Hydro-Meteorological Station Dataset
Solani River Aqueduct Basin,ZONE-RK03,Ward 18,2.6,7.0,16.1,0.0,260.03,0.34,1.13,68.7,0.13,19,1,34.7,Roorkee & Haridwar Hydro-Meteorological Station Dataset
Solani River Aqueduct Basin,ZONE-RK03,Ward 18,2.2,7.6,16.1,9.7,259.97,0.31,1.19,67.6,0.05,19,1,43.5,Roorkee & Haridwar Hydro-Meteorological Station Dataset
Solani River Aqueduct Basin,ZONE-RK03,Ward 18,2.8,9.9,22.0,6.9,260.06,0.38,1.18,67.6,0.08,19,1,42.6,Roorkee & Haridwar Hydro-Meteorological Station Dataset
Solani River Aqueduct Basin,ZONE-RK03,Ward 18,0.0,0.0,0.0,8.8,260.21,0.29,1.3,67.1,0.07,19,0,0.0,Roorkee & Haridwar Hydro-Meteorological Station Dataset
Solani River Aqueduct Basin,ZONE-RK03,Ward 18,0.0,0.0,0.0,3.1,259.95,0.36,1.07,68.4,0.15,19,0,0.0,Roorkee & Haridwar Hydro-Meteorological Station Dataset
Solani River Aqueduct Basin,ZONE-RK03,Ward 18,0.0,0.0,0.0,0.0,259.96,0.25,1.24,68.5,0.12,19,0,0.0,Roorkee & Haridwar Hydro-Meteorological Station Dataset
Solani River Aqueduct Basin,ZONE-RK03,Ward 18,0.0,0.0,0.0,2.0,259.89,0.31,1.22,68.8,0.08,19,0,0.0,Roorkee & Haridwar Hydro-Meteorological Station Dataset
Solani River Aqueduct Basin,ZONE-RK03,Ward 18,0.0,0.0,0.0,0.0,260.2,0.32,1.3,68.7,0.09,19,0,0.0,Roorkee & Haridwar Hydro-Meteorological Station Dataset
Solani River Aqueduct Basin,ZONE-RK03,Ward 18,0.0,0.0,0.0,10.4,259.86,0.25,1.27,68.9,0.11,19,1,27.6,Roorkee & Haridwar Hydro-Meteorological Station Dataset
Solani River Aqueduct Basin,ZONE-RK03,Ward 18,0.0,0.0,0.0,0.8,259.61,0.35,1.28,68.4,0.12,19,0,0.0,Roorkee & Haridwar Hydro-Meteorological Station Dataset
Solani River Aqueduct Basin,ZONE-RK03,Ward 18,0.0,0.0,0.0,0.0,260.39,0.35,1.23,68.3,0.06,19,0,0.0,Roorkee & Haridwar Hydro-Meteorological Station Dataset
Solani River Aqueduct Basin,ZONE-RK03,Ward 18,0.0,0.0,0.0,0.0,259.95,0.29,1.19,66.9,0.15,19,0,0.0,Roorkee & Haridwar Hydro-Meteorological Station Dataset
Solani River Aqueduct Basin,ZONE-RK03,Ward 18,0.0,0.0,0.0,0.0,260.15,0.3,1.33,67.3,0.15,19,0,0.0,Roorkee & Haridwar Hydro-Meteorological Station Dataset
Solani River Aqueduct Basin,ZONE-RK03,Ward 18,0.0,0.0,0.0,0.6,259.83,0.35,1.18,66.8,0.11,19,0,0.0,Roorkee & Haridwar Hydro-Meteorological Station Dataset
Solani River Aqueduct Basin,ZONE-RK03,Ward 18,0.0,0.0,0.0,0.1,259.98,0.27,1.22,68.0,0.11,19,0,0.0,Roorkee & Haridwar Hydro-Meteorological Station Dataset
Solani River Aqueduct Basin,ZONE-RK03,Ward 18,0.0,0.0,0.0,0.0,260.1,0.3,1.18,68.5,0.09,19,0,0.0,Roorkee & Haridwar Hydro-Meteorological Station Dataset
Solani River Aqueduct Basin,ZONE-RK03,Ward 18,0.0,0.0,0.0,6.0,260.07,0.35,1.38,67.0,0.14,19,0,0.0,Roorkee & Haridwar Hydro-Meteorological Station Dataset
Solani River Aqueduct Basin,ZONE-RK03,Ward 18,0.0,0.0,0.0,8.9,259.74,0.26,1.11,67.9,0.11,19,1,27.7,Roorkee & Haridwar Hydro-Meteorological Station Dataset
Solani River Aqueduct Basin,ZONE-RK03,Ward 18,0.0,0.0,0.0,0.0,259.82,0.32,1.23,67.3,0.12,19,0,0.0,Roorkee & Haridwar Hydro-Meteorological Station Dataset
Solani River Aqueduct Basin,ZONE-RK03,Ward 18,0.0,0.0,0.0,0.0,260.09,0.35,1.26,69.2,0.08,19,0,0.0,Roorkee & Haridwar Hydro-Meteorological Station Dataset
Solani River Aqueduct Basin,ZONE-RK03,Ward 18,0.0,0.0,0.0,0.0,259.84,0.28,1.27,66.8,0.05,19,0,0.0,Roorkee & Haridwar Hydro-Meteorological Station Dataset
Solani River Aqueduct Basin,ZONE-RK03,Ward 18,0.0,0.0,0.0,0.0,260.21,0.21,1.01,67.5,0.11,19,1,28.5,Roorkee & Haridwar Hydro-Meteorological Station Dataset
Solani River Aqueduct Basin,ZONE-RK03,Ward 18,0.0,0.0,0.0,0.0,260.11,0.31,1.1,68.4,0.16,19,0,0.0,Roorkee & Haridwar Hydro-Meteorological Station Dataset
Solani River Aqueduct Basin,ZONE-RK03,Ward 18,0.0,0.0,0.0,9.5,260.42,0.33,1.26,69.0,0.1,19,0,0.0,Roorkee & Haridwar Hydro-Meteorological Station Dataset
Solani River Aqueduct Basin,ZONE-RK03,Ward 18,0.0,0.0,0.0,0.0,259.7,0.29,1.21,67.4,0.1,19,0,0.0,Roorkee & Haridwar Hydro-Meteorological Station Dataset
Solani River Aqueduct Basin,ZONE-RK03,Ward 18,0.0,0.0,0.0,0.0,260.27,0.28,1.14,68.1,0.12,19,0,0.0,Roorkee & Haridwar Hydro-Meteorological Station Dataset
Solani River Aqueduct Basin,ZONE-RK03,Ward 18,0.0,0.0,0.0,5.2,259.92,0.42,1.22,69.1,0.1,19,0,0.0,Roorkee & Haridwar Hydro-Meteorological Station Dataset
Solani River Aqueduct Basin,ZONE-RK03,Ward 18,0.0,0.0,0.0,0.0,260.26,0.32,1.34,68.7,0.19,19,0,0.0,Roorkee & Haridwar Hydro-Meteorological Station Dataset
Solani River Aqueduct Basin,ZONE-RK03,Ward 18,0.0,0.0,0.0,6.2,259.71,0.31,1.26,67.4,0.19,19,0,0.0,Roorkee & Haridwar Hydro-Meteorological Station Dataset
Solani River Aqueduct Basin,ZONE-RK03,Ward 18,0.0,0.0,0.0,12.5,259.94,0.37,1.03,68.2,0.08,19,1,26.0,Roorkee & Haridwar Hydro-Meteorological Station Dataset
Solani River Aqueduct Basin,ZONE-RK03,Ward 18,0.0,0.0,0.0,0.0,260.24,0.32,1.16,67.2,0.07,19,0,0.0,Roorkee & Haridwar Hydro-Meteorological Station Dataset
Solani River Aqueduct Basin,ZONE-RK03,Ward 18,0.0,0.0,0.0,0.0,259.85,0.31,1.17,67.6,0.06,19,0,0.0,Roorkee & Haridwar Hydro-Meteorological Station Dataset
Solani River Aqueduct Basin,ZONE-RK03,Ward 18,0.0,0.0,0.0,2.4,260.06,0.33,1.24,68.1,0.11,19,0,0.0,Roorkee & Haridwar Hydro-Meteorological Station Dataset
Solani River Aqueduct Basin,ZONE-RK03,Ward 18,0.0,0.0,0.0,12.1,259.95,0.25,1.12,67.7,0.05,19,1,29.0,Roorkee & Haridwar Hydro-Meteorological Station Dataset
Solani River Aqueduct Basin,ZONE-RK03,Ward 18,0.0,0.0,0.0,0.0,260.06,0.2,1.12,68.8,0.16,19,0,0.0,Roorkee & Haridwar Hydro-Meteorological Station Dataset
Solani River Aqueduct Basin,ZONE-RK03,Ward 18,0.0,0.0,0.0,5.1,260.05,0.26,1.18,69.0,0.06,19,1,24.6,Roorkee & Haridwar Hydro-Meteorological Station Dataset
Solani River Aqueduct Basin,ZONE-RK03,Ward 18,0.0,0.0,0.0,0.0,260.11,0.34,1.17,68.1,0.16,19,0,0.0,Roorkee & Haridwar Hydro-Meteorological Station Dataset
Solani River Aqueduct Basin,ZONE-RK03,Ward 18,0.0,0.0,0.0,0.0,259.99,0.39,1.35,68.6,0.11,19,0,0.0,Roorkee & Haridwar Hydro-Meteorological Station Dataset
Ganeshpur / Roorkee Station,ZONE-RK04,Ward 08,45.6,174.3,372.4,191.9,262.52,0.41,1.82,88.3,0.85,15,1,65.2,Roorkee & Haridwar Hydro-Meteorological Station Dataset
Ganeshpur / Roorkee Station,ZONE-RK04,Ward 08,45.5,151.4,373.0,185.2,262.44,0.42,1.89,88.5,0.81,15,1,65.5,Roorkee & Haridwar Hydro-Meteorological Station Dataset
Ganeshpur / Roorkee Station,ZONE-RK04,Ward 08,48.1,157.1,291.4,196.4,262.61,0.4,1.65,87.2,0.84,15,1,65.8,Roorkee & Haridwar Hydro-Meteorological Station Dataset
Ganeshpur / Roorkee Station,ZONE-RK04,Ward 08,44.8,158.0,392.2,202.3,262.59,0.32,1.91,88.6,0.73,15,1,69.4,Roorkee & Haridwar Hydro-Meteorological Station Dataset
Ganeshpur / Roorkee Station,ZONE-RK04,Ward 08,33.6,130.1,341.4,198.9,262.57,0.35,1.78,86.1,0.75,15,1,67.1,Roorkee & Haridwar Hydro-Meteorological Station Dataset
Ganeshpur / Roorkee Station,ZONE-RK04,Ward 08,30.3,162.3,332.4,205.4,262.58,0.45,1.87,88.3,0.83,15,1,68.0,Roorkee & Haridwar Hydro-Meteorological Station Dataset
Ganeshpur / Roorkee Station,ZONE-RK04,Ward 08,44.2,176.0,375.4,196.3,262.23,0.34,1.83,89.2,0.77,15,1,66.4,Roorkee & Haridwar Hydro-Meteorological Station Dataset
Ganeshpur / Roorkee Station,ZONE-RK04,Ward 08,40.4,153.3,367.7,188.0,262.43,0.36,1.95,87.6,0.82,15,1,67.8,Roorkee & Haridwar Hydro-Meteorological Station Dataset
Ganeshpur / Roorkee Station,ZONE-RK04,Ward 08,46.9,157.9,368.3,170.5,262.56,0.46,1.68,87.7,0.8,15,1,67.1,Roorkee & Haridwar Hydro-Meteorological Station Dataset
Ganeshpur / Roorkee Station,ZONE-RK04,Ward 08,40.0,160.9,350.4,195.9,262.31,0.34,1.84,90.0,0.79,15,1,64.5,Roorkee & Haridwar Hydro-Meteorological Station Dataset
Ganeshpur / Roorkee Station,ZONE-RK04,Ward 08,38.0,158.6,390.0,189.5,262.57,0.39,1.76,87.9,0.76,15,1,68.5,Roorkee & Haridwar Hydro-Meteorological Station Dataset
Ganeshpur / Roorkee Station,ZONE-RK04,Ward 08,41.9,155.5,358.9,194.0,263.03,0.46,1.94,88.3,0.78,15,1,64.3,Roorkee & Haridwar Hydro-Meteorological Station Dataset
Ganeshpur / Roorkee Station,ZONE-RK04,Ward 08,39.9,156.7,384.9,194.3,262.57,0.41,1.87,87.6,0.79,15,1,69.1,Roorkee & Haridwar Hydro-Meteorological Station Dataset
Ganeshpur / Roorkee Station,ZONE-RK04,Ward 08,45.3,151.3,391.8,187.5,262.43,0.4,1.79,87.8,0.84,15,1,69.7,Roorkee & Haridwar Hydro-Meteorological Station Dataset
Ganeshpur / Roorkee Station,ZONE-RK04,Ward 08,42.2,162.5,375.6,184.2,262.34,0.48,1.68,87.7,0.79,15,1,69.4,Roorkee & Haridwar Hydro-Meteorological Station Dataset
Ganeshpur / Roorkee Station,ZONE-RK04,Ward 08,45.9,134.0,426.1,184.7,262.46,0.5,1.85,88.9,0.88,15,1,65.4,Roorkee & Haridwar Hydro-Meteorological Station Dataset
Ganeshpur / Roorkee Station,ZONE-RK04,Ward 08,42.0,196.6,383.9,195.7,262.25,0.4,1.79,87.5,0.83,15,1,64.6,Roorkee & Haridwar Hydro-Meteorological Station Dataset
Ganeshpur / Roorkee Station,ZONE-RK04,Ward 08,38.0,177.2,408.1,197.3,262.94,0.35,1.93,88.3,0.78,15,1,64.7,Roorkee & Haridwar Hydro-Meteorological Station Dataset
Ganeshpur / Roorkee Station,ZONE-RK04,Ward 08,41.3,171.6,335.2,186.6,262.52,0.39,1.7,88.1,0.77,15,1,68.8,Roorkee & Haridwar Hydro-Meteorological Station Dataset
Ganeshpur / Roorkee Station,ZONE-RK04,Ward 08,35.7,172.8,359.5,193.2,262.52,0.37,1.82,87.6,0.82,15,1,66.4,Roorkee & Haridwar Hydro-Meteorological Station Dataset
Ganeshpur / Roorkee Station,ZONE-RK04,Ward 08,49.0,179.7,327.7,180.9,263.13,0.4,1.77,88.2,0.89,15,1,64.2,Roorkee & Haridwar Hydro-Meteorological Station Dataset
Ganeshpur / Roorkee Station,ZONE-RK04,Ward 08,47.3,152.9,364.1,193.9,262.44,0.38,1.75,87.7,0.79,15,1,66.6,Roorkee & Haridwar Hydro-Meteorological Station Dataset
Ganeshpur / Roorkee Station,ZONE-RK04,Ward 08,40.7,183.7,301.9,206.0,262.33,0.42,1.83,86.2,0.85,15,1,65.6,Roorkee & Haridwar Hydro-Meteorological Station Dataset
Ganeshpur / Roorkee Station,ZONE-RK04,Ward 08,39.4,172.9,383.5,186.1,262.75,0.43,1.64,88.5,0.79,15,1,66.8,Roorkee & Haridwar Hydro-Meteorological Station Dataset
Ganeshpur / Roorkee Station,ZONE-RK04,Ward 08,39.3,151.6,367.1,178.8,262.35,0.42,1.77,86.5,0.83,15,1,66.3,Roorkee & Haridwar Hydro-Meteorological Station Dataset
Ganeshpur / Roorkee Station,ZONE-RK04,Ward 08,48.9,141.6,301.0,188.2,262.44,0.46,1.75,88.6,0.79,15,1,67.0,Roorkee & Haridwar Hydro-Meteorological Station Dataset
Ganeshpur / Roorkee Station,ZONE-RK04,Ward 08,38.4,175.0,277.1,190.9,262.42,0.41,1.67,86.6,0.82,15,1,64.4,Roorkee & Haridwar Hydro-Meteorological Station Dataset
Ganeshpur / Roorkee Station,ZONE-RK04,Ward 08,44.3,152.2,339.1,200.6,262.35,0.35,1.85,86.8,0.8,15,1,65.0,Roorkee & Haridwar Hydro-Meteorological Station Dataset
Ganeshpur / Roorkee Station,ZONE-RK04,Ward 08,38.0,152.8,391.4,177.5,262.38,0.41,1.71,87.2,0.76,15,1,68.5,Roorkee & Haridwar Hydro-Meteorological Station Dataset
Ganeshpur / Roorkee Station,ZONE-RK04,Ward 08,50.9,183.2,349.3,178.3,262.33,0.39,1.71,87.9,0.8,15,1,69.8,Roorkee & Haridwar Hydro-Meteorological Station Dataset
Ganeshpur / Roorkee Station,ZONE-RK04,Ward 08,40.9,157.6,339.6,191.1,262.61,0.37,1.75,90.4,0.78,15,1,69.8,Roorkee & Haridwar Hydro-Meteorological Station Dataset
Ganeshpur / Roorkee Station,ZONE-RK04,Ward 08,45.8,153.4,346.3,180.3,262.85,0.41,1.76,87.9,0.79,15,1,66.2,Roorkee & Haridwar Hydro-Meteorological Station Dataset
Ganeshpur / Roorkee Station,ZONE-RK04,Ward 08,38.4,147.8,301.0,196.6,262.56,0.41,1.88,86.5,0.81,15,1,66.6,Roorkee & Haridwar Hydro-Meteorological Station Dataset
Ganeshpur / Roorkee Station,ZONE-RK04,Ward 08,43.9,136.0,365.1,183.0,262.13,0.42,1.86,88.0,0.82,15,1,65.8,Roorkee & Haridwar Hydro-Meteorological Station Dataset
Ganeshpur / Roorkee Station,ZONE-RK04,Ward 08,43.7,186.1,320.6,191.2,262.72,0.45,1.82,88.3,0.75,15,1,64.2,Roorkee & Haridwar Hydro-Meteorological Station Dataset
Ganeshpur / Roorkee Station,ZONE-RK04,Ward 08,46.6,252.7,390.0,268.3,262.14,0.37,1.75,88.9,0.81,15,1,68.4,Roorkee & Haridwar Hydro-Meteorological Station Dataset
Ganeshpur / Roorkee Station,ZONE-RK04,Ward 08,59.2,250.6,548.7,247.3,262.15,0.31,1.78,89.8,0.84,15,1,68.4,Roorkee & Haridwar Hydro-Meteorological Station Dataset
Ganeshpur / Roorkee Station,ZONE-RK04,Ward 08,49.8,209.0,479.5,248.0,262.46,0.38,1.72,89.9,0.83,15,1,69.9,Roorkee & Haridwar Hydro-Meteorological Station Dataset
Ganeshpur / Roorkee Station,ZONE-RK04,Ward 08,57.7,205.5,550.4,240.2,262.43,0.4,1.92,87.4,0.76,15,1,64.6,Roorkee & Haridwar Hydro-Meteorological Station Dataset
Ganeshpur / Roorkee Station,ZONE-RK04,Ward 08,48.8,246.6,511.9,232.7,262.64,0.44,1.83,89.4,0.78,15,1,69.3,Roorkee & Haridwar Hydro-Meteorological Station Dataset
Ganeshpur / Roorkee Station,ZONE-RK04,Ward 08,51.8,208.3,465.0,237.3,262.32,0.4,1.77,89.3,0.81,15,1,69.1,Roorkee & Haridwar Hydro-Meteorological Station Dataset
Ganeshpur / Roorkee Station,ZONE-RK04,Ward 08,45.0,217.8,499.9,238.8,262.65,0.36,1.75,88.1,0.78,15,1,68.5,Roorkee & Haridwar Hydro-Meteorological Station Dataset
Ganeshpur / Roorkee Station,ZONE-RK04,Ward 08,57.0,209.3,429.7,251.8,262.58,0.42,1.65,87.3,0.78,15,1,68.8,Roorkee & Haridwar Hydro-Meteorological Station Dataset
Ganeshpur / Roorkee Station,ZONE-RK04,Ward 08,61.6,226.6,437.7,235.2,262.2,0.44,1.66,90.1,0.86,15,1,68.6,Roorkee & Haridwar Hydro-Meteorological Station Dataset
Ganeshpur / Roorkee Station,ZONE-RK04,Ward 08,62.1,216.1,454.0,238.9,262.41,0.4,1.66,87.4,0.74,15,1,69.0,Roorkee & Haridwar Hydro-Meteorological Station Dataset
Ganeshpur / Roorkee Station,ZONE-RK04,Ward 08,48.5,222.1,533.7,240.1,262.48,0.38,1.98,88.6,0.84,15,1,68.3,Roorkee & Haridwar Hydro-Meteorological Station Dataset
Ganeshpur / Roorkee Station,ZONE-RK04,Ward 08,62.7,220.9,336.7,233.5,262.44,0.35,1.83,88.7,0.76,15,1,68.5,Roorkee & Haridwar Hydro-Meteorological Station Dataset
Ganeshpur / Roorkee Station,ZONE-RK04,Ward 08,52.0,220.2,489.7,236.0,262.52,0.4,1.86,87.7,0.83,15,1,68.6,Roorkee & Haridwar Hydro-Meteorological Station Dataset
Ganeshpur / Roorkee Station,ZONE-RK04,Ward 08,52.4,172.3,476.1,241.6,262.49,0.38,1.7,87.5,0.85,15,1,65.4,Roorkee & Haridwar Hydro-Meteorological Station Dataset
Ganeshpur / Roorkee Station,ZONE-RK04,Ward 08,60.9,211.9,495.0,255.2,262.43,0.3,1.84,87.0,0.75,15,1,67.0,Roorkee & Haridwar Hydro-Meteorological Station Dataset
Ganeshpur / Roorkee Station,ZONE-RK04,Ward 08,50.7,204.8,533.1,240.2,262.65,0.46,1.71,87.9,0.87,15,1,67.1,Roorkee & Haridwar Hydro-Meteorological Station Dataset
Ganeshpur / Roorkee Station,ZONE-RK04,Ward 08,44.2,195.1,381.1,249.0,262.31,0.37,1.95,89.2,0.79,15,1,66.3,Roorkee & Haridwar Hydro-Meteorological Station Dataset
Ganeshpur / Roorkee Station,ZONE-RK04,Ward 08,64.7,211.8,449.1,242.6,262.6,0.34,2.06,86.0,0.9,15,1,68.2,Roorkee & Haridwar Hydro-Meteorological Station Dataset
Ganeshpur / Roorkee Station,ZONE-RK04,Ward 08,48.2,194.7,489.7,238.6,262.33,0.38,1.9,87.8,0.81,15,1,66.5,Roorkee & Haridwar Hydro-Meteorological Station Dataset
Ganeshpur / Roorkee Station,ZONE-RK04,Ward 08,45.8,194.1,592.9,235.8,262.53,0.45,1.7,88.3,0.79,15,1,65.6,Roorkee & Haridwar Hydro-Meteorological Station Dataset
Ganeshpur / Roorkee Station,ZONE-RK04,Ward 08,51.9,246.2,475.4,255.1,262.5,0.42,1.87,89.3,0.79,15,1,69.1,Roorkee & Haridwar Hydro-Meteorological Station Dataset
Ganeshpur / Roorkee Station,ZONE-RK04,Ward 08,54.9,192.7,530.9,223.9,262.34,0.42,1.89,87.0,0.87,15,1,64.0,Roorkee & Haridwar Hydro-Meteorological Station Dataset
Ganeshpur / Roorkee Station,ZONE-RK04,Ward 08,56.3,218.6,420.0,241.4,262.47,0.47,1.99,89.3,0.78,15,1,64.1,Roorkee & Haridwar Hydro-Meteorological Station Dataset
Ganeshpur / Roorkee Station,ZONE-RK04,Ward 08,53.3,223.0,503.1,233.2,262.51,0.45,1.69,88.2,0.84,15,1,66.2,Roorkee & Haridwar Hydro-Meteorological Station Dataset
Ganeshpur / Roorkee Station,ZONE-RK04,Ward 08,47.1,215.2,499.8,232.0,262.77,0.41,1.88,88.3,0.8,15,1,66.1,Roorkee & Haridwar Hydro-Meteorological Station Dataset
Ganeshpur / Roorkee Station,ZONE-RK04,Ward 08,53.0,209.0,470.9,252.6,263.16,0.4,1.77,87.8,0.89,15,1,68.8,Roorkee & Haridwar Hydro-Meteorological Station Dataset
Ganeshpur / Roorkee Station,ZONE-RK04,Ward 08,41.3,228.2,457.5,248.2,262.67,0.37,1.71,87.3,0.81,15,1,66.5,Roorkee & Haridwar Hydro-Meteorological Station Dataset
Ganeshpur / Roorkee Station,ZONE-RK04,Ward 08,47.9,197.9,555.1,235.3,262.14,0.42,1.69,86.8,0.83,15,1,64.4,Roorkee & Haridwar Hydro-Meteorological Station Dataset
Ganeshpur / Roorkee Station,ZONE-RK04,Ward 08,54.6,201.2,416.0,219.8,262.45,0.37,1.86,88.6,0.72,15,1,67.2,Roorkee & Haridwar Hydro-Meteorological Station Dataset
Ganeshpur / Roorkee Station,ZONE-RK04,Ward 08,55.7,189.8,428.0,239.3,262.81,0.39,1.94,88.4,0.8,15,1,66.3,Roorkee & Haridwar Hydro-Meteorological Station Dataset
Ganeshpur / Roorkee Station,ZONE-RK04,Ward 08,54.8,224.6,497.3,248.3,262.52,0.36,1.94,88.5,0.79,15,1,66.8,Roorkee & Haridwar Hydro-Meteorological Station Dataset
Ganeshpur / Roorkee Station,ZONE-RK04,Ward 08,47.3,191.1,528.1,233.9,262.2,0.43,1.82,86.7,0.86,15,1,64.7,Roorkee & Haridwar Hydro-Meteorological Station Dataset
Ganeshpur / Roorkee Station,ZONE-RK04,Ward 08,60.9,237.1,484.4,242.8,262.78,0.37,1.84,87.3,0.75,15,1,67.4,Roorkee & Haridwar Hydro-Meteorological Station Dataset
Ganeshpur / Roorkee Station,ZONE-RK04,Ward 08,51.5,211.6,394.0,247.4,262.48,0.38,1.83,90.0,0.83,15,1,68.0,Roorkee & Haridwar Hydro-Meteorological Station Dataset
Ganeshpur / Roorkee Station,ZONE-RK04,Ward 08,51.6,197.8,467.7,238.2,262.4,0.34,1.68,88.9,0.83,15,1,69.4,Roorkee & Haridwar Hydro-Meteorological Station Dataset
Ganeshpur / Roorkee Station,ZONE-RK04,Ward 08,36.2,143.4,275.7,123.7,262.47,0.39,1.68,86.9,0.78,15,1,69.4,Roorkee & Haridwar Hydro-Meteorological Station Dataset
Ganeshpur / Roorkee Station,ZONE-RK04,Ward 08,37.5,123.9,295.0,124.0,262.74,0.42,1.77,88.2,0.73,15,1,69.0,Roorkee & Haridwar Hydro-Meteorological Station Dataset
Ganeshpur / Roorkee Station,ZONE-RK04,Ward 08,35.4,131.3,314.5,115.1,262.33,0.47,1.83,88.9,0.72,15,1,64.0,Roorkee & Haridwar Hydro-Meteorological Station Dataset
Ganeshpur / Roorkee Station,ZONE-RK04,Ward 08,35.8,121.6,255.8,108.4,262.51,0.38,1.67,90.1,0.79,15,1,67.5,Roorkee & Haridwar Hydro-Meteorological Station Dataset
Ganeshpur / Roorkee Station,ZONE-RK04,Ward 08,32.6,111.9,286.1,115.9,262.32,0.33,1.78,89.1,0.85,15,1,67.4,Roorkee & Haridwar Hydro-Meteorological Station Dataset
Ganeshpur / Roorkee Station,ZONE-RK04,Ward 08,38.0,113.8,289.4,102.0,262.58,0.41,1.56,91.0,0.83,15,1,69.9,Roorkee & Haridwar Hydro-Meteorological Station Dataset
Ganeshpur / Roorkee Station,ZONE-RK04,Ward 08,33.9,149.8,268.9,117.1,262.28,0.41,1.68,87.2,0.8,15,1,66.1,Roorkee & Haridwar Hydro-Meteorological Station Dataset
Ganeshpur / Roorkee Station,ZONE-RK04,Ward 08,34.4,139.7,266.2,95.6,262.38,0.43,1.86,88.3,0.82,15,1,67.5,Roorkee & Haridwar Hydro-Meteorological Station Dataset
Ganeshpur / Roorkee Station,ZONE-RK04,Ward 08,32.8,104.1,311.5,113.1,262.54,0.42,1.9,89.2,0.77,15,1,65.2,Roorkee & Haridwar Hydro-Meteorological Station Dataset
Ganeshpur / Roorkee Station,ZONE-RK04,Ward 08,39.0,128.1,327.6,101.2,262.39,0.41,1.59,88.9,0.75,15,1,68.0,Roorkee & Haridwar Hydro-Meteorological Station Dataset
Ganeshpur / Roorkee Station,ZONE-RK04,Ward 08,38.0,103.5,240.4,106.9,262.44,0.43,1.91,89.5,0.81,15,1,68.2,Roorkee & Haridwar Hydro-Meteorological Station Dataset
Ganeshpur / Roorkee Station,ZONE-RK04,Ward 08,37.5,142.4,335.9,98.6,262.27,0.32,1.62,87.6,0.8,15,1,69.3,Roorkee & Haridwar Hydro-Meteorological Station Dataset
Ganeshpur / Roorkee Station,ZONE-RK04,Ward 08,36.1,147.2,212.1,98.9,262.3,0.37,1.8,86.2,0.83,15,1,68.2,Roorkee & Haridwar Hydro-Meteorological Station Dataset
Ganeshpur / Roorkee Station,ZONE-RK04,Ward 08,35.4,123.8,260.3,121.7,262.33,0.32,1.84,88.8,0.82,15,1,64.1,Roorkee & Haridwar Hydro-Meteorological Station Dataset
Ganeshpur / Roorkee Station,ZONE-RK04,Ward 08,40.3,140.8,282.0,118.1,262.37,0.42,1.7,89.5,0.82,15,1,68.1,Roorkee & Haridwar Hydro-Meteorological Station Dataset
Ganeshpur / Roorkee Station,ZONE-RK04,Ward 08,32.2,140.0,295.7,108.4,261.92,0.39,1.78,87.7,0.76,15,1,66.4,Roorkee & Haridwar Hydro-Meteorological Station Dataset
Ganeshpur / Roorkee Station,ZONE-RK04,Ward 08,35.9,130.1,354.3,114.1,262.47,0.36,1.76,88.5,0.81,15,1,70.0,Roorkee & Haridwar Hydro-Meteorological Station Dataset
Ganeshpur / Roorkee Station,ZONE-RK04,Ward 08,34.4,113.8,314.3,114.5,262.62,0.45,1.98,88.2,0.77,15,1,64.6,Roorkee & Haridwar Hydro-Meteorological Station Dataset
Ganeshpur / Roorkee Station,ZONE-RK04,Ward 08,34.2,158.0,272.5,109.7,262.55,0.4,1.71,87.8,0.88,15,1,69.2,Roorkee & Haridwar Hydro-Meteorological Station Dataset
Ganeshpur / Roorkee Station,ZONE-RK04,Ward 08,37.2,112.5,342.8,121.7,262.57,0.41,1.83,88.2,0.71,15,1,67.4,Roorkee & Haridwar Hydro-Meteorological Station Dataset
Ganeshpur / Roorkee Station,ZONE-RK04,Ward 08,31.4,135.2,311.1,111.7,262.3,0.41,1.85,88.6,0.81,15,1,67.4,Roorkee & Haridwar Hydro-Meteorological Station Dataset
Ganeshpur / Roorkee Station,ZONE-RK04,Ward 08,34.5,123.7,252.8,116.0,262.19,0.4,1.76,87.4,0.79,15,1,69.6,Roorkee & Haridwar Hydro-Meteorological Station Dataset
Ganeshpur / Roorkee Station,ZONE-RK04,Ward 08,35.0,120.2,287.4,107.7,262.55,0.47,1.85,87.9,0.74,15,1,66.1,Roorkee & Haridwar Hydro-Meteorological Station Dataset
Ganeshpur / Roorkee Station,ZONE-RK04,Ward 08,38.5,135.9,261.2,107.8,262.35,0.39,1.93,87.1,0.78,15,1,69.6,Roorkee & Haridwar Hydro-Meteorological Station Dataset
Ganeshpur / Roorkee Station,ZONE-RK04,Ward 08,32.8,136.9,325.8,110.4,262.66,0.38,2.03,90.0,0.76,15,1,64.3,Roorkee & Haridwar Hydro-Meteorological Station Dataset
Ganeshpur / Roorkee Station,ZONE-RK04,Ward 08,40.2,111.5,290.4,107.2,262.37,0.41,2.02,88.9,0.82,15,1,66.2,Roorkee & Haridwar Hydro-Meteorological Station Dataset
Ganeshpur / Roorkee Station,ZONE-RK04,Ward 08,34.0,153.1,324.0,106.4,262.14,0.48,1.76,88.0,0.85,15,1,69.2,Roorkee & Haridwar Hydro-Meteorological Station Dataset
Ganeshpur / Roorkee Station,ZONE-RK04,Ward 08,30.9,145.9,271.0,113.9,262.46,0.36,1.88,88.6,0.79,15,1,65.4,Roorkee & Haridwar Hydro-Meteorological Station Dataset
Ganeshpur / Roorkee Station,ZONE-RK04,Ward 08,33.0,122.5,280.3,119.0,262.84,0.41,1.8,87.8,0.85,15,1,69.4,Roorkee & Haridwar Hydro-Meteorological Station Dataset
Ganeshpur / Roorkee Station,ZONE-RK04,Ward 08,32.7,125.5,278.7,113.3,262.58,0.42,1.86,86.4,0.82,15,1,67.4,Roorkee & Haridwar Hydro-Meteorological Station Dataset
Ganeshpur / Roorkee Station,ZONE-RK04,Ward 08,38.5,144.8,281.6,112.9,262.54,0.42,1.69,87.4,0.82,15,1,66.7,Roorkee & Haridwar Hydro-Meteorological Station Dataset
Ganeshpur / Roorkee Station,ZONE-RK04,Ward 08,31.8,121.9,286.8,118.6,262.28,0.35,1.74,87.0,0.79,15,1,67.8,Roorkee & Haridwar Hydro-Meteorological Station Dataset
Ganeshpur / Roorkee Station,ZONE-RK04,Ward 08,30.4,126.8,249.5,120.5,262.79,0.33,1.89,88.6,0.86,15,1,66.8,Roorkee & Haridwar Hydro-Meteorological Station Dataset
Ganeshpur / Roorkee Station,ZONE-RK04,Ward 08,29.7,135.7,299.4,94.5,262.42,0.44,1.89,85.3,0.84,15,1,68.7,Roorkee & Haridwar Hydro-Meteorological Station Dataset
Ganeshpur / Roorkee Station,ZONE-RK04,Ward 08,33.2,112.4,305.1,123.8,262.52,0.47,1.83,88.4,0.81,15,1,64.3,Roorkee & Haridwar Hydro-Meteorological Station Dataset
Ganeshpur / Roorkee Station,ZONE-RK04,Ward 08,24.6,71.3,216.2,87.6,262.61,0.38,1.77,87.9,0.82,15,1,69.6,Roorkee & Haridwar Hydro-Meteorological Station Dataset
Ganeshpur / Roorkee Station,ZONE-RK04,Ward 08,23.8,83.3,214.3,76.7,262.43,0.4,1.82,87.8,0.83,15,1,69.3,Roorkee & Haridwar Hydro-Meteorological Station Dataset
Ganeshpur / Roorkee Station,ZONE-RK04,Ward 08,22.3,103.7,199.9,88.2,262.27,0.39,1.93,86.8,0.8,15,1,67.2,Roorkee & Haridwar Hydro-Meteorological Station Dataset
Ganeshpur / Roorkee Station,ZONE-RK04,Ward 08,27.7,74.9,181.4,79.9,262.32,0.44,1.82,88.4,0.84,15,1,66.7,Roorkee & Haridwar Hydro-Meteorological Station Dataset
Ganeshpur / Roorkee Station,ZONE-RK04,Ward 08,23.3,79.4,178.4,83.2,262.67,0.36,1.81,88.7,0.73,15,1,67.9,Roorkee & Haridwar Hydro-Meteorological Station Dataset
Ganeshpur / Roorkee Station,ZONE-RK04,Ward 08,22.1,90.7,182.0,73.6,262.64,0.45,1.82,87.4,0.86,15,1,68.1,Roorkee & Haridwar Hydro-Meteorological Station Dataset
Ganeshpur / Roorkee Station,ZONE-RK04,Ward 08,23.7,78.9,243.8,86.4,262.49,0.42,1.9,88.0,0.86,15,1,67.6,Roorkee & Haridwar Hydro-Meteorological Station Dataset
Ganeshpur / Roorkee Station,ZONE-RK04,Ward 08,22.2,79.2,184.2,82.5,262.63,0.41,1.62,89.0,0.72,15,1,68.2,Roorkee & Haridwar Hydro-Meteorological Station Dataset
Ganeshpur / Roorkee Station,ZONE-RK04,Ward 08,24.5,93.2,209.9,73.5,262.38,0.43,1.69,88.2,0.79,15,1,65.3,Roorkee & Haridwar Hydro-Meteorological Station Dataset
Ganeshpur / Roorkee Station,ZONE-RK04,Ward 08,19.2,86.6,176.1,73.7,262.65,0.41,1.88,87.8,0.71,15,1,68.8,Roorkee & Haridwar Hydro-Meteorological Station Dataset
Ganeshpur / Roorkee Station,ZONE-RK04,Ward 08,28.4,82.3,221.9,81.3,262.55,0.43,1.81,88.6,0.81,15,1,66.0,Roorkee & Haridwar Hydro-Meteorological Station Dataset
Ganeshpur / Roorkee Station,ZONE-RK04,Ward 08,16.7,102.4,217.5,89.2,262.34,0.4,1.73,89.8,0.8,15,1,65.9,Roorkee & Haridwar Hydro-Meteorological Station Dataset
Ganeshpur / Roorkee Station,ZONE-RK04,Ward 08,23.5,73.8,226.4,83.2,262.73,0.44,1.78,88.5,0.85,15,1,68.3,Roorkee & Haridwar Hydro-Meteorological Station Dataset
Ganeshpur / Roorkee Station,ZONE-RK04,Ward 08,22.6,98.9,193.8,97.0,262.75,0.38,1.69,87.7,0.83,15,1,64.8,Roorkee & Haridwar Hydro-Meteorological Station Dataset
Ganeshpur / Roorkee Station,ZONE-RK04,Ward 08,20.2,92.5,204.2,77.0,262.57,0.39,1.88,88.8,0.8,15,1,67.0,Roorkee & Haridwar Hydro-Meteorological Station Dataset
Ganeshpur / Roorkee Station,ZONE-RK04,Ward 08,24.9,95.1,242.9,89.7,262.49,0.36,1.84,87.8,0.8,15,1,64.4,Roorkee & Haridwar Hydro-Meteorological Station Dataset
Ganeshpur / Roorkee Station,ZONE-RK04,Ward 08,21.6,78.1,182.1,88.1,262.45,0.34,1.76,88.7,0.84,15,1,66.3,Roorkee & Haridwar Hydro-Meteorological Station Dataset
Ganeshpur / Roorkee Station,ZONE-RK04,Ward 08,25.4,95.9,211.5,79.3,262.43,0.39,1.94,87.8,0.78,15,1,69.6,Roorkee & Haridwar Hydro-Meteorological Station Dataset
Ganeshpur / Roorkee Station,ZONE-RK04,Ward 08,23.3,85.4,227.2,70.2,262.63,0.39,2.0,87.6,0.81,15,1,65.3,Roorkee & Haridwar Hydro-Meteorological Station Dataset
Ganeshpur / Roorkee Station,ZONE-RK04,Ward 08,24.3,90.4,190.0,72.4,262.55,0.42,1.89,88.2,0.75,15,1,67.1,Roorkee & Haridwar Hydro-Meteorological Station Dataset
Ganeshpur / Roorkee Station,ZONE-RK04,Ward 08,25.7,93.0,195.2,74.5,262.46,0.47,1.82,87.8,0.8,15,1,66.2,Roorkee & Haridwar Hydro-Meteorological Station Dataset
Ganeshpur / Roorkee Station,ZONE-RK04,Ward 08,23.6,89.8,198.5,63.0,262.53,0.39,1.87,86.8,0.82,15,1,68.9,Roorkee & Haridwar Hydro-Meteorological Station Dataset
Ganeshpur / Roorkee Station,ZONE-RK04,Ward 08,24.1,90.9,207.2,93.1,262.75,0.32,1.94,86.3,0.87,15,1,65.4,Roorkee & Haridwar Hydro-Meteorological Station Dataset
Ganeshpur / Roorkee Station,ZONE-RK04,Ward 08,22.9,82.0,186.5,77.6,262.3,0.48,1.8,87.2,0.79,15,1,64.5,Roorkee & Haridwar Hydro-Meteorological Station Dataset
Ganeshpur / Roorkee Station,ZONE-RK04,Ward 08,26.9,99.1,191.9,81.9,262.49,0.38,1.73,88.3,0.82,15,1,64.6,Roorkee & Haridwar Hydro-Meteorological Station Dataset
Ganeshpur / Roorkee Station,ZONE-RK04,Ward 08,20.2,74.5,206.9,76.9,262.56,0.4,1.66,88.0,0.78,15,1,69.8,Roorkee & Haridwar Hydro-Meteorological Station Dataset
Ganeshpur / Roorkee Station,ZONE-RK04,Ward 08,24.8,83.6,199.5,94.9,262.55,0.39,1.83,88.7,0.78,15,1,67.6,Roorkee & Haridwar Hydro-Meteorological Station Dataset
Ganeshpur / Roorkee Station,ZONE-RK04,Ward 08,22.0,86.6,201.0,76.8,262.6,0.4,1.67,88.7,0.84,15,1,67.4,Roorkee & Haridwar Hydro-Meteorological Station Dataset
Ganeshpur / Roorkee Station,ZONE-RK04,Ward 08,24.6,102.2,196.1,81.2,262.49,0.32,1.51,87.8,0.76,15,1,68.1,Roorkee & Haridwar Hydro-Meteorological Station Dataset
Ganeshpur / Roorkee Station,ZONE-RK04,Ward 08,25.5,83.9,208.5,72.8,262.55,0.45,1.75,86.3,0.82,15,1,65.5,Roorkee & Haridwar Hydro-Meteorological Station Dataset
Ganeshpur / Roorkee Station,ZONE-RK04,Ward 08,23.7,95.3,159.7,69.9,262.65,0.35,1.91,88.0,0.81,15,1,68.1,Roorkee & Haridwar Hydro-Meteorological Station Dataset
Ganeshpur / Roorkee Station,ZONE-RK04,Ward 08,22.8,97.1,214.1,78.9,262.45,0.34,1.84,88.2,0.73,15,1,69.4,Roorkee & Haridwar Hydro-Meteorological Station Dataset
Ganeshpur / Roorkee Station,ZONE-RK04,Ward 08,26.6,88.1,190.4,84.1,262.22,0.33,1.76,87.7,0.82,15,1,68.5,Roorkee & Haridwar Hydro-Meteorological Station Dataset
Ganeshpur / Roorkee Station,ZONE-RK04,Ward 08,23.5,89.2,183.6,83.0,262.46,0.37,1.82,86.7,0.81,15,1,67.8,Roorkee & Haridwar Hydro-Meteorological Station Dataset
Ganeshpur / Roorkee Station,ZONE-RK04,Ward 08,21.3,92.8,221.9,68.8,262.61,0.42,1.91,89.0,0.73,15,1,65.8,Roorkee & Haridwar Hydro-Meteorological Station Dataset
Ganeshpur / Roorkee Station,ZONE-RK04,Ward 08,17.6,67.3,130.7,64.7,262.3,0.32,1.78,88.2,0.83,15,1,66.6,Roorkee & Haridwar Hydro-Meteorological Station Dataset
Ganeshpur / Roorkee Station,ZONE-RK04,Ward 08,20.2,68.0,131.8,55.4,262.62,0.38,1.67,87.2,0.82,15,1,69.2,Roorkee & Haridwar Hydro-Meteorological Station Dataset
Ganeshpur / Roorkee Station,ZONE-RK04,Ward 08,13.7,68.4,137.2,54.2,262.74,0.43,1.69,88.7,0.82,15,1,69.1,Roorkee & Haridwar Hydro-Meteorological Station Dataset
Ganeshpur / Roorkee Station,ZONE-RK04,Ward 08,19.1,66.0,145.8,36.4,262.84,0.34,1.85,89.0,0.85,15,1,64.3,Roorkee & Haridwar Hydro-Meteorological Station Dataset
Ganeshpur / Roorkee Station,ZONE-RK04,Ward 08,18.2,73.8,118.0,54.0,262.65,0.41,1.92,89.8,0.89,15,1,63.1,Roorkee & Haridwar Hydro-Meteorological Station Dataset
Ganeshpur / Roorkee Station,ZONE-RK04,Ward 08,18.7,63.8,140.6,54.1,262.77,0.41,1.75,86.9,0.77,15,1,65.6,Roorkee & Haridwar Hydro-Meteorological Station Dataset
Ganeshpur / Roorkee Station,ZONE-RK04,Ward 08,17.8,68.4,130.8,48.7,262.45,0.35,1.84,88.9,0.81,15,1,69.2,Roorkee & Haridwar Hydro-Meteorological Station Dataset
Ganeshpur / Roorkee Station,ZONE-RK04,Ward 08,14.9,61.4,104.3,56.6,262.75,0.4,1.87,87.1,0.79,15,1,64.8,Roorkee & Haridwar Hydro-Meteorological Station Dataset
Ganeshpur / Roorkee Station,ZONE-RK04,Ward 08,13.9,66.4,132.1,51.2,262.46,0.41,1.8,88.2,0.81,15,1,64.1,Roorkee & Haridwar Hydro-Meteorological Station Dataset
Ganeshpur / Roorkee Station,ZONE-RK04,Ward 08,15.9,75.0,143.8,58.7,262.63,0.34,1.79,88.5,0.69,15,1,66.9,Roorkee & Haridwar Hydro-Meteorological Station Dataset
Ganeshpur / Roorkee Station,ZONE-RK04,Ward 08,19.3,58.4,121.5,43.1,262.29,0.4,1.74,89.5,0.75,15,1,67.6,Roorkee & Haridwar Hydro-Meteorological Station Dataset
Ganeshpur / Roorkee Station,ZONE-RK04,Ward 08,16.6,61.9,119.1,42.8,262.51,0.48,1.79,88.7,0.85,15,1,66.4,Roorkee & Haridwar Hydro-Meteorological Station Dataset
Ganeshpur / Roorkee Station,ZONE-RK04,Ward 08,19.0,62.4,129.8,50.1,262.49,0.43,1.72,87.4,0.84,15,1,68.6,Roorkee & Haridwar Hydro-Meteorological Station Dataset
Ganeshpur / Roorkee Station,ZONE-RK04,Ward 08,18.0,58.9,145.4,42.3,262.69,0.44,1.64,88.0,0.78,15,1,66.4,Roorkee & Haridwar Hydro-Meteorological Station Dataset
Ganeshpur / Roorkee Station,ZONE-RK04,Ward 08,20.2,51.1,119.2,42.7,262.57,0.31,1.77,89.2,0.77,15,1,63.5,Roorkee & Haridwar Hydro-Meteorological Station Dataset
Ganeshpur / Roorkee Station,ZONE-RK04,Ward 08,18.0,58.9,147.6,43.2,262.33,0.49,1.75,87.3,0.8,15,1,68.9,Roorkee & Haridwar Hydro-Meteorological Station Dataset
Ganeshpur / Roorkee Station,ZONE-RK04,Ward 08,12.9,67.9,134.6,36.4,262.8,0.39,1.65,88.5,0.83,15,1,69.2,Roorkee & Haridwar Hydro-Meteorological Station Dataset
Ganeshpur / Roorkee Station,ZONE-RK04,Ward 08,18.5,69.0,181.5,43.7,262.72,0.45,1.99,90.2,0.8,15,1,66.0,Roorkee & Haridwar Hydro-Meteorological Station Dataset
Ganeshpur / Roorkee Station,ZONE-RK04,Ward 08,16.1,55.5,123.1,48.4,262.47,0.44,1.81,89.2,0.8,15,1,64.0,Roorkee & Haridwar Hydro-Meteorological Station Dataset
Ganeshpur / Roorkee Station,ZONE-RK04,Ward 08,18.0,64.4,134.9,34.4,262.56,0.41,1.72,87.4,0.81,15,1,64.1,Roorkee & Haridwar Hydro-Meteorological Station Dataset
Ganeshpur / Roorkee Station,ZONE-RK04,Ward 08,19.7,63.9,135.6,44.9,262.8,0.35,1.75,89.5,0.73,15,1,65.0,Roorkee & Haridwar Hydro-Meteorological Station Dataset
Ganeshpur / Roorkee Station,ZONE-RK04,Ward 08,22.9,58.2,139.7,37.0,262.55,0.44,1.88,87.7,0.79,15,1,63.5,Roorkee & Haridwar Hydro-Meteorological Station Dataset
Ganeshpur / Roorkee Station,ZONE-RK04,Ward 08,19.2,56.4,149.4,45.6,262.02,0.43,1.73,87.8,0.87,15,1,64.3,Roorkee & Haridwar Hydro-Meteorological Station Dataset
Ganeshpur / Roorkee Station,ZONE-RK04,Ward 08,17.0,72.3,146.2,43.1,262.35,0.34,1.66,87.0,0.78,15,1,64.1,Roorkee & Haridwar Hydro-Meteorological Station Dataset
Ganeshpur / Roorkee Station,ZONE-RK04,Ward 08,15.4,74.5,138.1,49.4,262.81,0.4,1.88,86.1,0.78,15,1,67.6,Roorkee & Haridwar Hydro-Meteorological Station Dataset
Ganeshpur / Roorkee Station,ZONE-RK04,Ward 08,17.8,64.1,138.9,36.5,262.19,0.38,1.78,87.9,0.83,15,1,63.7,Roorkee & Haridwar Hydro-Meteorological Station Dataset
Ganeshpur / Roorkee Station,ZONE-RK04,Ward 08,20.9,80.7,132.6,60.4,262.47,0.4,1.81,87.8,0.83,15,1,69.2,Roorkee & Haridwar Hydro-Meteorological Station Dataset
Ganeshpur / Roorkee Station,ZONE-RK04,Ward 08,15.4,64.6,169.8,57.1,262.44,0.38,1.92,87.6,0.8,15,1,64.3,Roorkee & Haridwar Hydro-Meteorological Station Dataset
Ganeshpur / Roorkee Station,ZONE-RK04,Ward 08,18.9,64.0,137.4,43.6,262.68,0.41,1.73,86.1,0.83,15,1,64.3,Roorkee & Haridwar Hydro-Meteorological Station Dataset
Ganeshpur / Roorkee Station,ZONE-RK04,Ward 08,19.9,59.3,128.1,44.4,262.43,0.43,1.8,88.1,0.8,15,1,66.4,Roorkee & Haridwar Hydro-Meteorological Station Dataset
Ganeshpur / Roorkee Station,ZONE-RK04,Ward 08,16.8,66.2,132.1,46.6,262.5,0.39,1.74,87.1,0.78,15,1,65.6,Roorkee & Haridwar Hydro-Meteorological Station Dataset
Ganeshpur / Roorkee Station,ZONE-RK04,Ward 08,19.6,64.2,157.0,45.0,262.53,0.43,1.88,86.2,0.8,15,1,66.0,Roorkee & Haridwar Hydro-Meteorological Station Dataset
Ganeshpur / Roorkee Station,ZONE-RK04,Ward 08,20.2,61.0,158.3,46.3,262.65,0.4,1.87,87.7,0.86,15,1,65.7,Roorkee & Haridwar Hydro-Meteorological Station Dataset
Ganeshpur / Roorkee Station,ZONE-RK04,Ward 08,15.6,63.4,156.0,69.8,262.79,0.34,1.88,89.5,0.78,15,1,64.2,Roorkee & Haridwar Hydro-Meteorological Station Dataset
Ganeshpur / Roorkee Station,ZONE-RK04,Ward 08,17.1,60.0,149.1,51.6,262.43,0.42,1.83,88.7,0.79,15,1,69.5,Roorkee & Haridwar Hydro-Meteorological Station Dataset
Ganeshpur / Roorkee Station,ZONE-RK04,Ward 08,11.7,48.9,89.6,20.4,262.41,0.35,1.7,88.6,0.84,15,1,59.8,Roorkee & Haridwar Hydro-Meteorological Station Dataset
Ganeshpur / Roorkee Station,ZONE-RK04,Ward 08,13.8,43.3,72.9,30.2,262.51,0.37,1.7,88.2,0.78,15,1,57.0,Roorkee & Haridwar Hydro-Meteorological Station Dataset
Ganeshpur / Roorkee Station,ZONE-RK04,Ward 08,12.0,42.5,86.9,28.0,262.37,0.36,1.85,88.9,0.75,15,1,62.0,Roorkee & Haridwar Hydro-Meteorological Station Dataset
Ganeshpur / Roorkee Station,ZONE-RK04,Ward 08,12.2,40.3,111.4,44.6,262.81,0.36,1.86,88.7,0.76,15,1,61.8,Roorkee & Haridwar Hydro-Meteorological Station Dataset
Ganeshpur / Roorkee Station,ZONE-RK04,Ward 08,12.3,39.8,96.8,32.5,262.72,0.33,1.92,88.9,0.83,15,1,61.9,Roorkee & Haridwar Hydro-Meteorological Station Dataset
Ganeshpur / Roorkee Station,ZONE-RK04,Ward 08,12.2,49.6,91.7,34.7,262.59,0.29,1.78,88.4,0.81,15,1,61.3,Roorkee & Haridwar Hydro-Meteorological Station Dataset
Ganeshpur / Roorkee Station,ZONE-RK04,Ward 08,11.7,40.6,96.2,34.7,262.45,0.4,1.85,88.0,0.9,15,1,61.8,Roorkee & Haridwar Hydro-Meteorological Station Dataset
Ganeshpur / Roorkee Station,ZONE-RK04,Ward 08,11.6,53.3,96.3,32.0,262.28,0.34,1.8,86.7,0.82,15,1,60.7,Roorkee & Haridwar Hydro-Meteorological Station Dataset
Ganeshpur / Roorkee Station,ZONE-RK04,Ward 08,11.5,53.3,106.5,29.4,262.47,0.44,1.96,88.5,0.83,15,1,62.8,Roorkee & Haridwar Hydro-Meteorological Station Dataset
Ganeshpur / Roorkee Station,ZONE-RK04,Ward 08,11.0,43.1,97.4,25.3,262.49,0.37,1.79,88.9,0.74,15,1,62.6,Roorkee & Haridwar Hydro-Meteorological Station Dataset
Ganeshpur / Roorkee Station,ZONE-RK04,Ward 08,13.0,47.4,96.3,38.0,262.41,0.44,1.68,87.8,0.83,15,1,63.4,Roorkee & Haridwar Hydro-Meteorological Station Dataset
Ganeshpur / Roorkee Station,ZONE-RK04,Ward 08,11.6,52.4,99.7,35.2,262.46,0.31,1.87,87.1,0.79,15,1,65.2,Roorkee & Haridwar Hydro-Meteorological Station Dataset
Ganeshpur / Roorkee Station,ZONE-RK04,Ward 08,12.1,43.8,96.8,46.9,262.3,0.43,1.67,87.3,0.79,15,1,63.8,Roorkee & Haridwar Hydro-Meteorological Station Dataset
Ganeshpur / Roorkee Station,ZONE-RK04,Ward 08,14.3,47.7,100.5,31.6,262.67,0.39,1.83,86.0,0.77,15,1,62.2,Roorkee & Haridwar Hydro-Meteorological Station Dataset
Ganeshpur / Roorkee Station,ZONE-RK04,Ward 08,12.1,35.0,92.6,20.6,262.4,0.4,1.8,87.8,0.79,15,1,55.6,Roorkee & Haridwar Hydro-Meteorological Station Dataset
Ganeshpur / Roorkee Station,ZONE-RK04,Ward 08,10.0,47.0,74.7,33.6,262.6,0.44,1.91,87.8,0.82,15,1,55.5,Roorkee & Haridwar Hydro-Meteorological Station Dataset
Ganeshpur / Roorkee Station,ZONE-RK04,Ward 08,12.6,41.5,91.3,27.7,262.46,0.43,1.67,88.4,0.8,15,1,62.4,Roorkee & Haridwar Hydro-Meteorological Station Dataset
Ganeshpur / Roorkee Station,ZONE-RK04,Ward 08,11.8,55.3,106.9,14.0,262.72,0.39,1.74,89.0,0.8,15,1,63.5,Roorkee & Haridwar Hydro-Meteorological Station Dataset
Ganeshpur / Roorkee Station,ZONE-RK04,Ward 08,9.8,42.6,96.0,44.2,262.3,0.45,1.72,88.6,0.83,15,1,62.7,Roorkee & Haridwar Hydro-Meteorological Station Dataset
Ganeshpur / Roorkee Station,ZONE-RK04,Ward 08,10.9,47.4,90.6,32.1,262.25,0.36,1.89,87.9,0.83,15,1,60.5,Roorkee & Haridwar Hydro-Meteorological Station Dataset
Ganeshpur / Roorkee Station,ZONE-RK04,Ward 08,11.1,43.9,110.4,22.1,262.6,0.41,1.88,88.8,0.82,15,1,65.1,Roorkee & Haridwar Hydro-Meteorological Station Dataset
Ganeshpur / Roorkee Station,ZONE-RK04,Ward 08,11.8,38.4,106.4,28.3,262.54,0.44,1.92,88.3,0.89,15,1,63.1,Roorkee & Haridwar Hydro-Meteorological Station Dataset
Ganeshpur / Roorkee Station,ZONE-RK04,Ward 08,14.0,48.1,89.8,26.0,262.58,0.46,1.78,86.7,0.77,15,1,58.0,Roorkee & Haridwar Hydro-Meteorological Station Dataset
Ganeshpur / Roorkee Station,ZONE-RK04,Ward 08,13.2,44.3,82.9,21.6,262.48,0.43,1.8,87.8,0.77,15,1,58.7,Roorkee & Haridwar Hydro-Meteorological Station Dataset
Ganeshpur / Roorkee Station,ZONE-RK04,Ward 08,11.4,46.1,95.8,17.2,262.65,0.44,1.88,86.3,0.77,15,1,61.4,Roorkee & Haridwar Hydro-Meteorological Station Dataset
Ganeshpur / Roorkee Station,ZONE-RK04,Ward 08,10.9,40.3,94.8,37.6,262.78,0.44,1.62,88.3,0.81,15,1,60.6,Roorkee & Haridwar Hydro-Meteorological Station Dataset
Ganeshpur / Roorkee Station,ZONE-RK04,Ward 08,11.8,51.0,94.2,27.0,262.23,0.43,1.8,86.7,0.75,15,1,58.7,Roorkee & Haridwar Hydro-Meteorological Station Dataset
Ganeshpur / Roorkee Station,ZONE-RK04,Ward 08,11.1,47.6,105.6,26.0,262.67,0.37,1.91,88.2,0.9,15,1,62.0,Roorkee & Haridwar Hydro-Meteorological Station Dataset
Ganeshpur / Roorkee Station,ZONE-RK04,Ward 08,12.8,47.1,99.9,27.5,262.51,0.36,1.62,88.7,0.74,15,1,63.0,Roorkee & Haridwar Hydro-Meteorological Station Dataset
Ganeshpur / Roorkee Station,ZONE-RK04,Ward 08,10.5,47.0,104.7,24.0,262.17,0.38,1.84,88.3,0.76,15,1,64.9,Roorkee & Haridwar Hydro-Meteorological Station Dataset
Ganeshpur / Roorkee Station,ZONE-RK04,Ward 08,13.2,38.7,84.9,27.1,262.61,0.43,1.7,87.6,0.91,15,1,55.9,Roorkee & Haridwar Hydro-Meteorological Station Dataset
Ganeshpur / Roorkee Station,ZONE-RK04,Ward 08,12.7,41.9,106.7,30.5,262.34,0.44,1.63,89.0,0.79,15,1,63.8,Roorkee & Haridwar Hydro-Meteorological Station Dataset
Ganeshpur / Roorkee Station,ZONE-RK04,Ward 08,14.1,48.2,115.7,15.6,262.66,0.42,1.74,88.6,0.85,15,1,66.6,Roorkee & Haridwar Hydro-Meteorological Station Dataset
Ganeshpur / Roorkee Station,ZONE-RK04,Ward 08,12.8,42.3,99.0,25.3,262.6,0.41,1.73,88.0,0.82,15,1,61.6,Roorkee & Haridwar Hydro-Meteorological Station Dataset
Ganeshpur / Roorkee Station,ZONE-RK04,Ward 08,13.2,40.4,93.9,37.0,262.34,0.47,1.82,89.5,0.78,15,1,59.8,Roorkee & Haridwar Hydro-Meteorological Station Dataset
Ganeshpur / Roorkee Station,ZONE-RK04,Ward 08,7.1,20.4,51.4,28.7,262.67,0.47,1.94,89.0,0.81,15,1,26.1,Roorkee & Haridwar Hydro-Meteorological Station Dataset
Ganeshpur / Roorkee Station,ZONE-RK04,Ward 08,6.8,22.4,59.8,6.2,262.6,0.38,1.88,88.4,0.77,15,1,34.9,Roorkee & Haridwar Hydro-Meteorological Station Dataset
Ganeshpur / Roorkee Station,ZONE-RK04,Ward 08,6.6,23.6,56.5,8.1,262.34,0.37,1.65,88.1,0.81,15,1,38.3,Roorkee & Haridwar Hydro-Meteorological Station Dataset
Ganeshpur / Roorkee Station,ZONE-RK04,Ward 08,6.3,25.9,61.9,18.8,262.39,0.41,1.82,87.8,0.81,15,1,38.1,Roorkee & Haridwar Hydro-Meteorological Station Dataset
Ganeshpur / Roorkee Station,ZONE-RK04,Ward 08,6.3,21.5,56.4,15.1,263.23,0.43,1.88,88.7,0.82,15,1,29.8,Roorkee & Haridwar Hydro-Meteorological Station Dataset
Ganeshpur / Roorkee Station,ZONE-RK04,Ward 08,6.8,22.3,57.6,22.9,262.59,0.43,1.73,89.7,0.86,15,1,34.8,Roorkee & Haridwar Hydro-Meteorological Station Dataset
Ganeshpur / Roorkee Station,ZONE-RK04,Ward 08,6.7,24.5,50.9,18.3,262.83,0.43,1.78,88.6,0.81,15,1,32.2,Roorkee & Haridwar Hydro-Meteorological Station Dataset
Ganeshpur / Roorkee Station,ZONE-RK04,Ward 08,6.9,28.1,54.0,16.8,262.91,0.33,1.83,87.2,0.79,15,1,35.2,Roorkee & Haridwar Hydro-Meteorological Station Dataset
Ganeshpur / Roorkee Station,ZONE-RK04,Ward 08,6.9,23.5,57.0,13.5,262.39,0.4,1.72,87.5,0.85,15,1,31.4,Roorkee & Haridwar Hydro-Meteorological Station Dataset
Ganeshpur / Roorkee Station,ZONE-RK04,Ward 08,6.9,26.8,59.8,27.7,262.84,0.36,1.6,87.8,0.8,15,1,45.5,Roorkee & Haridwar Hydro-Meteorological Station Dataset
Ganeshpur / Roorkee Station,ZONE-RK04,Ward 08,6.0,24.1,56.1,14.0,262.46,0.35,1.84,88.2,0.79,15,1,36.9,Roorkee & Haridwar Hydro-Meteorological Station Dataset
Ganeshpur / Roorkee Station,ZONE-RK04,Ward 08,6.8,29.7,44.6,31.0,262.2,0.38,1.69,87.8,0.78,15,1,35.2,Roorkee & Haridwar Hydro-Meteorological Station Dataset
Ganeshpur / Roorkee Station,ZONE-RK04,Ward 08,6.9,23.5,51.7,11.9,262.65,0.32,1.58,87.6,0.79,15,1,35.5,Roorkee & Haridwar Hydro-Meteorological Station Dataset
Ganeshpur / Roorkee Station,ZONE-RK04,Ward 08,6.9,22.6,54.7,16.4,262.47,0.44,1.85,86.3,0.88,15,1,26.3,Roorkee & Haridwar Hydro-Meteorological Station Dataset
Ganeshpur / Roorkee Station,ZONE-RK04,Ward 08,5.6,25.4,55.9,17.7,262.72,0.49,1.71,88.8,0.83,15,1,32.4,Roorkee & Haridwar Hydro-Meteorological Station Dataset
Ganeshpur / Roorkee Station,ZONE-RK04,Ward 08,7.5,29.3,60.2,37.6,262.62,0.42,1.86,86.0,0.85,15,1,37.3,Roorkee & Haridwar Hydro-Meteorological Station Dataset
Ganeshpur / Roorkee Station,ZONE-RK04,Ward 08,6.9,27.4,41.9,2.7,262.62,0.33,1.87,88.5,0.79,15,0,0.0,Roorkee & Haridwar Hydro-Meteorological Station Dataset
Ganeshpur / Roorkee Station,ZONE-RK04,Ward 08,7.9,25.6,51.9,22.8,262.36,0.39,1.84,88.2,0.87,15,1,30.3,Roorkee & Haridwar Hydro-Meteorological Station Dataset
Ganeshpur / Roorkee Station,ZONE-RK04,Ward 08,6.7,28.4,59.5,18.6,262.84,0.37,1.74,88.4,0.85,15,1,41.6,Roorkee & Haridwar Hydro-Meteorological Station Dataset
Ganeshpur / Roorkee Station,ZONE-RK04,Ward 08,8.0,24.1,50.5,6.6,262.28,0.34,1.81,87.9,0.78,15,1,31.0,Roorkee & Haridwar Hydro-Meteorological Station Dataset
Ganeshpur / Roorkee Station,ZONE-RK04,Ward 08,7.3,26.3,63.0,23.4,262.37,0.36,1.92,88.4,0.82,15,1,44.7,Roorkee & Haridwar Hydro-Meteorological Station Dataset
Ganeshpur / Roorkee Station,ZONE-RK04,Ward 08,6.8,24.0,56.4,10.4,262.35,0.39,1.71,87.9,0.8,15,1,36.7,Roorkee & Haridwar Hydro-Meteorological Station Dataset
Ganeshpur / Roorkee Station,ZONE-RK04,Ward 08,6.6,26.1,56.9,19.4,262.38,0.43,1.72,87.3,0.79,15,1,38.5,Roorkee & Haridwar Hydro-Meteorological Station Dataset
Ganeshpur / Roorkee Station,ZONE-RK04,Ward 08,7.1,28.9,52.4,19.8,262.57,0.38,1.96,88.8,0.84,15,1,32.8,Roorkee & Haridwar Hydro-Meteorological Station Dataset
Ganeshpur / Roorkee Station,ZONE-RK04,Ward 08,7.1,22.2,53.4,16.0,262.49,0.42,1.76,88.0,0.79,15,1,33.1,Roorkee & Haridwar Hydro-Meteorological Station Dataset
Ganeshpur / Roorkee Station,ZONE-RK04,Ward 08,5.9,21.0,56.1,31.1,262.39,0.43,1.78,88.9,0.81,15,1,36.1,Roorkee & Haridwar Hydro-Meteorological Station Dataset
Ganeshpur / Roorkee Station,ZONE-RK04,Ward 08,6.8,30.8,50.8,28.1,262.53,0.35,1.87,88.4,0.72,15,1,36.7,Roorkee & Haridwar Hydro-Meteorological Station Dataset
Ganeshpur / Roorkee Station,ZONE-RK04,Ward 08,7.1,25.3,55.7,27.4,262.83,0.46,1.81,85.9,0.84,15,1,31.5,Roorkee & Haridwar Hydro-Meteorological Station Dataset
Ganeshpur / Roorkee Station,ZONE-RK04,Ward 08,7.3,30.2,62.6,14.6,262.46,0.34,1.79,87.9,0.81,15,1,42.5,Roorkee & Haridwar Hydro-Meteorological Station Dataset
Ganeshpur / Roorkee Station,ZONE-RK04,Ward 08,7.3,28.7,58.7,22.3,262.62,0.4,1.72,87.2,0.77,15,1,41.2,Roorkee & Haridwar Hydro-Meteorological Station Dataset
Ganeshpur / Roorkee Station,ZONE-RK04,Ward 08,6.8,27.4,52.5,8.7,262.58,0.38,1.8,88.1,0.83,15,1,31.1,Roorkee & Haridwar Hydro-Meteorological Station Dataset
Ganeshpur / Roorkee Station,ZONE-RK04,Ward 08,8.0,22.6,67.1,13.1,262.26,0.44,1.9,88.2,0.86,15,1,39.6,Roorkee & Haridwar Hydro-Meteorological Station Dataset
Ganeshpur / Roorkee Station,ZONE-RK04,Ward 08,6.6,21.4,50.6,6.0,262.06,0.44,1.83,87.0,0.7,15,1,27.1,Roorkee & Haridwar Hydro-Meteorological Station Dataset
Ganeshpur / Roorkee Station,ZONE-RK04,Ward 08,6.1,24.1,58.5,5.9,262.44,0.41,1.85,89.0,0.84,15,1,35.2,Roorkee & Haridwar Hydro-Meteorological Station Dataset
Ganeshpur / Roorkee Station,ZONE-RK04,Ward 08,8.5,30.0,57.4,16.2,262.59,0.41,1.68,88.0,0.77,15,1,38.1,Roorkee & Haridwar Hydro-Meteorological Station Dataset
Ganeshpur / Roorkee Station,ZONE-RK04,Ward 08,2.5,7.4,16.1,2.0,262.39,0.39,1.88,89.3,0.79,15,0,0.0,Roorkee & Haridwar Hydro-Meteorological Station Dataset
Ganeshpur / Roorkee Station,ZONE-RK04,Ward 08,2.8,6.8,15.9,9.2,262.33,0.45,1.87,86.5,0.86,15,0,0.0,Roorkee & Haridwar Hydro-Meteorological Station Dataset
Ganeshpur / Roorkee Station,ZONE-RK04,Ward 08,2.8,8.3,17.1,0.0,262.68,0.39,1.77,87.5,0.75,15,0,0.0,Roorkee & Haridwar Hydro-Meteorological Station Dataset
Ganeshpur / Roorkee Station,ZONE-RK04,Ward 08,2.4,7.5,17.5,0.0,262.44,0.36,1.68,89.7,0.83,15,0,0.0,Roorkee & Haridwar Hydro-Meteorological Station Dataset
Ganeshpur / Roorkee Station,ZONE-RK04,Ward 08,2.6,7.9,19.1,0.0,262.18,0.37,1.73,88.3,0.78,15,0,0.0,Roorkee & Haridwar Hydro-Meteorological Station Dataset
Ganeshpur / Roorkee Station,ZONE-RK04,Ward 08,2.2,8.6,17.1,20.8,262.6,0.36,1.95,87.4,0.75,15,0,0.0,Roorkee & Haridwar Hydro-Meteorological Station Dataset
Ganeshpur / Roorkee Station,ZONE-RK04,Ward 08,2.7,8.7,13.5,8.3,262.52,0.38,1.73,88.2,0.81,15,0,0.0,Roorkee & Haridwar Hydro-Meteorological Station Dataset
Ganeshpur / Roorkee Station,ZONE-RK04,Ward 08,2.6,8.5,15.3,17.7,262.34,0.46,1.86,88.6,0.83,15,0,0.0,Roorkee & Haridwar Hydro-Meteorological Station Dataset
Ganeshpur / Roorkee Station,ZONE-RK04,Ward 08,2.7,8.3,18.3,0.0,262.32,0.45,1.71,86.9,0.8,15,0,0.0,Roorkee & Haridwar Hydro-Meteorological Station Dataset
Ganeshpur / Roorkee Station,ZONE-RK04,Ward 08,2.2,7.1,18.3,11.1,262.55,0.4,1.81,89.6,0.83,15,0,0.0,Roorkee & Haridwar Hydro-Meteorological Station Dataset
Ganeshpur / Roorkee Station,ZONE-RK04,Ward 08,2.1,7.9,16.4,6.6,262.51,0.4,1.8,87.3,0.78,15,0,0.0,Roorkee & Haridwar Hydro-Meteorological Station Dataset
Ganeshpur / Roorkee Station,ZONE-RK04,Ward 08,2.1,6.5,16.2,0.0,262.2,0.37,1.8,85.4,0.85,15,0,0.0,Roorkee & Haridwar Hydro-Meteorological Station Dataset
Ganeshpur / Roorkee Station,ZONE-RK04,Ward 08,2.4,8.1,18.0,8.0,262.58,0.39,1.69,86.4,0.72,15,0,0.0,Roorkee & Haridwar Hydro-Meteorological Station Dataset
Ganeshpur / Roorkee Station,ZONE-RK04,Ward 08,2.4,6.4,22.5,0.0,262.7,0.38,1.83,88.3,0.84,15,0,0.0,Roorkee & Haridwar Hydro-Meteorological Station Dataset
Ganeshpur / Roorkee Station,ZONE-RK04,Ward 08,2.5,6.2,19.4,1.2,262.41,0.42,1.78,88.0,0.74,15,0,0.0,Roorkee & Haridwar Hydro-Meteorological Station Dataset
Ganeshpur / Roorkee Station,ZONE-RK04,Ward 08,2.6,7.2,21.3,9.8,262.63,0.34,1.85,89.3,0.79,15,0,0.0,Roorkee & Haridwar Hydro-Meteorological Station Dataset
Ganeshpur / Roorkee Station,ZONE-RK04,Ward 08,2.6,8.2,18.1,0.0,262.4,0.39,2.06,88.0,0.78,15,0,0.0,Roorkee & Haridwar Hydro-Meteorological Station Dataset
Ganeshpur / Roorkee Station,ZONE-RK04,Ward 08,2.6,6.3,18.9,0.0,262.57,0.36,1.75,88.7,0.83,15,0,0.0,Roorkee & Haridwar Hydro-Meteorological Station Dataset
Ganeshpur / Roorkee Station,ZONE-RK04,Ward 08,2.2,8.4,18.1,0.0,262.58,0.39,1.85,90.4,0.84,15,0,0.0,Roorkee & Haridwar Hydro-Meteorological Station Dataset
Ganeshpur / Roorkee Station,ZONE-RK04,Ward 08,2.5,8.2,19.2,13.5,262.27,0.39,2.07,86.5,0.81,15,0,0.0,Roorkee & Haridwar Hydro-Meteorological Station Dataset
Ganeshpur / Roorkee Station,ZONE-RK04,Ward 08,2.3,8.0,17.6,9.9,262.67,0.4,1.84,88.9,0.76,15,0,0.0,Roorkee & Haridwar Hydro-Meteorological Station Dataset
Ganeshpur / Roorkee Station,ZONE-RK04,Ward 08,2.4,7.5,15.5,2.5,262.5,0.37,1.74,86.4,0.85,15,0,0.0,Roorkee & Haridwar Hydro-Meteorological Station Dataset
Ganeshpur / Roorkee Station,ZONE-RK04,Ward 08,2.8,8.4,19.5,2.5,262.44,0.34,1.83,87.4,0.79,15,0,0.0,Roorkee & Haridwar Hydro-Meteorological Station Dataset
Ganeshpur / Roorkee Station,ZONE-RK04,Ward 08,2.5,8.2,18.8,18.6,262.65,0.35,1.78,88.0,0.82,15,0,0.0,Roorkee & Haridwar Hydro-Meteorological Station Dataset
Ganeshpur / Roorkee Station,ZONE-RK04,Ward 08,2.6,7.4,22.0,16.1,262.77,0.42,1.78,87.4,0.85,15,0,0.0,Roorkee & Haridwar Hydro-Meteorological Station Dataset
Ganeshpur / Roorkee Station,ZONE-RK04,Ward 08,2.2,9.2,21.3,3.8,262.64,0.39,1.88,87.4,0.77,15,0,0.0,Roorkee & Haridwar Hydro-Meteorological Station Dataset
Ganeshpur / Roorkee Station,ZONE-RK04,Ward 08,2.2,8.1,19.6,8.2,262.57,0.37,1.83,89.3,0.75,15,0,0.0,Roorkee & Haridwar Hydro-Meteorological Station Dataset
Ganeshpur / Roorkee Station,ZONE-RK04,Ward 08,2.8,7.5,14.8,4.9,262.26,0.4,1.67,87.6,0.79,15,0,0.0,Roorkee & Haridwar Hydro-Meteorological Station Dataset
Ganeshpur / Roorkee Station,ZONE-RK04,Ward 08,2.5,8.1,17.9,4.9,262.76,0.4,1.72,86.6,0.73,15,0,0.0,Roorkee & Haridwar Hydro-Meteorological Station Dataset
Ganeshpur / Roorkee Station,ZONE-RK04,Ward 08,3.1,8.2,16.6,3.9,262.41,0.33,1.85,86.6,0.77,15,0,0.0,Roorkee & Haridwar Hydro-Meteorological Station Dataset
Ganeshpur / Roorkee Station,ZONE-RK04,Ward 08,2.3,6.7,18.8,7.1,262.69,0.39,1.73,88.7,0.81,15,0,0.0,Roorkee & Haridwar Hydro-Meteorological Station Dataset
Ganeshpur / Roorkee Station,ZONE-RK04,Ward 08,1.8,8.2,19.8,11.8,262.84,0.44,1.82,90.1,0.77,15,0,0.0,Roorkee & Haridwar Hydro-Meteorological Station Dataset
Ganeshpur / Roorkee Station,ZONE-RK04,Ward 08,2.5,8.8,18.2,25.5,262.58,0.38,1.96,87.6,0.77,15,0,0.0,Roorkee & Haridwar Hydro-Meteorological Station Dataset
Ganeshpur / Roorkee Station,ZONE-RK04,Ward 08,2.7,7.8,20.5,10.6,262.63,0.33,1.87,86.9,0.82,15,0,0.0,Roorkee & Haridwar Hydro-Meteorological Station Dataset
Ganeshpur / Roorkee Station,ZONE-RK04,Ward 08,2.5,8.5,19.3,6.7,262.68,0.46,1.52,88.9,0.75,15,0,0.0,Roorkee & Haridwar Hydro-Meteorological Station Dataset
Ganeshpur / Roorkee Station,ZONE-RK04,Ward 08,0.0,0.0,0.0,9.4,262.11,0.38,1.82,87.8,0.79,15,0,0.0,Roorkee & Haridwar Hydro-Meteorological Station Dataset
Ganeshpur / Roorkee Station,ZONE-RK04,Ward 08,0.0,0.0,0.0,0.0,262.47,0.38,1.71,89.6,0.82,15,0,0.0,Roorkee & Haridwar Hydro-Meteorological Station Dataset
Ganeshpur / Roorkee Station,ZONE-RK04,Ward 08,0.0,0.0,0.0,0.0,262.51,0.35,1.66,87.8,0.81,15,0,0.0,Roorkee & Haridwar Hydro-Meteorological Station Dataset
Ganeshpur / Roorkee Station,ZONE-RK04,Ward 08,0.0,0.0,0.0,12.6,262.43,0.38,1.82,89.6,0.82,15,0,0.0,Roorkee & Haridwar Hydro-Meteorological Station Dataset
Ganeshpur / Roorkee Station,ZONE-RK04,Ward 08,0.0,0.0,0.0,0.0,262.72,0.36,1.98,87.2,0.78,15,0,0.0,Roorkee & Haridwar Hydro-Meteorological Station Dataset
Ganeshpur / Roorkee Station,ZONE-RK04,Ward 08,0.0,0.0,0.0,3.0,262.8,0.41,1.74,87.7,0.83,15,0,0.0,Roorkee & Haridwar Hydro-Meteorological Station Dataset
Ganeshpur / Roorkee Station,ZONE-RK04,Ward 08,0.0,0.0,0.0,12.6,262.2,0.46,1.81,88.6,0.77,15,0,0.0,Roorkee & Haridwar Hydro-Meteorological Station Dataset
Ganeshpur / Roorkee Station,ZONE-RK04,Ward 08,0.0,0.0,0.0,13.4,263.04,0.44,1.81,86.7,0.82,15,0,0.0,Roorkee & Haridwar Hydro-Meteorological Station Dataset
Ganeshpur / Roorkee Station,ZONE-RK04,Ward 08,0.0,0.0,0.0,2.5,262.32,0.41,1.98,87.8,0.8,15,0,0.0,Roorkee & Haridwar Hydro-Meteorological Station Dataset
Ganeshpur / Roorkee Station,ZONE-RK04,Ward 08,0.0,0.0,0.0,0.0,262.67,0.34,1.8,88.0,0.77,15,0,0.0,Roorkee & Haridwar Hydro-Meteorological Station Dataset
Ganeshpur / Roorkee Station,ZONE-RK04,Ward 08,0.0,0.0,0.0,11.2,262.94,0.41,1.93,89.9,0.78,15,0,0.0,Roorkee & Haridwar Hydro-Meteorological Station Dataset
Ganeshpur / Roorkee Station,ZONE-RK04,Ward 08,0.0,0.0,0.0,0.0,262.42,0.45,1.77,89.1,0.8,15,0,0.0,Roorkee & Haridwar Hydro-Meteorological Station Dataset
Ganeshpur / Roorkee Station,ZONE-RK04,Ward 08,0.0,0.0,0.0,0.0,262.44,0.41,1.95,86.6,0.76,15,0,0.0,Roorkee & Haridwar Hydro-Meteorological Station Dataset
Ganeshpur / Roorkee Station,ZONE-RK04,Ward 08,0.0,0.0,0.0,0.0,262.56,0.37,1.79,86.8,0.86,15,0,0.0,Roorkee & Haridwar Hydro-Meteorological Station Dataset
Ganeshpur / Roorkee Station,ZONE-RK04,Ward 08,0.0,0.0,0.0,0.0,262.36,0.43,1.94,88.4,0.83,15,0,0.0,Roorkee & Haridwar Hydro-Meteorological Station Dataset
Ganeshpur / Roorkee Station,ZONE-RK04,Ward 08,0.0,0.0,0.0,9.4,262.49,0.38,1.93,87.8,0.77,15,0,0.0,Roorkee & Haridwar Hydro-Meteorological Station Dataset
Ganeshpur / Roorkee Station,ZONE-RK04,Ward 08,0.0,0.0,0.0,0.0,262.57,0.44,1.63,88.6,0.86,15,0,0.0,Roorkee & Haridwar Hydro-Meteorological Station Dataset
Ganeshpur / Roorkee Station,ZONE-RK04,Ward 08,0.0,0.0,0.0,2.1,262.24,0.45,1.68,87.9,0.75,15,0,0.0,Roorkee & Haridwar Hydro-Meteorological Station Dataset
Ganeshpur / Roorkee Station,ZONE-RK04,Ward 08,0.0,0.0,0.0,1.8,262.24,0.35,1.75,89.7,0.84,15,0,0.0,Roorkee & Haridwar Hydro-Meteorological Station Dataset
Ganeshpur / Roorkee Station,ZONE-RK04,Ward 08,0.0,0.0,0.0,8.0,262.77,0.42,1.87,88.6,0.73,15,0,0.0,Roorkee & Haridwar Hydro-Meteorological Station Dataset
Ganeshpur / Roorkee Station,ZONE-RK04,Ward 08,0.0,0.0,0.0,0.0,262.57,0.46,1.71,88.7,0.81,15,0,0.0,Roorkee & Haridwar Hydro-Meteorological Station Dataset
Ganeshpur / Roorkee Station,ZONE-RK04,Ward 08,0.0,0.0,0.0,15.5,262.42,0.43,1.86,87.3,0.82,15,0,0.0,Roorkee & Haridwar Hydro-Meteorological Station Dataset
Ganeshpur / Roorkee Station,ZONE-RK04,Ward 08,0.0,0.0,0.0,4.6,262.57,0.4,1.78,89.3,0.79,15,0,0.0,Roorkee & Haridwar Hydro-Meteorological Station Dataset
Ganeshpur / Roorkee Station,ZONE-RK04,Ward 08,0.0,0.0,0.0,6.9,262.52,0.39,1.65,88.5,0.81,15,0,0.0,Roorkee & Haridwar Hydro-Meteorological Station Dataset
Ganeshpur / Roorkee Station,ZONE-RK04,Ward 08,0.0,0.0,0.0,2.1,262.84,0.41,1.72,89.5,0.85,15,0,0.0,Roorkee & Haridwar Hydro-Meteorological Station Dataset
Ganeshpur / Roorkee Station,ZONE-RK04,Ward 08,0.0,0.0,0.0,0.0,262.54,0.36,1.72,89.2,0.77,15,0,0.0,Roorkee & Haridwar Hydro-Meteorological Station Dataset
Ganeshpur / Roorkee Station,ZONE-RK04,Ward 08,0.0,0.0,0.0,2.5,261.98,0.42,1.84,89.7,0.71,15,0,0.0,Roorkee & Haridwar Hydro-Meteorological Station Dataset
Ganeshpur / Roorkee Station,ZONE-RK04,Ward 08,0.0,0.0,0.0,0.0,262.52,0.42,1.73,88.6,0.76,15,0,0.0,Roorkee & Haridwar Hydro-Meteorological Station Dataset
Ganeshpur / Roorkee Station,ZONE-RK04,Ward 08,0.0,0.0,0.0,7.3,262.55,0.41,1.74,88.5,0.75,15,0,0.0,Roorkee & Haridwar Hydro-Meteorological Station Dataset
Ganeshpur / Roorkee Station,ZONE-RK04,Ward 08,0.0,0.0,0.0,0.0,262.42,0.43,1.71,90.5,0.84,15,0,0.0,Roorkee & Haridwar Hydro-Meteorological Station Dataset
Ganeshpur / Roorkee Station,ZONE-RK04,Ward 08,0.0,0.0,0.0,4.0,262.44,0.38,1.99,89.3,0.89,15,0,0.0,Roorkee & Haridwar Hydro-Meteorological Station Dataset
Ganeshpur / Roorkee Station,ZONE-RK04,Ward 08,0.0,0.0,0.0,0.0,262.46,0.4,1.84,87.8,0.78,15,0,0.0,Roorkee & Haridwar Hydro-Meteorological Station Dataset
Ganeshpur / Roorkee Station,ZONE-RK04,Ward 08,0.0,0.0,0.0,9.3,262.33,0.46,1.78,88.1,0.83,15,0,0.0,Roorkee & Haridwar Hydro-Meteorological Station Dataset
Ganeshpur / Roorkee Station,ZONE-RK04,Ward 08,0.0,0.0,0.0,4.3,262.14,0.46,1.93,87.8,0.83,15,0,0.0,Roorkee & Haridwar Hydro-Meteorological Station Dataset
Ganeshpur / Roorkee Station,ZONE-RK04,Ward 08,0.0,0.0,0.0,13.2,262.29,0.37,1.88,86.9,0.83,15,0,0.0,Roorkee & Haridwar Hydro-Meteorological Station Dataset
Har Ki Pauri / Canal Ghats,ZONE-HW01,Ward 01,36.7,173.2,368.4,211.5,293.87,0.88,2.23,94.8,0.11,17,1,67.6,Roorkee & Haridwar Hydro-Meteorological Station Dataset
Har Ki Pauri / Canal Ghats,ZONE-HW01,Ward 01,44.5,173.0,286.9,183.5,294.28,0.87,2.14,94.9,0.05,17,1,64.8,Roorkee & Haridwar Hydro-Meteorological Station Dataset
Har Ki Pauri / Canal Ghats,ZONE-HW01,Ward 01,39.5,156.5,371.7,192.9,293.86,0.95,2.2,95.0,0.08,17,1,67.1,Roorkee & Haridwar Hydro-Meteorological Station Dataset
Har Ki Pauri / Canal Ghats,ZONE-HW01,Ward 01,40.3,152.0,338.8,182.1,293.82,0.92,2.31,94.4,0.05,17,1,67.5,Roorkee & Haridwar Hydro-Meteorological Station Dataset
Har Ki Pauri / Canal Ghats,ZONE-HW01,Ward 01,39.3,165.6,396.6,193.6,294.35,0.91,2.29,96.3,0.05,17,1,69.5,Roorkee & Haridwar Hydro-Meteorological Station Dataset
Har Ki Pauri / Canal Ghats,ZONE-HW01,Ward 01,45.1,157.0,359.0,186.1,294.06,0.93,2.26,95.4,0.05,17,1,68.4,Roorkee & Haridwar Hydro-Meteorological Station Dataset
Har Ki Pauri / Canal Ghats,ZONE-HW01,Ward 01,37.4,177.1,367.5,171.9,293.89,0.96,2.17,95.3,0.07,17,1,66.4,Roorkee & Haridwar Hydro-Meteorological Station Dataset
Har Ki Pauri / Canal Ghats,ZONE-HW01,Ward 01,50.9,138.5,356.3,197.2,294.39,0.93,2.15,95.4,0.05,17,1,65.0,Roorkee & Haridwar Hydro-Meteorological Station Dataset
Har Ki Pauri / Canal Ghats,ZONE-HW01,Ward 01,42.5,144.3,397.2,192.3,294.16,0.81,2.12,94.7,0.11,17,1,64.6,Roorkee & Haridwar Hydro-Meteorological Station Dataset
Har Ki Pauri / Canal Ghats,ZONE-HW01,Ward 01,44.9,170.4,385.8,191.6,294.19,0.96,2.13,94.9,0.08,17,1,69.4,Roorkee & Haridwar Hydro-Meteorological Station Dataset
Har Ki Pauri / Canal Ghats,ZONE-HW01,Ward 01,42.3,144.8,350.5,199.1,294.1,0.94,2.28,92.7,0.06,17,1,64.8,Roorkee & Haridwar Hydro-Meteorological Station Dataset
Har Ki Pauri / Canal Ghats,ZONE-HW01,Ward 01,39.4,161.0,353.1,198.3,294.35,0.93,1.94,95.9,0.08,17,1,66.2,Roorkee & Haridwar Hydro-Meteorological Station Dataset
Har Ki Pauri / Canal Ghats,ZONE-HW01,Ward 01,43.6,163.3,370.5,186.6,293.74,0.93,2.23,95.3,0.05,17,1,69.7,Roorkee & Haridwar Hydro-Meteorological Station Dataset
Har Ki Pauri / Canal Ghats,ZONE-HW01,Ward 01,45.9,165.1,316.8,201.1,293.83,0.86,2.19,95.0,0.1,17,1,68.4,Roorkee & Haridwar Hydro-Meteorological Station Dataset
Har Ki Pauri / Canal Ghats,ZONE-HW01,Ward 01,37.7,139.0,367.6,192.1,293.72,0.93,2.02,96.9,0.09,17,1,70.0,Roorkee & Haridwar Hydro-Meteorological Station Dataset
Har Ki Pauri / Canal Ghats,ZONE-HW01,Ward 01,40.5,178.6,407.4,188.9,293.82,0.86,2.28,94.3,0.05,17,1,68.7,Roorkee & Haridwar Hydro-Meteorological Station Dataset
Har Ki Pauri / Canal Ghats,ZONE-HW01,Ward 01,36.5,168.8,342.2,185.4,294.05,0.92,2.33,93.7,0.05,17,1,68.8,Roorkee & Haridwar Hydro-Meteorological Station Dataset
Har Ki Pauri / Canal Ghats,ZONE-HW01,Ward 01,40.3,157.9,323.8,193.1,294.02,0.88,2.02,94.0,0.06,17,1,68.5,Roorkee & Haridwar Hydro-Meteorological Station Dataset
Har Ki Pauri / Canal Ghats,ZONE-HW01,Ward 01,34.8,161.4,350.5,195.5,294.02,0.9,2.09,95.2,0.05,17,1,69.7,Roorkee & Haridwar Hydro-Meteorological Station Dataset
Har Ki Pauri / Canal Ghats,ZONE-HW01,Ward 01,37.9,201.8,377.5,198.1,294.1,0.83,2.24,94.2,0.05,17,1,69.4,Roorkee & Haridwar Hydro-Meteorological Station Dataset
Har Ki Pauri / Canal Ghats,ZONE-HW01,Ward 01,42.1,169.8,344.5,191.8,294.03,0.85,2.18,96.2,0.05,17,1,67.3,Roorkee & Haridwar Hydro-Meteorological Station Dataset
Har Ki Pauri / Canal Ghats,ZONE-HW01,Ward 01,37.1,152.5,380.7,195.4,294.31,0.86,2.24,95.2,0.1,17,1,65.7,Roorkee & Haridwar Hydro-Meteorological Station Dataset
Har Ki Pauri / Canal Ghats,ZONE-HW01,Ward 01,39.2,137.5,311.8,204.5,294.16,0.83,2.22,95.4,0.1,17,1,67.3,Roorkee & Haridwar Hydro-Meteorological Station Dataset
Har Ki Pauri / Canal Ghats,ZONE-HW01,Ward 01,35.2,152.6,323.7,192.3,294.0,0.82,2.26,92.7,0.07,17,1,67.5,Roorkee & Haridwar Hydro-Meteorological Station Dataset
Har Ki Pauri / Canal Ghats,ZONE-HW01,Ward 01,45.0,198.8,345.9,190.7,293.78,0.79,2.18,95.0,0.05,17,1,67.8,Roorkee & Haridwar Hydro-Meteorological Station Dataset
Har Ki Pauri / Canal Ghats,ZONE-HW01,Ward 01,41.9,151.5,310.8,182.0,293.99,0.95,2.2,93.6,0.05,17,1,66.2,Roorkee & Haridwar Hydro-Meteorological Station Dataset
Har Ki Pauri / Canal Ghats,ZONE-HW01,Ward 01,39.1,151.9,316.2,200.7,294.11,0.91,1.99,94.8,0.11,17,1,65.9,Roorkee & Haridwar Hydro-Meteorological Station Dataset
Har Ki Pauri / Canal Ghats,ZONE-HW01,Ward 01,37.5,133.6,369.3,193.8,294.08,0.94,2.23,93.6,0.08,17,1,64.2,Roorkee & Haridwar Hydro-Meteorological Station Dataset
Har Ki Pauri / Canal Ghats,ZONE-HW01,Ward 01,42.9,150.0,306.4,192.3,293.98,0.84,2.24,95.2,0.05,17,1,67.8,Roorkee & Haridwar Hydro-Meteorological Station Dataset
Har Ki Pauri / Canal Ghats,ZONE-HW01,Ward 01,46.3,164.6,385.6,181.9,293.93,0.84,2.18,93.8,0.11,17,1,66.7,Roorkee & Haridwar Hydro-Meteorological Station Dataset
Har Ki Pauri / Canal Ghats,ZONE-HW01,Ward 01,41.7,156.2,424.9,190.2,294.04,0.9,2.03,94.6,0.05,17,1,69.7,Roorkee & Haridwar Hydro-Meteorological Station Dataset
Har Ki Pauri / Canal Ghats,ZONE-HW01,Ward 01,40.7,153.3,366.3,188.1,294.05,0.87,2.19,94.8,0.09,17,1,64.3,Roorkee & Haridwar Hydro-Meteorological Station Dataset
Har Ki Pauri / Canal Ghats,ZONE-HW01,Ward 01,40.8,155.9,388.8,185.9,293.84,0.98,2.18,96.6,0.05,17,1,64.8,Roorkee & Haridwar Hydro-Meteorological Station Dataset
Har Ki Pauri / Canal Ghats,ZONE-HW01,Ward 01,33.6,182.4,316.5,192.0,293.73,0.9,2.09,96.1,0.1,17,1,64.3,Roorkee & Haridwar Hydro-Meteorological Station Dataset
Har Ki Pauri / Canal Ghats,ZONE-HW01,Ward 01,41.9,163.8,355.6,199.2,293.58,0.86,2.16,93.3,0.06,17,1,65.4,Roorkee & Haridwar Hydro-Meteorological Station Dataset
Har Ki Pauri / Canal Ghats,ZONE-HW01,Ward 01,61.5,245.3,497.9,244.0,294.26,0.97,2.27,94.8,0.06,17,1,66.9,Roorkee & Haridwar Hydro-Meteorological Station Dataset
Har Ki Pauri / Canal Ghats,ZONE-HW01,Ward 01,57.9,230.2,435.8,254.2,294.21,0.92,2.19,95.9,0.12,17,1,65.5,Roorkee & Haridwar Hydro-Meteorological Station Dataset
Har Ki Pauri / Canal Ghats,ZONE-HW01,Ward 01,54.9,218.8,451.1,241.7,293.97,0.85,2.26,94.8,0.06,17,1,68.1,Roorkee & Haridwar Hydro-Meteorological Station Dataset
Har Ki Pauri / Canal Ghats,ZONE-HW01,Ward 01,44.0,159.0,555.2,247.6,293.97,0.91,2.15,95.3,0.13,17,1,68.0,Roorkee & Haridwar Hydro-Meteorological Station Dataset
Har Ki Pauri / Canal Ghats,ZONE-HW01,Ward 01,59.2,228.7,478.0,232.1,294.09,0.96,2.34,94.9,0.12,17,1,68.7,Roorkee & Haridwar Hydro-Meteorological Station Dataset
Har Ki Pauri / Canal Ghats,ZONE-HW01,Ward 01,64.5,167.1,471.3,237.1,293.94,0.91,2.12,95.0,0.05,17,1,64.5,Roorkee & Haridwar Hydro-Meteorological Station Dataset
Har Ki Pauri / Canal Ghats,ZONE-HW01,Ward 01,59.1,182.7,543.1,237.5,294.12,0.9,2.08,94.1,0.05,17,1,67.2,Roorkee & Haridwar Hydro-Meteorological Station Dataset
Har Ki Pauri / Canal Ghats,ZONE-HW01,Ward 01,50.3,221.7,468.6,233.7,294.23,0.97,2.36,95.7,0.05,17,1,69.2,Roorkee & Haridwar Hydro-Meteorological Station Dataset
Har Ki Pauri / Canal Ghats,ZONE-HW01,Ward 01,56.5,210.2,453.2,254.2,293.79,0.99,2.02,95.3,0.05,17,1,65.1,Roorkee & Haridwar Hydro-Meteorological Station Dataset
Har Ki Pauri / Canal Ghats,ZONE-HW01,Ward 01,64.2,220.7,515.5,238.5,294.08,0.88,2.26,94.3,0.05,17,1,66.3,Roorkee & Haridwar Hydro-Meteorological Station Dataset
Har Ki Pauri / Canal Ghats,ZONE-HW01,Ward 01,57.4,192.9,517.3,236.3,293.81,0.8,2.31,96.3,0.05,17,1,69.7,Roorkee & Haridwar Hydro-Meteorological Station Dataset
Har Ki Pauri / Canal Ghats,ZONE-HW01,Ward 01,52.5,247.6,394.0,218.2,294.29,0.9,2.34,94.1,0.05,17,1,64.9,Roorkee & Haridwar Hydro-Meteorological Station Dataset
Har Ki Pauri / Canal Ghats,ZONE-HW01,Ward 01,52.7,200.1,415.4,243.8,294.24,0.92,2.45,94.8,0.08,17,1,65.4,Roorkee & Haridwar Hydro-Meteorological Station Dataset
Har Ki Pauri / Canal Ghats,ZONE-HW01,Ward 01,40.3,199.1,446.3,245.0,294.28,0.93,2.23,96.6,0.07,17,1,65.9,Roorkee & Haridwar Hydro-Meteorological Station Dataset
Har Ki Pauri / Canal Ghats,ZONE-HW01,Ward 01,52.3,216.5,640.1,243.3,294.08,0.93,2.22,92.9,0.05,17,1,67.5,Roorkee & Haridwar Hydro-Meteorological Station Dataset
Har Ki Pauri / Canal Ghats,ZONE-HW01,Ward 01,55.9,228.3,411.3,236.4,294.2,0.86,2.28,95.6,0.05,17,1,67.0,Roorkee & Haridwar Hydro-Meteorological Station Dataset
Har Ki Pauri / Canal Ghats,ZONE-HW01,Ward 01,54.0,204.4,477.1,250.0,294.5,0.89,2.31,94.5,0.05,17,1,67.2,Roorkee & Haridwar Hydro-Meteorological Station Dataset
Har Ki Pauri / Canal Ghats,ZONE-HW01,Ward 01,49.2,259.2,382.2,236.2,293.99,0.97,2.25,94.5,0.05,17,1,65.6,Roorkee & Haridwar Hydro-Meteorological Station Dataset
Har Ki Pauri / Canal Ghats,ZONE-HW01,Ward 01,52.6,180.8,456.2,251.3,294.01,0.92,2.01,92.0,0.05,17,1,67.9,Roorkee & Haridwar Hydro-Meteorological Station Dataset
Har Ki Pauri / Canal Ghats,ZONE-HW01,Ward 01,66.0,189.9,513.7,238.8,294.01,0.79,2.24,93.7,0.05,17,1,65.1,Roorkee & Haridwar Hydro-Meteorological Station Dataset
Har Ki Pauri / Canal Ghats,ZONE-HW01,Ward 01,62.9,215.4,474.4,248.1,294.05,0.85,2.25,95.2,0.05,17,1,68.0,Roorkee & Haridwar Hydro-Meteorological Station Dataset
Har Ki Pauri / Canal Ghats,ZONE-HW01,Ward 01,48.5,217.2,495.2,233.0,294.34,0.86,2.17,95.5,0.08,17,1,64.6,Roorkee & Haridwar Hydro-Meteorological Station Dataset
Har Ki Pauri / Canal Ghats,ZONE-HW01,Ward 01,52.8,201.7,485.5,243.8,293.88,0.84,2.06,94.4,0.05,17,1,65.8,Roorkee & Haridwar Hydro-Meteorological Station Dataset
Har Ki Pauri / Canal Ghats,ZONE-HW01,Ward 01,57.3,197.5,541.5,244.6,294.26,0.87,2.25,95.0,0.05,17,1,66.2,Roorkee & Haridwar Hydro-Meteorological Station Dataset
Har Ki Pauri / Canal Ghats,ZONE-HW01,Ward 01,50.9,250.7,428.8,250.1,294.17,0.96,1.96,94.7,0.05,17,1,64.0,Roorkee & Haridwar Hydro-Meteorological Station Dataset
Har Ki Pauri / Canal Ghats,ZONE-HW01,Ward 01,45.4,176.7,452.3,238.1,294.28,0.89,2.25,95.6,0.06,17,1,65.2,Roorkee & Haridwar Hydro-Meteorological Station Dataset
Har Ki Pauri / Canal Ghats,ZONE-HW01,Ward 01,47.4,209.5,521.2,247.1,294.04,0.88,2.28,94.8,0.05,17,1,69.4,Roorkee & Haridwar Hydro-Meteorological Station Dataset
Har Ki Pauri / Canal Ghats,ZONE-HW01,Ward 01,48.2,219.8,437.8,234.2,293.72,0.97,2.13,95.9,0.05,17,1,65.0,Roorkee & Haridwar Hydro-Meteorological Station Dataset
Har Ki Pauri / Canal Ghats,ZONE-HW01,Ward 01,56.8,203.2,462.8,244.6,293.6,0.97,2.29,93.0,0.1,17,1,65.3,Roorkee & Haridwar Hydro-Meteorological Station Dataset
Har Ki Pauri / Canal Ghats,ZONE-HW01,Ward 01,58.5,190.8,482.7,249.4,294.17,0.94,2.27,95.8,0.05,17,1,65.1,Roorkee & Haridwar Hydro-Meteorological Station Dataset
Har Ki Pauri / Canal Ghats,ZONE-HW01,Ward 01,53.2,218.7,452.4,229.7,294.08,0.94,2.24,95.4,0.05,17,1,69.2,Roorkee & Haridwar Hydro-Meteorological Station Dataset
Har Ki Pauri / Canal Ghats,ZONE-HW01,Ward 01,63.0,206.5,481.4,231.6,293.83,0.85,2.18,95.0,0.05,17,1,67.0,Roorkee & Haridwar Hydro-Meteorological Station Dataset
Har Ki Pauri / Canal Ghats,ZONE-HW01,Ward 01,60.9,216.8,373.9,244.2,293.81,0.95,2.11,95.9,0.05,17,1,68.4,Roorkee & Haridwar Hydro-Meteorological Station Dataset
Har Ki Pauri / Canal Ghats,ZONE-HW01,Ward 01,59.4,227.4,550.0,233.3,293.96,0.95,2.17,96.2,0.07,17,1,67.9,Roorkee & Haridwar Hydro-Meteorological Station Dataset
Har Ki Pauri / Canal Ghats,ZONE-HW01,Ward 01,59.8,199.8,521.5,228.7,293.94,0.97,2.15,95.0,0.05,17,1,64.5,Roorkee & Haridwar Hydro-Meteorological Station Dataset
Har Ki Pauri / Canal Ghats,ZONE-HW01,Ward 01,35.4,150.6,300.3,103.3,294.0,0.91,2.2,93.2,0.06,17,1,66.9,Roorkee & Haridwar Hydro-Meteorological Station Dataset
Har Ki Pauri / Canal Ghats,ZONE-HW01,Ward 01,34.9,128.8,342.4,112.1,294.04,0.94,2.27,94.6,0.1,17,1,66.9,Roorkee & Haridwar Hydro-Meteorological Station Dataset
Har Ki Pauri / Canal Ghats,ZONE-HW01,Ward 01,44.0,113.2,326.8,116.6,293.92,0.84,2.42,94.3,0.05,17,1,64.8,Roorkee & Haridwar Hydro-Meteorological Station Dataset
Har Ki Pauri / Canal Ghats,ZONE-HW01,Ward 01,35.3,139.6,255.1,113.4,294.11,0.84,2.2,94.3,0.12,17,1,70.0,Roorkee & Haridwar Hydro-Meteorological Station Dataset
Har Ki Pauri / Canal Ghats,ZONE-HW01,Ward 01,37.8,109.2,305.3,102.3,293.92,0.93,2.21,92.1,0.11,17,1,66.7,Roorkee & Haridwar Hydro-Meteorological Station Dataset
Har Ki Pauri / Canal Ghats,ZONE-HW01,Ward 01,36.9,119.8,296.3,110.0,294.18,0.85,2.37,93.8,0.05,17,1,67.8,Roorkee & Haridwar Hydro-Meteorological Station Dataset
Har Ki Pauri / Canal Ghats,ZONE-HW01,Ward 01,36.4,125.8,328.8,116.1,294.27,0.95,2.25,94.6,0.05,17,1,68.1,Roorkee & Haridwar Hydro-Meteorological Station Dataset
Har Ki Pauri / Canal Ghats,ZONE-HW01,Ward 01,38.3,115.9,268.2,112.9,294.13,0.89,2.24,94.6,0.09,17,1,68.1,Roorkee & Haridwar Hydro-Meteorological Station Dataset
Har Ki Pauri / Canal Ghats,ZONE-HW01,Ward 01,30.7,111.5,318.9,120.1,294.19,0.95,2.15,96.2,0.05,17,1,64.4,Roorkee & Haridwar Hydro-Meteorological Station Dataset
Har Ki Pauri / Canal Ghats,ZONE-HW01,Ward 01,35.0,137.8,274.6,121.4,294.05,0.98,2.23,96.1,0.06,17,1,68.1,Roorkee & Haridwar Hydro-Meteorological Station Dataset
Har Ki Pauri / Canal Ghats,ZONE-HW01,Ward 01,40.4,123.4,290.4,114.0,294.02,0.86,2.25,97.3,0.05,17,1,67.9,Roorkee & Haridwar Hydro-Meteorological Station Dataset
Har Ki Pauri / Canal Ghats,ZONE-HW01,Ward 01,34.0,132.3,315.5,107.3,294.13,0.87,2.34,94.0,0.05,17,1,68.8,Roorkee & Haridwar Hydro-Meteorological Station Dataset
Har Ki Pauri / Canal Ghats,ZONE-HW01,Ward 01,30.1,117.6,302.9,104.8,294.2,0.91,2.21,93.1,0.05,17,1,69.8,Roorkee & Haridwar Hydro-Meteorological Station Dataset
Har Ki Pauri / Canal Ghats,ZONE-HW01,Ward 01,34.0,134.4,351.5,110.3,294.04,0.87,2.33,93.0,0.07,17,1,68.9,Roorkee & Haridwar Hydro-Meteorological Station Dataset
Har Ki Pauri / Canal Ghats,ZONE-HW01,Ward 01,34.0,120.9,323.4,125.1,293.54,0.87,2.34,94.1,0.05,17,1,68.6,Roorkee & Haridwar Hydro-Meteorological Station Dataset
Har Ki Pauri / Canal Ghats,ZONE-HW01,Ward 01,40.5,130.6,283.7,108.4,294.13,0.87,2.17,94.6,0.05,17,1,66.3,Roorkee & Haridwar Hydro-Meteorological Station Dataset
Har Ki Pauri / Canal Ghats,ZONE-HW01,Ward 01,36.7,128.5,304.3,113.7,293.98,0.86,2.26,94.4,0.05,17,1,66.5,Roorkee & Haridwar Hydro-Meteorological Station Dataset
Har Ki Pauri / Canal Ghats,ZONE-HW01,Ward 01,44.2,129.5,283.5,101.3,293.84,0.92,2.02,95.8,0.05,17,1,68.9,Roorkee & Haridwar Hydro-Meteorological Station Dataset
Har Ki Pauri / Canal Ghats,ZONE-HW01,Ward 01,35.5,140.0,266.4,113.8,293.88,0.92,2.27,93.7,0.09,17,1,66.0,Roorkee & Haridwar Hydro-Meteorological Station Dataset
Har Ki Pauri / Canal Ghats,ZONE-HW01,Ward 01,34.6,116.7,323.8,101.7,293.98,0.95,2.11,95.1,0.05,17,1,69.0,Roorkee & Haridwar Hydro-Meteorological Station Dataset
Har Ki Pauri / Canal Ghats,ZONE-HW01,Ward 01,36.7,147.5,333.7,110.9,294.17,0.92,2.18,95.8,0.05,17,1,67.2,Roorkee & Haridwar Hydro-Meteorological Station Dataset
Har Ki Pauri / Canal Ghats,ZONE-HW01,Ward 01,30.8,133.4,275.9,94.2,293.51,0.9,2.19,95.8,0.05,17,1,67.2,Roorkee & Haridwar Hydro-Meteorological Station Dataset
Har Ki Pauri / Canal Ghats,ZONE-HW01,Ward 01,36.7,127.4,320.4,126.1,293.85,0.91,2.27,93.7,0.05,17,1,65.7,Roorkee & Haridwar Hydro-Meteorological Station Dataset
Har Ki Pauri / Canal Ghats,ZONE-HW01,Ward 01,37.1,145.5,277.4,113.0,294.04,0.85,2.16,94.9,0.12,17,1,67.5,Roorkee & Haridwar Hydro-Meteorological Station Dataset
Har Ki Pauri / Canal Ghats,ZONE-HW01,Ward 01,37.5,137.5,305.1,102.8,294.49,0.88,2.22,93.9,0.05,17,1,67.6,Roorkee & Haridwar Hydro-Meteorological Station Dataset
Har Ki Pauri / Canal Ghats,ZONE-HW01,Ward 01,36.3,126.1,296.8,111.7,294.38,0.88,2.43,95.6,0.09,17,1,64.4,Roorkee & Haridwar Hydro-Meteorological Station Dataset
Har Ki Pauri / Canal Ghats,ZONE-HW01,Ward 01,40.9,110.7,293.3,115.6,294.0,0.8,2.11,94.4,0.09,17,1,69.8,Roorkee & Haridwar Hydro-Meteorological Station Dataset
Har Ki Pauri / Canal Ghats,ZONE-HW01,Ward 01,45.1,168.7,241.5,123.0,293.71,0.86,2.2,94.0,0.06,17,1,64.5,Roorkee & Haridwar Hydro-Meteorological Station Dataset
Har Ki Pauri / Canal Ghats,ZONE-HW01,Ward 01,38.5,145.4,292.9,109.9,293.93,0.89,2.2,96.5,0.06,17,1,64.8,Roorkee & Haridwar Hydro-Meteorological Station Dataset
Har Ki Pauri / Canal Ghats,ZONE-HW01,Ward 01,30.7,135.6,293.5,101.0,293.86,0.94,2.26,94.6,0.05,17,1,67.7,Roorkee & Haridwar Hydro-Meteorological Station Dataset
Har Ki Pauri / Canal Ghats,ZONE-HW01,Ward 01,38.6,133.9,261.0,122.7,294.02,0.9,2.21,94.5,0.07,17,1,65.3,Roorkee & Haridwar Hydro-Meteorological Station Dataset
Har Ki Pauri / Canal Ghats,ZONE-HW01,Ward 01,41.2,112.8,266.6,118.4,293.96,0.88,2.35,94.7,0.13,17,1,69.9,Roorkee & Haridwar Hydro-Meteorological Station Dataset
Har Ki Pauri / Canal Ghats,ZONE-HW01,Ward 01,29.6,117.8,303.1,106.7,294.06,0.95,2.23,95.0,0.05,17,1,64.4,Roorkee & Haridwar Hydro-Meteorological Station Dataset
Har Ki Pauri / Canal Ghats,ZONE-HW01,Ward 01,31.1,125.3,315.1,113.9,293.87,0.89,2.21,93.9,0.09,17,1,67.2,Roorkee & Haridwar Hydro-Meteorological Station Dataset
Har Ki Pauri / Canal Ghats,ZONE-HW01,Ward 01,40.9,158.5,283.9,106.5,294.41,0.91,2.25,94.7,0.09,17,1,69.8,Roorkee & Haridwar Hydro-Meteorological Station Dataset
Har Ki Pauri / Canal Ghats,ZONE-HW01,Ward 01,19.0,78.0,206.0,85.0,293.52,0.97,2.24,96.2,0.07,17,1,66.4,Roorkee & Haridwar Hydro-Meteorological Station Dataset
Har Ki Pauri / Canal Ghats,ZONE-HW01,Ward 01,26.8,86.9,210.0,73.9,293.97,0.96,2.13,94.3,0.05,17,1,68.0,Roorkee & Haridwar Hydro-Meteorological Station Dataset
Har Ki Pauri / Canal Ghats,ZONE-HW01,Ward 01,18.9,85.0,208.9,64.9,293.85,0.96,2.38,96.3,0.06,17,1,65.1,Roorkee & Haridwar Hydro-Meteorological Station Dataset
Har Ki Pauri / Canal Ghats,ZONE-HW01,Ward 01,18.2,81.5,235.7,78.8,294.14,0.89,2.24,95.5,0.05,17,1,68.8,Roorkee & Haridwar Hydro-Meteorological Station Dataset
Har Ki Pauri / Canal Ghats,ZONE-HW01,Ward 01,27.2,93.5,186.6,86.1,293.95,0.88,2.29,96.6,0.08,17,1,66.0,Roorkee & Haridwar Hydro-Meteorological Station Dataset
Har Ki Pauri / Canal Ghats,ZONE-HW01,Ward 01,24.1,92.5,194.3,74.9,293.76,0.92,2.01,94.9,0.14,17,1,68.9,Roorkee & Haridwar Hydro-Meteorological Station Dataset
Har Ki Pauri / Canal Ghats,ZONE-HW01,Ward 01,26.8,97.8,177.1,75.6,294.08,0.88,2.19,96.4,0.05,17,1,62.8,Roorkee & Haridwar Hydro-Meteorological Station Dataset
Har Ki Pauri / Canal Ghats,ZONE-HW01,Ward 01,25.9,74.6,226.1,84.0,294.02,0.8,2.06,93.4,0.05,17,1,67.2,Roorkee & Haridwar Hydro-Meteorological Station Dataset
Har Ki Pauri / Canal Ghats,ZONE-HW01,Ward 01,25.3,98.2,227.5,89.8,294.19,0.92,2.27,94.1,0.08,17,1,64.5,Roorkee & Haridwar Hydro-Meteorological Station Dataset
Har Ki Pauri / Canal Ghats,ZONE-HW01,Ward 01,25.9,81.6,192.4,71.2,294.03,0.87,2.35,95.8,0.05,17,1,68.4,Roorkee & Haridwar Hydro-Meteorological Station Dataset
Har Ki Pauri / Canal Ghats,ZONE-HW01,Ward 01,26.7,86.6,207.7,73.4,294.17,0.92,2.07,96.5,0.09,17,1,65.2,Roorkee & Haridwar Hydro-Meteorological Station Dataset
Har Ki Pauri / Canal Ghats,ZONE-HW01,Ward 01,24.1,87.4,200.3,75.7,293.97,0.94,2.33,95.5,0.13,17,1,67.7,Roorkee & Haridwar Hydro-Meteorological Station Dataset
Har Ki Pauri / Canal Ghats,ZONE-HW01,Ward 01,23.5,79.0,214.5,83.1,293.7,0.9,2.07,95.2,0.09,17,1,67.9,Roorkee & Haridwar Hydro-Meteorological Station Dataset
Har Ki Pauri / Canal Ghats,ZONE-HW01,Ward 01,23.7,82.4,208.2,87.6,294.05,0.95,2.32,95.6,0.05,17,1,68.8,Roorkee & Haridwar Hydro-Meteorological Station Dataset
Har Ki Pauri / Canal Ghats,ZONE-HW01,Ward 01,22.2,106.7,186.0,79.0,293.67,0.88,2.29,95.0,0.05,17,1,68.2,Roorkee & Haridwar Hydro-Meteorological Station Dataset
Har Ki Pauri / Canal Ghats,ZONE-HW01,Ward 01,24.4,87.9,211.2,92.9,293.84,0.88,2.02,94.7,0.05,17,1,64.1,Roorkee & Haridwar Hydro-Meteorological Station Dataset
Har Ki Pauri / Canal Ghats,ZONE-HW01,Ward 01,22.6,87.8,215.7,67.3,293.84,0.89,2.03,94.8,0.06,17,1,68.5,Roorkee & Haridwar Hydro-Meteorological Station Dataset
Har Ki Pauri / Canal Ghats,ZONE-HW01,Ward 01,25.9,96.1,163.3,64.5,294.2,0.92,2.21,94.2,0.05,17,1,62.6,Roorkee & Haridwar Hydro-Meteorological Station Dataset
Har Ki Pauri / Canal Ghats,ZONE-HW01,Ward 01,23.4,94.3,196.3,83.5,293.93,0.98,2.28,95.6,0.06,17,1,67.8,Roorkee & Haridwar Hydro-Meteorological Station Dataset
Har Ki Pauri / Canal Ghats,ZONE-HW01,Ward 01,25.7,77.3,201.7,66.9,293.79,0.91,2.38,95.6,0.05,17,1,68.1,Roorkee & Haridwar Hydro-Meteorological Station Dataset
Har Ki Pauri / Canal Ghats,ZONE-HW01,Ward 01,24.2,97.5,209.1,72.7,293.91,0.92,2.34,95.6,0.11,17,1,64.1,Roorkee & Haridwar Hydro-Meteorological Station Dataset
Har Ki Pauri / Canal Ghats,ZONE-HW01,Ward 01,25.7,83.2,212.8,76.7,293.97,0.95,2.14,94.8,0.08,17,1,67.9,Roorkee & Haridwar Hydro-Meteorological Station Dataset
Har Ki Pauri / Canal Ghats,ZONE-HW01,Ward 01,25.6,86.2,178.4,93.3,294.19,0.87,2.18,95.2,0.05,17,1,63.5,Roorkee & Haridwar Hydro-Meteorological Station Dataset
Har Ki Pauri / Canal Ghats,ZONE-HW01,Ward 01,20.3,88.0,214.9,86.4,293.84,0.93,2.2,96.6,0.05,17,1,65.5,Roorkee & Haridwar Hydro-Meteorological Station Dataset
Har Ki Pauri / Canal Ghats,ZONE-HW01,Ward 01,24.7,96.3,165.2,79.0,294.08,0.92,2.22,95.5,0.08,17,1,62.7,Roorkee & Haridwar Hydro-Meteorological Station Dataset
Har Ki Pauri / Canal Ghats,ZONE-HW01,Ward 01,20.6,95.2,232.3,86.2,293.6,0.92,2.21,93.1,0.07,17,1,66.6,Roorkee & Haridwar Hydro-Meteorological Station Dataset
Har Ki Pauri / Canal Ghats,ZONE-HW01,Ward 01,27.5,88.0,207.6,73.5,294.0,0.93,2.18,94.3,0.05,17,1,66.6,Roorkee & Haridwar Hydro-Meteorological Station Dataset
Har Ki Pauri / Canal Ghats,ZONE-HW01,Ward 01,24.2,80.5,200.0,78.8,294.04,0.97,2.21,95.9,0.05,17,1,65.0,Roorkee & Haridwar Hydro-Meteorological Station Dataset
Har Ki Pauri / Canal Ghats,ZONE-HW01,Ward 01,22.5,89.3,194.0,61.3,294.24,0.92,1.94,95.3,0.05,17,1,63.6,Roorkee & Haridwar Hydro-Meteorological Station Dataset
Har Ki Pauri / Canal Ghats,ZONE-HW01,Ward 01,24.9,94.0,214.7,93.0,294.04,0.84,2.27,94.6,0.14,17,1,64.4,Roorkee & Haridwar Hydro-Meteorological Station Dataset
Har Ki Pauri / Canal Ghats,ZONE-HW01,Ward 01,25.4,89.9,212.9,93.7,294.07,0.89,2.13,93.9,0.05,17,1,67.5,Roorkee & Haridwar Hydro-Meteorological Station Dataset
Har Ki Pauri / Canal Ghats,ZONE-HW01,Ward 01,29.4,95.8,200.2,70.4,294.0,0.93,2.33,93.2,0.05,17,1,63.8,Roorkee & Haridwar Hydro-Meteorological Station Dataset
Har Ki Pauri / Canal Ghats,ZONE-HW01,Ward 01,24.9,95.0,165.9,79.0,293.84,0.9,2.24,95.2,0.08,17,1,61.9,Roorkee & Haridwar Hydro-Meteorological Station Dataset
Har Ki Pauri / Canal Ghats,ZONE-HW01,Ward 01,22.3,83.9,197.5,90.7,293.93,0.89,2.28,96.6,0.05,17,1,65.1,Roorkee & Haridwar Hydro-Meteorological Station Dataset
Har Ki Pauri / Canal Ghats,ZONE-HW01,Ward 01,26.3,90.9,203.0,72.4,293.65,0.89,2.37,95.7,0.05,17,1,67.0,Roorkee & Haridwar Hydro-Meteorological Station Dataset
Har Ki Pauri / Canal Ghats,ZONE-HW01,Ward 01,18.7,62.7,130.9,47.5,293.88,0.91,2.2,94.3,0.05,17,1,41.6,Roorkee & Haridwar Hydro-Meteorological Station Dataset
Har Ki Pauri / Canal Ghats,ZONE-HW01,Ward 01,20.6,63.0,125.4,48.7,293.88,0.94,2.26,94.5,0.11,17,1,34.6,Roorkee & Haridwar Hydro-Meteorological Station Dataset
Har Ki Pauri / Canal Ghats,ZONE-HW01,Ward 01,19.5,62.8,144.2,48.4,294.04,0.81,1.99,96.3,0.09,17,1,52.6,Roorkee & Haridwar Hydro-Meteorological Station Dataset
Har Ki Pauri / Canal Ghats,ZONE-HW01,Ward 01,18.2,69.2,162.9,58.2,293.76,0.95,2.36,94.2,0.09,17,1,57.2,Roorkee & Haridwar Hydro-Meteorological Station Dataset
Har Ki Pauri / Canal Ghats,ZONE-HW01,Ward 01,18.3,57.4,161.7,50.3,294.15,0.93,2.17,94.7,0.05,17,1,60.0,Roorkee & Haridwar Hydro-Meteorological Station Dataset
Har Ki Pauri / Canal Ghats,ZONE-HW01,Ward 01,16.2,54.0,129.9,45.3,293.76,0.89,2.29,94.6,0.07,17,1,41.8,Roorkee & Haridwar Hydro-Meteorological Station Dataset
Har Ki Pauri / Canal Ghats,ZONE-HW01,Ward 01,12.2,71.5,127.9,60.9,294.16,0.82,2.23,95.6,0.1,17,1,47.2,Roorkee & Haridwar Hydro-Meteorological Station Dataset
Har Ki Pauri / Canal Ghats,ZONE-HW01,Ward 01,17.2,62.6,125.9,60.0,294.1,0.9,2.18,96.0,0.05,17,1,44.4,Roorkee & Haridwar Hydro-Meteorological Station Dataset
Har Ki Pauri / Canal Ghats,ZONE-HW01,Ward 01,15.5,63.7,148.5,44.9,294.25,0.93,2.22,93.9,0.05,17,1,53.4,Roorkee & Haridwar Hydro-Meteorological Station Dataset
Har Ki Pauri / Canal Ghats,ZONE-HW01,Ward 01,21.1,61.2,156.9,46.9,293.72,0.92,2.2,96.4,0.05,17,1,57.5,Roorkee & Haridwar Hydro-Meteorological Station Dataset
Har Ki Pauri / Canal Ghats,ZONE-HW01,Ward 01,17.7,63.2,139.7,44.8,294.0,0.92,2.11,96.2,0.05,17,1,49.0,Roorkee & Haridwar Hydro-Meteorological Station Dataset
Har Ki Pauri / Canal Ghats,ZONE-HW01,Ward 01,20.6,55.4,148.5,49.8,294.02,0.92,1.97,94.1,0.1,17,1,52.0,Roorkee & Haridwar Hydro-Meteorological Station Dataset
Har Ki Pauri / Canal Ghats,ZONE-HW01,Ward 01,18.2,71.1,103.3,48.9,293.8,0.97,2.27,95.9,0.08,17,0,0.0,Roorkee & Haridwar Hydro-Meteorological Station Dataset
Har Ki Pauri / Canal Ghats,ZONE-HW01,Ward 01,17.5,53.4,134.7,47.8,293.98,0.98,2.21,96.1,0.05,17,1,44.5,Roorkee & Haridwar Hydro-Meteorological Station Dataset
Har Ki Pauri / Canal Ghats,ZONE-HW01,Ward 01,20.6,67.5,123.4,49.2,294.12,0.89,2.16,95.5,0.07,17,1,40.5,Roorkee & Haridwar Hydro-Meteorological Station Dataset
Har Ki Pauri / Canal Ghats,ZONE-HW01,Ward 01,19.2,63.1,125.8,37.5,294.1,0.91,2.19,95.8,0.05,17,1,41.0,Roorkee & Haridwar Hydro-Meteorological Station Dataset
Har Ki Pauri / Canal Ghats,ZONE-HW01,Ward 01,18.7,63.7,133.2,55.1,293.8,0.86,2.22,93.9,0.06,17,1,49.1,Roorkee & Haridwar Hydro-Meteorological Station Dataset
Har Ki Pauri / Canal Ghats,ZONE-HW01,Ward 01,17.3,63.5,153.3,54.8,293.67,0.9,2.35,92.6,0.1,17,1,56.9,Roorkee & Haridwar Hydro-Meteorological Station Dataset
Har Ki Pauri / Canal Ghats,ZONE-HW01,Ward 01,23.1,67.4,146.7,47.2,293.86,0.93,2.21,93.3,0.05,17,1,50.4,Roorkee & Haridwar Hydro-Meteorological Station Dataset
Har Ki Pauri / Canal Ghats,ZONE-HW01,Ward 01,19.8,59.1,129.1,53.1,293.81,0.86,2.26,95.6,0.05,17,1,42.9,Roorkee & Haridwar Hydro-Meteorological Station Dataset
Har Ki Pauri / Canal Ghats,ZONE-HW01,Ward 01,17.0,66.2,119.9,50.6,294.31,0.87,2.18,93.6,0.05,17,1,37.8,Roorkee & Haridwar Hydro-Meteorological Station Dataset
Har Ki Pauri / Canal Ghats,ZONE-HW01,Ward 01,18.9,61.0,155.3,56.6,293.9,0.87,2.04,95.7,0.09,17,1,59.0,Roorkee & Haridwar Hydro-Meteorological Station Dataset
Har Ki Pauri / Canal Ghats,ZONE-HW01,Ward 01,19.5,68.8,118.8,61.3,293.79,0.87,2.08,94.3,0.1,17,1,43.3,Roorkee & Haridwar Hydro-Meteorological Station Dataset
Har Ki Pauri / Canal Ghats,ZONE-HW01,Ward 01,19.6,72.2,147.8,42.5,293.64,0.88,2.07,93.7,0.05,17,1,58.4,Roorkee & Haridwar Hydro-Meteorological Station Dataset
Har Ki Pauri / Canal Ghats,ZONE-HW01,Ward 01,19.8,64.5,134.3,64.9,293.76,0.82,2.18,95.6,0.05,17,1,54.7,Roorkee & Haridwar Hydro-Meteorological Station Dataset
Har Ki Pauri / Canal Ghats,ZONE-HW01,Ward 01,19.1,61.9,144.2,54.4,294.01,0.97,2.31,93.9,0.05,17,1,49.7,Roorkee & Haridwar Hydro-Meteorological Station Dataset
Har Ki Pauri / Canal Ghats,ZONE-HW01,Ward 01,19.6,66.6,115.3,48.9,293.55,0.86,2.16,96.0,0.05,17,1,39.4,Roorkee & Haridwar Hydro-Meteorological Station Dataset
Har Ki Pauri / Canal Ghats,ZONE-HW01,Ward 01,17.6,57.8,119.6,43.4,293.84,0.96,2.12,94.0,0.11,17,1,32.3,Roorkee & Haridwar Hydro-Meteorological Station Dataset
Har Ki Pauri / Canal Ghats,ZONE-HW01,Ward 01,18.5,58.1,160.3,49.2,293.89,0.89,2.25,94.9,0.05,17,1,60.2,Roorkee & Haridwar Hydro-Meteorological Station Dataset
Har Ki Pauri / Canal Ghats,ZONE-HW01,Ward 01,16.2,64.1,140.2,36.0,294.15,0.93,2.02,95.2,0.05,17,1,47.9,Roorkee & Haridwar Hydro-Meteorological Station Dataset
Har Ki Pauri / Canal Ghats,ZONE-HW01,Ward 01,18.1,75.7,111.3,50.9,294.1,0.9,2.24,95.7,0.05,17,1,34.6,Roorkee & Haridwar Hydro-Meteorological Station Dataset
Har Ki Pauri / Canal Ghats,ZONE-HW01,Ward 01,15.0,50.7,162.5,49.6,293.85,0.89,2.21,96.7,0.1,17,1,57.5,Roorkee & Haridwar Hydro-Meteorological Station Dataset
Har Ki Pauri / Canal Ghats,ZONE-HW01,Ward 01,18.6,65.7,120.0,58.1,294.06,0.9,2.2,95.8,0.05,17,1,40.8,Roorkee & Haridwar Hydro-Meteorological Station Dataset
Har Ki Pauri / Canal Ghats,ZONE-HW01,Ward 01,19.1,66.3,154.1,49.6,294.07,0.95,2.07,97.5,0.05,17,1,55.8,Roorkee & Haridwar Hydro-Meteorological Station Dataset
Har Ki Pauri / Canal Ghats,ZONE-HW01,Ward 01,19.5,59.9,130.5,45.2,294.12,0.88,2.02,96.0,0.1,17,1,41.3,Roorkee & Haridwar Hydro-Meteorological Station Dataset
Har Ki Pauri / Canal Ghats,ZONE-HW01,Ward 01,12.4,47.6,90.4,26.7,294.11,0.85,2.42,93.4,0.07,17,0,0.0,Roorkee & Haridwar Hydro-Meteorological Station Dataset
Har Ki Pauri / Canal Ghats,ZONE-HW01,Ward 01,13.4,47.4,102.0,30.8,293.98,0.86,2.27,94.6,0.08,17,0,0.0,Roorkee & Haridwar Hydro-Meteorological Station Dataset
Har Ki Pauri / Canal Ghats,ZONE-HW01,Ward 01,12.5,47.3,81.1,22.9,293.95,0.88,2.04,94.0,0.05,17,0,0.0,Roorkee & Haridwar Hydro-Meteorological Station Dataset
Har Ki Pauri / Canal Ghats,ZONE-HW01,Ward 01,10.4,51.9,82.5,34.8,293.98,0.9,2.17,94.9,0.05,17,0,0.0,Roorkee & Haridwar Hydro-Meteorological Station Dataset
Har Ki Pauri / Canal Ghats,ZONE-HW01,Ward 01,10.5,44.7,79.7,24.5,294.09,0.98,2.17,94.3,0.05,17,0,0.0,Roorkee & Haridwar Hydro-Meteorological Station Dataset
Har Ki Pauri / Canal Ghats,ZONE-HW01,Ward 01,12.8,49.2,101.4,44.1,294.04,0.85,2.13,93.7,0.05,17,0,0.0,Roorkee & Haridwar Hydro-Meteorological Station Dataset
Har Ki Pauri / Canal Ghats,ZONE-HW01,Ward 01,12.0,37.1,101.6,32.3,294.0,0.92,2.12,94.9,0.06,17,0,0.0,Roorkee & Haridwar Hydro-Meteorological Station Dataset
Har Ki Pauri / Canal Ghats,ZONE-HW01,Ward 01,12.8,45.5,86.9,27.6,293.73,0.88,2.14,97.3,0.05,17,0,0.0,Roorkee & Haridwar Hydro-Meteorological Station Dataset
Har Ki Pauri / Canal Ghats,ZONE-HW01,Ward 01,11.6,44.3,87.6,26.3,293.96,0.87,2.12,95.1,0.05,17,0,0.0,Roorkee & Haridwar Hydro-Meteorological Station Dataset
Har Ki Pauri / Canal Ghats,ZONE-HW01,Ward 01,10.7,47.7,88.9,40.5,294.07,0.9,2.17,95.5,0.1,17,0,0.0,Roorkee & Haridwar Hydro-Meteorological Station Dataset
Har Ki Pauri / Canal Ghats,ZONE-HW01,Ward 01,12.2,47.3,101.7,31.7,294.24,0.88,2.33,96.0,0.05,17,0,0.0,Roorkee & Haridwar Hydro-Meteorological Station Dataset
Har Ki Pauri / Canal Ghats,ZONE-HW01,Ward 01,11.5,44.1,101.0,38.5,293.64,0.85,2.16,94.9,0.05,17,0,0.0,Roorkee & Haridwar Hydro-Meteorological Station Dataset
Har Ki Pauri / Canal Ghats,ZONE-HW01,Ward 01,11.5,43.2,111.8,54.1,294.29,0.88,2.12,92.5,0.05,17,0,0.0,Roorkee & Haridwar Hydro-Meteorological Station Dataset
Har Ki Pauri / Canal Ghats,ZONE-HW01,Ward 01,13.6,45.7,82.6,42.3,294.08,0.93,2.21,94.7,0.05,17,0,0.0,Roorkee & Haridwar Hydro-Meteorological Station Dataset
Har Ki Pauri / Canal Ghats,ZONE-HW01,Ward 01,9.3,41.3,88.5,28.4,294.09,0.83,2.29,93.9,0.05,17,0,0.0,Roorkee & Haridwar Hydro-Meteorological Station Dataset
Har Ki Pauri / Canal Ghats,ZONE-HW01,Ward 01,11.2,42.0,87.7,25.5,294.24,0.93,2.28,95.2,0.07,17,0,0.0,Roorkee & Haridwar Hydro-Meteorological Station Dataset
Har Ki Pauri / Canal Ghats,ZONE-HW01,Ward 01,12.4,42.4,108.5,35.3,294.06,0.89,2.18,94.4,0.08,17,0,0.0,Roorkee & Haridwar Hydro-Meteorological Station Dataset
Har Ki Pauri / Canal Ghats,ZONE-HW01,Ward 01,11.0,53.2,94.5,27.8,293.86,0.91,2.11,95.1,0.1,17,0,0.0,Roorkee & Haridwar Hydro-Meteorological Station Dataset
Har Ki Pauri / Canal Ghats,ZONE-HW01,Ward 01,12.1,40.1,93.6,21.0,293.97,0.95,2.26,94.6,0.08,17,0,0.0,Roorkee & Haridwar Hydro-Meteorological Station Dataset
Har Ki Pauri / Canal Ghats,ZONE-HW01,Ward 01,13.5,44.4,100.7,31.7,294.05,0.84,2.33,95.2,0.05,17,0,0.0,Roorkee & Haridwar Hydro-Meteorological Station Dataset
Har Ki Pauri / Canal Ghats,ZONE-HW01,Ward 01,9.9,40.5,104.1,29.6,293.94,0.93,2.22,94.5,0.05,17,0,0.0,Roorkee & Haridwar Hydro-Meteorological Station Dataset
Har Ki Pauri / Canal Ghats,ZONE-HW01,Ward 01,12.2,46.4,103.6,31.4,293.78,0.87,2.22,96.3,0.08,17,0,0.0,Roorkee & Haridwar Hydro-Meteorological Station Dataset
Har Ki Pauri / Canal Ghats,ZONE-HW01,Ward 01,11.3,47.8,87.8,32.4,293.84,0.87,2.15,96.4,0.11,17,0,0.0,Roorkee & Haridwar Hydro-Meteorological Station Dataset
Har Ki Pauri / Canal Ghats,ZONE-HW01,Ward 01,11.2,44.7,94.9,32.9,294.21,0.91,2.12,95.0,0.07,17,0,0.0,Roorkee & Haridwar Hydro-Meteorological Station Dataset
Har Ki Pauri / Canal Ghats,ZONE-HW01,Ward 01,10.2,38.2,103.9,16.6,293.91,0.92,2.26,94.6,0.08,17,0,0.0,Roorkee & Haridwar Hydro-Meteorological Station Dataset
Har Ki Pauri / Canal Ghats,ZONE-HW01,Ward 01,12.3,44.7,80.6,38.1,294.04,0.98,2.31,96.1,0.06,17,0,0.0,Roorkee & Haridwar Hydro-Meteorological Station Dataset
Har Ki Pauri / Canal Ghats,ZONE-HW01,Ward 01,12.4,45.0,90.8,36.1,293.9,0.87,2.23,94.3,0.14,17,0,0.0,Roorkee & Haridwar Hydro-Meteorological Station Dataset
Har Ki Pauri / Canal Ghats,ZONE-HW01,Ward 01,9.5,43.2,73.3,32.7,293.63,0.86,2.08,95.2,0.08,17,0,0.0,Roorkee & Haridwar Hydro-Meteorological Station Dataset
Har Ki Pauri / Canal Ghats,ZONE-HW01,Ward 01,11.3,45.4,89.5,37.8,294.05,0.9,2.13,92.8,0.06,17,0,0.0,Roorkee & Haridwar Hydro-Meteorological Station Dataset
Har Ki Pauri / Canal Ghats,ZONE-HW01,Ward 01,11.6,43.7,89.8,26.0,293.51,0.92,2.1,92.9,0.12,17,0,0.0,Roorkee & Haridwar Hydro-Meteorological Station Dataset
Har Ki Pauri / Canal Ghats,ZONE-HW01,Ward 01,13.3,48.2,97.6,32.7,293.85,0.84,2.15,95.1,0.05,17,0,0.0,Roorkee & Haridwar Hydro-Meteorological Station Dataset
Har Ki Pauri / Canal Ghats,ZONE-HW01,Ward 01,15.0,43.2,81.1,18.5,293.91,0.98,2.33,95.6,0.05,17,0,0.0,Roorkee & Haridwar Hydro-Meteorological Station Dataset
Har Ki Pauri / Canal Ghats,ZONE-HW01,Ward 01,15.4,46.0,97.3,39.5,293.73,0.89,2.21,94.4,0.06,17,0,0.0,Roorkee & Haridwar Hydro-Meteorological Station Dataset
Har Ki Pauri / Canal Ghats,ZONE-HW01,Ward 01,12.5,41.7,78.7,31.0,294.2,0.92,2.25,94.1,0.06,17,0,0.0,Roorkee & Haridwar Hydro-Meteorological Station Dataset
Har Ki Pauri / Canal Ghats,ZONE-HW01,Ward 01,11.6,48.3,102.9,28.2,294.24,0.89,2.24,94.6,0.05,17,0,0.0,Roorkee & Haridwar Hydro-Meteorological Station Dataset
Har Ki Pauri / Canal Ghats,ZONE-HW01,Ward 01,8.4,21.5,54.7,15.4,294.1,0.88,2.11,94.5,0.06,17,0,0.0,Roorkee & Haridwar Hydro-Meteorological Station Dataset
Har Ki Pauri / Canal Ghats,ZONE-HW01,Ward 01,6.3,22.5,58.4,17.6,294.16,0.92,2.25,95.8,0.1,17,0,0.0,Roorkee & Haridwar Hydro-Meteorological Station Dataset
Har Ki Pauri / Canal Ghats,ZONE-HW01,Ward 01,6.8,27.6,61.9,25.1,294.32,0.94,2.18,94.1,0.08,17,0,0.0,Roorkee & Haridwar Hydro-Meteorological Station Dataset
Har Ki Pauri / Canal Ghats,ZONE-HW01,Ward 01,7.6,19.7,53.2,15.9,293.97,0.91,2.31,94.8,0.08,17,0,0.0,Roorkee & Haridwar Hydro-Meteorological Station Dataset
Har Ki Pauri / Canal Ghats,ZONE-HW01,Ward 01,6.2,24.4,57.1,17.4,294.28,0.92,2.22,95.2,0.05,17,0,0.0,Roorkee & Haridwar Hydro-Meteorological Station Dataset
Har Ki Pauri / Canal Ghats,ZONE-HW01,Ward 01,7.1,26.2,56.5,20.4,294.08,0.93,2.15,94.6,0.07,17,0,0.0,Roorkee & Haridwar Hydro-Meteorological Station Dataset
Har Ki Pauri / Canal Ghats,ZONE-HW01,Ward 01,5.2,25.2,54.0,13.8,293.55,0.97,2.1,92.6,0.07,17,0,0.0,Roorkee & Haridwar Hydro-Meteorological Station Dataset
Har Ki Pauri / Canal Ghats,ZONE-HW01,Ward 01,7.1,27.9,55.4,20.6,293.73,0.89,2.17,94.6,0.05,17,0,0.0,Roorkee & Haridwar Hydro-Meteorological Station Dataset
Har Ki Pauri / Canal Ghats,ZONE-HW01,Ward 01,7.3,21.3,54.9,34.5,294.02,0.87,2.44,95.1,0.05,17,0,0.0,Roorkee & Haridwar Hydro-Meteorological Station Dataset
Har Ki Pauri / Canal Ghats,ZONE-HW01,Ward 01,7.2,23.6,59.3,9.7,293.8,0.99,2.33,94.8,0.05,17,0,0.0,Roorkee & Haridwar Hydro-Meteorological Station Dataset
Har Ki Pauri / Canal Ghats,ZONE-HW01,Ward 01,6.3,24.7,59.4,14.6,294.06,0.91,2.24,96.2,0.05,17,0,0.0,Roorkee & Haridwar Hydro-Meteorological Station Dataset
Har Ki Pauri / Canal Ghats,ZONE-HW01,Ward 01,6.7,26.2,46.2,17.4,293.8,0.96,1.98,97.0,0.09,17,0,0.0,Roorkee & Haridwar Hydro-Meteorological Station Dataset
Har Ki Pauri / Canal Ghats,ZONE-HW01,Ward 01,6.9,27.7,50.8,20.5,294.09,0.89,2.22,94.4,0.12,17,0,0.0,Roorkee & Haridwar Hydro-Meteorological Station Dataset
Har Ki Pauri / Canal Ghats,ZONE-HW01,Ward 01,6.9,26.6,61.7,13.0,294.26,0.91,2.3,94.9,0.05,17,0,0.0,Roorkee & Haridwar Hydro-Meteorological Station Dataset
Har Ki Pauri / Canal Ghats,ZONE-HW01,Ward 01,6.7,29.3,57.4,12.4,294.07,0.84,2.26,95.4,0.05,17,0,0.0,Roorkee & Haridwar Hydro-Meteorological Station Dataset
Har Ki Pauri / Canal Ghats,ZONE-HW01,Ward 01,7.9,26.1,49.4,17.7,293.93,0.92,2.18,95.5,0.05,17,0,0.0,Roorkee & Haridwar Hydro-Meteorological Station Dataset
Har Ki Pauri / Canal Ghats,ZONE-HW01,Ward 01,7.0,22.6,61.7,21.6,294.52,0.92,2.19,94.6,0.13,17,0,0.0,Roorkee & Haridwar Hydro-Meteorological Station Dataset
Har Ki Pauri / Canal Ghats,ZONE-HW01,Ward 01,6.0,23.0,53.9,11.0,294.16,0.86,2.35,94.7,0.05,17,0,0.0,Roorkee & Haridwar Hydro-Meteorological Station Dataset
Har Ki Pauri / Canal Ghats,ZONE-HW01,Ward 01,7.9,26.2,62.3,14.8,294.17,0.83,2.11,93.0,0.05,17,0,0.0,Roorkee & Haridwar Hydro-Meteorological Station Dataset
Har Ki Pauri / Canal Ghats,ZONE-HW01,Ward 01,7.0,25.7,58.9,21.8,293.96,0.93,2.27,93.9,0.08,17,0,0.0,Roorkee & Haridwar Hydro-Meteorological Station Dataset
Har Ki Pauri / Canal Ghats,ZONE-HW01,Ward 01,6.4,22.9,60.2,12.8,293.99,0.85,2.27,95.8,0.05,17,0,0.0,Roorkee & Haridwar Hydro-Meteorological Station Dataset
Har Ki Pauri / Canal Ghats,ZONE-HW01,Ward 01,5.9,28.6,61.1,10.8,293.89,0.85,2.14,94.6,0.05,17,0,0.0,Roorkee & Haridwar Hydro-Meteorological Station Dataset
Har Ki Pauri / Canal Ghats,ZONE-HW01,Ward 01,6.7,23.5,47.1,7.1,294.13,0.91,2.3,93.8,0.05,17,0,0.0,Roorkee & Haridwar Hydro-Meteorological Station Dataset
Har Ki Pauri / Canal Ghats,ZONE-HW01,Ward 01,6.6,23.9,57.7,24.8,293.96,0.93,2.28,96.3,0.05,17,0,0.0,Roorkee & Haridwar Hydro-Meteorological Station Dataset
Har Ki Pauri / Canal Ghats,ZONE-HW01,Ward 01,7.0,22.4,49.4,31.0,293.79,0.9,2.29,95.4,0.05,17,0,0.0,Roorkee & Haridwar Hydro-Meteorological Station Dataset
Har Ki Pauri / Canal Ghats,ZONE-HW01,Ward 01,7.5,24.9,56.3,18.4,293.79,0.96,2.25,95.0,0.05,17,0,0.0,Roorkee & Haridwar Hydro-Meteorological Station Dataset
Har Ki Pauri / Canal Ghats,ZONE-HW01,Ward 01,6.5,25.5,60.8,35.2,293.98,0.85,2.21,94.4,0.05,17,0,0.0,Roorkee & Haridwar Hydro-Meteorological Station Dataset
Har Ki Pauri / Canal Ghats,ZONE-HW01,Ward 01,6.6,22.8,46.7,13.9,293.95,0.85,2.36,95.1,0.08,17,0,0.0,Roorkee & Haridwar Hydro-Meteorological Station Dataset
Har Ki Pauri / Canal Ghats,ZONE-HW01,Ward 01,6.0,25.6,51.3,34.9,293.93,0.86,2.19,95.3,0.06,17,0,0.0,Roorkee & Haridwar Hydro-Meteorological Station Dataset
Har Ki Pauri / Canal Ghats,ZONE-HW01,Ward 01,8.2,25.2,59.1,19.3,293.8,0.85,2.19,95.2,0.05,17,0,0.0,Roorkee & Haridwar Hydro-Meteorological Station Dataset
Har Ki Pauri / Canal Ghats,ZONE-HW01,Ward 01,7.6,23.9,45.9,11.3,293.81,0.91,2.26,94.4,0.05,17,0,0.0,Roorkee & Haridwar Hydro-Meteorological Station Dataset
Har Ki Pauri / Canal Ghats,ZONE-HW01,Ward 01,8.6,25.5,46.7,31.0,293.97,0.85,2.35,96.4,0.05,17,0,0.0,Roorkee & Haridwar Hydro-Meteorological Station Dataset
Har Ki Pauri / Canal Ghats,ZONE-HW01,Ward 01,7.4,25.6,64.3,15.7,294.08,0.93,2.24,94.8,0.06,17,0,0.0,Roorkee & Haridwar Hydro-Meteorological Station Dataset
Har Ki Pauri / Canal Ghats,ZONE-HW01,Ward 01,5.6,27.4,47.5,22.3,293.78,0.91,2.23,95.6,0.05,17,0,0.0,Roorkee & Haridwar Hydro-Meteorological Station Dataset
Har Ki Pauri / Canal Ghats,ZONE-HW01,Ward 01,7.0,23.8,60.2,19.6,294.14,0.86,2.13,95.6,0.09,17,0,0.0,Roorkee & Haridwar Hydro-Meteorological Station Dataset
Har Ki Pauri / Canal Ghats,ZONE-HW01,Ward 01,2.6,7.3,16.1,0.0,294.1,0.88,2.04,95.8,0.05,17,0,0.0,Roorkee & Haridwar Hydro-Meteorological Station Dataset
Har Ki Pauri / Canal Ghats,ZONE-HW01,Ward 01,2.2,7.3,19.7,0.0,293.93,0.94,2.19,94.9,0.05,17,0,0.0,Roorkee & Haridwar Hydro-Meteorological Station Dataset
Har Ki Pauri / Canal Ghats,ZONE-HW01,Ward 01,2.4,7.5,20.8,0.0,294.32,0.91,2.3,94.8,0.1,17,0,0.0,Roorkee & Haridwar Hydro-Meteorological Station Dataset
Har Ki Pauri / Canal Ghats,ZONE-HW01,Ward 01,2.4,8.4,14.0,0.0,294.11,0.9,2.41,95.0,0.09,17,0,0.0,Roorkee & Haridwar Hydro-Meteorological Station Dataset
Har Ki Pauri / Canal Ghats,ZONE-HW01,Ward 01,2.6,7.3,17.1,0.0,293.73,0.89,2.23,95.5,0.08,17,0,0.0,Roorkee & Haridwar Hydro-Meteorological Station Dataset
Har Ki Pauri / Canal Ghats,ZONE-HW01,Ward 01,2.7,8.7,18.1,1.3,294.11,0.9,2.19,94.1,0.08,17,0,0.0,Roorkee & Haridwar Hydro-Meteorological Station Dataset
Har Ki Pauri / Canal Ghats,ZONE-HW01,Ward 01,2.4,6.1,17.0,0.0,294.18,0.86,2.15,94.5,0.05,17,0,0.0,Roorkee & Haridwar Hydro-Meteorological Station Dataset
Har Ki Pauri / Canal Ghats,ZONE-HW01,Ward 01,2.6,8.1,16.1,1.8,293.93,0.93,2.03,94.9,0.06,17,0,0.0,Roorkee & Haridwar Hydro-Meteorological Station Dataset
Har Ki Pauri / Canal Ghats,ZONE-HW01,Ward 01,2.5,7.7,20.3,3.4,293.81,1.0,2.07,94.5,0.05,17,0,0.0,Roorkee & Haridwar Hydro-Meteorological Station Dataset
Har Ki Pauri / Canal Ghats,ZONE-HW01,Ward 01,2.6,8.3,19.8,0.0,293.97,0.9,2.19,94.0,0.05,17,0,0.0,Roorkee & Haridwar Hydro-Meteorological Station Dataset
Har Ki Pauri / Canal Ghats,ZONE-HW01,Ward 01,2.2,7.4,18.9,0.0,294.17,0.88,2.17,97.0,0.1,17,0,0.0,Roorkee & Haridwar Hydro-Meteorological Station Dataset
Har Ki Pauri / Canal Ghats,ZONE-HW01,Ward 01,2.3,7.5,16.1,3.1,293.86,0.85,2.26,93.0,0.13,17,0,0.0,Roorkee & Haridwar Hydro-Meteorological Station Dataset
Har Ki Pauri / Canal Ghats,ZONE-HW01,Ward 01,2.3,7.5,18.7,0.0,294.2,0.92,2.34,94.9,0.07,17,0,0.0,Roorkee & Haridwar Hydro-Meteorological Station Dataset
Har Ki Pauri / Canal Ghats,ZONE-HW01,Ward 01,2.4,7.4,22.4,2.9,294.05,0.89,2.21,96.4,0.07,17,0,0.0,Roorkee & Haridwar Hydro-Meteorological Station Dataset
Har Ki Pauri / Canal Ghats,ZONE-HW01,Ward 01,2.6,8.2,20.0,0.0,293.9,0.9,2.23,95.5,0.05,17,0,0.0,Roorkee & Haridwar Hydro-Meteorological Station Dataset
Har Ki Pauri / Canal Ghats,ZONE-HW01,Ward 01,2.4,6.7,18.9,9.3,293.98,0.84,2.14,96.4,0.1,17,0,0.0,Roorkee & Haridwar Hydro-Meteorological Station Dataset
Har Ki Pauri / Canal Ghats,ZONE-HW01,Ward 01,2.2,7.6,20.0,8.4,293.86,0.89,2.16,96.0,0.07,17,0,0.0,Roorkee & Haridwar Hydro-Meteorological Station Dataset
Har Ki Pauri / Canal Ghats,ZONE-HW01,Ward 01,1.8,7.3,18.2,21.2,294.08,0.89,2.2,94.3,0.09,17,0,0.0,Roorkee & Haridwar Hydro-Meteorological Station Dataset
Har Ki Pauri / Canal Ghats,ZONE-HW01,Ward 01,2.7,7.0,18.1,0.0,294.29,0.92,2.06,94.0,0.05,17,0,0.0,Roorkee & Haridwar Hydro-Meteorological Station Dataset
Har Ki Pauri / Canal Ghats,ZONE-HW01,Ward 01,2.0,8.1,17.4,0.0,293.79,0.91,2.25,94.6,0.05,17,0,0.0,Roorkee & Haridwar Hydro-Meteorological Station Dataset
Har Ki Pauri / Canal Ghats,ZONE-HW01,Ward 01,2.8,8.6,19.9,17.1,294.04,0.99,2.21,95.6,0.05,17,0,0.0,Roorkee & Haridwar Hydro-Meteorological Station Dataset
Har Ki Pauri / Canal Ghats,ZONE-HW01,Ward 01,2.8,8.4,16.0,11.5,293.95,0.98,2.21,95.5,0.05,17,0,0.0,Roorkee & Haridwar Hydro-Meteorological Station Dataset
Har Ki Pauri / Canal Ghats,ZONE-HW01,Ward 01,2.6,8.4,16.5,0.0,293.91,0.91,2.21,95.7,0.17,17,0,0.0,Roorkee & Haridwar Hydro-Meteorological Station Dataset
Har Ki Pauri / Canal Ghats,ZONE-HW01,Ward 01,2.0,7.7,16.5,0.0,294.19,0.88,2.22,94.9,0.05,17,0,0.0,Roorkee & Haridwar Hydro-Meteorological Station Dataset
Har Ki Pauri / Canal Ghats,ZONE-HW01,Ward 01,2.9,8.3,16.8,14.2,294.04,0.87,2.19,94.3,0.11,17,0,0.0,Roorkee & Haridwar Hydro-Meteorological Station Dataset
Har Ki Pauri / Canal Ghats,ZONE-HW01,Ward 01,2.5,7.9,17.0,2.1,294.09,0.93,2.08,94.1,0.05,17,0,0.0,Roorkee & Haridwar Hydro-Meteorological Station Dataset
Har Ki Pauri / Canal Ghats,ZONE-HW01,Ward 01,2.6,7.8,17.9,1.2,294.3,0.82,2.17,95.6,0.12,17,0,0.0,Roorkee & Haridwar Hydro-Meteorological Station Dataset
Har Ki Pauri / Canal Ghats,ZONE-HW01,Ward 01,2.8,8.1,19.7,5.2,293.62,0.86,2.18,94.5,0.05,17,0,0.0,Roorkee & Haridwar Hydro-Meteorological Station Dataset
Har Ki Pauri / Canal Ghats,ZONE-HW01,Ward 01,2.2,7.6,18.1,3.8,293.93,0.9,2.04,95.3,0.05,17,0,0.0,Roorkee & Haridwar Hydro-Meteorological Station Dataset
Har Ki Pauri / Canal Ghats,ZONE-HW01,Ward 01,2.5,7.8,16.1,5.1,294.31,0.9,2.15,95.3,0.05,17,0,0.0,Roorkee & Haridwar Hydro-Meteorological Station Dataset
Har Ki Pauri / Canal Ghats,ZONE-HW01,Ward 01,2.2,8.4,20.3,0.0,294.3,0.83,2.37,95.6,0.05,17,0,0.0,Roorkee & Haridwar Hydro-Meteorological Station Dataset
Har Ki Pauri / Canal Ghats,ZONE-HW01,Ward 01,2.6,8.4,18.3,7.6,293.84,0.87,2.14,95.6,0.06,17,0,0.0,Roorkee & Haridwar Hydro-Meteorological Station Dataset
Har Ki Pauri / Canal Ghats,ZONE-HW01,Ward 01,2.4,8.0,16.7,9.7,294.07,0.91,2.16,93.7,0.05,17,0,0.0,Roorkee & Haridwar Hydro-Meteorological Station Dataset
Har Ki Pauri / Canal Ghats,ZONE-HW01,Ward 01,2.9,6.8,18.7,0.0,294.01,0.85,2.27,93.4,0.08,17,0,0.0,Roorkee & Haridwar Hydro-Meteorological Station Dataset
Har Ki Pauri / Canal Ghats,ZONE-HW01,Ward 01,2.6,7.8,17.1,0.0,293.95,0.91,2.15,97.0,0.05,17,0,0.0,Roorkee & Haridwar Hydro-Meteorological Station Dataset
Har Ki Pauri / Canal Ghats,ZONE-HW01,Ward 01,0.0,0.0,0.0,0.0,294.06,0.9,2.31,94.4,0.1,17,0,0.0,Roorkee & Haridwar Hydro-Meteorological Station Dataset
Har Ki Pauri / Canal Ghats,ZONE-HW01,Ward 01,0.0,0.0,0.0,0.0,293.79,0.89,2.3,96.8,0.12,17,0,0.0,Roorkee & Haridwar Hydro-Meteorological Station Dataset
Har Ki Pauri / Canal Ghats,ZONE-HW01,Ward 01,0.0,0.0,0.0,14.7,293.91,0.91,2.11,96.7,0.17,17,0,0.0,Roorkee & Haridwar Hydro-Meteorological Station Dataset
Har Ki Pauri / Canal Ghats,ZONE-HW01,Ward 01,0.0,0.0,0.0,2.2,293.95,0.96,2.25,95.1,0.05,17,0,0.0,Roorkee & Haridwar Hydro-Meteorological Station Dataset
Har Ki Pauri / Canal Ghats,ZONE-HW01,Ward 01,0.0,0.0,0.0,0.0,293.78,0.86,2.22,95.6,0.05,17,0,0.0,Roorkee & Haridwar Hydro-Meteorological Station Dataset
Har Ki Pauri / Canal Ghats,ZONE-HW01,Ward 01,0.0,0.0,0.0,2.5,294.21,0.92,2.3,96.1,0.08,17,0,0.0,Roorkee & Haridwar Hydro-Meteorological Station Dataset
Har Ki Pauri / Canal Ghats,ZONE-HW01,Ward 01,0.0,0.0,0.0,0.0,294.02,0.88,2.15,94.9,0.05,17,0,0.0,Roorkee & Haridwar Hydro-Meteorological Station Dataset
Har Ki Pauri / Canal Ghats,ZONE-HW01,Ward 01,0.0,0.0,0.0,0.0,293.93,0.94,2.23,96.5,0.06,17,0,0.0,Roorkee & Haridwar Hydro-Meteorological Station Dataset
Har Ki Pauri / Canal Ghats,ZONE-HW01,Ward 01,0.0,0.0,0.0,0.0,294.39,0.87,2.31,93.9,0.1,17,0,0.0,Roorkee & Haridwar Hydro-Meteorological Station Dataset
Har Ki Pauri / Canal Ghats,ZONE-HW01,Ward 01,0.0,0.0,0.0,0.0,294.17,0.9,2.23,93.4,0.11,17,0,0.0,Roorkee & Haridwar Hydro-Meteorological Station Dataset
Har Ki Pauri / Canal Ghats,ZONE-HW01,Ward 01,0.0,0.0,0.0,0.0,293.73,0.89,2.06,95.2,0.06,17,0,0.0,Roorkee & Haridwar Hydro-Meteorological Station Dataset
Har Ki Pauri / Canal Ghats,ZONE-HW01,Ward 01,0.0,0.0,0.0,6.9,293.96,0.95,2.09,93.6,0.06,17,0,0.0,Roorkee & Haridwar Hydro-Meteorological Station Dataset
Har Ki Pauri / Canal Ghats,ZONE-HW01,Ward 01,0.0,0.0,0.0,9.3,294.23,0.95,2.3,96.1,0.05,17,0,0.0,Roorkee & Haridwar Hydro-Meteorological Station Dataset
Har Ki Pauri / Canal Ghats,ZONE-HW01,Ward 01,0.0,0.0,0.0,11.9,294.26,0.86,2.31,96.2,0.13,17,0,0.0,Roorkee & Haridwar Hydro-Meteorological Station Dataset
Har Ki Pauri / Canal Ghats,ZONE-HW01,Ward 01,0.0,0.0,0.0,1.1,294.19,0.94,2.27,95.4,0.05,17,0,0.0,Roorkee & Haridwar Hydro-Meteorological Station Dataset
Har Ki Pauri / Canal Ghats,ZONE-HW01,Ward 01,0.0,0.0,0.0,14.2,293.85,0.92,2.26,94.3,0.05,17,0,0.0,Roorkee & Haridwar Hydro-Meteorological Station Dataset
Har Ki Pauri / Canal Ghats,ZONE-HW01,Ward 01,0.0,0.0,0.0,0.0,294.34,0.94,2.15,96.0,0.1,17,0,0.0,Roorkee & Haridwar Hydro-Meteorological Station Dataset
Har Ki Pauri / Canal Ghats,ZONE-HW01,Ward 01,0.0,0.0,0.0,0.8,293.91,0.85,2.21,94.8,0.05,17,0,0.0,Roorkee & Haridwar Hydro-Meteorological Station Dataset
Har Ki Pauri / Canal Ghats,ZONE-HW01,Ward 01,0.0,0.0,0.0,0.0,294.13,0.96,2.37,94.1,0.05,17,0,0.0,Roorkee & Haridwar Hydro-Meteorological Station Dataset
Har Ki Pauri / Canal Ghats,ZONE-HW01,Ward 01,0.0,0.0,0.0,0.0,294.2,0.9,2.08,93.6,0.05,17,0,0.0,Roorkee & Haridwar Hydro-Meteorological Station Dataset
Har Ki Pauri / Canal Ghats,ZONE-HW01,Ward 01,0.0,0.0,0.0,0.0,293.91,0.9,2.08,94.4,0.14,17,0,0.0,Roorkee & Haridwar Hydro-Meteorological Station Dataset
Har Ki Pauri / Canal Ghats,ZONE-HW01,Ward 01,0.0,0.0,0.0,0.0,294.11,0.88,2.12,93.9,0.05,17,0,0.0,Roorkee & Haridwar Hydro-Meteorological Station Dataset
Har Ki Pauri / Canal Ghats,ZONE-HW01,Ward 01,0.0,0.0,0.0,10.5,293.95,0.87,2.28,94.2,0.05,17,0,0.0,Roorkee & Haridwar Hydro-Meteorological Station Dataset
Har Ki Pauri / Canal Ghats,ZONE-HW01,Ward 01,0.0,0.0,0.0,0.0,294.46,0.87,2.12,96.2,0.05,17,0,0.0,Roorkee & Haridwar Hydro-Meteorological Station Dataset
Har Ki Pauri / Canal Ghats,ZONE-HW01,Ward 01,0.0,0.0,0.0,4.3,294.18,0.89,2.25,94.8,0.05,17,0,0.0,Roorkee & Haridwar Hydro-Meteorological Station Dataset
Har Ki Pauri / Canal Ghats,ZONE-HW01,Ward 01,0.0,0.0,0.0,0.0,293.86,0.94,2.38,94.3,0.18,17,0,0.0,Roorkee & Haridwar Hydro-Meteorological Station Dataset
Har Ki Pauri / Canal Ghats,ZONE-HW01,Ward 01,0.0,0.0,0.0,0.0,294.08,0.9,2.09,95.1,0.08,17,0,0.0,Roorkee & Haridwar Hydro-Meteorological Station Dataset
Har Ki Pauri / Canal Ghats,ZONE-HW01,Ward 01,0.0,0.0,0.0,10.0,294.0,0.9,2.44,94.1,0.05,17,0,0.0,Roorkee & Haridwar Hydro-Meteorological Station Dataset
Har Ki Pauri / Canal Ghats,ZONE-HW01,Ward 01,0.0,0.0,0.0,1.5,294.26,0.91,2.29,95.0,0.09,17,0,0.0,Roorkee & Haridwar Hydro-Meteorological Station Dataset
Har Ki Pauri / Canal Ghats,ZONE-HW01,Ward 01,0.0,0.0,0.0,0.0,293.87,0.92,2.25,95.2,0.08,17,0,0.0,Roorkee & Haridwar Hydro-Meteorological Station Dataset
Har Ki Pauri / Canal Ghats,ZONE-HW01,Ward 01,0.0,0.0,0.0,1.2,293.95,0.81,2.08,95.3,0.05,17,0,0.0,Roorkee & Haridwar Hydro-Meteorological Station Dataset
Har Ki Pauri / Canal Ghats,ZONE-HW01,Ward 01,0.0,0.0,0.0,0.0,294.25,0.89,2.03,92.6,0.08,17,0,0.0,Roorkee & Haridwar Hydro-Meteorological Station Dataset
Har Ki Pauri / Canal Ghats,ZONE-HW01,Ward 01,0.0,0.0,0.0,0.0,294.04,0.86,2.19,96.3,0.06,17,0,0.0,Roorkee & Haridwar Hydro-Meteorological Station Dataset
Har Ki Pauri / Canal Ghats,ZONE-HW01,Ward 01,0.0,0.0,0.0,0.0,294.14,0.96,2.27,95.2,0.05,17,0,0.0,Roorkee & Haridwar Hydro-Meteorological Station Dataset
Har Ki Pauri / Canal Ghats,ZONE-HW01,Ward 01,0.0,0.0,0.0,7.3,294.4,0.86,2.25,95.7,0.05,17,0,0.0,Roorkee & Haridwar Hydro-Meteorological Station Dataset
Jwalapur / Arya Nagar,ZONE-HW02,Ward 15,46.3,196.9,380.3,166.0,285.87,0.53,1.5,91.1,1.12,13,1,66.8,Roorkee & Haridwar Hydro-Meteorological Station Dataset
Jwalapur / Arya Nagar,ZONE-HW02,Ward 15,50.1,160.7,389.4,178.6,286.14,0.53,1.58,90.3,1.03,13,1,65.5,Roorkee & Haridwar Hydro-Meteorological Station Dataset
Jwalapur / Arya Nagar,ZONE-HW02,Ward 15,38.9,164.2,411.7,189.3,285.81,0.5,1.53,89.4,1.06,13,1,66.4,Roorkee & Haridwar Hydro-Meteorological Station Dataset
Jwalapur / Arya Nagar,ZONE-HW02,Ward 15,42.6,138.7,364.4,190.2,285.67,0.46,1.27,91.5,1.11,13,1,69.2,Roorkee & Haridwar Hydro-Meteorological Station Dataset
Jwalapur / Arya Nagar,ZONE-HW02,Ward 15,37.4,139.0,315.0,179.9,285.91,0.45,1.57,88.6,1.19,13,1,69.5,Roorkee & Haridwar Hydro-Meteorological Station Dataset
Jwalapur / Arya Nagar,ZONE-HW02,Ward 15,37.1,165.8,360.0,182.2,285.98,0.5,1.66,90.8,1.09,13,1,66.4,Roorkee & Haridwar Hydro-Meteorological Station Dataset
Jwalapur / Arya Nagar,ZONE-HW02,Ward 15,44.1,159.6,310.1,213.0,285.73,0.5,1.57,90.7,1.13,13,1,69.1,Roorkee & Haridwar Hydro-Meteorological Station Dataset
Jwalapur / Arya Nagar,ZONE-HW02,Ward 15,44.3,151.7,413.2,190.6,286.12,0.55,1.52,92.3,1.15,13,1,68.4,Roorkee & Haridwar Hydro-Meteorological Station Dataset
Jwalapur / Arya Nagar,ZONE-HW02,Ward 15,44.1,150.6,389.6,193.5,285.77,0.51,1.42,91.0,1.19,13,1,69.2,Roorkee & Haridwar Hydro-Meteorological Station Dataset
Jwalapur / Arya Nagar,ZONE-HW02,Ward 15,45.5,175.2,389.9,180.6,286.17,0.5,1.48,91.3,1.1,13,1,66.1,Roorkee & Haridwar Hydro-Meteorological Station Dataset
Jwalapur / Arya Nagar,ZONE-HW02,Ward 15,33.9,184.9,402.0,191.3,285.86,0.49,1.31,91.6,1.09,13,1,66.3,Roorkee & Haridwar Hydro-Meteorological Station Dataset
Jwalapur / Arya Nagar,ZONE-HW02,Ward 15,33.2,160.7,368.0,172.5,285.83,0.61,1.55,92.0,1.14,13,1,69.6,Roorkee & Haridwar Hydro-Meteorological Station Dataset
Jwalapur / Arya Nagar,ZONE-HW02,Ward 15,49.6,151.0,355.0,187.6,285.85,0.51,1.47,91.2,1.1,13,1,66.7,Roorkee & Haridwar Hydro-Meteorological Station Dataset
Jwalapur / Arya Nagar,ZONE-HW02,Ward 15,40.0,161.5,388.7,192.5,285.85,0.52,1.48,90.1,1.04,13,1,68.2,Roorkee & Haridwar Hydro-Meteorological Station Dataset
Jwalapur / Arya Nagar,ZONE-HW02,Ward 15,46.7,171.9,332.1,203.7,285.97,0.5,1.49,90.9,1.03,13,1,69.3,Roorkee & Haridwar Hydro-Meteorological Station Dataset
Jwalapur / Arya Nagar,ZONE-HW02,Ward 15,46.5,156.0,325.9,190.3,286.06,0.54,1.59,90.7,1.05,13,1,66.6,Roorkee & Haridwar Hydro-Meteorological Station Dataset
Jwalapur / Arya Nagar,ZONE-HW02,Ward 15,40.7,160.6,397.4,191.5,286.24,0.55,1.44,91.0,1.15,13,1,67.4,Roorkee & Haridwar Hydro-Meteorological Station Dataset
Jwalapur / Arya Nagar,ZONE-HW02,Ward 15,43.7,172.7,393.2,182.5,286.24,0.39,1.59,92.2,1.14,13,1,64.7,Roorkee & Haridwar Hydro-Meteorological Station Dataset
Jwalapur / Arya Nagar,ZONE-HW02,Ward 15,38.2,120.8,366.0,189.3,286.19,0.59,1.58,90.6,1.1,13,1,64.4,Roorkee & Haridwar Hydro-Meteorological Station Dataset
Jwalapur / Arya Nagar,ZONE-HW02,Ward 15,39.7,160.6,369.1,196.3,286.09,0.53,1.54,90.7,1.13,13,1,67.5,Roorkee & Haridwar Hydro-Meteorological Station Dataset
Jwalapur / Arya Nagar,ZONE-HW02,Ward 15,45.5,183.0,327.3,188.0,285.86,0.56,1.57,90.0,1.09,13,1,67.8,Roorkee & Haridwar Hydro-Meteorological Station Dataset
Jwalapur / Arya Nagar,ZONE-HW02,Ward 15,43.7,168.1,296.4,181.9,286.37,0.53,1.56,88.0,1.03,13,1,68.9,Roorkee & Haridwar Hydro-Meteorological Station Dataset
Jwalapur / Arya Nagar,ZONE-HW02,Ward 15,39.5,104.6,384.7,183.0,286.21,0.53,1.49,91.2,1.04,13,1,67.6,Roorkee & Haridwar Hydro-Meteorological Station Dataset
Jwalapur / Arya Nagar,ZONE-HW02,Ward 15,39.0,185.2,317.0,190.5,286.06,0.5,1.59,91.2,1.15,13,1,67.6,Roorkee & Haridwar Hydro-Meteorological Station Dataset
Jwalapur / Arya Nagar,ZONE-HW02,Ward 15,48.5,170.7,343.6,188.1,285.78,0.5,1.5,91.7,1.15,13,1,68.9,Roorkee & Haridwar Hydro-Meteorological Station Dataset
Jwalapur / Arya Nagar,ZONE-HW02,Ward 15,41.4,161.4,328.6,180.9,285.71,0.43,1.58,91.7,1.06,13,1,66.1,Roorkee & Haridwar Hydro-Meteorological Station Dataset
Jwalapur / Arya Nagar,ZONE-HW02,Ward 15,45.3,170.9,338.2,197.2,285.63,0.5,1.34,92.6,1.05,13,1,68.3,Roorkee & Haridwar Hydro-Meteorological Station Dataset
Jwalapur / Arya Nagar,ZONE-HW02,Ward 15,46.9,180.7,368.1,182.6,286.1,0.57,1.62,90.8,1.1,13,1,65.6,Roorkee & Haridwar Hydro-Meteorological Station Dataset
Jwalapur / Arya Nagar,ZONE-HW02,Ward 15,43.4,182.9,387.2,193.2,285.92,0.46,1.57,91.0,1.1,13,1,66.7,Roorkee & Haridwar Hydro-Meteorological Station Dataset
Jwalapur / Arya Nagar,ZONE-HW02,Ward 15,36.6,143.8,349.9,181.0,285.94,0.5,1.54,91.4,1.12,13,1,64.7,Roorkee & Haridwar Hydro-Meteorological Station Dataset
Jwalapur / Arya Nagar,ZONE-HW02,Ward 15,45.0,164.2,416.9,189.6,286.34,0.52,1.37,90.5,1.06,13,1,69.6,Roorkee & Haridwar Hydro-Meteorological Station Dataset
Jwalapur / Arya Nagar,ZONE-HW02,Ward 15,41.9,133.6,308.2,186.8,286.24,0.52,1.56,91.4,1.04,13,1,65.1,Roorkee & Haridwar Hydro-Meteorological Station Dataset
Jwalapur / Arya Nagar,ZONE-HW02,Ward 15,46.7,181.9,387.5,197.4,286.06,0.48,1.41,90.8,1.0,13,1,66.4,Roorkee & Haridwar Hydro-Meteorological Station Dataset
Jwalapur / Arya Nagar,ZONE-HW02,Ward 15,36.9,152.8,260.1,188.6,286.05,0.49,1.6,91.4,1.1,13,1,64.7,Roorkee & Haridwar Hydro-Meteorological Station Dataset
Jwalapur / Arya Nagar,ZONE-HW02,Ward 15,40.0,158.6,417.2,189.3,286.02,0.52,1.57,91.7,1.05,13,1,66.3,Roorkee & Haridwar Hydro-Meteorological Station Dataset
Jwalapur / Arya Nagar,ZONE-HW02,Ward 15,58.7,197.6,490.2,235.2,286.16,0.53,1.44,89.8,1.07,13,1,67.8,Roorkee & Haridwar Hydro-Meteorological Station Dataset
Jwalapur / Arya Nagar,ZONE-HW02,Ward 15,53.3,241.7,516.9,247.7,285.93,0.5,1.55,90.4,1.09,13,1,64.4,Roorkee & Haridwar Hydro-Meteorological Station Dataset
Jwalapur / Arya Nagar,ZONE-HW02,Ward 15,58.7,198.3,484.6,239.5,285.89,0.42,1.25,91.8,1.16,13,1,68.1,Roorkee & Haridwar Hydro-Meteorological Station Dataset
Jwalapur / Arya Nagar,ZONE-HW02,Ward 15,52.8,206.9,473.6,242.6,286.21,0.47,1.57,90.0,1.04,13,1,68.4,Roorkee & Haridwar Hydro-Meteorological Station Dataset
Jwalapur / Arya Nagar,ZONE-HW02,Ward 15,48.4,185.5,509.3,256.1,285.82,0.55,1.5,91.2,1.14,13,1,64.6,Roorkee & Haridwar Hydro-Meteorological Station Dataset
Jwalapur / Arya Nagar,ZONE-HW02,Ward 15,61.5,180.4,446.5,238.7,286.13,0.55,1.47,90.2,1.16,13,1,67.6,Roorkee & Haridwar Hydro-Meteorological Station Dataset
Jwalapur / Arya Nagar,ZONE-HW02,Ward 15,56.9,203.7,511.1,232.7,286.25,0.48,1.53,89.3,1.12,13,1,64.0,Roorkee & Haridwar Hydro-Meteorological Station Dataset
Jwalapur / Arya Nagar,ZONE-HW02,Ward 15,54.5,212.7,434.4,243.5,286.05,0.48,1.33,90.3,1.05,13,1,64.3,Roorkee & Haridwar Hydro-Meteorological Station Dataset
Jwalapur / Arya Nagar,ZONE-HW02,Ward 15,60.9,243.1,585.5,231.9,286.17,0.56,1.42,91.0,1.14,13,1,68.8,Roorkee & Haridwar Hydro-Meteorological Station Dataset
Jwalapur / Arya Nagar,ZONE-HW02,Ward 15,54.7,169.8,577.4,243.1,285.72,0.49,1.41,91.1,1.08,13,1,67.5,Roorkee & Haridwar Hydro-Meteorological Station Dataset
Jwalapur / Arya Nagar,ZONE-HW02,Ward 15,56.2,195.3,462.6,253.6,285.84,0.49,1.44,90.4,1.12,13,1,67.5,Roorkee & Haridwar Hydro-Meteorological Station Dataset
Jwalapur / Arya Nagar,ZONE-HW02,Ward 15,56.0,220.5,521.9,243.2,285.99,0.56,1.43,92.8,1.12,13,1,65.5,Roorkee & Haridwar Hydro-Meteorological Station Dataset
Jwalapur / Arya Nagar,ZONE-HW02,Ward 15,60.6,217.2,530.1,242.3,286.15,0.45,1.43,91.5,1.12,13,1,66.8,Roorkee & Haridwar Hydro-Meteorological Station Dataset
Jwalapur / Arya Nagar,ZONE-HW02,Ward 15,70.1,183.8,442.5,232.7,286.33,0.5,1.46,90.0,1.07,13,1,67.0,Roorkee & Haridwar Hydro-Meteorological Station Dataset
Jwalapur / Arya Nagar,ZONE-HW02,Ward 15,53.4,243.8,480.0,237.9,285.83,0.52,1.41,90.5,1.15,13,1,65.8,Roorkee & Haridwar Hydro-Meteorological Station Dataset
Jwalapur / Arya Nagar,ZONE-HW02,Ward 15,49.7,166.4,549.6,229.8,286.08,0.51,1.62,91.4,1.1,13,1,65.8,Roorkee & Haridwar Hydro-Meteorological Station Dataset
Jwalapur / Arya Nagar,ZONE-HW02,Ward 15,53.7,186.4,526.1,239.0,285.94,0.54,1.59,90.0,1.08,13,1,67.4,Roorkee & Haridwar Hydro-Meteorological Station Dataset
Jwalapur / Arya Nagar,ZONE-HW02,Ward 15,60.0,205.0,429.9,243.4,286.16,0.48,1.48,91.9,1.04,13,1,68.2,Roorkee & Haridwar Hydro-Meteorological Station Dataset
Jwalapur / Arya Nagar,ZONE-HW02,Ward 15,59.0,233.5,456.5,241.2,285.84,0.49,1.44,91.1,1.14,13,1,67.0,Roorkee & Haridwar Hydro-Meteorological Station Dataset
Jwalapur / Arya Nagar,ZONE-HW02,Ward 15,52.5,205.4,513.1,234.5,285.73,0.47,1.43,91.3,1.05,13,1,64.4,Roorkee & Haridwar Hydro-Meteorological Station Dataset
Jwalapur / Arya Nagar,ZONE-HW02,Ward 15,68.8,224.1,446.7,250.4,285.88,0.44,1.51,91.3,1.08,13,1,66.6,Roorkee & Haridwar Hydro-Meteorological Station Dataset
Jwalapur / Arya Nagar,ZONE-HW02,Ward 15,50.4,236.4,481.3,248.4,286.41,0.5,1.54,90.9,1.11,13,1,64.8,Roorkee & Haridwar Hydro-Meteorological Station Dataset
Jwalapur / Arya Nagar,ZONE-HW02,Ward 15,64.8,216.7,538.4,249.7,285.91,0.54,1.64,91.6,1.11,13,1,65.8,Roorkee & Haridwar Hydro-Meteorological Station Dataset
Jwalapur / Arya Nagar,ZONE-HW02,Ward 15,65.4,230.5,512.0,244.1,286.09,0.46,1.7,90.9,1.16,13,1,68.8,Roorkee & Haridwar Hydro-Meteorological Station Dataset
Jwalapur / Arya Nagar,ZONE-HW02,Ward 15,45.4,219.5,467.9,241.5,285.98,0.58,1.42,92.2,1.11,13,1,66.4,Roorkee & Haridwar Hydro-Meteorological Station Dataset
Jwalapur / Arya Nagar,ZONE-HW02,Ward 15,60.1,236.3,494.2,243.2,286.11,0.53,1.42,90.1,1.1,13,1,65.3,Roorkee & Haridwar Hydro-Meteorological Station Dataset
Jwalapur / Arya Nagar,ZONE-HW02,Ward 15,60.2,166.9,567.7,245.3,286.01,0.55,1.59,89.8,1.15,13,1,68.7,Roorkee & Haridwar Hydro-Meteorological Station Dataset
Jwalapur / Arya Nagar,ZONE-HW02,Ward 15,58.4,183.2,495.5,239.7,286.27,0.47,1.55,91.1,1.13,13,1,68.0,Roorkee & Haridwar Hydro-Meteorological Station Dataset
Jwalapur / Arya Nagar,ZONE-HW02,Ward 15,55.4,187.9,542.8,246.7,285.98,0.57,1.7,91.1,1.11,13,1,65.1,Roorkee & Haridwar Hydro-Meteorological Station Dataset
Jwalapur / Arya Nagar,ZONE-HW02,Ward 15,46.6,165.8,404.9,238.0,285.58,0.54,1.43,91.7,1.1,13,1,66.9,Roorkee & Haridwar Hydro-Meteorological Station Dataset
Jwalapur / Arya Nagar,ZONE-HW02,Ward 15,52.7,180.1,530.5,246.6,286.28,0.47,1.53,91.8,1.09,13,1,65.8,Roorkee & Haridwar Hydro-Meteorological Station Dataset
Jwalapur / Arya Nagar,ZONE-HW02,Ward 15,57.2,253.2,511.0,253.2,285.7,0.49,1.59,90.0,1.09,13,1,64.5,Roorkee & Haridwar Hydro-Meteorological Station Dataset
Jwalapur / Arya Nagar,ZONE-HW02,Ward 15,50.8,191.8,449.2,257.4,286.07,0.52,1.67,91.6,1.17,13,1,68.2,Roorkee & Haridwar Hydro-Meteorological Station Dataset
Jwalapur / Arya Nagar,ZONE-HW02,Ward 15,55.6,197.8,561.0,238.7,286.06,0.44,1.48,91.8,1.08,13,1,64.7,Roorkee & Haridwar Hydro-Meteorological Station Dataset
Jwalapur / Arya Nagar,ZONE-HW02,Ward 15,52.9,200.3,424.9,242.9,286.17,0.54,1.4,92.2,1.03,13,1,67.4,Roorkee & Haridwar Hydro-Meteorological Station Dataset
Jwalapur / Arya Nagar,ZONE-HW02,Ward 15,29.0,140.9,281.9,120.5,286.14,0.44,1.58,89.4,1.08,13,1,65.2,Roorkee & Haridwar Hydro-Meteorological Station Dataset
Jwalapur / Arya Nagar,ZONE-HW02,Ward 15,38.4,139.8,244.1,100.3,286.11,0.45,1.5,90.6,1.1,13,1,67.3,Roorkee & Haridwar Hydro-Meteorological Station Dataset
Jwalapur / Arya Nagar,ZONE-HW02,Ward 15,32.8,125.8,255.2,112.2,286.12,0.46,1.46,92.0,1.18,13,1,65.0,Roorkee & Haridwar Hydro-Meteorological Station Dataset
Jwalapur / Arya Nagar,ZONE-HW02,Ward 15,36.4,141.3,305.5,107.0,285.88,0.56,1.59,90.5,1.12,13,1,66.3,Roorkee & Haridwar Hydro-Meteorological Station Dataset
Jwalapur / Arya Nagar,ZONE-HW02,Ward 15,34.4,136.4,356.0,104.8,285.84,0.49,1.46,90.1,1.08,13,1,67.1,Roorkee & Haridwar Hydro-Meteorological Station Dataset
Jwalapur / Arya Nagar,ZONE-HW02,Ward 15,37.4,134.2,227.3,105.1,286.22,0.56,1.66,91.5,1.03,13,1,67.6,Roorkee & Haridwar Hydro-Meteorological Station Dataset
Jwalapur / Arya Nagar,ZONE-HW02,Ward 15,32.0,137.4,276.6,107.2,286.21,0.51,1.46,90.3,1.14,13,1,65.1,Roorkee & Haridwar Hydro-Meteorological Station Dataset
Jwalapur / Arya Nagar,ZONE-HW02,Ward 15,37.6,120.1,282.7,115.1,285.92,0.52,1.6,91.0,1.15,13,1,64.3,Roorkee & Haridwar Hydro-Meteorological Station Dataset
Jwalapur / Arya Nagar,ZONE-HW02,Ward 15,38.4,134.7,331.6,117.6,286.21,0.54,1.38,91.5,1.05,13,1,67.6,Roorkee & Haridwar Hydro-Meteorological Station Dataset
Jwalapur / Arya Nagar,ZONE-HW02,Ward 15,31.9,138.2,260.1,114.4,286.12,0.47,1.48,91.0,1.1,13,1,66.9,Roorkee & Haridwar Hydro-Meteorological Station Dataset
Jwalapur / Arya Nagar,ZONE-HW02,Ward 15,38.0,113.0,275.5,111.8,285.9,0.42,1.43,89.8,1.03,13,1,69.1,Roorkee & Haridwar Hydro-Meteorological Station Dataset
Jwalapur / Arya Nagar,ZONE-HW02,Ward 15,33.9,117.1,293.5,116.9,286.19,0.57,1.6,93.0,1.07,13,1,65.2,Roorkee & Haridwar Hydro-Meteorological Station Dataset
Jwalapur / Arya Nagar,ZONE-HW02,Ward 15,36.7,125.6,253.4,123.8,285.49,0.49,1.64,91.6,1.08,13,1,64.0,Roorkee & Haridwar Hydro-Meteorological Station Dataset
Jwalapur / Arya Nagar,ZONE-HW02,Ward 15,32.5,133.1,310.5,106.3,285.66,0.44,1.43,90.6,1.09,13,1,67.0,Roorkee & Haridwar Hydro-Meteorological Station Dataset
Jwalapur / Arya Nagar,ZONE-HW02,Ward 15,36.1,129.1,245.4,103.8,285.84,0.45,1.56,91.1,1.15,13,1,68.3,Roorkee & Haridwar Hydro-Meteorological Station Dataset
Jwalapur / Arya Nagar,ZONE-HW02,Ward 15,34.2,122.8,273.3,99.9,286.28,0.51,1.56,91.3,1.11,13,1,68.1,Roorkee & Haridwar Hydro-Meteorological Station Dataset
Jwalapur / Arya Nagar,ZONE-HW02,Ward 15,34.5,127.6,251.9,104.7,286.16,0.51,1.52,90.8,1.14,13,1,66.6,Roorkee & Haridwar Hydro-Meteorological Station Dataset
Jwalapur / Arya Nagar,ZONE-HW02,Ward 15,37.3,126.2,279.6,112.4,286.12,0.49,1.6,92.0,1.08,13,1,66.2,Roorkee & Haridwar Hydro-Meteorological Station Dataset
Jwalapur / Arya Nagar,ZONE-HW02,Ward 15,28.4,127.7,239.8,107.0,286.19,0.54,1.6,92.0,1.12,13,1,66.6,Roorkee & Haridwar Hydro-Meteorological Station Dataset
Jwalapur / Arya Nagar,ZONE-HW02,Ward 15,34.2,92.3,279.4,104.3,286.26,0.47,1.57,91.0,1.1,13,1,65.2,Roorkee & Haridwar Hydro-Meteorological Station Dataset
Jwalapur / Arya Nagar,ZONE-HW02,Ward 15,37.6,132.1,250.8,111.9,286.18,0.5,1.32,91.5,1.12,13,1,68.1,Roorkee & Haridwar Hydro-Meteorological Station Dataset
Jwalapur / Arya Nagar,ZONE-HW02,Ward 15,35.0,128.4,320.2,112.1,285.85,0.5,1.57,91.0,1.11,13,1,64.3,Roorkee & Haridwar Hydro-Meteorological Station Dataset
Jwalapur / Arya Nagar,ZONE-HW02,Ward 15,35.9,121.0,308.8,110.2,285.74,0.46,1.59,89.5,1.07,13,1,68.0,Roorkee & Haridwar Hydro-Meteorological Station Dataset
Jwalapur / Arya Nagar,ZONE-HW02,Ward 15,30.8,110.8,305.5,97.9,285.96,0.49,1.82,90.6,1.12,13,1,65.1,Roorkee & Haridwar Hydro-Meteorological Station Dataset
Jwalapur / Arya Nagar,ZONE-HW02,Ward 15,35.8,128.5,316.3,108.8,286.03,0.45,1.41,90.9,1.09,13,1,66.2,Roorkee & Haridwar Hydro-Meteorological Station Dataset
Jwalapur / Arya Nagar,ZONE-HW02,Ward 15,37.0,125.7,308.7,105.7,286.04,0.49,1.64,91.0,1.13,13,1,68.7,Roorkee & Haridwar Hydro-Meteorological Station Dataset
Jwalapur / Arya Nagar,ZONE-HW02,Ward 15,32.7,114.6,308.3,102.8,285.85,0.5,1.54,91.5,1.09,13,1,65.8,Roorkee & Haridwar Hydro-Meteorological Station Dataset
Jwalapur / Arya Nagar,ZONE-HW02,Ward 15,31.1,125.9,284.7,96.0,286.12,0.51,1.52,92.0,1.09,13,1,68.9,Roorkee & Haridwar Hydro-Meteorological Station Dataset
Jwalapur / Arya Nagar,ZONE-HW02,Ward 15,33.4,115.7,309.0,118.6,286.4,0.5,1.46,91.0,1.01,13,1,64.6,Roorkee & Haridwar Hydro-Meteorological Station Dataset
Jwalapur / Arya Nagar,ZONE-HW02,Ward 15,36.0,136.7,276.4,112.7,285.79,0.54,1.54,90.6,1.18,13,1,65.1,Roorkee & Haridwar Hydro-Meteorological Station Dataset
Jwalapur / Arya Nagar,ZONE-HW02,Ward 15,35.2,132.5,306.7,115.8,286.22,0.46,1.4,91.7,1.12,13,1,68.3,Roorkee & Haridwar Hydro-Meteorological Station Dataset
Jwalapur / Arya Nagar,ZONE-HW02,Ward 15,39.4,136.8,281.6,96.4,285.75,0.51,1.6,89.9,1.08,13,1,68.8,Roorkee & Haridwar Hydro-Meteorological Station Dataset
Jwalapur / Arya Nagar,ZONE-HW02,Ward 15,33.5,136.7,321.6,114.5,286.3,0.46,1.45,89.3,1.12,13,1,65.4,Roorkee & Haridwar Hydro-Meteorological Station Dataset
Jwalapur / Arya Nagar,ZONE-HW02,Ward 15,35.3,121.5,290.0,109.8,286.15,0.44,1.4,93.4,1.13,13,1,68.0,Roorkee & Haridwar Hydro-Meteorological Station Dataset
Jwalapur / Arya Nagar,ZONE-HW02,Ward 15,31.2,123.5,345.4,119.8,285.71,0.51,1.56,89.6,1.07,13,1,65.2,Roorkee & Haridwar Hydro-Meteorological Station Dataset
Jwalapur / Arya Nagar,ZONE-HW02,Ward 15,26.8,98.1,205.3,92.7,285.95,0.47,1.5,92.6,1.07,13,1,68.3,Roorkee & Haridwar Hydro-Meteorological Station Dataset
Jwalapur / Arya Nagar,ZONE-HW02,Ward 15,23.3,80.2,212.5,95.0,286.07,0.44,1.44,91.4,1.08,13,1,67.3,Roorkee & Haridwar Hydro-Meteorological Station Dataset
Jwalapur / Arya Nagar,ZONE-HW02,Ward 15,24.0,85.7,168.8,63.6,286.06,0.54,1.21,90.2,1.08,13,1,62.4,Roorkee & Haridwar Hydro-Meteorological Station Dataset
Jwalapur / Arya Nagar,ZONE-HW02,Ward 15,23.6,100.8,202.8,66.1,286.17,0.48,1.55,91.3,1.07,13,1,68.1,Roorkee & Haridwar Hydro-Meteorological Station Dataset
Jwalapur / Arya Nagar,ZONE-HW02,Ward 15,25.9,81.2,204.5,64.5,285.69,0.53,1.65,90.2,1.07,13,1,66.4,Roorkee & Haridwar Hydro-Meteorological Station Dataset
Jwalapur / Arya Nagar,ZONE-HW02,Ward 15,25.8,88.5,203.4,73.8,285.72,0.49,1.55,90.9,1.08,13,1,66.6,Roorkee & Haridwar Hydro-Meteorological Station Dataset
Jwalapur / Arya Nagar,ZONE-HW02,Ward 15,23.0,75.4,204.8,74.7,286.07,0.5,1.29,90.9,1.03,13,1,68.0,Roorkee & Haridwar Hydro-Meteorological Station Dataset
Jwalapur / Arya Nagar,ZONE-HW02,Ward 15,24.4,91.1,224.2,72.6,285.96,0.53,1.5,88.9,1.06,13,1,63.6,Roorkee & Haridwar Hydro-Meteorological Station Dataset
Jwalapur / Arya Nagar,ZONE-HW02,Ward 15,26.0,88.6,201.1,83.4,286.03,0.41,1.57,90.8,1.06,13,1,68.1,Roorkee & Haridwar Hydro-Meteorological Station Dataset
Jwalapur / Arya Nagar,ZONE-HW02,Ward 15,22.3,105.8,197.1,86.0,285.92,0.51,1.44,91.2,1.1,13,1,65.1,Roorkee & Haridwar Hydro-Meteorological Station Dataset
Jwalapur / Arya Nagar,ZONE-HW02,Ward 15,20.8,79.8,203.1,75.2,286.15,0.5,1.56,90.7,1.09,13,1,64.7,Roorkee & Haridwar Hydro-Meteorological Station Dataset
Jwalapur / Arya Nagar,ZONE-HW02,Ward 15,29.0,93.8,201.9,71.5,285.91,0.43,1.62,93.2,1.07,13,1,65.3,Roorkee & Haridwar Hydro-Meteorological Station Dataset
Jwalapur / Arya Nagar,ZONE-HW02,Ward 15,25.1,84.6,239.2,76.7,286.03,0.42,1.43,91.5,1.11,13,1,69.2,Roorkee & Haridwar Hydro-Meteorological Station Dataset
Jwalapur / Arya Nagar,ZONE-HW02,Ward 15,25.2,90.8,189.1,74.7,285.75,0.51,1.52,90.6,1.13,13,1,63.6,Roorkee & Haridwar Hydro-Meteorological Station Dataset
Jwalapur / Arya Nagar,ZONE-HW02,Ward 15,17.0,83.0,231.5,79.4,285.84,0.5,1.38,89.1,1.06,13,1,66.5,Roorkee & Haridwar Hydro-Meteorological Station Dataset
Jwalapur / Arya Nagar,ZONE-HW02,Ward 15,24.2,96.4,181.3,78.3,285.92,0.48,1.39,91.0,1.04,13,1,64.7,Roorkee & Haridwar Hydro-Meteorological Station Dataset
Jwalapur / Arya Nagar,ZONE-HW02,Ward 15,23.8,102.3,189.7,80.6,286.46,0.51,1.51,91.7,1.08,13,1,63.4,Roorkee & Haridwar Hydro-Meteorological Station Dataset
Jwalapur / Arya Nagar,ZONE-HW02,Ward 15,23.0,96.5,173.8,78.4,285.86,0.51,1.59,91.2,1.1,13,1,61.9,Roorkee & Haridwar Hydro-Meteorological Station Dataset
Jwalapur / Arya Nagar,ZONE-HW02,Ward 15,24.0,90.0,220.4,79.7,285.98,0.49,1.65,92.4,1.11,13,1,63.4,Roorkee & Haridwar Hydro-Meteorological Station Dataset
Jwalapur / Arya Nagar,ZONE-HW02,Ward 15,23.4,84.1,218.6,87.6,286.04,0.48,1.48,91.5,1.12,13,1,69.1,Roorkee & Haridwar Hydro-Meteorological Station Dataset
Jwalapur / Arya Nagar,ZONE-HW02,Ward 15,26.1,81.0,178.5,87.5,285.85,0.49,1.46,89.7,1.1,13,1,64.4,Roorkee & Haridwar Hydro-Meteorological Station Dataset
Jwalapur / Arya Nagar,ZONE-HW02,Ward 15,24.7,101.7,192.6,87.6,285.86,0.46,1.42,90.5,1.08,13,1,63.6,Roorkee & Haridwar Hydro-Meteorological Station Dataset
Jwalapur / Arya Nagar,ZONE-HW02,Ward 15,25.4,85.6,254.8,79.5,286.18,0.5,1.72,91.9,1.05,13,1,64.4,Roorkee & Haridwar Hydro-Meteorological Station Dataset
Jwalapur / Arya Nagar,ZONE-HW02,Ward 15,27.1,88.9,161.3,78.8,285.99,0.48,1.72,90.8,1.05,13,1,59.6,Roorkee & Haridwar Hydro-Meteorological Station Dataset
Jwalapur / Arya Nagar,ZONE-HW02,Ward 15,26.5,101.5,213.7,75.5,286.25,0.46,1.39,92.0,1.12,13,1,66.9,Roorkee & Haridwar Hydro-Meteorological Station Dataset
Jwalapur / Arya Nagar,ZONE-HW02,Ward 15,24.0,76.0,176.3,75.7,286.06,0.53,1.57,93.2,1.08,13,1,61.4,Roorkee & Haridwar Hydro-Meteorological Station Dataset
Jwalapur / Arya Nagar,ZONE-HW02,Ward 15,24.6,93.2,157.1,77.1,285.75,0.51,1.45,91.5,1.04,13,1,59.1,Roorkee & Haridwar Hydro-Meteorological Station Dataset
Jwalapur / Arya Nagar,ZONE-HW02,Ward 15,22.8,85.5,207.6,89.3,286.11,0.48,1.52,91.1,1.09,13,1,68.5,Roorkee & Haridwar Hydro-Meteorological Station Dataset
Jwalapur / Arya Nagar,ZONE-HW02,Ward 15,24.9,96.6,217.4,81.6,285.83,0.53,1.52,92.8,1.03,13,1,67.3,Roorkee & Haridwar Hydro-Meteorological Station Dataset
Jwalapur / Arya Nagar,ZONE-HW02,Ward 15,25.7,93.9,178.4,79.1,285.58,0.42,1.4,90.4,1.07,13,1,66.3,Roorkee & Haridwar Hydro-Meteorological Station Dataset
Jwalapur / Arya Nagar,ZONE-HW02,Ward 15,21.1,90.7,209.3,83.2,285.84,0.55,1.63,91.5,1.14,13,1,65.7,Roorkee & Haridwar Hydro-Meteorological Station Dataset
Jwalapur / Arya Nagar,ZONE-HW02,Ward 15,24.5,100.1,170.4,75.7,286.47,0.48,1.6,91.4,1.12,13,1,64.7,Roorkee & Haridwar Hydro-Meteorological Station Dataset
Jwalapur / Arya Nagar,ZONE-HW02,Ward 15,24.7,103.8,191.1,83.3,285.93,0.6,1.65,92.5,1.07,13,1,65.2,Roorkee & Haridwar Hydro-Meteorological Station Dataset
Jwalapur / Arya Nagar,ZONE-HW02,Ward 15,25.6,83.3,218.5,95.0,285.93,0.46,1.51,92.6,1.06,13,1,67.4,Roorkee & Haridwar Hydro-Meteorological Station Dataset
Jwalapur / Arya Nagar,ZONE-HW02,Ward 15,26.9,91.5,172.8,89.8,285.82,0.51,1.52,91.1,1.08,13,1,65.5,Roorkee & Haridwar Hydro-Meteorological Station Dataset
Jwalapur / Arya Nagar,ZONE-HW02,Ward 15,16.4,72.1,135.0,46.8,286.1,0.52,1.55,90.2,1.12,13,1,37.7,Roorkee & Haridwar Hydro-Meteorological Station Dataset
Jwalapur / Arya Nagar,ZONE-HW02,Ward 15,16.9,60.4,117.2,52.0,286.13,0.47,1.69,90.7,1.14,13,0,0.0,Roorkee & Haridwar Hydro-Meteorological Station Dataset
Jwalapur / Arya Nagar,ZONE-HW02,Ward 15,16.2,58.9,127.4,48.8,286.12,0.57,1.5,90.4,1.12,13,1,28.9,Roorkee & Haridwar Hydro-Meteorological Station Dataset
Jwalapur / Arya Nagar,ZONE-HW02,Ward 15,15.9,66.4,143.3,49.1,286.05,0.53,1.7,90.8,1.01,13,1,43.5,Roorkee & Haridwar Hydro-Meteorological Station Dataset
Jwalapur / Arya Nagar,ZONE-HW02,Ward 15,17.4,66.9,150.6,53.7,286.13,0.49,1.62,91.0,1.08,13,1,46.4,Roorkee & Haridwar Hydro-Meteorological Station Dataset
Jwalapur / Arya Nagar,ZONE-HW02,Ward 15,16.4,49.5,103.1,50.1,286.0,0.52,1.48,92.6,1.11,13,0,0.0,Roorkee & Haridwar Hydro-Meteorological Station Dataset
Jwalapur / Arya Nagar,ZONE-HW02,Ward 15,18.0,69.5,154.5,56.9,285.85,0.56,1.55,90.3,1.07,13,1,54.2,Roorkee & Haridwar Hydro-Meteorological Station Dataset
Jwalapur / Arya Nagar,ZONE-HW02,Ward 15,18.0,61.0,155.1,43.3,286.14,0.56,1.39,90.6,1.05,13,1,48.7,Roorkee & Haridwar Hydro-Meteorological Station Dataset
Jwalapur / Arya Nagar,ZONE-HW02,Ward 15,18.0,72.8,136.6,38.1,285.88,0.51,1.61,92.6,1.11,13,1,38.0,Roorkee & Haridwar Hydro-Meteorological Station Dataset
Jwalapur / Arya Nagar,ZONE-HW02,Ward 15,17.0,61.5,156.5,52.8,285.86,0.48,1.5,90.7,1.13,13,1,48.8,Roorkee & Haridwar Hydro-Meteorological Station Dataset
Jwalapur / Arya Nagar,ZONE-HW02,Ward 15,17.7,68.2,139.3,63.3,285.67,0.53,1.45,89.3,1.09,13,1,42.1,Roorkee & Haridwar Hydro-Meteorological Station Dataset
Jwalapur / Arya Nagar,ZONE-HW02,Ward 15,17.7,59.6,145.7,45.3,286.21,0.47,1.5,90.6,1.16,13,1,43.4,Roorkee & Haridwar Hydro-Meteorological Station Dataset
Jwalapur / Arya Nagar,ZONE-HW02,Ward 15,18.8,68.2,151.4,57.0,285.66,0.46,1.55,92.4,1.07,13,1,52.9,Roorkee & Haridwar Hydro-Meteorological Station Dataset
Jwalapur / Arya Nagar,ZONE-HW02,Ward 15,17.8,66.3,137.3,59.0,285.87,0.52,1.41,91.3,1.07,13,1,46.6,Roorkee & Haridwar Hydro-Meteorological Station Dataset
Jwalapur / Arya Nagar,ZONE-HW02,Ward 15,18.2,65.6,142.9,42.6,286.19,0.48,1.49,90.9,1.13,13,1,39.6,Roorkee & Haridwar Hydro-Meteorological Station Dataset
Jwalapur / Arya Nagar,ZONE-HW02,Ward 15,18.7,57.4,160.5,59.3,285.67,0.61,1.61,89.8,1.04,13,1,53.0,Roorkee & Haridwar Hydro-Meteorological Station Dataset
Jwalapur / Arya Nagar,ZONE-HW02,Ward 15,18.5,72.7,138.3,44.1,285.77,0.53,1.44,90.6,1.11,13,1,41.7,Roorkee & Haridwar Hydro-Meteorological Station Dataset
Jwalapur / Arya Nagar,ZONE-HW02,Ward 15,21.1,59.3,123.6,45.6,285.8,0.53,1.41,90.0,1.13,13,0,0.0,Roorkee & Haridwar Hydro-Meteorological Station Dataset
Jwalapur / Arya Nagar,ZONE-HW02,Ward 15,19.3,75.4,132.0,31.1,286.07,0.53,1.57,92.4,1.15,13,1,35.0,Roorkee & Haridwar Hydro-Meteorological Station Dataset
Jwalapur / Arya Nagar,ZONE-HW02,Ward 15,18.2,66.9,151.8,55.4,286.16,0.46,1.49,93.1,1.11,13,1,51.6,Roorkee & Haridwar Hydro-Meteorological Station Dataset
Jwalapur / Arya Nagar,ZONE-HW02,Ward 15,17.0,62.4,134.1,40.1,285.79,0.49,1.61,91.3,1.01,13,1,39.0,Roorkee & Haridwar Hydro-Meteorological Station Dataset
Jwalapur / Arya Nagar,ZONE-HW02,Ward 15,17.1,60.3,156.6,43.8,285.81,0.52,1.6,91.7,1.09,13,1,47.0,Roorkee & Haridwar Hydro-Meteorological Station Dataset
Jwalapur / Arya Nagar,ZONE-HW02,Ward 15,20.3,71.0,136.8,57.5,286.17,0.55,1.55,91.7,1.11,13,1,40.4,Roorkee & Haridwar Hydro-Meteorological Station Dataset
Jwalapur / Arya Nagar,ZONE-HW02,Ward 15,17.3,64.3,112.0,71.7,286.03,0.52,1.49,90.1,1.19,13,0,0.0,Roorkee & Haridwar Hydro-Meteorological Station Dataset
Jwalapur / Arya Nagar,ZONE-HW02,Ward 15,17.6,57.9,115.7,45.1,285.75,0.55,1.51,93.3,1.09,13,0,0.0,Roorkee & Haridwar Hydro-Meteorological Station Dataset
Jwalapur / Arya Nagar,ZONE-HW02,Ward 15,21.1,61.8,125.1,41.3,286.0,0.52,1.51,92.2,1.08,13,1,27.8,Roorkee & Haridwar Hydro-Meteorological Station Dataset
Jwalapur / Arya Nagar,ZONE-HW02,Ward 15,20.6,66.4,134.5,62.7,286.1,0.5,1.69,90.5,1.11,13,1,36.7,Roorkee & Haridwar Hydro-Meteorological Station Dataset
Jwalapur / Arya Nagar,ZONE-HW02,Ward 15,17.3,65.0,155.0,48.6,285.76,0.54,1.49,90.6,1.09,13,1,50.1,Roorkee & Haridwar Hydro-Meteorological Station Dataset
Jwalapur / Arya Nagar,ZONE-HW02,Ward 15,20.1,62.3,144.4,46.9,285.51,0.54,1.63,91.5,1.09,13,1,39.4,Roorkee & Haridwar Hydro-Meteorological Station Dataset
Jwalapur / Arya Nagar,ZONE-HW02,Ward 15,18.6,66.7,141.6,43.1,286.08,0.54,1.58,90.3,1.06,13,1,40.3,Roorkee & Haridwar Hydro-Meteorological Station Dataset
Jwalapur / Arya Nagar,ZONE-HW02,Ward 15,19.6,58.7,149.7,37.4,285.92,0.49,1.46,91.1,1.1,13,1,41.6,Roorkee & Haridwar Hydro-Meteorological Station Dataset
Jwalapur / Arya Nagar,ZONE-HW02,Ward 15,17.0,76.4,146.3,57.5,286.19,0.49,1.55,94.2,1.21,13,1,47.2,Roorkee & Haridwar Hydro-Meteorological Station Dataset
Jwalapur / Arya Nagar,ZONE-HW02,Ward 15,19.2,61.7,138.0,34.4,286.21,0.51,1.55,90.7,1.08,13,1,34.4,Roorkee & Haridwar Hydro-Meteorological Station Dataset
Jwalapur / Arya Nagar,ZONE-HW02,Ward 15,15.8,65.6,143.9,40.6,286.15,0.57,1.55,91.0,1.12,13,1,39.4,Roorkee & Haridwar Hydro-Meteorological Station Dataset
Jwalapur / Arya Nagar,ZONE-HW02,Ward 15,17.7,72.6,153.1,48.3,285.92,0.49,1.51,92.1,1.03,13,1,53.7,Roorkee & Haridwar Hydro-Meteorological Station Dataset
Jwalapur / Arya Nagar,ZONE-HW02,Ward 15,12.9,43.4,92.9,21.6,285.82,0.51,1.49,90.4,1.06,13,0,0.0,Roorkee & Haridwar Hydro-Meteorological Station Dataset
Jwalapur / Arya Nagar,ZONE-HW02,Ward 15,12.1,43.1,97.9,33.2,285.81,0.48,1.48,91.4,1.12,13,0,0.0,Roorkee & Haridwar Hydro-Meteorological Station Dataset
Jwalapur / Arya Nagar,ZONE-HW02,Ward 15,13.0,39.7,96.1,19.3,286.11,0.55,1.5,92.6,1.14,13,0,0.0,Roorkee & Haridwar Hydro-Meteorological Station Dataset
Jwalapur / Arya Nagar,ZONE-HW02,Ward 15,11.5,45.5,102.4,32.9,286.18,0.49,1.34,91.2,1.15,13,0,0.0,Roorkee & Haridwar Hydro-Meteorological Station Dataset
Jwalapur / Arya Nagar,ZONE-HW02,Ward 15,11.7,42.9,86.4,28.3,285.7,0.42,1.37,89.9,1.07,13,0,0.0,Roorkee & Haridwar Hydro-Meteorological Station Dataset
Jwalapur / Arya Nagar,ZONE-HW02,Ward 15,13.2,46.4,103.4,41.9,286.16,0.54,1.53,90.6,1.12,13,0,0.0,Roorkee & Haridwar Hydro-Meteorological Station Dataset
Jwalapur / Arya Nagar,ZONE-HW02,Ward 15,12.2,47.0,87.1,34.7,285.77,0.52,1.53,91.6,1.16,13,0,0.0,Roorkee & Haridwar Hydro-Meteorological Station Dataset
Jwalapur / Arya Nagar,ZONE-HW02,Ward 15,13.8,46.3,109.2,32.3,286.26,0.54,1.59,91.8,1.13,13,0,0.0,Roorkee & Haridwar Hydro-Meteorological Station Dataset
Jwalapur / Arya Nagar,ZONE-HW02,Ward 15,13.1,51.3,82.8,28.2,285.94,0.53,1.46,90.4,1.05,13,0,0.0,Roorkee & Haridwar Hydro-Meteorological Station Dataset
Jwalapur / Arya Nagar,ZONE-HW02,Ward 15,12.0,44.2,96.9,25.9,285.64,0.54,1.59,91.5,1.11,13,0,0.0,Roorkee & Haridwar Hydro-Meteorological Station Dataset
Jwalapur / Arya Nagar,ZONE-HW02,Ward 15,13.2,47.6,85.2,15.0,286.13,0.53,1.56,89.6,1.1,13,0,0.0,Roorkee & Haridwar Hydro-Meteorological Station Dataset
Jwalapur / Arya Nagar,ZONE-HW02,Ward 15,13.0,48.9,80.4,28.4,285.97,0.48,1.58,91.4,1.15,13,0,0.0,Roorkee & Haridwar Hydro-Meteorological Station Dataset
Jwalapur / Arya Nagar,ZONE-HW02,Ward 15,12.3,46.4,90.3,24.7,285.87,0.52,1.3,91.5,1.11,13,0,0.0,Roorkee & Haridwar Hydro-Meteorological Station Dataset
Jwalapur / Arya Nagar,ZONE-HW02,Ward 15,11.8,41.3,89.6,43.0,286.01,0.43,1.6,92.1,1.06,13,0,0.0,Roorkee & Haridwar Hydro-Meteorological Station Dataset
Jwalapur / Arya Nagar,ZONE-HW02,Ward 15,13.8,45.3,98.3,27.7,286.05,0.48,1.31,92.7,1.09,13,0,0.0,Roorkee & Haridwar Hydro-Meteorological Station Dataset
Jwalapur / Arya Nagar,ZONE-HW02,Ward 15,12.3,40.3,116.9,25.9,285.97,0.5,1.51,89.2,1.1,13,0,0.0,Roorkee & Haridwar Hydro-Meteorological Station Dataset
Jwalapur / Arya Nagar,ZONE-HW02,Ward 15,12.3,56.6,101.8,19.5,285.83,0.54,1.49,90.9,1.13,13,0,0.0,Roorkee & Haridwar Hydro-Meteorological Station Dataset
Jwalapur / Arya Nagar,ZONE-HW02,Ward 15,12.6,51.6,99.9,20.1,285.88,0.52,1.6,90.3,1.08,13,0,0.0,Roorkee & Haridwar Hydro-Meteorological Station Dataset
Jwalapur / Arya Nagar,ZONE-HW02,Ward 15,10.0,42.2,93.0,36.2,286.04,0.42,1.3,89.8,1.1,13,0,0.0,Roorkee & Haridwar Hydro-Meteorological Station Dataset
Jwalapur / Arya Nagar,ZONE-HW02,Ward 15,14.7,49.2,89.8,24.3,286.08,0.5,1.4,90.4,1.07,13,0,0.0,Roorkee & Haridwar Hydro-Meteorological Station Dataset
Jwalapur / Arya Nagar,ZONE-HW02,Ward 15,12.1,50.3,102.8,36.4,285.68,0.46,1.47,92.0,1.13,13,0,0.0,Roorkee & Haridwar Hydro-Meteorological Station Dataset
Jwalapur / Arya Nagar,ZONE-HW02,Ward 15,9.9,45.9,91.2,33.1,286.3,0.52,1.46,89.2,1.06,13,0,0.0,Roorkee & Haridwar Hydro-Meteorological Station Dataset
Jwalapur / Arya Nagar,ZONE-HW02,Ward 15,10.4,47.6,84.9,27.5,286.11,0.45,1.27,90.7,1.12,13,0,0.0,Roorkee & Haridwar Hydro-Meteorological Station Dataset
Jwalapur / Arya Nagar,ZONE-HW02,Ward 15,10.8,49.1,97.1,22.1,285.99,0.49,1.49,91.3,1.11,13,0,0.0,Roorkee & Haridwar Hydro-Meteorological Station Dataset
Jwalapur / Arya Nagar,ZONE-HW02,Ward 15,10.6,36.9,84.8,25.5,286.34,0.53,1.5,89.7,1.05,13,0,0.0,Roorkee & Haridwar Hydro-Meteorological Station Dataset
Jwalapur / Arya Nagar,ZONE-HW02,Ward 15,12.5,38.4,81.1,43.9,285.93,0.44,1.47,90.5,1.15,13,0,0.0,Roorkee & Haridwar Hydro-Meteorological Station Dataset
Jwalapur / Arya Nagar,ZONE-HW02,Ward 15,8.9,49.3,119.7,22.9,285.68,0.43,1.48,90.9,1.08,13,0,0.0,Roorkee & Haridwar Hydro-Meteorological Station Dataset
Jwalapur / Arya Nagar,ZONE-HW02,Ward 15,10.5,47.7,94.4,27.3,285.96,0.51,1.53,90.1,1.11,13,0,0.0,Roorkee & Haridwar Hydro-Meteorological Station Dataset
Jwalapur / Arya Nagar,ZONE-HW02,Ward 15,11.0,45.5,103.2,23.5,285.84,0.45,1.45,89.6,1.18,13,0,0.0,Roorkee & Haridwar Hydro-Meteorological Station Dataset
Jwalapur / Arya Nagar,ZONE-HW02,Ward 15,12.6,48.8,89.9,27.5,285.71,0.53,1.54,90.6,1.04,13,0,0.0,Roorkee & Haridwar Hydro-Meteorological Station Dataset
Jwalapur / Arya Nagar,ZONE-HW02,Ward 15,12.4,40.5,109.6,34.0,286.2,0.52,1.52,90.8,1.09,13,0,0.0,Roorkee & Haridwar Hydro-Meteorological Station Dataset
Jwalapur / Arya Nagar,ZONE-HW02,Ward 15,13.0,35.7,93.9,25.1,285.65,0.52,1.66,89.3,1.06,13,0,0.0,Roorkee & Haridwar Hydro-Meteorological Station Dataset
Jwalapur / Arya Nagar,ZONE-HW02,Ward 15,13.8,43.9,106.4,22.9,286.39,0.57,1.46,89.8,1.1,13,0,0.0,Roorkee & Haridwar Hydro-Meteorological Station Dataset
Jwalapur / Arya Nagar,ZONE-HW02,Ward 15,11.3,50.9,104.9,23.7,285.97,0.55,1.55,92.1,1.13,13,0,0.0,Roorkee & Haridwar Hydro-Meteorological Station Dataset
Jwalapur / Arya Nagar,ZONE-HW02,Ward 15,12.9,52.2,93.8,35.5,286.48,0.51,1.42,89.4,1.12,13,0,0.0,Roorkee & Haridwar Hydro-Meteorological Station Dataset
Jwalapur / Arya Nagar,ZONE-HW02,Ward 15,6.7,21.9,55.5,9.7,286.05,0.48,1.65,91.6,1.04,13,0,0.0,Roorkee & Haridwar Hydro-Meteorological Station Dataset
Jwalapur / Arya Nagar,ZONE-HW02,Ward 15,7.0,28.6,58.0,27.0,285.6,0.48,1.58,90.1,1.2,13,0,0.0,Roorkee & Haridwar Hydro-Meteorological Station Dataset
Jwalapur / Arya Nagar,ZONE-HW02,Ward 15,7.1,24.1,53.1,19.4,286.1,0.49,1.49,91.5,1.19,13,0,0.0,Roorkee & Haridwar Hydro-Meteorological Station Dataset
Jwalapur / Arya Nagar,ZONE-HW02,Ward 15,7.2,19.3,53.5,6.0,286.11,0.57,1.43,91.1,1.16,13,0,0.0,Roorkee & Haridwar Hydro-Meteorological Station Dataset
Jwalapur / Arya Nagar,ZONE-HW02,Ward 15,7.8,23.3,59.8,4.9,285.74,0.48,1.57,91.5,1.14,13,0,0.0,Roorkee & Haridwar Hydro-Meteorological Station Dataset
Jwalapur / Arya Nagar,ZONE-HW02,Ward 15,6.0,23.8,64.0,6.6,285.68,0.53,1.44,90.2,1.02,13,0,0.0,Roorkee & Haridwar Hydro-Meteorological Station Dataset
Jwalapur / Arya Nagar,ZONE-HW02,Ward 15,7.2,26.9,62.0,2.9,285.9,0.44,1.56,91.8,1.07,13,0,0.0,Roorkee & Haridwar Hydro-Meteorological Station Dataset
Jwalapur / Arya Nagar,ZONE-HW02,Ward 15,6.0,32.6,63.3,21.1,285.99,0.5,1.5,88.8,1.07,13,0,0.0,Roorkee & Haridwar Hydro-Meteorological Station Dataset
Jwalapur / Arya Nagar,ZONE-HW02,Ward 15,6.2,22.3,49.7,28.5,286.15,0.39,1.49,91.3,1.07,13,0,0.0,Roorkee & Haridwar Hydro-Meteorological Station Dataset
Jwalapur / Arya Nagar,ZONE-HW02,Ward 15,6.6,28.2,56.0,14.5,285.88,0.46,1.5,91.2,1.12,13,0,0.0,Roorkee & Haridwar Hydro-Meteorological Station Dataset
Jwalapur / Arya Nagar,ZONE-HW02,Ward 15,6.3,25.8,50.2,25.4,285.85,0.45,1.47,91.8,1.11,13,0,0.0,Roorkee & Haridwar Hydro-Meteorological Station Dataset
Jwalapur / Arya Nagar,ZONE-HW02,Ward 15,6.3,24.3,51.6,19.2,285.97,0.56,1.34,90.9,1.15,13,0,0.0,Roorkee & Haridwar Hydro-Meteorological Station Dataset
Jwalapur / Arya Nagar,ZONE-HW02,Ward 15,7.0,23.5,54.3,15.6,285.86,0.52,1.66,91.9,1.08,13,0,0.0,Roorkee & Haridwar Hydro-Meteorological Station Dataset
Jwalapur / Arya Nagar,ZONE-HW02,Ward 15,7.9,26.0,51.6,11.4,285.87,0.5,1.72,89.7,1.09,13,0,0.0,Roorkee & Haridwar Hydro-Meteorological Station Dataset
Jwalapur / Arya Nagar,ZONE-HW02,Ward 15,6.3,21.4,47.0,3.1,286.18,0.6,1.61,89.4,1.07,13,0,0.0,Roorkee & Haridwar Hydro-Meteorological Station Dataset
Jwalapur / Arya Nagar,ZONE-HW02,Ward 15,8.1,30.2,62.5,10.3,285.99,0.44,1.45,90.2,1.08,13,0,0.0,Roorkee & Haridwar Hydro-Meteorological Station Dataset
Jwalapur / Arya Nagar,ZONE-HW02,Ward 15,6.6,26.5,58.2,23.4,286.07,0.49,1.48,91.3,1.12,13,0,0.0,Roorkee & Haridwar Hydro-Meteorological Station Dataset
Jwalapur / Arya Nagar,ZONE-HW02,Ward 15,7.5,26.3,50.3,15.8,285.78,0.51,1.44,92.2,1.09,13,0,0.0,Roorkee & Haridwar Hydro-Meteorological Station Dataset
Jwalapur / Arya Nagar,ZONE-HW02,Ward 15,8.0,20.2,46.9,7.6,286.15,0.45,1.41,91.3,1.13,13,0,0.0,Roorkee & Haridwar Hydro-Meteorological Station Dataset
Jwalapur / Arya Nagar,ZONE-HW02,Ward 15,7.4,28.5,61.1,12.1,285.74,0.49,1.28,91.1,1.12,13,0,0.0,Roorkee & Haridwar Hydro-Meteorological Station Dataset
Jwalapur / Arya Nagar,ZONE-HW02,Ward 15,6.3,23.2,61.4,25.6,286.34,0.45,1.45,91.1,1.14,13,0,0.0,Roorkee & Haridwar Hydro-Meteorological Station Dataset
Jwalapur / Arya Nagar,ZONE-HW02,Ward 15,6.8,27.6,53.6,19.6,286.16,0.48,1.62,92.2,1.15,13,0,0.0,Roorkee & Haridwar Hydro-Meteorological Station Dataset
Jwalapur / Arya Nagar,ZONE-HW02,Ward 15,7.6,24.5,54.9,9.6,286.04,0.51,1.43,90.3,1.09,13,0,0.0,Roorkee & Haridwar Hydro-Meteorological Station Dataset
Jwalapur / Arya Nagar,ZONE-HW02,Ward 15,6.9,26.7,51.9,26.3,286.05,0.51,1.36,89.9,1.1,13,0,0.0,Roorkee & Haridwar Hydro-Meteorological Station Dataset
Jwalapur / Arya Nagar,ZONE-HW02,Ward 15,6.9,24.3,54.9,24.4,285.72,0.47,1.48,92.6,1.1,13,0,0.0,Roorkee & Haridwar Hydro-Meteorological Station Dataset
Jwalapur / Arya Nagar,ZONE-HW02,Ward 15,6.9,27.3,52.3,14.3,285.99,0.56,1.41,89.9,1.14,13,0,0.0,Roorkee & Haridwar Hydro-Meteorological Station Dataset
Jwalapur / Arya Nagar,ZONE-HW02,Ward 15,5.8,27.2,58.6,27.5,285.81,0.47,1.6,90.8,1.1,13,0,0.0,Roorkee & Haridwar Hydro-Meteorological Station Dataset
Jwalapur / Arya Nagar,ZONE-HW02,Ward 15,8.2,28.7,48.7,23.1,286.04,0.44,1.49,90.9,1.09,13,0,0.0,Roorkee & Haridwar Hydro-Meteorological Station Dataset
Jwalapur / Arya Nagar,ZONE-HW02,Ward 15,7.1,24.4,51.3,26.8,285.76,0.55,1.44,91.2,1.07,13,0,0.0,Roorkee & Haridwar Hydro-Meteorological Station Dataset
Jwalapur / Arya Nagar,ZONE-HW02,Ward 15,7.6,27.7,54.9,15.8,285.9,0.48,1.31,91.6,1.08,13,0,0.0,Roorkee & Haridwar Hydro-Meteorological Station Dataset
Jwalapur / Arya Nagar,ZONE-HW02,Ward 15,6.8,28.5,65.1,22.9,285.66,0.46,1.41,90.2,1.09,13,0,0.0,Roorkee & Haridwar Hydro-Meteorological Station Dataset
Jwalapur / Arya Nagar,ZONE-HW02,Ward 15,7.1,24.4,50.9,23.5,286.15,0.5,1.52,91.4,1.09,13,0,0.0,Roorkee & Haridwar Hydro-Meteorological Station Dataset
Jwalapur / Arya Nagar,ZONE-HW02,Ward 15,6.5,30.7,45.1,17.8,286.1,0.56,1.41,92.4,1.11,13,0,0.0,Roorkee & Haridwar Hydro-Meteorological Station Dataset
Jwalapur / Arya Nagar,ZONE-HW02,Ward 15,7.1,24.0,53.0,12.1,285.92,0.48,1.5,90.7,1.05,13,0,0.0,Roorkee & Haridwar Hydro-Meteorological Station Dataset
Jwalapur / Arya Nagar,ZONE-HW02,Ward 15,6.4,23.9,52.0,26.6,285.99,0.45,1.56,91.4,1.14,13,0,0.0,Roorkee & Haridwar Hydro-Meteorological Station Dataset
Jwalapur / Arya Nagar,ZONE-HW02,Ward 15,2.9,7.1,17.6,5.9,286.23,0.47,1.46,90.2,1.12,13,0,0.0,Roorkee & Haridwar Hydro-Meteorological Station Dataset
Jwalapur / Arya Nagar,ZONE-HW02,Ward 15,2.6,7.3,17.6,8.9,285.81,0.5,1.36,90.3,1.15,13,0,0.0,Roorkee & Haridwar Hydro-Meteorological Station Dataset
Jwalapur / Arya Nagar,ZONE-HW02,Ward 15,2.1,8.3,18.3,3.9,285.81,0.52,1.36,91.4,1.14,13,0,0.0,Roorkee & Haridwar Hydro-Meteorological Station Dataset
Jwalapur / Arya Nagar,ZONE-HW02,Ward 15,2.7,7.4,15.6,1.8,286.27,0.53,1.68,91.3,1.12,13,0,0.0,Roorkee & Haridwar Hydro-Meteorological Station Dataset
Jwalapur / Arya Nagar,ZONE-HW02,Ward 15,2.6,7.2,21.8,1.5,285.91,0.51,1.42,92.5,1.11,13,0,0.0,Roorkee & Haridwar Hydro-Meteorological Station Dataset
Jwalapur / Arya Nagar,ZONE-HW02,Ward 15,2.2,7.4,18.8,12.3,286.28,0.53,1.54,92.4,1.03,13,0,0.0,Roorkee & Haridwar Hydro-Meteorological Station Dataset
Jwalapur / Arya Nagar,ZONE-HW02,Ward 15,2.3,7.7,18.0,0.0,285.93,0.43,1.47,90.6,1.06,13,0,0.0,Roorkee & Haridwar Hydro-Meteorological Station Dataset
Jwalapur / Arya Nagar,ZONE-HW02,Ward 15,2.6,8.2,18.2,0.0,286.36,0.54,1.48,92.3,1.09,13,0,0.0,Roorkee & Haridwar Hydro-Meteorological Station Dataset
Jwalapur / Arya Nagar,ZONE-HW02,Ward 15,2.2,7.2,18.3,13.4,286.01,0.47,1.35,91.9,1.09,13,0,0.0,Roorkee & Haridwar Hydro-Meteorological Station Dataset
Jwalapur / Arya Nagar,ZONE-HW02,Ward 15,2.8,8.5,20.7,10.8,285.59,0.5,1.45,92.0,1.09,13,0,0.0,Roorkee & Haridwar Hydro-Meteorological Station Dataset
Jwalapur / Arya Nagar,ZONE-HW02,Ward 15,2.5,7.1,15.5,0.0,285.85,0.51,1.58,90.8,1.1,13,0,0.0,Roorkee & Haridwar Hydro-Meteorological Station Dataset
Jwalapur / Arya Nagar,ZONE-HW02,Ward 15,2.6,8.1,18.3,0.0,285.81,0.48,1.5,89.6,1.12,13,0,0.0,Roorkee & Haridwar Hydro-Meteorological Station Dataset
Jwalapur / Arya Nagar,ZONE-HW02,Ward 15,2.5,7.1,17.0,4.8,285.88,0.52,1.43,89.7,1.09,13,0,0.0,Roorkee & Haridwar Hydro-Meteorological Station Dataset
Jwalapur / Arya Nagar,ZONE-HW02,Ward 15,2.7,8.2,20.2,15.7,286.16,0.47,1.49,90.4,1.09,13,0,0.0,Roorkee & Haridwar Hydro-Meteorological Station Dataset
Jwalapur / Arya Nagar,ZONE-HW02,Ward 15,2.8,7.3,16.1,0.0,286.18,0.47,1.3,91.1,1.11,13,0,0.0,Roorkee & Haridwar Hydro-Meteorological Station Dataset
Jwalapur / Arya Nagar,ZONE-HW02,Ward 15,2.6,8.0,15.7,6.2,285.79,0.55,1.53,90.4,1.12,13,0,0.0,Roorkee & Haridwar Hydro-Meteorological Station Dataset
Jwalapur / Arya Nagar,ZONE-HW02,Ward 15,2.4,7.2,15.9,0.0,285.73,0.46,1.43,92.2,1.11,13,0,0.0,Roorkee & Haridwar Hydro-Meteorological Station Dataset
Jwalapur / Arya Nagar,ZONE-HW02,Ward 15,2.0,7.7,18.1,0.0,286.16,0.56,1.67,89.8,1.04,13,0,0.0,Roorkee & Haridwar Hydro-Meteorological Station Dataset
Jwalapur / Arya Nagar,ZONE-HW02,Ward 15,3.0,7.8,17.4,16.4,285.72,0.53,1.44,91.0,1.06,13,0,0.0,Roorkee & Haridwar Hydro-Meteorological Station Dataset
Jwalapur / Arya Nagar,ZONE-HW02,Ward 15,1.9,8.5,18.9,0.0,285.81,0.55,1.53,91.1,1.09,13,0,0.0,Roorkee & Haridwar Hydro-Meteorological Station Dataset
Jwalapur / Arya Nagar,ZONE-HW02,Ward 15,2.4,7.5,15.0,8.4,286.03,0.54,1.57,90.4,1.08,13,0,0.0,Roorkee & Haridwar Hydro-Meteorological Station Dataset
Jwalapur / Arya Nagar,ZONE-HW02,Ward 15,2.5,7.9,17.9,12.0,286.13,0.51,1.47,89.8,1.1,13,0,0.0,Roorkee & Haridwar Hydro-Meteorological Station Dataset
Jwalapur / Arya Nagar,ZONE-HW02,Ward 15,2.2,8.3,17.6,8.0,286.14,0.57,1.6,91.8,1.11,13,0,0.0,Roorkee & Haridwar Hydro-Meteorological Station Dataset
Jwalapur / Arya Nagar,ZONE-HW02,Ward 15,2.4,8.6,15.5,23.8,285.86,0.52,1.62,90.7,1.09,13,0,0.0,Roorkee & Haridwar Hydro-Meteorological Station Dataset
Jwalapur / Arya Nagar,ZONE-HW02,Ward 15,2.5,7.6,17.0,0.0,285.96,0.5,1.48,90.5,1.05,13,0,0.0,Roorkee & Haridwar Hydro-Meteorological Station Dataset
Jwalapur / Arya Nagar,ZONE-HW02,Ward 15,2.7,8.5,18.4,10.3,286.13,0.47,1.38,90.4,1.13,13,0,0.0,Roorkee & Haridwar Hydro-Meteorological Station Dataset
Jwalapur / Arya Nagar,ZONE-HW02,Ward 15,2.2,7.1,15.6,2.2,285.92,0.53,1.59,92.0,1.11,13,0,0.0,Roorkee & Haridwar Hydro-Meteorological Station Dataset
Jwalapur / Arya Nagar,ZONE-HW02,Ward 15,2.2,7.7,17.7,2.3,285.78,0.4,1.37,92.3,1.17,13,0,0.0,Roorkee & Haridwar Hydro-Meteorological Station Dataset
Jwalapur / Arya Nagar,ZONE-HW02,Ward 15,2.0,7.8,18.5,17.0,286.06,0.52,1.53,91.6,1.09,13,0,0.0,Roorkee & Haridwar Hydro-Meteorological Station Dataset
Jwalapur / Arya Nagar,ZONE-HW02,Ward 15,2.7,7.0,18.2,0.3,285.9,0.47,1.38,89.8,1.11,13,0,0.0,Roorkee & Haridwar Hydro-Meteorological Station Dataset
Jwalapur / Arya Nagar,ZONE-HW02,Ward 15,2.5,7.4,21.7,9.5,286.16,0.46,1.62,92.4,1.05,13,0,0.0,Roorkee & Haridwar Hydro-Meteorological Station Dataset
Jwalapur / Arya Nagar,ZONE-HW02,Ward 15,2.3,7.7,19.6,9.0,285.89,0.46,1.51,91.9,1.08,13,0,0.0,Roorkee & Haridwar Hydro-Meteorological Station Dataset
Jwalapur / Arya Nagar,ZONE-HW02,Ward 15,3.1,7.3,17.5,14.9,286.03,0.48,1.4,91.3,1.15,13,0,0.0,Roorkee & Haridwar Hydro-Meteorological Station Dataset
Jwalapur / Arya Nagar,ZONE-HW02,Ward 15,2.7,9.6,22.3,5.7,285.87,0.53,1.62,91.1,1.13,13,0,0.0,Roorkee & Haridwar Hydro-Meteorological Station Dataset
Jwalapur / Arya Nagar,ZONE-HW02,Ward 15,2.3,7.0,16.2,0.0,286.31,0.54,1.47,91.3,1.06,13,0,0.0,Roorkee & Haridwar Hydro-Meteorological Station Dataset
Jwalapur / Arya Nagar,ZONE-HW02,Ward 15,0.0,0.0,0.0,0.0,285.79,0.51,1.46,91.9,1.15,13,0,0.0,Roorkee & Haridwar Hydro-Meteorological Station Dataset
Jwalapur / Arya Nagar,ZONE-HW02,Ward 15,0.0,0.0,0.0,6.6,286.04,0.52,1.63,91.5,1.11,13,0,0.0,Roorkee & Haridwar Hydro-Meteorological Station Dataset
Jwalapur / Arya Nagar,ZONE-HW02,Ward 15,0.0,0.0,0.0,0.0,286.17,0.4,1.47,90.8,1.11,13,0,0.0,Roorkee & Haridwar Hydro-Meteorological Station Dataset
Jwalapur / Arya Nagar,ZONE-HW02,Ward 15,0.0,0.0,0.0,0.0,285.92,0.51,1.72,90.9,1.13,13,0,0.0,Roorkee & Haridwar Hydro-Meteorological Station Dataset
Jwalapur / Arya Nagar,ZONE-HW02,Ward 15,0.0,0.0,0.0,0.0,285.86,0.51,1.5,92.4,1.1,13,0,0.0,Roorkee & Haridwar Hydro-Meteorological Station Dataset
Jwalapur / Arya Nagar,ZONE-HW02,Ward 15,0.0,0.0,0.0,0.0,285.69,0.5,1.38,90.3,1.02,13,0,0.0,Roorkee & Haridwar Hydro-Meteorological Station Dataset
Jwalapur / Arya Nagar,ZONE-HW02,Ward 15,0.0,0.0,0.0,0.0,286.22,0.59,1.6,91.6,1.13,13,0,0.0,Roorkee & Haridwar Hydro-Meteorological Station Dataset
Jwalapur / Arya Nagar,ZONE-HW02,Ward 15,0.0,0.0,0.0,10.3,285.9,0.52,1.52,91.1,1.15,13,0,0.0,Roorkee & Haridwar Hydro-Meteorological Station Dataset
Jwalapur / Arya Nagar,ZONE-HW02,Ward 15,0.0,0.0,0.0,0.0,285.98,0.51,1.54,92.0,1.11,13,0,0.0,Roorkee & Haridwar Hydro-Meteorological Station Dataset
Jwalapur / Arya Nagar,ZONE-HW02,Ward 15,0.0,0.0,0.0,0.1,285.81,0.49,1.47,90.3,1.08,13,0,0.0,Roorkee & Haridwar Hydro-Meteorological Station Dataset
Jwalapur / Arya Nagar,ZONE-HW02,Ward 15,0.0,0.0,0.0,0.0,286.31,0.51,1.4,91.5,1.13,13,0,0.0,Roorkee & Haridwar Hydro-Meteorological Station Dataset
Jwalapur / Arya Nagar,ZONE-HW02,Ward 15,0.0,0.0,0.0,0.0,286.04,0.54,1.42,92.5,1.11,13,0,0.0,Roorkee & Haridwar Hydro-Meteorological Station Dataset
Jwalapur / Arya Nagar,ZONE-HW02,Ward 15,0.0,0.0,0.0,2.5,285.99,0.43,1.48,92.4,1.03,13,0,0.0,Roorkee & Haridwar Hydro-Meteorological Station Dataset
Jwalapur / Arya Nagar,ZONE-HW02,Ward 15,0.0,0.0,0.0,0.0,285.91,0.44,1.46,89.9,1.09,13,0,0.0,Roorkee & Haridwar Hydro-Meteorological Station Dataset
Jwalapur / Arya Nagar,ZONE-HW02,Ward 15,0.0,0.0,0.0,0.0,285.83,0.52,1.52,90.2,1.12,13,0,0.0,Roorkee & Haridwar Hydro-Meteorological Station Dataset
Jwalapur / Arya Nagar,ZONE-HW02,Ward 15,0.0,0.0,0.0,11.5,286.37,0.48,1.4,91.8,1.05,13,0,0.0,Roorkee & Haridwar Hydro-Meteorological Station Dataset
Jwalapur / Arya Nagar,ZONE-HW02,Ward 15,0.0,0.0,0.0,0.0,285.95,0.49,1.42,89.6,1.12,13,0,0.0,Roorkee & Haridwar Hydro-Meteorological Station Dataset
Jwalapur / Arya Nagar,ZONE-HW02,Ward 15,0.0,0.0,0.0,1.9,285.6,0.5,1.38,90.8,1.07,13,0,0.0,Roorkee & Haridwar Hydro-Meteorological Station Dataset
Jwalapur / Arya Nagar,ZONE-HW02,Ward 15,0.0,0.0,0.0,12.6,285.96,0.59,1.49,89.3,1.04,13,0,0.0,Roorkee & Haridwar Hydro-Meteorological Station Dataset
Jwalapur / Arya Nagar,ZONE-HW02,Ward 15,0.0,0.0,0.0,5.1,285.88,0.48,1.34,91.4,1.1,13,0,0.0,Roorkee & Haridwar Hydro-Meteorological Station Dataset
Jwalapur / Arya Nagar,ZONE-HW02,Ward 15,0.0,0.0,0.0,7.6,285.58,0.45,1.5,91.3,1.05,13,0,0.0,Roorkee & Haridwar Hydro-Meteorological Station Dataset
Jwalapur / Arya Nagar,ZONE-HW02,Ward 15,0.0,0.0,0.0,0.0,286.62,0.44,1.42,90.3,1.15,13,0,0.0,Roorkee & Haridwar Hydro-Meteorological Station Dataset
Jwalapur / Arya Nagar,ZONE-HW02,Ward 15,0.0,0.0,0.0,4.1,285.6,0.48,1.41,90.0,1.1,13,0,0.0,Roorkee & Haridwar Hydro-Meteorological Station Dataset
Jwalapur / Arya Nagar,ZONE-HW02,Ward 15,0.0,0.0,0.0,0.3,286.04,0.46,1.31,91.4,1.09,13,0,0.0,Roorkee & Haridwar Hydro-Meteorological Station Dataset
Jwalapur / Arya Nagar,ZONE-HW02,Ward 15,0.0,0.0,0.0,0.0,286.12,0.59,1.47,91.3,1.06,13,0,0.0,Roorkee & Haridwar Hydro-Meteorological Station Dataset
Jwalapur / Arya Nagar,ZONE-HW02,Ward 15,0.0,0.0,0.0,0.0,286.18,0.49,1.57,90.6,1.13,13,0,0.0,Roorkee & Haridwar Hydro-Meteorological Station Dataset
Jwalapur / Arya Nagar,ZONE-HW02,Ward 15,0.0,0.0,0.0,10.1,286.27,0.53,1.49,91.3,1.15,13,0,0.0,Roorkee & Haridwar Hydro-Meteorological Station Dataset
Jwalapur / Arya Nagar,ZONE-HW02,Ward 15,0.0,0.0,0.0,1.4,286.04,0.47,1.54,91.2,1.08,13,0,0.0,Roorkee & Haridwar Hydro-Meteorological Station Dataset
Jwalapur / Arya Nagar,ZONE-HW02,Ward 15,0.0,0.0,0.0,0.0,286.09,0.46,1.7,90.8,1.1,13,0,0.0,Roorkee & Haridwar Hydro-Meteorological Station Dataset
Jwalapur / Arya Nagar,ZONE-HW02,Ward 15,0.0,0.0,0.0,2.3,286.19,0.52,1.5,91.0,1.11,13,0,0.0,Roorkee & Haridwar Hydro-Meteorological Station Dataset
Jwalapur / Arya Nagar,ZONE-HW02,Ward 15,0.0,0.0,0.0,0.0,285.67,0.51,1.5,91.0,1.17,13,0,0.0,Roorkee & Haridwar Hydro-Meteorological Station Dataset
Jwalapur / Arya Nagar,ZONE-HW02,Ward 15,0.0,0.0,0.0,6.4,286.07,0.48,1.46,90.8,1.09,13,0,0.0,Roorkee & Haridwar Hydro-Meteorological Station Dataset
Jwalapur / Arya Nagar,ZONE-HW02,Ward 15,0.0,0.0,0.0,8.0,286.1,0.44,1.63,90.7,1.19,13,0,0.0,Roorkee & Haridwar Hydro-Meteorological Station Dataset
Jwalapur / Arya Nagar,ZONE-HW02,Ward 15,0.0,0.0,0.0,5.2,285.86,0.5,1.52,91.9,1.05,13,0,0.0,Roorkee & Haridwar Hydro-Meteorological Station Dataset
Jwalapur / Arya Nagar,ZONE-HW02,Ward 15,0.0,0.0,0.0,2.4,286.23,0.54,1.4,89.6,1.14,13,0,0.0,Roorkee & Haridwar Hydro-Meteorological Station Dataset
BHEL Ranipur Township,ZONE-HW03,Ward 22,39.9,152.1,300.5,182.9,284.8,0.68,3.05,70.3,2.17,7,1,65.6,Roorkee & Haridwar Hydro-Meteorological Station Dataset
BHEL Ranipur Township,ZONE-HW03,Ward 22,41.0,159.9,386.7,184.4,285.06,0.66,2.9,69.9,2.26,7,1,64.6,Roorkee & Haridwar Hydro-Meteorological Station Dataset
BHEL Ranipur Township,ZONE-HW03,Ward 22,44.6,155.9,430.4,193.0,284.97,0.72,2.97,70.2,2.19,7,1,69.4,Roorkee & Haridwar Hydro-Meteorological Station Dataset
BHEL Ranipur Township,ZONE-HW03,Ward 22,46.2,159.5,362.3,186.0,284.63,0.71,2.88,71.4,2.23,7,1,68.9,Roorkee & Haridwar Hydro-Meteorological Station Dataset
BHEL Ranipur Township,ZONE-HW03,Ward 22,47.4,166.3,413.2,195.7,285.16,0.73,2.97,71.0,2.14,7,1,67.4,Roorkee & Haridwar Hydro-Meteorological Station Dataset
BHEL Ranipur Township,ZONE-HW03,Ward 22,35.5,152.6,345.9,186.5,284.68,0.69,2.96,69.5,2.18,7,1,67.7,Roorkee & Haridwar Hydro-Meteorological Station Dataset
BHEL Ranipur Township,ZONE-HW03,Ward 22,45.9,167.3,392.9,206.1,285.01,0.74,3.15,70.1,2.24,7,1,67.0,Roorkee & Haridwar Hydro-Meteorological Station Dataset
BHEL Ranipur Township,ZONE-HW03,Ward 22,44.5,155.1,354.1,182.2,285.1,0.75,3.03,71.1,2.16,7,1,68.5,Roorkee & Haridwar Hydro-Meteorological Station Dataset
BHEL Ranipur Township,ZONE-HW03,Ward 22,32.1,166.6,378.1,192.7,284.72,0.73,2.9,68.7,2.19,7,1,65.3,Roorkee & Haridwar Hydro-Meteorological Station Dataset
BHEL Ranipur Township,ZONE-HW03,Ward 22,43.4,154.5,455.2,185.6,285.11,0.73,2.98,70.7,2.25,7,1,64.6,Roorkee & Haridwar Hydro-Meteorological Station Dataset
BHEL Ranipur Township,ZONE-HW03,Ward 22,35.1,161.7,327.3,182.6,285.05,0.74,3.03,71.3,2.2,7,1,69.0,Roorkee & Haridwar Hydro-Meteorological Station Dataset
BHEL Ranipur Township,ZONE-HW03,Ward 22,47.5,148.3,376.4,202.1,284.9,0.68,3.0,69.9,2.17,7,1,65.0,Roorkee & Haridwar Hydro-Meteorological Station Dataset
BHEL Ranipur Township,ZONE-HW03,Ward 22,37.2,178.8,331.8,194.1,284.94,0.78,3.04,68.8,2.2,7,1,68.1,Roorkee & Haridwar Hydro-Meteorological Station Dataset
BHEL Ranipur Township,ZONE-HW03,Ward 22,38.8,156.3,354.9,198.6,285.1,0.74,3.02,70.6,2.21,7,1,65.1,Roorkee & Haridwar Hydro-Meteorological Station Dataset
BHEL Ranipur Township,ZONE-HW03,Ward 22,41.1,171.9,382.3,189.8,285.11,0.74,2.85,69.1,2.25,7,1,64.9,Roorkee & Haridwar Hydro-Meteorological Station Dataset
BHEL Ranipur Township,ZONE-HW03,Ward 22,40.9,165.0,311.1,196.0,285.19,0.66,3.03,68.4,2.15,7,1,66.5,Roorkee & Haridwar Hydro-Meteorological Station Dataset
BHEL Ranipur Township,ZONE-HW03,Ward 22,49.9,174.7,384.4,187.2,285.28,0.72,3.03,70.4,2.26,7,1,68.5,Roorkee & Haridwar Hydro-Meteorological Station Dataset
BHEL Ranipur Township,ZONE-HW03,Ward 22,44.0,185.6,357.3,188.8,285.3,0.71,2.99,71.0,2.14,7,1,65.0,Roorkee & Haridwar Hydro-Meteorological Station Dataset
BHEL Ranipur Township,ZONE-HW03,Ward 22,40.5,157.9,369.5,197.0,285.0,0.76,2.96,69.7,2.26,7,1,69.6,Roorkee & Haridwar Hydro-Meteorological Station Dataset
BHEL Ranipur Township,ZONE-HW03,Ward 22,51.3,193.8,313.7,193.0,285.09,0.72,2.95,68.9,2.28,7,1,69.4,Roorkee & Haridwar Hydro-Meteorological Station Dataset
BHEL Ranipur Township,ZONE-HW03,Ward 22,48.3,158.1,445.5,188.1,285.1,0.67,3.12,69.5,2.21,7,1,66.2,Roorkee & Haridwar Hydro-Meteorological Station Dataset
BHEL Ranipur Township,ZONE-HW03,Ward 22,41.1,180.6,379.6,204.7,285.42,0.76,2.88,69.4,2.14,7,1,64.2,Roorkee & Haridwar Hydro-Meteorological Station Dataset
BHEL Ranipur Township,ZONE-HW03,Ward 22,40.2,139.4,367.2,173.8,285.02,0.65,2.91,69.6,2.23,7,1,64.6,Roorkee & Haridwar Hydro-Meteorological Station Dataset
BHEL Ranipur Township,ZONE-HW03,Ward 22,46.5,177.5,342.2,183.2,284.92,0.7,3.02,69.4,2.24,7,1,69.0,Roorkee & Haridwar Hydro-Meteorological Station Dataset
BHEL Ranipur Township,ZONE-HW03,Ward 22,42.5,158.9,399.9,186.1,284.88,0.68,2.88,68.5,2.2,7,1,67.5,Roorkee & Haridwar Hydro-Meteorological Station Dataset
BHEL Ranipur Township,ZONE-HW03,Ward 22,42.7,183.7,453.3,193.0,284.93,0.74,3.17,70.6,2.27,7,1,67.8,Roorkee & Haridwar Hydro-Meteorological Station Dataset
BHEL Ranipur Township,ZONE-HW03,Ward 22,46.2,185.2,325.2,189.8,284.87,0.78,2.92,69.5,2.14,7,1,67.1,Roorkee & Haridwar Hydro-Meteorological Station Dataset
BHEL Ranipur Township,ZONE-HW03,Ward 22,43.3,164.1,432.9,172.0,284.83,0.7,3.03,70.6,2.22,7,1,68.3,Roorkee & Haridwar Hydro-Meteorological Station Dataset
BHEL Ranipur Township,ZONE-HW03,Ward 22,40.3,134.9,329.2,199.6,285.23,0.82,3.02,69.6,2.23,7,1,69.8,Roorkee & Haridwar Hydro-Meteorological Station Dataset
BHEL Ranipur Township,ZONE-HW03,Ward 22,39.0,191.9,361.0,184.2,285.12,0.75,3.16,69.2,2.26,7,1,66.7,Roorkee & Haridwar Hydro-Meteorological Station Dataset
BHEL Ranipur Township,ZONE-HW03,Ward 22,46.3,148.3,365.6,186.3,285.1,0.65,2.9,70.8,2.21,7,1,68.2,Roorkee & Haridwar Hydro-Meteorological Station Dataset
BHEL Ranipur Township,ZONE-HW03,Ward 22,41.9,168.7,349.5,200.6,285.31,0.71,2.84,70.6,2.23,7,1,68.0,Roorkee & Haridwar Hydro-Meteorological Station Dataset
BHEL Ranipur Township,ZONE-HW03,Ward 22,38.2,173.5,342.4,194.4,284.81,0.76,2.92,69.9,2.14,7,1,67.0,Roorkee & Haridwar Hydro-Meteorological Station Dataset
BHEL Ranipur Township,ZONE-HW03,Ward 22,44.3,169.2,350.6,195.6,284.87,0.65,2.98,70.8,2.21,7,1,69.5,Roorkee & Haridwar Hydro-Meteorological Station Dataset
BHEL Ranipur Township,ZONE-HW03,Ward 22,49.9,183.3,390.2,188.5,285.31,0.67,2.76,69.7,2.13,7,1,64.6,Roorkee & Haridwar Hydro-Meteorological Station Dataset
BHEL Ranipur Township,ZONE-HW03,Ward 22,57.5,226.0,424.0,238.5,285.06,0.73,3.01,70.3,2.19,7,1,68.8,Roorkee & Haridwar Hydro-Meteorological Station Dataset
BHEL Ranipur Township,ZONE-HW03,Ward 22,63.6,222.6,404.7,247.8,284.65,0.69,3.03,71.1,2.27,7,1,68.5,Roorkee & Haridwar Hydro-Meteorological Station Dataset
BHEL Ranipur Township,ZONE-HW03,Ward 22,40.8,242.3,560.9,250.0,285.16,0.8,2.98,68.1,2.24,7,1,66.8,Roorkee & Haridwar Hydro-Meteorological Station Dataset
BHEL Ranipur Township,ZONE-HW03,Ward 22,40.6,259.3,505.2,246.9,285.37,0.64,3.15,71.8,2.15,7,1,66.3,Roorkee & Haridwar Hydro-Meteorological Station Dataset
BHEL Ranipur Township,ZONE-HW03,Ward 22,59.3,217.7,459.5,252.5,285.2,0.71,2.92,70.6,2.21,7,1,66.6,Roorkee & Haridwar Hydro-Meteorological Station Dataset
BHEL Ranipur Township,ZONE-HW03,Ward 22,54.6,249.5,506.2,254.3,284.72,0.67,2.91,70.0,2.23,7,1,65.4,Roorkee & Haridwar Hydro-Meteorological Station Dataset
BHEL Ranipur Township,ZONE-HW03,Ward 22,46.1,219.1,377.7,253.7,284.83,0.71,2.92,70.0,2.19,7,1,64.2,Roorkee & Haridwar Hydro-Meteorological Station Dataset
BHEL Ranipur Township,ZONE-HW03,Ward 22,52.4,215.0,522.0,244.6,284.98,0.72,2.9,68.5,2.2,7,1,67.6,Roorkee & Haridwar Hydro-Meteorological Station Dataset
BHEL Ranipur Township,ZONE-HW03,Ward 22,65.0,184.5,500.3,241.3,284.82,0.72,3.16,69.6,2.16,7,1,66.8,Roorkee & Haridwar Hydro-Meteorological Station Dataset
BHEL Ranipur Township,ZONE-HW03,Ward 22,54.4,208.1,436.5,263.1,284.8,0.68,3.03,72.7,2.23,7,1,68.5,Roorkee & Haridwar Hydro-Meteorological Station Dataset
BHEL Ranipur Township,ZONE-HW03,Ward 22,65.3,206.6,509.8,254.8,285.21,0.7,2.97,71.2,2.2,7,1,64.6,Roorkee & Haridwar Hydro-Meteorological Station Dataset
BHEL Ranipur Township,ZONE-HW03,Ward 22,55.0,210.2,516.8,242.1,284.82,0.69,2.86,70.7,2.21,7,1,65.7,Roorkee & Haridwar Hydro-Meteorological Station Dataset
BHEL Ranipur Township,ZONE-HW03,Ward 22,67.4,235.0,518.7,242.3,284.85,0.7,3.17,69.7,2.2,7,1,66.7,Roorkee & Haridwar Hydro-Meteorological Station Dataset
BHEL Ranipur Township,ZONE-HW03,Ward 22,48.5,173.4,547.1,241.2,284.95,0.76,2.98,72.0,2.17,7,1,68.7,Roorkee & Haridwar Hydro-Meteorological Station Dataset
BHEL Ranipur Township,ZONE-HW03,Ward 22,51.8,205.7,473.4,246.0,285.04,0.64,3.23,71.5,2.21,7,1,68.1,Roorkee & Haridwar Hydro-Meteorological Station Dataset
BHEL Ranipur Township,ZONE-HW03,Ward 22,60.1,208.2,436.3,239.8,284.9,0.66,2.94,71.7,2.2,7,1,66.0,Roorkee & Haridwar Hydro-Meteorological Station Dataset
BHEL Ranipur Township,ZONE-HW03,Ward 22,53.3,209.7,447.3,223.7,285.09,0.7,3.07,69.1,2.15,7,1,69.2,Roorkee & Haridwar Hydro-Meteorological Station Dataset
BHEL Ranipur Township,ZONE-HW03,Ward 22,49.4,198.5,607.1,252.0,285.04,0.7,3.14,69.9,2.25,7,1,65.6,Roorkee & Haridwar Hydro-Meteorological Station Dataset
BHEL Ranipur Township,ZONE-HW03,Ward 22,50.1,211.2,518.3,251.9,284.93,0.73,3.02,71.0,2.22,7,1,68.0,Roorkee & Haridwar Hydro-Meteorological Station Dataset
BHEL Ranipur Township,ZONE-HW03,Ward 22,57.8,205.8,514.7,251.3,284.62,0.71,2.99,70.7,2.21,7,1,68.9,Roorkee & Haridwar Hydro-Meteorological Station Dataset
BHEL Ranipur Township,ZONE-HW03,Ward 22,52.3,217.7,479.3,232.9,285.26,0.72,3.1,68.6,2.17,7,1,64.3,Roorkee & Haridwar Hydro-Meteorological Station Dataset
BHEL Ranipur Township,ZONE-HW03,Ward 22,50.9,186.8,433.4,241.1,285.24,0.68,3.02,69.4,2.27,7,1,68.2,Roorkee & Haridwar Hydro-Meteorological Station Dataset
BHEL Ranipur Township,ZONE-HW03,Ward 22,50.7,219.8,424.7,241.7,285.23,0.65,3.06,68.9,2.24,7,1,68.1,Roorkee & Haridwar Hydro-Meteorological Station Dataset
BHEL Ranipur Township,ZONE-HW03,Ward 22,49.9,201.1,480.1,240.5,284.91,0.64,3.19,68.9,2.28,7,1,67.8,Roorkee & Haridwar Hydro-Meteorological Station Dataset
BHEL Ranipur Township,ZONE-HW03,Ward 22,61.1,169.9,445.5,234.8,284.88,0.68,3.0,69.9,2.18,7,1,68.8,Roorkee & Haridwar Hydro-Meteorological Station Dataset
BHEL Ranipur Township,ZONE-HW03,Ward 22,60.4,212.9,400.3,235.9,284.78,0.64,3.11,69.7,2.24,7,1,69.0,Roorkee & Haridwar Hydro-Meteorological Station Dataset
BHEL Ranipur Township,ZONE-HW03,Ward 22,60.4,229.3,478.7,239.2,284.71,0.72,3.11,69.0,2.23,7,1,69.2,Roorkee & Haridwar Hydro-Meteorological Station Dataset
BHEL Ranipur Township,ZONE-HW03,Ward 22,57.9,213.5,441.4,243.3,285.18,0.66,2.95,69.8,2.2,7,1,67.7,Roorkee & Haridwar Hydro-Meteorological Station Dataset
BHEL Ranipur Township,ZONE-HW03,Ward 22,46.5,172.0,525.1,242.6,284.91,0.67,2.85,70.4,2.17,7,1,66.3,Roorkee & Haridwar Hydro-Meteorological Station Dataset
BHEL Ranipur Township,ZONE-HW03,Ward 22,62.5,182.1,586.4,227.0,284.64,0.69,2.92,70.6,2.26,7,1,66.4,Roorkee & Haridwar Hydro-Meteorological Station Dataset
BHEL Ranipur Township,ZONE-HW03,Ward 22,51.3,189.1,486.9,250.7,284.8,0.71,3.01,70.4,2.22,7,1,68.3,Roorkee & Haridwar Hydro-Meteorological Station Dataset
BHEL Ranipur Township,ZONE-HW03,Ward 22,59.5,213.9,559.7,237.2,284.86,0.76,2.89,68.6,2.22,7,1,64.0,Roorkee & Haridwar Hydro-Meteorological Station Dataset
BHEL Ranipur Township,ZONE-HW03,Ward 22,55.7,214.7,392.8,230.4,285.14,0.73,3.13,70.2,2.24,7,1,64.7,Roorkee & Haridwar Hydro-Meteorological Station Dataset
BHEL Ranipur Township,ZONE-HW03,Ward 22,47.8,190.8,537.2,226.9,284.74,0.69,3.05,68.5,2.22,7,1,67.5,Roorkee & Haridwar Hydro-Meteorological Station Dataset
BHEL Ranipur Township,ZONE-HW03,Ward 22,53.0,223.4,450.8,239.7,285.05,0.67,2.88,70.0,2.18,7,1,66.6,Roorkee & Haridwar Hydro-Meteorological Station Dataset
BHEL Ranipur Township,ZONE-HW03,Ward 22,40.7,126.1,294.5,108.8,284.88,0.7,2.99,67.9,2.27,7,1,65.0,Roorkee & Haridwar Hydro-Meteorological Station Dataset
BHEL Ranipur Township,ZONE-HW03,Ward 22,36.2,132.9,270.5,118.4,284.99,0.78,2.94,71.6,2.15,7,1,63.4,Roorkee & Haridwar Hydro-Meteorological Station Dataset
BHEL Ranipur Township,ZONE-HW03,Ward 22,37.2,127.8,265.3,115.0,284.62,0.71,3.05,70.0,2.2,7,1,62.3,Roorkee & Haridwar Hydro-Meteorological Station Dataset
BHEL Ranipur Township,ZONE-HW03,Ward 22,35.0,129.8,316.8,113.5,284.98,0.63,3.04,70.8,2.26,7,1,64.3,Roorkee & Haridwar Hydro-Meteorological Station Dataset
BHEL Ranipur Township,ZONE-HW03,Ward 22,36.0,131.8,261.6,102.7,285.13,0.69,2.95,70.0,2.15,7,1,60.8,Roorkee & Haridwar Hydro-Meteorological Station Dataset
BHEL Ranipur Township,ZONE-HW03,Ward 22,32.9,155.7,281.2,106.0,284.82,0.64,2.98,69.2,2.18,7,1,63.4,Roorkee & Haridwar Hydro-Meteorological Station Dataset
BHEL Ranipur Township,ZONE-HW03,Ward 22,41.8,111.3,274.1,109.7,285.16,0.67,2.94,71.1,2.22,7,1,64.7,Roorkee & Haridwar Hydro-Meteorological Station Dataset
BHEL Ranipur Township,ZONE-HW03,Ward 22,35.1,127.3,284.0,114.8,285.38,0.76,2.93,68.8,2.23,7,1,67.4,Roorkee & Haridwar Hydro-Meteorological Station Dataset
BHEL Ranipur Township,ZONE-HW03,Ward 22,36.5,121.3,302.6,106.2,285.17,0.71,3.07,69.9,2.2,7,1,64.4,Roorkee & Haridwar Hydro-Meteorological Station Dataset
BHEL Ranipur Township,ZONE-HW03,Ward 22,40.9,117.3,283.7,103.4,285.18,0.66,3.18,69.5,2.13,7,1,65.8,Roorkee & Haridwar Hydro-Meteorological Station Dataset
BHEL Ranipur Township,ZONE-HW03,Ward 22,35.6,107.3,266.8,107.5,285.2,0.69,3.02,69.3,2.22,7,1,60.7,Roorkee & Haridwar Hydro-Meteorological Station Dataset
BHEL Ranipur Township,ZONE-HW03,Ward 22,38.9,108.6,305.7,104.5,285.04,0.68,3.19,68.9,2.22,7,1,62.6,Roorkee & Haridwar Hydro-Meteorological Station Dataset
BHEL Ranipur Township,ZONE-HW03,Ward 22,36.2,123.5,273.3,105.9,285.06,0.75,2.87,69.8,2.14,7,1,65.5,Roorkee & Haridwar Hydro-Meteorological Station Dataset
BHEL Ranipur Township,ZONE-HW03,Ward 22,32.0,147.6,284.4,110.4,285.35,0.64,3.01,69.9,2.14,7,1,65.5,Roorkee & Haridwar Hydro-Meteorological Station Dataset
BHEL Ranipur Township,ZONE-HW03,Ward 22,33.7,145.9,296.7,112.1,285.3,0.77,3.04,72.3,2.17,7,1,66.8,Roorkee & Haridwar Hydro-Meteorological Station Dataset
BHEL Ranipur Township,ZONE-HW03,Ward 22,38.6,149.2,275.9,109.7,284.99,0.71,2.86,69.5,2.23,7,1,63.4,Roorkee & Haridwar Hydro-Meteorological Station Dataset
BHEL Ranipur Township,ZONE-HW03,Ward 22,30.5,118.3,315.5,106.6,284.86,0.7,3.11,70.4,2.14,7,1,63.9,Roorkee & Haridwar Hydro-Meteorological Station Dataset
BHEL Ranipur Township,ZONE-HW03,Ward 22,35.7,154.2,284.5,95.0,285.48,0.76,2.91,68.7,2.15,7,1,64.4,Roorkee & Haridwar Hydro-Meteorological Station Dataset
BHEL Ranipur Township,ZONE-HW03,Ward 22,34.3,125.2,308.9,112.7,285.11,0.66,3.27,69.5,2.26,7,1,63.5,Roorkee & Haridwar Hydro-Meteorological Station Dataset
BHEL Ranipur Township,ZONE-HW03,Ward 22,29.4,129.9,311.6,115.0,285.18,0.73,2.97,71.2,2.19,7,1,68.0,Roorkee & Haridwar Hydro-Meteorological Station Dataset
BHEL Ranipur Township,ZONE-HW03,Ward 22,35.2,149.6,280.9,117.2,284.74,0.72,2.93,71.0,2.19,7,1,62.9,Roorkee & Haridwar Hydro-Meteorological Station Dataset
BHEL Ranipur Township,ZONE-HW03,Ward 22,36.0,137.3,327.8,105.8,285.18,0.73,3.0,69.6,2.2,7,1,68.4,Roorkee & Haridwar Hydro-Meteorological Station Dataset
BHEL Ranipur Township,ZONE-HW03,Ward 22,34.7,157.8,271.6,115.5,284.81,0.69,3.1,72.1,2.18,7,1,62.2,Roorkee & Haridwar Hydro-Meteorological Station Dataset
BHEL Ranipur Township,ZONE-HW03,Ward 22,32.6,117.4,233.2,120.5,285.26,0.75,3.07,68.1,2.16,7,1,51.8,Roorkee & Haridwar Hydro-Meteorological Station Dataset
BHEL Ranipur Township,ZONE-HW03,Ward 22,36.0,129.7,292.4,102.0,284.95,0.67,2.84,70.6,2.18,7,1,63.8,Roorkee & Haridwar Hydro-Meteorological Station Dataset
BHEL Ranipur Township,ZONE-HW03,Ward 22,36.6,137.0,256.7,103.3,285.15,0.68,2.94,70.6,2.2,7,1,58.7,Roorkee & Haridwar Hydro-Meteorological Station Dataset
BHEL Ranipur Township,ZONE-HW03,Ward 22,32.4,126.0,255.9,100.4,285.11,0.74,3.19,71.6,2.21,7,1,60.3,Roorkee & Haridwar Hydro-Meteorological Station Dataset
BHEL Ranipur Township,ZONE-HW03,Ward 22,34.8,131.1,266.3,103.3,285.4,0.72,3.04,71.3,2.18,7,1,61.4,Roorkee & Haridwar Hydro-Meteorological Station Dataset
BHEL Ranipur Township,ZONE-HW03,Ward 22,32.8,145.5,264.3,119.5,284.93,0.66,3.01,69.5,2.17,7,1,66.6,Roorkee & Haridwar Hydro-Meteorological Station Dataset
BHEL Ranipur Township,ZONE-HW03,Ward 22,36.5,139.3,312.6,115.9,284.91,0.63,3.03,68.5,2.21,7,1,65.4,Roorkee & Haridwar Hydro-Meteorological Station Dataset
BHEL Ranipur Township,ZONE-HW03,Ward 22,35.1,129.2,233.9,103.8,284.91,0.7,3.05,69.5,2.17,7,1,54.1,Roorkee & Haridwar Hydro-Meteorological Station Dataset
BHEL Ranipur Township,ZONE-HW03,Ward 22,33.5,139.0,258.7,113.4,284.85,0.66,3.1,68.3,2.21,7,1,60.8,Roorkee & Haridwar Hydro-Meteorological Station Dataset
BHEL Ranipur Township,ZONE-HW03,Ward 22,34.9,122.0,280.6,122.4,284.8,0.71,3.1,68.5,2.24,7,1,64.5,Roorkee & Haridwar Hydro-Meteorological Station Dataset
BHEL Ranipur Township,ZONE-HW03,Ward 22,36.1,137.6,270.4,119.1,285.16,0.71,2.98,68.8,2.23,7,1,65.3,Roorkee & Haridwar Hydro-Meteorological Station Dataset
BHEL Ranipur Township,ZONE-HW03,Ward 22,35.6,141.6,304.4,116.3,284.65,0.68,2.96,71.0,2.22,7,1,63.5,Roorkee & Haridwar Hydro-Meteorological Station Dataset
BHEL Ranipur Township,ZONE-HW03,Ward 22,24.4,96.7,222.0,78.1,284.99,0.63,2.86,70.8,2.25,7,1,32.7,Roorkee & Haridwar Hydro-Meteorological Station Dataset
BHEL Ranipur Township,ZONE-HW03,Ward 22,24.0,75.8,171.1,76.5,285.11,0.68,2.83,69.3,2.21,7,0,0.0,Roorkee & Haridwar Hydro-Meteorological Station Dataset
BHEL Ranipur Township,ZONE-HW03,Ward 22,20.8,90.8,196.0,70.2,285.44,0.7,2.83,71.6,2.25,7,0,0.0,Roorkee & Haridwar Hydro-Meteorological Station Dataset
BHEL Ranipur Township,ZONE-HW03,Ward 22,22.2,86.5,177.8,75.7,284.67,0.72,2.89,71.6,2.23,7,0,0.0,Roorkee & Haridwar Hydro-Meteorological Station Dataset
BHEL Ranipur Township,ZONE-HW03,Ward 22,24.1,89.9,195.0,84.7,284.66,0.71,2.91,70.3,2.18,7,0,0.0,Roorkee & Haridwar Hydro-Meteorological Station Dataset
BHEL Ranipur Township,ZONE-HW03,Ward 22,24.7,81.3,209.7,83.0,285.21,0.69,2.96,71.6,2.22,7,0,0.0,Roorkee & Haridwar Hydro-Meteorological Station Dataset
BHEL Ranipur Township,ZONE-HW03,Ward 22,23.7,87.3,210.9,94.5,284.56,0.63,2.89,70.2,2.26,7,0,0.0,Roorkee & Haridwar Hydro-Meteorological Station Dataset
BHEL Ranipur Township,ZONE-HW03,Ward 22,25.7,90.6,223.2,76.6,285.46,0.64,3.1,70.8,2.13,7,1,26.6,Roorkee & Haridwar Hydro-Meteorological Station Dataset
BHEL Ranipur Township,ZONE-HW03,Ward 22,25.1,89.4,193.5,74.2,285.41,0.65,2.9,71.0,2.28,7,0,0.0,Roorkee & Haridwar Hydro-Meteorological Station Dataset
BHEL Ranipur Township,ZONE-HW03,Ward 22,25.8,81.8,194.6,92.1,284.87,0.68,2.71,69.6,2.2,7,0,0.0,Roorkee & Haridwar Hydro-Meteorological Station Dataset
BHEL Ranipur Township,ZONE-HW03,Ward 22,24.9,92.6,190.6,76.5,284.9,0.71,3.07,69.8,2.13,7,0,0.0,Roorkee & Haridwar Hydro-Meteorological Station Dataset
BHEL Ranipur Township,ZONE-HW03,Ward 22,23.9,94.4,181.4,80.0,285.12,0.75,2.98,69.6,2.18,7,0,0.0,Roorkee & Haridwar Hydro-Meteorological Station Dataset
BHEL Ranipur Township,ZONE-HW03,Ward 22,24.8,110.7,229.4,63.5,284.97,0.75,3.06,69.8,2.23,7,1,33.3,Roorkee & Haridwar Hydro-Meteorological Station Dataset
BHEL Ranipur Township,ZONE-HW03,Ward 22,21.0,89.7,197.4,82.4,285.39,0.74,2.84,69.3,2.23,7,0,0.0,Roorkee & Haridwar Hydro-Meteorological Station Dataset
BHEL Ranipur Township,ZONE-HW03,Ward 22,24.5,85.7,203.6,78.9,284.82,0.74,2.85,70.5,2.26,7,0,0.0,Roorkee & Haridwar Hydro-Meteorological Station Dataset
BHEL Ranipur Township,ZONE-HW03,Ward 22,24.7,88.5,210.3,99.7,285.11,0.66,3.15,71.0,2.2,7,0,0.0,Roorkee & Haridwar Hydro-Meteorological Station Dataset
BHEL Ranipur Township,ZONE-HW03,Ward 22,20.3,84.7,216.2,87.4,284.58,0.67,2.94,69.7,2.25,7,0,0.0,Roorkee & Haridwar Hydro-Meteorological Station Dataset
BHEL Ranipur Township,ZONE-HW03,Ward 22,23.2,74.1,191.9,72.2,284.72,0.76,3.16,68.9,2.16,7,0,0.0,Roorkee & Haridwar Hydro-Meteorological Station Dataset
BHEL Ranipur Township,ZONE-HW03,Ward 22,22.7,88.1,214.8,74.8,284.87,0.65,2.9,69.8,2.14,7,0,0.0,Roorkee & Haridwar Hydro-Meteorological Station Dataset
BHEL Ranipur Township,ZONE-HW03,Ward 22,25.4,92.8,249.0,70.5,285.18,0.69,2.83,69.9,2.12,7,1,50.3,Roorkee & Haridwar Hydro-Meteorological Station Dataset
BHEL Ranipur Township,ZONE-HW03,Ward 22,23.1,93.6,188.1,94.1,284.98,0.73,3.04,69.2,2.19,7,0,0.0,Roorkee & Haridwar Hydro-Meteorological Station Dataset
BHEL Ranipur Township,ZONE-HW03,Ward 22,23.8,97.5,182.0,69.8,284.51,0.77,3.0,70.0,2.21,7,0,0.0,Roorkee & Haridwar Hydro-Meteorological Station Dataset
BHEL Ranipur Township,ZONE-HW03,Ward 22,25.5,88.4,200.9,71.9,285.02,0.75,2.96,70.4,2.2,7,0,0.0,Roorkee & Haridwar Hydro-Meteorological Station Dataset
BHEL Ranipur Township,ZONE-HW03,Ward 22,25.0,89.5,211.4,86.8,285.24,0.68,2.96,70.8,2.26,7,0,0.0,Roorkee & Haridwar Hydro-Meteorological Station Dataset
BHEL Ranipur Township,ZONE-HW03,Ward 22,24.2,94.4,167.4,93.9,284.97,0.82,2.97,70.0,2.26,7,0,0.0,Roorkee & Haridwar Hydro-Meteorological Station Dataset
BHEL Ranipur Township,ZONE-HW03,Ward 22,24.4,112.6,187.3,72.4,285.02,0.71,2.86,69.8,2.23,7,0,0.0,Roorkee & Haridwar Hydro-Meteorological Station Dataset
BHEL Ranipur Township,ZONE-HW03,Ward 22,21.0,79.5,237.9,79.4,284.79,0.67,3.04,68.6,2.18,7,1,36.9,Roorkee & Haridwar Hydro-Meteorological Station Dataset
BHEL Ranipur Township,ZONE-HW03,Ward 22,22.6,88.9,182.2,86.0,285.38,0.7,2.97,70.2,2.25,7,0,0.0,Roorkee & Haridwar Hydro-Meteorological Station Dataset
BHEL Ranipur Township,ZONE-HW03,Ward 22,24.4,83.8,212.9,95.1,285.2,0.66,3.06,68.4,2.19,7,0,0.0,Roorkee & Haridwar Hydro-Meteorological Station Dataset
BHEL Ranipur Township,ZONE-HW03,Ward 22,21.6,102.3,191.4,78.3,284.87,0.67,2.64,69.6,2.17,7,0,0.0,Roorkee & Haridwar Hydro-Meteorological Station Dataset
BHEL Ranipur Township,ZONE-HW03,Ward 22,23.8,87.1,191.9,92.1,285.0,0.79,2.85,69.8,2.14,7,0,0.0,Roorkee & Haridwar Hydro-Meteorological Station Dataset
BHEL Ranipur Township,ZONE-HW03,Ward 22,26.2,95.0,212.3,87.9,284.92,0.71,3.04,68.4,2.18,7,0,0.0,Roorkee & Haridwar Hydro-Meteorological Station Dataset
BHEL Ranipur Township,ZONE-HW03,Ward 22,21.9,99.2,213.1,75.3,285.34,0.69,3.01,70.3,2.16,7,0,0.0,Roorkee & Haridwar Hydro-Meteorological Station Dataset
BHEL Ranipur Township,ZONE-HW03,Ward 22,23.2,87.8,192.0,87.6,285.18,0.68,3.12,70.3,2.28,7,0,0.0,Roorkee & Haridwar Hydro-Meteorological Station Dataset
BHEL Ranipur Township,ZONE-HW03,Ward 22,24.8,74.8,178.8,83.0,284.95,0.66,3.03,70.5,2.19,7,0,0.0,Roorkee & Haridwar Hydro-Meteorological Station Dataset
BHEL Ranipur Township,ZONE-HW03,Ward 22,16.8,61.2,134.0,38.5,285.08,0.68,2.92,69.2,2.17,7,0,0.0,Roorkee & Haridwar Hydro-Meteorological Station Dataset
BHEL Ranipur Township,ZONE-HW03,Ward 22,16.6,62.2,135.9,59.6,284.94,0.74,3.19,70.0,2.24,7,0,0.0,Roorkee & Haridwar Hydro-Meteorological Station Dataset
BHEL Ranipur Township,ZONE-HW03,Ward 22,19.1,62.8,145.4,54.1,285.04,0.67,3.19,67.8,2.14,7,0,0.0,Roorkee & Haridwar Hydro-Meteorological Station Dataset
BHEL Ranipur Township,ZONE-HW03,Ward 22,17.2,54.5,139.8,60.0,284.89,0.74,3.1,69.9,2.21,7,0,0.0,Roorkee & Haridwar Hydro-Meteorological Station Dataset
BHEL Ranipur Township,ZONE-HW03,Ward 22,16.4,72.5,124.9,57.2,284.98,0.71,2.92,70.6,2.22,7,0,0.0,Roorkee & Haridwar Hydro-Meteorological Station Dataset
BHEL Ranipur Township,ZONE-HW03,Ward 22,15.7,64.5,110.9,50.8,284.81,0.67,3.14,69.6,2.11,7,0,0.0,Roorkee & Haridwar Hydro-Meteorological Station Dataset
BHEL Ranipur Township,ZONE-HW03,Ward 22,21.2,72.5,148.9,52.8,285.05,0.68,2.91,70.2,2.18,7,0,0.0,Roorkee & Haridwar Hydro-Meteorological Station Dataset
BHEL Ranipur Township,ZONE-HW03,Ward 22,17.3,70.2,129.9,36.9,285.24,0.74,3.07,70.1,2.21,7,0,0.0,Roorkee & Haridwar Hydro-Meteorological Station Dataset
BHEL Ranipur Township,ZONE-HW03,Ward 22,20.1,59.4,137.0,54.8,285.09,0.66,2.89,71.2,2.24,7,0,0.0,Roorkee & Haridwar Hydro-Meteorological Station Dataset
BHEL Ranipur Township,ZONE-HW03,Ward 22,17.5,57.3,149.1,38.1,285.2,0.73,3.0,69.1,2.16,7,0,0.0,Roorkee & Haridwar Hydro-Meteorological Station Dataset
BHEL Ranipur Township,ZONE-HW03,Ward 22,14.8,61.1,103.3,38.7,284.72,0.63,3.18,68.2,2.21,7,0,0.0,Roorkee & Haridwar Hydro-Meteorological Station Dataset
BHEL Ranipur Township,ZONE-HW03,Ward 22,15.7,72.5,146.7,49.7,284.93,0.69,3.01,69.7,2.23,7,0,0.0,Roorkee & Haridwar Hydro-Meteorological Station Dataset
BHEL Ranipur Township,ZONE-HW03,Ward 22,17.7,63.5,147.6,68.1,284.96,0.63,2.97,69.4,2.25,7,0,0.0,Roorkee & Haridwar Hydro-Meteorological Station Dataset
BHEL Ranipur Township,ZONE-HW03,Ward 22,16.9,61.5,137.2,41.1,285.13,0.67,2.95,69.3,2.17,7,0,0.0,Roorkee & Haridwar Hydro-Meteorological Station Dataset
BHEL Ranipur Township,ZONE-HW03,Ward 22,19.1,71.1,136.6,58.9,284.9,0.75,3.07,70.9,2.26,7,0,0.0,Roorkee & Haridwar Hydro-Meteorological Station Dataset
BHEL Ranipur Township,ZONE-HW03,Ward 22,18.8,74.0,140.7,39.9,285.21,0.72,3.11,70.4,2.26,7,0,0.0,Roorkee & Haridwar Hydro-Meteorological Station Dataset
BHEL Ranipur Township,ZONE-HW03,Ward 22,17.2,59.2,154.6,51.7,284.87,0.79,2.96,69.8,2.22,7,0,0.0,Roorkee & Haridwar Hydro-Meteorological Station Dataset
BHEL Ranipur Township,ZONE-HW03,Ward 22,15.8,48.5,144.7,52.8,285.19,0.71,3.1,69.4,2.17,7,0,0.0,Roorkee & Haridwar Hydro-Meteorological Station Dataset
BHEL Ranipur Township,ZONE-HW03,Ward 22,17.8,70.0,139.0,48.1,285.23,0.72,3.04,69.3,2.19,7,0,0.0,Roorkee & Haridwar Hydro-Meteorological Station Dataset
BHEL Ranipur Township,ZONE-HW03,Ward 22,18.4,54.4,120.2,44.4,284.7,0.76,2.84,70.4,2.27,7,0,0.0,Roorkee & Haridwar Hydro-Meteorological Station Dataset
BHEL Ranipur Township,ZONE-HW03,Ward 22,15.2,62.8,131.7,47.5,284.43,0.74,2.8,70.2,2.18,7,0,0.0,Roorkee & Haridwar Hydro-Meteorological Station Dataset
BHEL Ranipur Township,ZONE-HW03,Ward 22,17.1,76.7,132.5,39.2,284.94,0.7,3.1,68.3,2.22,7,0,0.0,Roorkee & Haridwar Hydro-Meteorological Station Dataset
BHEL Ranipur Township,ZONE-HW03,Ward 22,15.1,60.2,132.5,41.4,285.25,0.69,2.86,72.2,2.16,7,0,0.0,Roorkee & Haridwar Hydro-Meteorological Station Dataset
BHEL Ranipur Township,ZONE-HW03,Ward 22,18.3,68.0,139.5,41.1,284.82,0.69,2.92,70.0,2.17,7,0,0.0,Roorkee & Haridwar Hydro-Meteorological Station Dataset
BHEL Ranipur Township,ZONE-HW03,Ward 22,16.2,66.6,145.3,35.5,285.01,0.63,2.8,69.4,2.24,7,0,0.0,Roorkee & Haridwar Hydro-Meteorological Station Dataset
BHEL Ranipur Township,ZONE-HW03,Ward 22,16.9,58.0,152.0,46.2,284.83,0.71,3.17,68.8,2.27,7,0,0.0,Roorkee & Haridwar Hydro-Meteorological Station Dataset
BHEL Ranipur Township,ZONE-HW03,Ward 22,17.8,72.4,154.6,44.6,285.18,0.69,3.08,71.5,2.21,7,0,0.0,Roorkee & Haridwar Hydro-Meteorological Station Dataset
BHEL Ranipur Township,ZONE-HW03,Ward 22,19.8,63.1,141.7,45.6,285.19,0.68,3.12,70.9,2.14,7,0,0.0,Roorkee & Haridwar Hydro-Meteorological Station Dataset
BHEL Ranipur Township,ZONE-HW03,Ward 22,16.2,61.4,141.7,49.0,285.09,0.78,2.99,71.0,2.24,7,0,0.0,Roorkee & Haridwar Hydro-Meteorological Station Dataset
BHEL Ranipur Township,ZONE-HW03,Ward 22,16.7,70.3,161.5,49.9,284.68,0.76,3.04,69.0,2.2,7,0,0.0,Roorkee & Haridwar Hydro-Meteorological Station Dataset
BHEL Ranipur Township,ZONE-HW03,Ward 22,16.8,78.0,122.7,57.5,284.58,0.66,2.95,69.1,2.14,7,0,0.0,Roorkee & Haridwar Hydro-Meteorological Station Dataset
BHEL Ranipur Township,ZONE-HW03,Ward 22,20.3,72.3,157.8,47.6,284.91,0.69,2.86,68.9,2.18,7,0,0.0,Roorkee & Haridwar Hydro-Meteorological Station Dataset
BHEL Ranipur Township,ZONE-HW03,Ward 22,18.7,60.4,137.3,41.8,284.78,0.69,2.99,71.8,2.15,7,0,0.0,Roorkee & Haridwar Hydro-Meteorological Station Dataset
BHEL Ranipur Township,ZONE-HW03,Ward 22,20.8,62.0,147.0,36.5,285.26,0.65,2.9,69.2,2.25,7,0,0.0,Roorkee & Haridwar Hydro-Meteorological Station Dataset
BHEL Ranipur Township,ZONE-HW03,Ward 22,18.3,61.3,149.7,58.0,284.72,0.68,2.91,70.9,2.24,7,0,0.0,Roorkee & Haridwar Hydro-Meteorological Station Dataset
BHEL Ranipur Township,ZONE-HW03,Ward 22,13.7,51.0,108.3,27.9,284.97,0.66,3.0,70.8,2.2,7,0,0.0,Roorkee & Haridwar Hydro-Meteorological Station Dataset
BHEL Ranipur Township,ZONE-HW03,Ward 22,12.0,45.4,107.2,33.9,284.82,0.7,3.11,70.9,2.23,7,0,0.0,Roorkee & Haridwar Hydro-Meteorological Station Dataset
BHEL Ranipur Township,ZONE-HW03,Ward 22,12.2,51.6,81.3,26.8,284.97,0.66,2.98,69.6,2.25,7,0,0.0,Roorkee & Haridwar Hydro-Meteorological Station Dataset
BHEL Ranipur Township,ZONE-HW03,Ward 22,11.5,47.5,103.1,25.7,284.77,0.63,2.87,68.9,2.22,7,0,0.0,Roorkee & Haridwar Hydro-Meteorological Station Dataset
BHEL Ranipur Township,ZONE-HW03,Ward 22,11.7,36.8,92.7,42.6,284.85,0.63,3.13,70.5,2.29,7,0,0.0,Roorkee & Haridwar Hydro-Meteorological Station Dataset
BHEL Ranipur Township,ZONE-HW03,Ward 22,12.1,53.2,89.9,36.2,285.11,0.77,2.89,69.9,2.26,7,0,0.0,Roorkee & Haridwar Hydro-Meteorological Station Dataset
BHEL Ranipur Township,ZONE-HW03,Ward 22,11.7,47.6,95.0,35.1,284.98,0.72,2.96,68.9,2.25,7,0,0.0,Roorkee & Haridwar Hydro-Meteorological Station Dataset
BHEL Ranipur Township,ZONE-HW03,Ward 22,12.0,39.7,109.1,22.5,285.19,0.7,3.17,69.1,2.24,7,0,0.0,Roorkee & Haridwar Hydro-Meteorological Station Dataset
BHEL Ranipur Township,ZONE-HW03,Ward 22,14.3,44.2,101.6,50.1,284.96,0.7,3.01,69.9,2.22,7,0,0.0,Roorkee & Haridwar Hydro-Meteorological Station Dataset
BHEL Ranipur Township,ZONE-HW03,Ward 22,13.0,50.1,75.2,32.1,285.08,0.68,2.76,69.2,2.24,7,0,0.0,Roorkee & Haridwar Hydro-Meteorological Station Dataset
BHEL Ranipur Township,ZONE-HW03,Ward 22,13.5,45.0,101.3,32.0,284.82,0.77,3.08,69.9,2.15,7,0,0.0,Roorkee & Haridwar Hydro-Meteorological Station Dataset
BHEL Ranipur Township,ZONE-HW03,Ward 22,12.1,42.5,103.3,28.8,284.84,0.74,2.86,70.1,2.24,7,0,0.0,Roorkee & Haridwar Hydro-Meteorological Station Dataset
BHEL Ranipur Township,ZONE-HW03,Ward 22,12.5,50.7,98.9,35.0,285.02,0.78,2.86,70.3,2.15,7,0,0.0,Roorkee & Haridwar Hydro-Meteorological Station Dataset
BHEL Ranipur Township,ZONE-HW03,Ward 22,14.2,48.6,93.7,31.3,284.8,0.73,3.01,69.5,2.19,7,0,0.0,Roorkee & Haridwar Hydro-Meteorological Station Dataset
BHEL Ranipur Township,ZONE-HW03,Ward 22,12.4,53.5,100.1,27.8,285.05,0.64,3.05,70.3,2.14,7,0,0.0,Roorkee & Haridwar Hydro-Meteorological Station Dataset
BHEL Ranipur Township,ZONE-HW03,Ward 22,11.0,44.5,98.7,34.2,284.72,0.7,2.96,68.8,2.2,7,0,0.0,Roorkee & Haridwar Hydro-Meteorological Station Dataset
BHEL Ranipur Township,ZONE-HW03,Ward 22,11.5,43.4,83.0,23.0,285.11,0.76,2.97,68.1,2.19,7,0,0.0,Roorkee & Haridwar Hydro-Meteorological Station Dataset
BHEL Ranipur Township,ZONE-HW03,Ward 22,11.3,41.9,90.4,35.1,284.9,0.69,3.03,70.1,2.22,7,0,0.0,Roorkee & Haridwar Hydro-Meteorological Station Dataset
BHEL Ranipur Township,ZONE-HW03,Ward 22,12.0,40.6,98.4,34.0,284.97,0.71,2.91,70.6,2.22,7,0,0.0,Roorkee & Haridwar Hydro-Meteorological Station Dataset
BHEL Ranipur Township,ZONE-HW03,Ward 22,10.5,40.2,97.2,41.0,284.92,0.72,3.04,68.2,2.15,7,0,0.0,Roorkee & Haridwar Hydro-Meteorological Station Dataset
BHEL Ranipur Township,ZONE-HW03,Ward 22,13.7,38.5,123.0,40.5,284.84,0.67,2.95,69.1,2.2,7,0,0.0,Roorkee & Haridwar Hydro-Meteorological Station Dataset
BHEL Ranipur Township,ZONE-HW03,Ward 22,12.8,43.4,110.0,26.2,284.97,0.61,2.95,70.7,2.21,7,0,0.0,Roorkee & Haridwar Hydro-Meteorological Station Dataset
BHEL Ranipur Township,ZONE-HW03,Ward 22,10.1,48.2,86.4,21.0,285.06,0.7,2.87,71.2,2.2,7,0,0.0,Roorkee & Haridwar Hydro-Meteorological Station Dataset
BHEL Ranipur Township,ZONE-HW03,Ward 22,13.2,33.3,96.0,36.8,284.58,0.76,2.81,69.6,2.2,7,0,0.0,Roorkee & Haridwar Hydro-Meteorological Station Dataset
BHEL Ranipur Township,ZONE-HW03,Ward 22,14.6,45.5,102.3,34.9,285.04,0.66,3.04,70.9,2.14,7,0,0.0,Roorkee & Haridwar Hydro-Meteorological Station Dataset
BHEL Ranipur Township,ZONE-HW03,Ward 22,11.9,39.2,93.1,19.4,285.21,0.7,2.87,69.8,2.25,7,0,0.0,Roorkee & Haridwar Hydro-Meteorological Station Dataset
BHEL Ranipur Township,ZONE-HW03,Ward 22,12.5,49.4,85.8,33.2,284.53,0.64,2.87,69.7,2.16,7,0,0.0,Roorkee & Haridwar Hydro-Meteorological Station Dataset
BHEL Ranipur Township,ZONE-HW03,Ward 22,12.4,44.7,86.4,28.9,285.0,0.75,2.88,69.6,2.24,7,0,0.0,Roorkee & Haridwar Hydro-Meteorological Station Dataset
BHEL Ranipur Township,ZONE-HW03,Ward 22,12.8,44.5,89.0,36.6,285.17,0.65,3.12,68.8,2.3,7,0,0.0,Roorkee & Haridwar Hydro-Meteorological Station Dataset
BHEL Ranipur Township,ZONE-HW03,Ward 22,11.5,41.3,93.3,41.8,285.11,0.75,2.97,69.6,2.27,7,0,0.0,Roorkee & Haridwar Hydro-Meteorological Station Dataset
BHEL Ranipur Township,ZONE-HW03,Ward 22,12.6,41.8,92.4,24.9,285.22,0.73,2.82,69.4,2.23,7,0,0.0,Roorkee & Haridwar Hydro-Meteorological Station Dataset
BHEL Ranipur Township,ZONE-HW03,Ward 22,11.2,41.6,94.0,36.3,284.74,0.68,2.89,70.3,2.17,7,0,0.0,Roorkee & Haridwar Hydro-Meteorological Station Dataset
BHEL Ranipur Township,ZONE-HW03,Ward 22,12.5,45.1,84.2,27.6,285.1,0.76,3.06,69.7,2.21,7,0,0.0,Roorkee & Haridwar Hydro-Meteorological Station Dataset
BHEL Ranipur Township,ZONE-HW03,Ward 22,10.8,48.5,102.0,24.9,284.92,0.65,3.13,69.6,2.21,7,0,0.0,Roorkee & Haridwar Hydro-Meteorological Station Dataset
BHEL Ranipur Township,ZONE-HW03,Ward 22,13.8,53.4,82.5,35.1,285.19,0.75,2.9,68.5,2.19,7,0,0.0,Roorkee & Haridwar Hydro-Meteorological Station Dataset
BHEL Ranipur Township,ZONE-HW03,Ward 22,9.1,26.7,54.0,26.5,285.15,0.6,3.11,71.8,2.29,7,0,0.0,Roorkee & Haridwar Hydro-Meteorological Station Dataset
BHEL Ranipur Township,ZONE-HW03,Ward 22,7.1,24.3,55.4,19.7,285.23,0.7,3.05,70.7,2.24,7,0,0.0,Roorkee & Haridwar Hydro-Meteorological Station Dataset
BHEL Ranipur Township,ZONE-HW03,Ward 22,8.7,24.2,49.1,0.0,284.77,0.64,3.05,70.8,2.24,7,0,0.0,Roorkee & Haridwar Hydro-Meteorological Station Dataset
BHEL Ranipur Township,ZONE-HW03,Ward 22,7.0,21.1,53.8,25.1,284.91,0.63,2.91,71.3,2.24,7,0,0.0,Roorkee & Haridwar Hydro-Meteorological Station Dataset
BHEL Ranipur Township,ZONE-HW03,Ward 22,6.4,20.8,56.2,10.8,285.48,0.68,2.97,70.8,2.26,7,0,0.0,Roorkee & Haridwar Hydro-Meteorological Station Dataset
BHEL Ranipur Township,ZONE-HW03,Ward 22,6.1,22.3,61.2,21.0,285.12,0.69,3.05,69.5,2.17,7,0,0.0,Roorkee & Haridwar Hydro-Meteorological Station Dataset
BHEL Ranipur Township,ZONE-HW03,Ward 22,6.2,26.7,54.6,4.0,284.82,0.65,2.83,69.2,2.14,7,0,0.0,Roorkee & Haridwar Hydro-Meteorological Station Dataset
BHEL Ranipur Township,ZONE-HW03,Ward 22,5.8,24.4,50.6,15.2,285.14,0.67,2.94,71.7,2.19,7,0,0.0,Roorkee & Haridwar Hydro-Meteorological Station Dataset
BHEL Ranipur Township,ZONE-HW03,Ward 22,6.8,26.0,58.6,10.0,284.57,0.62,2.97,70.5,2.22,7,0,0.0,Roorkee & Haridwar Hydro-Meteorological Station Dataset
BHEL Ranipur Township,ZONE-HW03,Ward 22,7.5,21.9,50.3,13.5,285.16,0.75,3.06,70.5,2.2,7,0,0.0,Roorkee & Haridwar Hydro-Meteorological Station Dataset
BHEL Ranipur Township,ZONE-HW03,Ward 22,7.0,26.2,56.0,27.8,285.37,0.66,2.98,70.3,2.23,7,0,0.0,Roorkee & Haridwar Hydro-Meteorological Station Dataset
BHEL Ranipur Township,ZONE-HW03,Ward 22,6.8,27.2,57.1,9.7,285.13,0.68,2.89,70.9,2.16,7,0,0.0,Roorkee & Haridwar Hydro-Meteorological Station Dataset
BHEL Ranipur Township,ZONE-HW03,Ward 22,7.6,21.1,67.4,2.1,284.99,0.7,3.12,69.6,2.2,7,0,0.0,Roorkee & Haridwar Hydro-Meteorological Station Dataset
BHEL Ranipur Township,ZONE-HW03,Ward 22,7.0,28.0,47.9,11.7,285.13,0.7,3.02,69.7,2.19,7,0,0.0,Roorkee & Haridwar Hydro-Meteorological Station Dataset
BHEL Ranipur Township,ZONE-HW03,Ward 22,7.2,28.8,57.4,12.1,285.04,0.69,3.12,68.1,2.16,7,0,0.0,Roorkee & Haridwar Hydro-Meteorological Station Dataset
BHEL Ranipur Township,ZONE-HW03,Ward 22,7.3,26.3,56.0,15.1,285.27,0.71,3.01,69.7,2.23,7,0,0.0,Roorkee & Haridwar Hydro-Meteorological Station Dataset
BHEL Ranipur Township,ZONE-HW03,Ward 22,7.2,21.3,62.7,10.8,284.77,0.65,3.13,71.0,2.22,7,0,0.0,Roorkee & Haridwar Hydro-Meteorological Station Dataset
BHEL Ranipur Township,ZONE-HW03,Ward 22,8.5,28.7,56.3,22.4,284.83,0.77,3.02,71.4,2.18,7,0,0.0,Roorkee & Haridwar Hydro-Meteorological Station Dataset
BHEL Ranipur Township,ZONE-HW03,Ward 22,7.8,21.7,58.1,25.4,284.8,0.64,2.89,69.9,2.22,7,0,0.0,Roorkee & Haridwar Hydro-Meteorological Station Dataset
BHEL Ranipur Township,ZONE-HW03,Ward 22,8.4,23.1,56.1,19.9,284.83,0.66,3.03,70.4,2.17,7,0,0.0,Roorkee & Haridwar Hydro-Meteorological Station Dataset
BHEL Ranipur Township,ZONE-HW03,Ward 22,6.2,19.0,62.5,19.1,285.39,0.71,2.81,70.1,2.17,7,0,0.0,Roorkee & Haridwar Hydro-Meteorological Station Dataset
BHEL Ranipur Township,ZONE-HW03,Ward 22,6.5,25.0,47.3,20.0,285.08,0.72,2.91,69.3,2.11,7,0,0.0,Roorkee & Haridwar Hydro-Meteorological Station Dataset
BHEL Ranipur Township,ZONE-HW03,Ward 22,5.2,21.7,50.2,14.3,284.7,0.72,3.13,71.3,2.27,7,0,0.0,Roorkee & Haridwar Hydro-Meteorological Station Dataset
BHEL Ranipur Township,ZONE-HW03,Ward 22,6.8,31.1,50.4,20.7,284.67,0.65,3.16,69.5,2.2,7,0,0.0,Roorkee & Haridwar Hydro-Meteorological Station Dataset
BHEL Ranipur Township,ZONE-HW03,Ward 22,7.3,24.0,61.6,11.2,285.37,0.7,2.83,69.9,2.22,7,0,0.0,Roorkee & Haridwar Hydro-Meteorological Station Dataset
BHEL Ranipur Township,ZONE-HW03,Ward 22,7.3,26.3,62.1,20.0,285.15,0.67,2.92,69.1,2.18,7,0,0.0,Roorkee & Haridwar Hydro-Meteorological Station Dataset
BHEL Ranipur Township,ZONE-HW03,Ward 22,7.6,29.4,67.7,5.8,285.3,0.66,2.81,68.6,2.06,7,0,0.0,Roorkee & Haridwar Hydro-Meteorological Station Dataset
BHEL Ranipur Township,ZONE-HW03,Ward 22,6.4,25.8,59.1,25.0,285.0,0.61,2.91,72.3,2.22,7,0,0.0,Roorkee & Haridwar Hydro-Meteorological Station Dataset
BHEL Ranipur Township,ZONE-HW03,Ward 22,6.7,26.0,60.0,19.6,285.14,0.73,2.91,68.7,2.2,7,0,0.0,Roorkee & Haridwar Hydro-Meteorological Station Dataset
BHEL Ranipur Township,ZONE-HW03,Ward 22,7.1,24.8,46.0,11.2,284.87,0.77,2.98,70.6,2.21,7,0,0.0,Roorkee & Haridwar Hydro-Meteorological Station Dataset
BHEL Ranipur Township,ZONE-HW03,Ward 22,7.2,24.0,49.8,20.5,285.1,0.73,2.99,69.7,2.12,7,0,0.0,Roorkee & Haridwar Hydro-Meteorological Station Dataset
BHEL Ranipur Township,ZONE-HW03,Ward 22,6.7,23.2,53.5,9.2,284.95,0.67,3.03,69.2,2.17,7,0,0.0,Roorkee & Haridwar Hydro-Meteorological Station Dataset
BHEL Ranipur Township,ZONE-HW03,Ward 22,5.6,23.7,55.9,15.9,285.09,0.73,2.78,71.0,2.16,7,0,0.0,Roorkee & Haridwar Hydro-Meteorological Station Dataset
BHEL Ranipur Township,ZONE-HW03,Ward 22,7.1,27.4,58.7,6.4,285.39,0.76,3.09,68.3,2.12,7,0,0.0,Roorkee & Haridwar Hydro-Meteorological Station Dataset
BHEL Ranipur Township,ZONE-HW03,Ward 22,6.4,25.2,55.5,25.4,284.83,0.69,2.97,71.4,2.21,7,0,0.0,Roorkee & Haridwar Hydro-Meteorological Station Dataset
BHEL Ranipur Township,ZONE-HW03,Ward 22,2.3,6.8,15.6,8.1,284.8,0.69,2.92,71.9,2.21,7,0,0.0,Roorkee & Haridwar Hydro-Meteorological Station Dataset
BHEL Ranipur Township,ZONE-HW03,Ward 22,2.9,7.5,20.2,7.6,285.21,0.65,3.0,70.9,2.2,7,0,0.0,Roorkee & Haridwar Hydro-Meteorological Station Dataset
BHEL Ranipur Township,ZONE-HW03,Ward 22,2.5,7.8,17.4,0.0,284.96,0.7,2.93,69.7,2.25,7,0,0.0,Roorkee & Haridwar Hydro-Meteorological Station Dataset
BHEL Ranipur Township,ZONE-HW03,Ward 22,2.7,7.3,16.0,0.0,284.77,0.62,3.06,69.8,2.22,7,0,0.0,Roorkee & Haridwar Hydro-Meteorological Station Dataset
BHEL Ranipur Township,ZONE-HW03,Ward 22,2.7,7.6,18.5,13.8,284.76,0.66,3.08,68.9,2.12,7,0,0.0,Roorkee & Haridwar Hydro-Meteorological Station Dataset
BHEL Ranipur Township,ZONE-HW03,Ward 22,2.0,9.1,16.3,18.8,285.17,0.69,2.96,70.2,2.17,7,0,0.0,Roorkee & Haridwar Hydro-Meteorological Station Dataset
BHEL Ranipur Township,ZONE-HW03,Ward 22,2.3,7.8,16.4,0.0,284.73,0.61,3.03,69.3,2.2,7,0,0.0,Roorkee & Haridwar Hydro-Meteorological Station Dataset
BHEL Ranipur Township,ZONE-HW03,Ward 22,2.5,8.2,16.3,0.0,284.84,0.71,3.08,70.3,2.23,7,0,0.0,Roorkee & Haridwar Hydro-Meteorological Station Dataset
BHEL Ranipur Township,ZONE-HW03,Ward 22,2.7,7.3,18.8,12.9,284.9,0.71,2.99,70.2,2.16,7,0,0.0,Roorkee & Haridwar Hydro-Meteorological Station Dataset
BHEL Ranipur Township,ZONE-HW03,Ward 22,2.5,7.7,17.9,0.0,285.2,0.64,2.98,70.4,2.11,7,0,0.0,Roorkee & Haridwar Hydro-Meteorological Station Dataset
BHEL Ranipur Township,ZONE-HW03,Ward 22,2.9,7.2,17.1,6.2,284.66,0.74,2.84,70.4,2.23,7,0,0.0,Roorkee & Haridwar Hydro-Meteorological Station Dataset
BHEL Ranipur Township,ZONE-HW03,Ward 22,2.6,7.9,16.7,0.0,285.03,0.69,2.88,69.1,2.23,7,0,0.0,Roorkee & Haridwar Hydro-Meteorological Station Dataset
BHEL Ranipur Township,ZONE-HW03,Ward 22,2.3,7.6,17.8,14.6,285.15,0.72,2.91,70.0,2.17,7,0,0.0,Roorkee & Haridwar Hydro-Meteorological Station Dataset
BHEL Ranipur Township,ZONE-HW03,Ward 22,2.6,7.3,14.9,9.8,284.95,0.7,3.06,70.5,2.24,7,0,0.0,Roorkee & Haridwar Hydro-Meteorological Station Dataset
BHEL Ranipur Township,ZONE-HW03,Ward 22,2.4,7.0,17.8,13.6,285.09,0.67,3.08,69.7,2.17,7,0,0.0,Roorkee & Haridwar Hydro-Meteorological Station Dataset
BHEL Ranipur Township,ZONE-HW03,Ward 22,2.7,7.6,15.9,2.2,284.75,0.76,3.05,68.8,2.22,7,0,0.0,Roorkee & Haridwar Hydro-Meteorological Station Dataset
BHEL Ranipur Township,ZONE-HW03,Ward 22,2.5,8.0,19.8,11.1,284.43,0.66,2.89,69.3,2.2,7,0,0.0,Roorkee & Haridwar Hydro-Meteorological Station Dataset
BHEL Ranipur Township,ZONE-HW03,Ward 22,2.1,7.8,17.3,1.1,285.13,0.74,3.13,68.7,2.24,7,0,0.0,Roorkee & Haridwar Hydro-Meteorological Station Dataset
BHEL Ranipur Township,ZONE-HW03,Ward 22,2.9,8.9,16.8,9.6,285.01,0.71,2.97,70.9,2.22,7,0,0.0,Roorkee & Haridwar Hydro-Meteorological Station Dataset
BHEL Ranipur Township,ZONE-HW03,Ward 22,2.6,8.4,19.1,0.0,285.1,0.64,2.9,71.1,2.17,7,0,0.0,Roorkee & Haridwar Hydro-Meteorological Station Dataset
BHEL Ranipur Township,ZONE-HW03,Ward 22,3.0,8.0,18.9,18.7,284.97,0.65,3.04,70.6,2.21,7,0,0.0,Roorkee & Haridwar Hydro-Meteorological Station Dataset
BHEL Ranipur Township,ZONE-HW03,Ward 22,2.5,8.5,18.0,4.4,285.13,0.72,2.97,69.4,2.2,7,0,0.0,Roorkee & Haridwar Hydro-Meteorological Station Dataset
BHEL Ranipur Township,ZONE-HW03,Ward 22,2.2,9.2,20.0,14.5,284.61,0.7,3.03,70.4,2.17,7,0,0.0,Roorkee & Haridwar Hydro-Meteorological Station Dataset
BHEL Ranipur Township,ZONE-HW03,Ward 22,2.4,6.4,16.1,7.9,284.85,0.69,3.0,70.3,2.13,7,0,0.0,Roorkee & Haridwar Hydro-Meteorological Station Dataset
BHEL Ranipur Township,ZONE-HW03,Ward 22,2.8,7.2,17.2,3.3,284.71,0.71,2.92,69.9,2.18,7,0,0.0,Roorkee & Haridwar Hydro-Meteorological Station Dataset
BHEL Ranipur Township,ZONE-HW03,Ward 22,2.9,7.9,21.1,0.0,285.06,0.73,2.91,68.2,2.23,7,0,0.0,Roorkee & Haridwar Hydro-Meteorological Station Dataset
BHEL Ranipur Township,ZONE-HW03,Ward 22,2.5,9.1,15.6,3.6,284.72,0.7,3.1,70.7,2.26,7,0,0.0,Roorkee & Haridwar Hydro-Meteorological Station Dataset
BHEL Ranipur Township,ZONE-HW03,Ward 22,2.8,9.3,19.3,3.3,284.78,0.68,2.99,71.3,2.14,7,0,0.0,Roorkee & Haridwar Hydro-Meteorological Station Dataset
BHEL Ranipur Township,ZONE-HW03,Ward 22,2.6,9.0,19.5,2.7,285.09,0.69,3.12,70.4,2.2,7,0,0.0,Roorkee & Haridwar Hydro-Meteorological Station Dataset
BHEL Ranipur Township,ZONE-HW03,Ward 22,2.4,9.1,18.4,4.5,284.7,0.63,3.02,71.1,2.18,7,0,0.0,Roorkee & Haridwar Hydro-Meteorological Station Dataset
BHEL Ranipur Township,ZONE-HW03,Ward 22,2.5,7.3,18.5,0.0,284.89,0.65,2.92,71.0,2.15,7,0,0.0,Roorkee & Haridwar Hydro-Meteorological Station Dataset
BHEL Ranipur Township,ZONE-HW03,Ward 22,2.2,7.7,17.6,0.0,284.63,0.68,2.99,68.5,2.18,7,0,0.0,Roorkee & Haridwar Hydro-Meteorological Station Dataset
BHEL Ranipur Township,ZONE-HW03,Ward 22,2.3,8.3,19.4,0.9,284.89,0.74,3.04,69.7,2.17,7,0,0.0,Roorkee & Haridwar Hydro-Meteorological Station Dataset
BHEL Ranipur Township,ZONE-HW03,Ward 22,2.5,8.3,16.8,15.9,284.94,0.69,2.89,69.3,2.25,7,0,0.0,Roorkee & Haridwar Hydro-Meteorological Station Dataset
BHEL Ranipur Township,ZONE-HW03,Ward 22,2.4,9.6,16.4,0.1,284.73,0.72,2.93,69.4,2.13,7,0,0.0,Roorkee & Haridwar Hydro-Meteorological Station Dataset
BHEL Ranipur Township,ZONE-HW03,Ward 22,0.0,0.0,0.0,1.0,284.99,0.69,3.03,71.2,2.18,7,0,0.0,Roorkee & Haridwar Hydro-Meteorological Station Dataset
BHEL Ranipur Township,ZONE-HW03,Ward 22,0.0,0.0,0.0,0.0,284.98,0.68,2.91,69.6,2.16,7,0,0.0,Roorkee & Haridwar Hydro-Meteorological Station Dataset
BHEL Ranipur Township,ZONE-HW03,Ward 22,0.0,0.0,0.0,1.3,285.03,0.69,2.9,69.3,2.23,7,0,0.0,Roorkee & Haridwar Hydro-Meteorological Station Dataset
BHEL Ranipur Township,ZONE-HW03,Ward 22,0.0,0.0,0.0,8.0,285.17,0.74,3.13,70.4,2.15,7,0,0.0,Roorkee & Haridwar Hydro-Meteorological Station Dataset
BHEL Ranipur Township,ZONE-HW03,Ward 22,0.0,0.0,0.0,0.0,285.15,0.73,2.91,70.4,2.18,7,0,0.0,Roorkee & Haridwar Hydro-Meteorological Station Dataset
BHEL Ranipur Township,ZONE-HW03,Ward 22,0.0,0.0,0.0,0.0,284.95,0.74,3.11,69.0,2.18,7,0,0.0,Roorkee & Haridwar Hydro-Meteorological Station Dataset
BHEL Ranipur Township,ZONE-HW03,Ward 22,0.0,0.0,0.0,0.0,284.9,0.72,2.86,68.6,2.22,7,0,0.0,Roorkee & Haridwar Hydro-Meteorological Station Dataset
BHEL Ranipur Township,ZONE-HW03,Ward 22,0.0,0.0,0.0,0.0,284.97,0.63,3.14,71.5,2.17,7,0,0.0,Roorkee & Haridwar Hydro-Meteorological Station Dataset
BHEL Ranipur Township,ZONE-HW03,Ward 22,0.0,0.0,0.0,0.8,284.6,0.7,2.81,71.4,2.16,7,0,0.0,Roorkee & Haridwar Hydro-Meteorological Station Dataset
BHEL Ranipur Township,ZONE-HW03,Ward 22,0.0,0.0,0.0,0.0,284.89,0.68,2.78,68.7,2.13,7,0,0.0,Roorkee & Haridwar Hydro-Meteorological Station Dataset
BHEL Ranipur Township,ZONE-HW03,Ward 22,0.0,0.0,0.0,0.0,285.21,0.69,3.22,69.6,2.19,7,0,0.0,Roorkee & Haridwar Hydro-Meteorological Station Dataset
BHEL Ranipur Township,ZONE-HW03,Ward 22,0.0,0.0,0.0,0.0,284.98,0.7,2.95,68.9,2.28,7,0,0.0,Roorkee & Haridwar Hydro-Meteorological Station Dataset
BHEL Ranipur Township,ZONE-HW03,Ward 22,0.0,0.0,0.0,3.6,284.93,0.65,3.02,71.1,2.2,7,0,0.0,Roorkee & Haridwar Hydro-Meteorological Station Dataset
BHEL Ranipur Township,ZONE-HW03,Ward 22,0.0,0.0,0.0,11.3,284.59,0.72,2.99,69.8,2.24,7,0,0.0,Roorkee & Haridwar Hydro-Meteorological Station Dataset
BHEL Ranipur Township,ZONE-HW03,Ward 22,0.0,0.0,0.0,0.2,284.94,0.73,2.89,70.2,2.18,7,0,0.0,Roorkee & Haridwar Hydro-Meteorological Station Dataset
BHEL Ranipur Township,ZONE-HW03,Ward 22,0.0,0.0,0.0,0.0,285.08,0.69,3.03,68.6,2.18,7,0,0.0,Roorkee & Haridwar Hydro-Meteorological Station Dataset
BHEL Ranipur Township,ZONE-HW03,Ward 22,0.0,0.0,0.0,0.0,285.19,0.76,2.88,69.1,2.18,7,0,0.0,Roorkee & Haridwar Hydro-Meteorological Station Dataset
BHEL Ranipur Township,ZONE-HW03,Ward 22,0.0,0.0,0.0,10.8,284.93,0.73,3.05,70.9,2.22,7,0,0.0,Roorkee & Haridwar Hydro-Meteorological Station Dataset
BHEL Ranipur Township,ZONE-HW03,Ward 22,0.0,0.0,0.0,2.1,285.39,0.69,2.95,69.9,2.22,7,0,0.0,Roorkee & Haridwar Hydro-Meteorological Station Dataset
BHEL Ranipur Township,ZONE-HW03,Ward 22,0.0,0.0,0.0,0.0,285.13,0.7,3.04,69.4,2.27,7,0,0.0,Roorkee & Haridwar Hydro-Meteorological Station Dataset
BHEL Ranipur Township,ZONE-HW03,Ward 22,0.0,0.0,0.0,2.2,284.72,0.72,2.85,69.2,2.17,7,0,0.0,Roorkee & Haridwar Hydro-Meteorological Station Dataset
BHEL Ranipur Township,ZONE-HW03,Ward 22,0.0,0.0,0.0,0.0,284.97,0.62,3.11,69.6,2.17,7,0,0.0,Roorkee & Haridwar Hydro-Meteorological Station Dataset
BHEL Ranipur Township,ZONE-HW03,Ward 22,0.0,0.0,0.0,0.0,285.06,0.77,2.84,71.4,2.2,7,0,0.0,Roorkee & Haridwar Hydro-Meteorological Station Dataset
BHEL Ranipur Township,ZONE-HW03,Ward 22,0.0,0.0,0.0,5.2,285.04,0.7,2.98,71.0,2.2,7,0,0.0,Roorkee & Haridwar Hydro-Meteorological Station Dataset
BHEL Ranipur Township,ZONE-HW03,Ward 22,0.0,0.0,0.0,0.0,284.28,0.69,3.05,71.3,2.25,7,0,0.0,Roorkee & Haridwar Hydro-Meteorological Station Dataset
BHEL Ranipur Township,ZONE-HW03,Ward 22,0.0,0.0,0.0,3.3,284.89,0.7,2.95,68.1,2.2,7,0,0.0,Roorkee & Haridwar Hydro-Meteorological Station Dataset
BHEL Ranipur Township,ZONE-HW03,Ward 22,0.0,0.0,0.0,3.4,284.49,0.76,2.96,71.5,2.22,7,0,0.0,Roorkee & Haridwar Hydro-Meteorological Station Dataset
BHEL Ranipur Township,ZONE-HW03,Ward 22,0.0,0.0,0.0,0.0,285.07,0.79,2.97,71.5,2.22,7,0,0.0,Roorkee & Haridwar Hydro-Meteorological Station Dataset
BHEL Ranipur Township,ZONE-HW03,Ward 22,0.0,0.0,0.0,0.0,284.87,0.71,2.98,69.8,2.24,7,0,0.0,Roorkee & Haridwar Hydro-Meteorological Station Dataset
BHEL Ranipur Township,ZONE-HW03,Ward 22,0.0,0.0,0.0,6.2,284.83,0.72,2.94,69.4,2.15,7,0,0.0,Roorkee & Haridwar Hydro-Meteorological Station Dataset
BHEL Ranipur Township,ZONE-HW03,Ward 22,0.0,0.0,0.0,0.0,284.9,0.65,3.01,71.3,2.22,7,0,0.0,Roorkee & Haridwar Hydro-Meteorological Station Dataset
BHEL Ranipur Township,ZONE-HW03,Ward 22,0.0,0.0,0.0,0.0,284.94,0.69,2.94,69.6,2.15,7,0,0.0,Roorkee & Haridwar Hydro-Meteorological Station Dataset
BHEL Ranipur Township,ZONE-HW03,Ward 22,0.0,0.0,0.0,10.5,285.35,0.74,3.06,69.3,2.19,7,0,0.0,Roorkee & Haridwar Hydro-Meteorological Station Dataset
BHEL Ranipur Township,ZONE-HW03,Ward 22,0.0,0.0,0.0,19.0,285.15,0.74,3.07,70.0,2.14,7,0,0.0,Roorkee & Haridwar Hydro-Meteorological Station Dataset
BHEL Ranipur Township,ZONE-HW03,Ward 22,0.0,0.0,0.0,5.4,285.27,0.62,2.91,69.8,2.16,7,0,0.0,Roorkee & Haridwar Hydro-Meteorological Station Dataset
Kankhal Heritage Zone,ZONE-HW04,Ward 09,44.7,130.0,336.4,184.9,288.21,0.37,1.86,88.7,0.38,12,1,68.7,Roorkee & Haridwar Hydro-Meteorological Station Dataset
Kankhal Heritage Zone,ZONE-HW04,Ward 09,45.7,148.2,357.3,175.8,288.04,0.43,1.74,90.2,0.4,12,1,69.8,Roorkee & Haridwar Hydro-Meteorological Station Dataset
Kankhal Heritage Zone,ZONE-HW04,Ward 09,41.6,140.0,376.5,198.8,287.92,0.39,1.74,90.3,0.38,12,1,69.1,Roorkee & Haridwar Hydro-Meteorological Station Dataset
Kankhal Heritage Zone,ZONE-HW04,Ward 09,46.0,162.9,404.2,175.9,287.98,0.43,1.67,90.0,0.41,12,1,68.9,Roorkee & Haridwar Hydro-Meteorological Station Dataset
Kankhal Heritage Zone,ZONE-HW04,Ward 09,41.6,130.1,342.7,180.7,288.15,0.41,1.81,87.6,0.4,12,1,68.6,Roorkee & Haridwar Hydro-Meteorological Station Dataset
Kankhal Heritage Zone,ZONE-HW04,Ward 09,40.6,152.7,341.3,189.7,287.93,0.45,1.69,88.5,0.42,12,1,69.6,Roorkee & Haridwar Hydro-Meteorological Station Dataset
Kankhal Heritage Zone,ZONE-HW04,Ward 09,42.3,172.0,358.0,192.4,288.17,0.46,1.7,87.3,0.36,12,1,68.4,Roorkee & Haridwar Hydro-Meteorological Station Dataset
Kankhal Heritage Zone,ZONE-HW04,Ward 09,38.7,168.2,410.4,190.0,287.95,0.46,1.66,88.7,0.35,12,1,65.0,Roorkee & Haridwar Hydro-Meteorological Station Dataset
Kankhal Heritage Zone,ZONE-HW04,Ward 09,39.5,170.3,382.7,183.0,288.07,0.46,1.77,88.8,0.38,12,1,65.7,Roorkee & Haridwar Hydro-Meteorological Station Dataset
Kankhal Heritage Zone,ZONE-HW04,Ward 09,43.4,148.4,362.2,189.8,288.12,0.32,1.6,86.6,0.46,12,1,68.0,Roorkee & Haridwar Hydro-Meteorological Station Dataset
Kankhal Heritage Zone,ZONE-HW04,Ward 09,47.7,157.3,353.5,194.5,288.1,0.42,1.73,88.9,0.45,12,1,65.0,Roorkee & Haridwar Hydro-Meteorological Station Dataset
Kankhal Heritage Zone,ZONE-HW04,Ward 09,42.0,176.7,322.4,191.7,287.93,0.51,1.88,86.5,0.35,12,1,65.3,Roorkee & Haridwar Hydro-Meteorological Station Dataset
Kankhal Heritage Zone,ZONE-HW04,Ward 09,46.6,161.9,294.9,201.9,288.04,0.47,1.79,88.4,0.4,12,1,64.2,Roorkee & Haridwar Hydro-Meteorological Station Dataset
Kankhal Heritage Zone,ZONE-HW04,Ward 09,40.9,174.0,377.6,184.4,288.07,0.33,1.79,88.2,0.42,12,1,66.6,Roorkee & Haridwar Hydro-Meteorological Station Dataset
Kankhal Heritage Zone,ZONE-HW04,Ward 09,44.4,180.3,345.9,191.1,288.04,0.42,1.69,89.4,0.39,12,1,68.3,Roorkee & Haridwar Hydro-Meteorological Station Dataset
Kankhal Heritage Zone,ZONE-HW04,Ward 09,37.7,141.8,346.4,195.8,287.92,0.41,1.73,88.5,0.43,12,1,68.1,Roorkee & Haridwar Hydro-Meteorological Station Dataset
Kankhal Heritage Zone,ZONE-HW04,Ward 09,43.8,171.1,443.2,191.4,287.95,0.42,1.71,88.6,0.4,12,1,64.4,Roorkee & Haridwar Hydro-Meteorological Station Dataset
Kankhal Heritage Zone,ZONE-HW04,Ward 09,44.6,123.8,310.9,194.9,287.95,0.43,1.63,89.8,0.39,12,1,66.7,Roorkee & Haridwar Hydro-Meteorological Station Dataset
Kankhal Heritage Zone,ZONE-HW04,Ward 09,44.9,157.3,349.8,186.2,288.06,0.36,1.7,88.1,0.38,12,1,67.8,Roorkee & Haridwar Hydro-Meteorological Station Dataset
Kankhal Heritage Zone,ZONE-HW04,Ward 09,34.2,158.5,357.2,176.3,288.14,0.42,1.52,88.3,0.39,12,1,67.8,Roorkee & Haridwar Hydro-Meteorological Station Dataset
Kankhal Heritage Zone,ZONE-HW04,Ward 09,39.1,169.5,333.9,176.4,288.2,0.44,1.71,89.3,0.38,12,1,68.8,Roorkee & Haridwar Hydro-Meteorological Station Dataset
Kankhal Heritage Zone,ZONE-HW04,Ward 09,46.3,154.1,391.8,198.2,288.04,0.36,1.62,89.8,0.45,12,1,69.3,Roorkee & Haridwar Hydro-Meteorological Station Dataset
Kankhal Heritage Zone,ZONE-HW04,Ward 09,42.7,166.1,421.0,179.9,288.19,0.45,1.62,87.4,0.41,12,1,69.5,Roorkee & Haridwar Hydro-Meteorological Station Dataset
Kankhal Heritage Zone,ZONE-HW04,Ward 09,46.3,163.0,405.1,186.1,287.93,0.49,1.7,88.6,0.43,12,1,65.2,Roorkee & Haridwar Hydro-Meteorological Station Dataset
Kankhal Heritage Zone,ZONE-HW04,Ward 09,41.8,169.8,408.6,173.6,287.91,0.39,1.71,89.0,0.43,12,1,68.4,Roorkee & Haridwar Hydro-Meteorological Station Dataset
Kankhal Heritage Zone,ZONE-HW04,Ward 09,46.1,172.4,366.3,203.2,288.1,0.43,1.64,88.8,0.4,12,1,66.5,Roorkee & Haridwar Hydro-Meteorological Station Dataset
Kankhal Heritage Zone,ZONE-HW04,Ward 09,39.6,160.5,384.0,194.6,287.92,0.37,1.67,90.5,0.41,12,1,64.3,Roorkee & Haridwar Hydro-Meteorological Station Dataset
Kankhal Heritage Zone,ZONE-HW04,Ward 09,39.4,180.3,375.5,211.0,287.82,0.4,1.68,89.4,0.37,12,1,65.3,Roorkee & Haridwar Hydro-Meteorological Station Dataset
Kankhal Heritage Zone,ZONE-HW04,Ward 09,45.2,129.9,401.0,192.7,288.2,0.44,1.77,90.1,0.38,12,1,69.8,Roorkee & Haridwar Hydro-Meteorological Station Dataset
Kankhal Heritage Zone,ZONE-HW04,Ward 09,47.6,182.4,387.2,196.9,287.86,0.4,1.72,87.7,0.29,12,1,68.8,Roorkee & Haridwar Hydro-Meteorological Station Dataset
Kankhal Heritage Zone,ZONE-HW04,Ward 09,36.2,166.5,361.2,180.3,287.88,0.34,1.68,87.8,0.39,12,1,68.1,Roorkee & Haridwar Hydro-Meteorological Station Dataset
Kankhal Heritage Zone,ZONE-HW04,Ward 09,46.1,191.3,411.3,197.2,287.76,0.43,1.71,90.5,0.42,12,1,64.1,Roorkee & Haridwar Hydro-Meteorological Station Dataset
Kankhal Heritage Zone,ZONE-HW04,Ward 09,44.5,179.7,351.8,189.8,288.18,0.3,1.61,88.2,0.39,12,1,68.0,Roorkee & Haridwar Hydro-Meteorological Station Dataset
Kankhal Heritage Zone,ZONE-HW04,Ward 09,43.0,136.2,372.9,193.4,287.94,0.32,1.8,88.0,0.36,12,1,67.5,Roorkee & Haridwar Hydro-Meteorological Station Dataset
Kankhal Heritage Zone,ZONE-HW04,Ward 09,39.8,156.9,351.7,184.9,288.17,0.4,1.71,90.0,0.38,12,1,66.8,Roorkee & Haridwar Hydro-Meteorological Station Dataset
Kankhal Heritage Zone,ZONE-HW04,Ward 09,54.4,193.5,462.5,245.0,287.88,0.4,1.48,89.8,0.46,12,1,66.7,Roorkee & Haridwar Hydro-Meteorological Station Dataset
Kankhal Heritage Zone,ZONE-HW04,Ward 09,49.7,201.8,378.2,242.8,287.79,0.43,1.76,89.6,0.36,12,1,65.1,Roorkee & Haridwar Hydro-Meteorological Station Dataset
Kankhal Heritage Zone,ZONE-HW04,Ward 09,55.0,211.5,446.7,240.8,287.93,0.36,1.75,86.9,0.42,12,1,64.2,Roorkee & Haridwar Hydro-Meteorological Station Dataset
Kankhal Heritage Zone,ZONE-HW04,Ward 09,45.9,220.4,485.2,229.0,288.37,0.42,1.87,89.4,0.34,12,1,64.7,Roorkee & Haridwar Hydro-Meteorological Station Dataset
Kankhal Heritage Zone,ZONE-HW04,Ward 09,59.6,221.0,418.7,248.5,287.94,0.42,1.64,91.2,0.32,12,1,64.9,Roorkee & Haridwar Hydro-Meteorological Station Dataset
Kankhal Heritage Zone,ZONE-HW04,Ward 09,55.6,194.7,452.2,239.6,288.01,0.37,1.61,86.1,0.41,12,1,65.7,Roorkee & Haridwar Hydro-Meteorological Station Dataset
Kankhal Heritage Zone,ZONE-HW04,Ward 09,51.6,198.4,413.6,261.3,287.95,0.45,1.64,89.3,0.41,12,1,69.1,Roorkee & Haridwar Hydro-Meteorological Station Dataset
Kankhal Heritage Zone,ZONE-HW04,Ward 09,52.7,243.0,551.2,235.3,287.75,0.33,1.74,90.1,0.41,12,1,67.9,Roorkee & Haridwar Hydro-Meteorological Station Dataset
Kankhal Heritage Zone,ZONE-HW04,Ward 09,66.4,221.2,390.9,245.2,288.02,0.36,1.68,90.6,0.4,12,1,66.1,Roorkee & Haridwar Hydro-Meteorological Station Dataset
Kankhal Heritage Zone,ZONE-HW04,Ward 09,52.3,198.9,379.5,244.2,288.14,0.41,1.6,87.2,0.37,12,1,68.2,Roorkee & Haridwar Hydro-Meteorological Station Dataset
Kankhal Heritage Zone,ZONE-HW04,Ward 09,49.3,217.5,496.3,247.3,288.1,0.43,1.65,87.7,0.49,12,1,64.8,Roorkee & Haridwar Hydro-Meteorological Station Dataset
Kankhal Heritage Zone,ZONE-HW04,Ward 09,53.4,197.2,487.3,235.2,288.14,0.41,1.81,89.1,0.35,12,1,69.2,Roorkee & Haridwar Hydro-Meteorological Station Dataset
Kankhal Heritage Zone,ZONE-HW04,Ward 09,45.7,194.4,547.1,233.0,288.18,0.4,1.63,89.3,0.39,12,1,66.5,Roorkee & Haridwar Hydro-Meteorological Station Dataset
Kankhal Heritage Zone,ZONE-HW04,Ward 09,58.8,247.2,521.3,237.1,287.9,0.35,1.61,88.4,0.37,12,1,68.0,Roorkee & Haridwar Hydro-Meteorological Station Dataset
Kankhal Heritage Zone,ZONE-HW04,Ward 09,47.8,226.7,459.2,236.1,288.14,0.36,1.83,90.7,0.37,12,1,66.1,Roorkee & Haridwar Hydro-Meteorological Station Dataset
Kankhal Heritage Zone,ZONE-HW04,Ward 09,47.7,199.1,509.4,244.3,288.32,0.35,1.61,87.8,0.43,12,1,69.5,Roorkee & Haridwar Hydro-Meteorological Station Dataset
Kankhal Heritage Zone,ZONE-HW04,Ward 09,56.1,225.1,554.5,235.6,288.3,0.43,1.83,91.0,0.45,12,1,68.0,Roorkee & Haridwar Hydro-Meteorological Station Dataset
Kankhal Heritage Zone,ZONE-HW04,Ward 09,49.6,202.5,455.8,230.4,288.07,0.34,1.63,90.1,0.41,12,1,69.4,Roorkee & Haridwar Hydro-Meteorological Station Dataset
Kankhal Heritage Zone,ZONE-HW04,Ward 09,46.5,182.5,539.1,236.0,287.96,0.46,1.78,87.7,0.41,12,1,65.2,Roorkee & Haridwar Hydro-Meteorological Station Dataset
Kankhal Heritage Zone,ZONE-HW04,Ward 09,56.7,157.0,399.9,242.8,288.04,0.42,1.69,88.7,0.36,12,1,69.0,Roorkee & Haridwar Hydro-Meteorological Station Dataset
Kankhal Heritage Zone,ZONE-HW04,Ward 09,49.2,196.5,523.8,239.1,288.03,0.37,1.73,87.5,0.41,12,1,64.6,Roorkee & Haridwar Hydro-Meteorological Station Dataset
Kankhal Heritage Zone,ZONE-HW04,Ward 09,50.2,233.3,447.2,222.9,288.36,0.45,1.66,88.2,0.38,12,1,67.3,Roorkee & Haridwar Hydro-Meteorological Station Dataset
Kankhal Heritage Zone,ZONE-HW04,Ward 09,49.0,187.8,528.3,245.6,287.99,0.4,1.58,87.1,0.39,12,1,68.0,Roorkee & Haridwar Hydro-Meteorological Station Dataset
Kankhal Heritage Zone,ZONE-HW04,Ward 09,52.4,193.6,431.6,234.8,288.31,0.38,1.68,88.7,0.35,12,1,65.4,Roorkee & Haridwar Hydro-Meteorological Station Dataset
Kankhal Heritage Zone,ZONE-HW04,Ward 09,60.0,180.6,535.5,247.2,287.63,0.39,1.75,88.6,0.37,12,1,66.2,Roorkee & Haridwar Hydro-Meteorological Station Dataset
Kankhal Heritage Zone,ZONE-HW04,Ward 09,49.3,187.9,456.9,254.4,288.18,0.4,1.79,89.0,0.3,12,1,66.8,Roorkee & Haridwar Hydro-Meteorological Station Dataset
Kankhal Heritage Zone,ZONE-HW04,Ward 09,60.6,229.8,522.8,243.0,287.93,0.38,1.63,89.4,0.46,12,1,68.2,Roorkee & Haridwar Hydro-Meteorological Station Dataset
Kankhal Heritage Zone,ZONE-HW04,Ward 09,56.6,231.9,492.4,244.7,288.04,0.36,1.68,88.2,0.38,12,1,66.5,Roorkee & Haridwar Hydro-Meteorological Station Dataset
Kankhal Heritage Zone,ZONE-HW04,Ward 09,60.2,188.1,444.0,240.4,288.23,0.37,1.7,88.2,0.39,12,1,65.1,Roorkee & Haridwar Hydro-Meteorological Station Dataset
Kankhal Heritage Zone,ZONE-HW04,Ward 09,63.7,189.6,529.4,253.2,288.07,0.45,1.79,88.4,0.42,12,1,66.7,Roorkee & Haridwar Hydro-Meteorological Station Dataset
Kankhal Heritage Zone,ZONE-HW04,Ward 09,58.1,201.9,528.8,242.2,287.81,0.46,1.58,87.8,0.32,12,1,68.7,Roorkee & Haridwar Hydro-Meteorological Station Dataset
Kankhal Heritage Zone,ZONE-HW04,Ward 09,57.2,196.6,473.0,238.3,287.77,0.35,1.77,89.1,0.44,12,1,66.9,Roorkee & Haridwar Hydro-Meteorological Station Dataset
Kankhal Heritage Zone,ZONE-HW04,Ward 09,47.1,199.1,433.7,238.0,287.94,0.41,1.62,88.6,0.42,12,1,69.0,Roorkee & Haridwar Hydro-Meteorological Station Dataset
Kankhal Heritage Zone,ZONE-HW04,Ward 09,56.2,253.7,492.2,239.3,288.11,0.52,1.68,89.8,0.4,12,1,67.0,Roorkee & Haridwar Hydro-Meteorological Station Dataset
Kankhal Heritage Zone,ZONE-HW04,Ward 09,55.2,227.6,512.4,232.7,288.29,0.42,1.75,89.8,0.35,12,1,69.8,Roorkee & Haridwar Hydro-Meteorological Station Dataset
Kankhal Heritage Zone,ZONE-HW04,Ward 09,36.6,130.7,283.4,107.1,287.66,0.39,1.66,88.1,0.43,12,1,66.6,Roorkee & Haridwar Hydro-Meteorological Station Dataset
Kankhal Heritage Zone,ZONE-HW04,Ward 09,40.5,111.3,226.9,120.5,287.78,0.43,1.7,89.1,0.37,12,1,68.3,Roorkee & Haridwar Hydro-Meteorological Station Dataset
Kankhal Heritage Zone,ZONE-HW04,Ward 09,28.1,134.2,289.0,109.6,287.89,0.4,1.63,89.6,0.43,12,1,68.4,Roorkee & Haridwar Hydro-Meteorological Station Dataset
Kankhal Heritage Zone,ZONE-HW04,Ward 09,32.8,128.6,288.5,104.4,288.08,0.44,1.66,90.3,0.46,12,1,69.1,Roorkee & Haridwar Hydro-Meteorological Station Dataset
Kankhal Heritage Zone,ZONE-HW04,Ward 09,35.8,148.0,312.3,112.7,287.83,0.45,1.82,87.1,0.39,12,1,68.1,Roorkee & Haridwar Hydro-Meteorological Station Dataset
Kankhal Heritage Zone,ZONE-HW04,Ward 09,37.6,111.0,300.1,103.9,288.13,0.42,1.78,89.2,0.34,12,1,65.2,Roorkee & Haridwar Hydro-Meteorological Station Dataset
Kankhal Heritage Zone,ZONE-HW04,Ward 09,36.6,108.4,295.0,109.1,288.25,0.46,1.51,89.3,0.4,12,1,65.1,Roorkee & Haridwar Hydro-Meteorological Station Dataset
Kankhal Heritage Zone,ZONE-HW04,Ward 09,36.8,130.5,252.2,105.2,288.19,0.42,1.68,90.2,0.26,12,1,69.6,Roorkee & Haridwar Hydro-Meteorological Station Dataset
Kankhal Heritage Zone,ZONE-HW04,Ward 09,34.0,121.4,276.7,107.3,288.32,0.36,1.9,88.0,0.44,12,1,66.2,Roorkee & Haridwar Hydro-Meteorological Station Dataset
Kankhal Heritage Zone,ZONE-HW04,Ward 09,39.0,113.1,285.2,120.4,288.25,0.37,1.71,89.2,0.44,12,1,69.9,Roorkee & Haridwar Hydro-Meteorological Station Dataset
Kankhal Heritage Zone,ZONE-HW04,Ward 09,36.2,109.2,307.3,107.6,287.7,0.37,1.75,89.9,0.41,12,1,68.0,Roorkee & Haridwar Hydro-Meteorological Station Dataset
Kankhal Heritage Zone,ZONE-HW04,Ward 09,31.7,121.9,326.7,116.0,287.96,0.37,1.49,88.8,0.44,12,1,69.3,Roorkee & Haridwar Hydro-Meteorological Station Dataset
Kankhal Heritage Zone,ZONE-HW04,Ward 09,29.2,138.2,311.4,114.2,287.96,0.41,1.53,91.4,0.4,12,1,65.7,Roorkee & Haridwar Hydro-Meteorological Station Dataset
Kankhal Heritage Zone,ZONE-HW04,Ward 09,35.7,126.1,311.2,118.3,288.26,0.39,1.85,89.6,0.4,12,1,65.2,Roorkee & Haridwar Hydro-Meteorological Station Dataset
Kankhal Heritage Zone,ZONE-HW04,Ward 09,35.9,138.4,259.6,124.7,288.02,0.44,1.59,87.7,0.4,12,1,64.4,Roorkee & Haridwar Hydro-Meteorological Station Dataset
Kankhal Heritage Zone,ZONE-HW04,Ward 09,30.9,141.2,290.6,118.9,287.93,0.37,1.97,88.6,0.39,12,1,66.0,Roorkee & Haridwar Hydro-Meteorological Station Dataset
Kankhal Heritage Zone,ZONE-HW04,Ward 09,35.2,114.5,245.8,105.6,288.07,0.46,1.73,89.2,0.4,12,1,69.7,Roorkee & Haridwar Hydro-Meteorological Station Dataset
Kankhal Heritage Zone,ZONE-HW04,Ward 09,34.3,100.5,309.7,109.5,288.3,0.41,1.66,87.1,0.29,12,1,69.8,Roorkee & Haridwar Hydro-Meteorological Station Dataset
Kankhal Heritage Zone,ZONE-HW04,Ward 09,39.3,124.9,319.4,99.0,287.49,0.33,1.81,88.5,0.34,12,1,68.0,Roorkee & Haridwar Hydro-Meteorological Station Dataset
Kankhal Heritage Zone,ZONE-HW04,Ward 09,37.8,150.3,298.7,105.0,287.92,0.45,1.6,88.6,0.4,12,1,68.8,Roorkee & Haridwar Hydro-Meteorological Station Dataset
Kankhal Heritage Zone,ZONE-HW04,Ward 09,36.0,127.9,324.0,97.8,288.11,0.4,1.69,90.5,0.34,12,1,66.7,Roorkee & Haridwar Hydro-Meteorological Station Dataset
Kankhal Heritage Zone,ZONE-HW04,Ward 09,35.5,134.6,286.7,104.8,288.22,0.39,1.88,88.9,0.42,12,1,68.9,Roorkee & Haridwar Hydro-Meteorological Station Dataset
Kankhal Heritage Zone,ZONE-HW04,Ward 09,36.5,128.8,344.8,111.3,288.2,0.39,1.71,87.4,0.38,12,1,64.3,Roorkee & Haridwar Hydro-Meteorological Station Dataset
Kankhal Heritage Zone,ZONE-HW04,Ward 09,32.8,115.5,315.0,109.3,287.98,0.44,1.72,89.7,0.45,12,1,67.6,Roorkee & Haridwar Hydro-Meteorological Station Dataset
Kankhal Heritage Zone,ZONE-HW04,Ward 09,32.8,111.9,315.6,102.8,287.97,0.41,1.8,90.5,0.39,12,1,66.8,Roorkee & Haridwar Hydro-Meteorological Station Dataset
Kankhal Heritage Zone,ZONE-HW04,Ward 09,35.5,149.0,304.2,127.9,287.69,0.45,1.59,87.3,0.37,12,1,69.4,Roorkee & Haridwar Hydro-Meteorological Station Dataset
Kankhal Heritage Zone,ZONE-HW04,Ward 09,28.8,112.7,287.9,119.7,288.1,0.39,1.64,89.6,0.48,12,1,64.0,Roorkee & Haridwar Hydro-Meteorological Station Dataset
Kankhal Heritage Zone,ZONE-HW04,Ward 09,30.4,133.5,284.9,109.9,288.06,0.39,1.67,88.5,0.44,12,1,66.6,Roorkee & Haridwar Hydro-Meteorological Station Dataset
Kankhal Heritage Zone,ZONE-HW04,Ward 09,31.7,126.6,234.3,117.4,287.92,0.39,1.87,88.0,0.39,12,1,65.8,Roorkee & Haridwar Hydro-Meteorological Station Dataset
Kankhal Heritage Zone,ZONE-HW04,Ward 09,33.6,118.6,269.7,105.1,288.45,0.41,1.7,90.0,0.35,12,1,68.5,Roorkee & Haridwar Hydro-Meteorological Station Dataset
Kankhal Heritage Zone,ZONE-HW04,Ward 09,37.3,146.6,284.1,110.7,288.21,0.42,1.66,90.6,0.32,12,1,69.3,Roorkee & Haridwar Hydro-Meteorological Station Dataset
Kankhal Heritage Zone,ZONE-HW04,Ward 09,38.2,140.0,288.9,112.3,287.61,0.42,1.75,89.9,0.39,12,1,65.7,Roorkee & Haridwar Hydro-Meteorological Station Dataset
Kankhal Heritage Zone,ZONE-HW04,Ward 09,33.5,121.3,253.8,120.1,288.21,0.36,1.74,88.6,0.36,12,1,68.0,Roorkee & Haridwar Hydro-Meteorological Station Dataset
Kankhal Heritage Zone,ZONE-HW04,Ward 09,38.3,126.4,277.2,106.6,288.4,0.39,1.83,88.9,0.37,12,1,65.8,Roorkee & Haridwar Hydro-Meteorological Station Dataset
Kankhal Heritage Zone,ZONE-HW04,Ward 09,42.4,136.4,254.9,121.1,288.36,0.42,1.72,90.7,0.42,12,1,67.4,Roorkee & Haridwar Hydro-Meteorological Station Dataset
Kankhal Heritage Zone,ZONE-HW04,Ward 09,24.0,86.9,192.1,84.0,288.35,0.46,1.81,88.1,0.42,12,1,66.7,Roorkee & Haridwar Hydro-Meteorological Station Dataset
Kankhal Heritage Zone,ZONE-HW04,Ward 09,22.9,86.6,192.7,76.2,288.23,0.35,1.91,89.6,0.33,12,1,68.4,Roorkee & Haridwar Hydro-Meteorological Station Dataset
Kankhal Heritage Zone,ZONE-HW04,Ward 09,24.8,73.0,227.6,75.5,288.3,0.37,1.76,88.7,0.4,12,1,69.3,Roorkee & Haridwar Hydro-Meteorological Station Dataset
Kankhal Heritage Zone,ZONE-HW04,Ward 09,25.2,93.6,188.1,89.0,288.11,0.49,1.64,89.5,0.34,12,1,66.8,Roorkee & Haridwar Hydro-Meteorological Station Dataset
Kankhal Heritage Zone,ZONE-HW04,Ward 09,25.0,93.3,229.6,88.9,287.88,0.41,1.84,86.9,0.41,12,1,65.6,Roorkee & Haridwar Hydro-Meteorological Station Dataset
Kankhal Heritage Zone,ZONE-HW04,Ward 09,21.6,90.9,183.4,93.2,288.28,0.42,1.82,87.7,0.41,12,1,65.1,Roorkee & Haridwar Hydro-Meteorological Station Dataset
Kankhal Heritage Zone,ZONE-HW04,Ward 09,26.3,96.2,223.0,88.4,288.1,0.36,1.83,88.5,0.36,12,1,65.2,Roorkee & Haridwar Hydro-Meteorological Station Dataset
Kankhal Heritage Zone,ZONE-HW04,Ward 09,28.9,69.9,205.1,72.9,288.22,0.3,1.76,91.1,0.38,12,1,63.3,Roorkee & Haridwar Hydro-Meteorological Station Dataset
Kankhal Heritage Zone,ZONE-HW04,Ward 09,29.2,83.2,196.7,78.0,288.1,0.44,1.67,86.8,0.42,12,1,63.6,Roorkee & Haridwar Hydro-Meteorological Station Dataset
Kankhal Heritage Zone,ZONE-HW04,Ward 09,21.4,111.5,193.9,86.4,288.25,0.47,1.79,88.3,0.4,12,1,67.8,Roorkee & Haridwar Hydro-Meteorological Station Dataset
Kankhal Heritage Zone,ZONE-HW04,Ward 09,23.7,77.1,182.7,91.7,287.9,0.41,1.65,89.1,0.36,12,1,67.8,Roorkee & Haridwar Hydro-Meteorological Station Dataset
Kankhal Heritage Zone,ZONE-HW04,Ward 09,28.4,78.7,176.0,82.3,287.8,0.5,1.75,88.5,0.29,12,1,65.6,Roorkee & Haridwar Hydro-Meteorological Station Dataset
Kankhal Heritage Zone,ZONE-HW04,Ward 09,22.8,93.4,190.5,64.8,288.17,0.38,1.68,88.7,0.32,12,1,64.1,Roorkee & Haridwar Hydro-Meteorological Station Dataset
Kankhal Heritage Zone,ZONE-HW04,Ward 09,26.3,83.6,220.7,82.1,288.04,0.34,1.82,90.5,0.46,12,1,66.6,Roorkee & Haridwar Hydro-Meteorological Station Dataset
Kankhal Heritage Zone,ZONE-HW04,Ward 09,23.9,101.7,207.3,81.6,287.94,0.48,1.63,89.2,0.44,12,1,64.3,Roorkee & Haridwar Hydro-Meteorological Station Dataset
Kankhal Heritage Zone,ZONE-HW04,Ward 09,24.7,83.9,210.7,66.5,287.96,0.38,1.6,89.2,0.35,12,1,64.0,Roorkee & Haridwar Hydro-Meteorological Station Dataset
Kankhal Heritage Zone,ZONE-HW04,Ward 09,24.2,84.2,194.0,83.4,288.04,0.39,1.65,88.9,0.31,12,1,67.2,Roorkee & Haridwar Hydro-Meteorological Station Dataset
Kankhal Heritage Zone,ZONE-HW04,Ward 09,27.7,93.7,210.7,78.4,287.82,0.4,1.85,89.5,0.4,12,1,67.4,Roorkee & Haridwar Hydro-Meteorological Station Dataset
Kankhal Heritage Zone,ZONE-HW04,Ward 09,31.9,96.8,207.0,66.8,288.02,0.47,1.78,88.0,0.4,12,1,68.4,Roorkee & Haridwar Hydro-Meteorological Station Dataset
Kankhal Heritage Zone,ZONE-HW04,Ward 09,24.8,94.8,198.6,72.9,288.0,0.36,1.4,91.1,0.35,12,1,68.2,Roorkee & Haridwar Hydro-Meteorological Station Dataset
Kankhal Heritage Zone,ZONE-HW04,Ward 09,24.4,87.0,189.5,82.1,288.2,0.36,1.72,89.5,0.42,12,1,68.4,Roorkee & Haridwar Hydro-Meteorological Station Dataset
Kankhal Heritage Zone,ZONE-HW04,Ward 09,21.7,101.1,205.2,88.0,288.07,0.43,1.55,89.2,0.38,12,1,66.3,Roorkee & Haridwar Hydro-Meteorological Station Dataset
Kankhal Heritage Zone,ZONE-HW04,Ward 09,21.4,90.1,188.4,97.3,288.28,0.38,1.61,88.1,0.44,12,1,67.8,Roorkee & Haridwar Hydro-Meteorological Station Dataset
Kankhal Heritage Zone,ZONE-HW04,Ward 09,19.1,73.8,203.1,91.7,288.16,0.45,1.71,87.5,0.46,12,1,68.1,Roorkee & Haridwar Hydro-Meteorological Station Dataset
Kankhal Heritage Zone,ZONE-HW04,Ward 09,25.2,86.7,169.0,74.1,287.89,0.39,1.68,87.6,0.49,12,1,62.8,Roorkee & Haridwar Hydro-Meteorological Station Dataset
Kankhal Heritage Zone,ZONE-HW04,Ward 09,23.3,104.3,208.3,73.1,288.11,0.4,1.49,89.5,0.4,12,1,68.5,Roorkee & Haridwar Hydro-Meteorological Station Dataset
Kankhal Heritage Zone,ZONE-HW04,Ward 09,20.4,82.0,221.1,83.6,288.07,0.4,1.64,89.9,0.4,12,1,64.9,Roorkee & Haridwar Hydro-Meteorological Station Dataset
Kankhal Heritage Zone,ZONE-HW04,Ward 09,23.8,92.8,238.9,82.7,288.26,0.39,1.69,88.3,0.43,12,1,68.4,Roorkee & Haridwar Hydro-Meteorological Station Dataset
Kankhal Heritage Zone,ZONE-HW04,Ward 09,23.4,89.7,213.9,81.6,288.21,0.4,1.58,89.4,0.38,12,1,67.0,Roorkee & Haridwar Hydro-Meteorological Station Dataset
Kankhal Heritage Zone,ZONE-HW04,Ward 09,27.5,78.1,200.4,76.3,287.85,0.4,1.75,89.6,0.43,12,1,64.0,Roorkee & Haridwar Hydro-Meteorological Station Dataset
Kankhal Heritage Zone,ZONE-HW04,Ward 09,23.8,70.0,218.7,80.5,288.09,0.47,1.59,89.7,0.45,12,1,65.3,Roorkee & Haridwar Hydro-Meteorological Station Dataset
Kankhal Heritage Zone,ZONE-HW04,Ward 09,21.2,105.0,222.1,79.1,287.88,0.4,1.74,88.2,0.34,12,1,66.0,Roorkee & Haridwar Hydro-Meteorological Station Dataset
Kankhal Heritage Zone,ZONE-HW04,Ward 09,24.4,93.0,170.6,88.5,287.94,0.41,1.73,88.1,0.43,12,1,64.2,Roorkee & Haridwar Hydro-Meteorological Station Dataset
Kankhal Heritage Zone,ZONE-HW04,Ward 09,23.8,92.2,194.6,90.0,288.07,0.43,1.77,89.5,0.39,12,1,66.7,Roorkee & Haridwar Hydro-Meteorological Station Dataset
Kankhal Heritage Zone,ZONE-HW04,Ward 09,25.8,82.7,186.9,78.5,287.83,0.39,1.67,88.7,0.37,12,1,68.4,Roorkee & Haridwar Hydro-Meteorological Station Dataset
Kankhal Heritage Zone,ZONE-HW04,Ward 09,18.5,62.3,114.7,49.0,288.28,0.43,1.83,88.9,0.4,12,1,30.8,Roorkee & Haridwar Hydro-Meteorological Station Dataset
Kankhal Heritage Zone,ZONE-HW04,Ward 09,17.4,73.8,151.9,46.0,288.14,0.55,1.66,88.5,0.38,12,1,55.1,Roorkee & Haridwar Hydro-Meteorological Station Dataset
Kankhal Heritage Zone,ZONE-HW04,Ward 09,18.6,62.8,137.2,58.3,287.59,0.34,1.76,87.8,0.42,12,1,50.9,Roorkee & Haridwar Hydro-Meteorological Station Dataset
Kankhal Heritage Zone,ZONE-HW04,Ward 09,16.1,55.8,142.8,44.6,288.01,0.4,1.58,89.1,0.41,12,1,52.2,Roorkee & Haridwar Hydro-Meteorological Station Dataset
Kankhal Heritage Zone,ZONE-HW04,Ward 09,14.9,69.1,137.1,40.1,288.0,0.39,1.74,90.0,0.32,12,1,52.0,Roorkee & Haridwar Hydro-Meteorological Station Dataset
Kankhal Heritage Zone,ZONE-HW04,Ward 09,19.0,58.5,148.9,59.5,288.14,0.4,1.81,89.1,0.39,12,1,55.2,Roorkee & Haridwar Hydro-Meteorological Station Dataset
Kankhal Heritage Zone,ZONE-HW04,Ward 09,17.2,69.9,153.4,63.3,287.99,0.36,1.64,88.3,0.42,12,1,61.7,Roorkee & Haridwar Hydro-Meteorological Station Dataset
Kankhal Heritage Zone,ZONE-HW04,Ward 09,16.2,63.6,147.5,64.8,288.02,0.4,1.78,89.3,0.4,12,1,58.0,Roorkee & Haridwar Hydro-Meteorological Station Dataset
Kankhal Heritage Zone,ZONE-HW04,Ward 09,17.6,58.0,128.4,62.1,288.42,0.33,1.73,87.1,0.38,12,1,46.4,Roorkee & Haridwar Hydro-Meteorological Station Dataset
Kankhal Heritage Zone,ZONE-HW04,Ward 09,16.3,70.9,157.3,47.8,287.95,0.34,1.79,87.9,0.4,12,1,56.7,Roorkee & Haridwar Hydro-Meteorological Station Dataset
Kankhal Heritage Zone,ZONE-HW04,Ward 09,18.9,62.9,128.9,43.1,287.57,0.5,1.58,91.1,0.44,12,1,41.5,Roorkee & Haridwar Hydro-Meteorological Station Dataset
Kankhal Heritage Zone,ZONE-HW04,Ward 09,15.3,63.0,135.3,38.3,287.58,0.43,1.58,89.3,0.35,12,1,49.2,Roorkee & Haridwar Hydro-Meteorological Station Dataset
Kankhal Heritage Zone,ZONE-HW04,Ward 09,17.7,51.4,166.1,45.3,287.95,0.41,1.71,90.2,0.45,12,1,59.4,Roorkee & Haridwar Hydro-Meteorological Station Dataset
Kankhal Heritage Zone,ZONE-HW04,Ward 09,18.0,60.8,122.6,53.0,287.91,0.38,1.82,89.7,0.41,12,1,38.0,Roorkee & Haridwar Hydro-Meteorological Station Dataset
Kankhal Heritage Zone,ZONE-HW04,Ward 09,16.7,78.2,113.3,48.5,287.99,0.35,1.7,90.3,0.43,12,1,39.2,Roorkee & Haridwar Hydro-Meteorological Station Dataset
Kankhal Heritage Zone,ZONE-HW04,Ward 09,19.5,64.4,145.1,50.7,288.2,0.37,1.79,88.3,0.42,12,1,51.3,Roorkee & Haridwar Hydro-Meteorological Station Dataset
Kankhal Heritage Zone,ZONE-HW04,Ward 09,18.4,75.9,135.6,46.2,288.11,0.41,1.68,91.0,0.4,12,1,53.7,Roorkee & Haridwar Hydro-Meteorological Station Dataset
Kankhal Heritage Zone,ZONE-HW04,Ward 09,17.8,66.1,131.8,51.7,288.15,0.45,1.85,88.7,0.41,12,1,45.0,Roorkee & Haridwar Hydro-Meteorological Station Dataset
Kankhal Heritage Zone,ZONE-HW04,Ward 09,17.7,54.7,152.0,66.8,287.97,0.39,1.66,88.4,0.42,12,1,55.7,Roorkee & Haridwar Hydro-Meteorological Station Dataset
Kankhal Heritage Zone,ZONE-HW04,Ward 09,19.6,81.9,135.0,65.4,288.02,0.46,1.69,90.8,0.38,12,1,54.2,Roorkee & Haridwar Hydro-Meteorological Station Dataset
Kankhal Heritage Zone,ZONE-HW04,Ward 09,22.4,62.2,145.8,56.5,288.07,0.43,1.58,87.3,0.37,12,1,57.4,Roorkee & Haridwar Hydro-Meteorological Station Dataset
Kankhal Heritage Zone,ZONE-HW04,Ward 09,17.5,67.5,133.8,42.0,287.99,0.33,1.8,88.2,0.45,12,1,44.1,Roorkee & Haridwar Hydro-Meteorological Station Dataset
Kankhal Heritage Zone,ZONE-HW04,Ward 09,17.0,66.7,144.4,54.0,287.88,0.42,1.69,89.5,0.38,12,1,52.3,Roorkee & Haridwar Hydro-Meteorological Station Dataset
Kankhal Heritage Zone,ZONE-HW04,Ward 09,20.5,67.9,137.2,51.7,288.23,0.38,1.81,89.6,0.42,12,1,51.2,Roorkee & Haridwar Hydro-Meteorological Station Dataset
Kankhal Heritage Zone,ZONE-HW04,Ward 09,17.9,58.7,120.2,50.0,288.33,0.37,1.7,90.3,0.44,12,1,34.1,Roorkee & Haridwar Hydro-Meteorological Station Dataset
Kankhal Heritage Zone,ZONE-HW04,Ward 09,19.8,54.1,174.5,55.6,288.29,0.41,1.77,89.7,0.39,12,1,61.9,Roorkee & Haridwar Hydro-Meteorological Station Dataset
Kankhal Heritage Zone,ZONE-HW04,Ward 09,19.6,69.1,150.3,55.4,287.97,0.47,1.66,89.5,0.38,12,1,56.2,Roorkee & Haridwar Hydro-Meteorological Station Dataset
Kankhal Heritage Zone,ZONE-HW04,Ward 09,17.0,61.4,149.0,59.5,288.0,0.45,1.65,91.0,0.42,12,1,54.2,Roorkee & Haridwar Hydro-Meteorological Station Dataset
Kankhal Heritage Zone,ZONE-HW04,Ward 09,18.4,62.5,126.3,44.6,288.08,0.39,1.58,89.3,0.41,12,1,41.5,Roorkee & Haridwar Hydro-Meteorological Station Dataset
Kankhal Heritage Zone,ZONE-HW04,Ward 09,19.3,63.9,159.8,56.0,288.04,0.46,1.59,87.8,0.39,12,1,59.9,Roorkee & Haridwar Hydro-Meteorological Station Dataset
Kankhal Heritage Zone,ZONE-HW04,Ward 09,19.6,59.7,138.1,47.0,287.94,0.39,1.75,89.8,0.39,12,1,46.7,Roorkee & Haridwar Hydro-Meteorological Station Dataset
Kankhal Heritage Zone,ZONE-HW04,Ward 09,19.9,56.2,122.4,47.3,287.88,0.42,1.64,87.8,0.48,12,1,34.3,Roorkee & Haridwar Hydro-Meteorological Station Dataset
Kankhal Heritage Zone,ZONE-HW04,Ward 09,19.2,75.1,135.4,44.5,287.89,0.4,1.71,88.4,0.41,12,1,48.8,Roorkee & Haridwar Hydro-Meteorological Station Dataset
Kankhal Heritage Zone,ZONE-HW04,Ward 09,19.4,64.9,151.2,48.3,288.23,0.41,1.61,89.2,0.43,12,1,52.9,Roorkee & Haridwar Hydro-Meteorological Station Dataset
Kankhal Heritage Zone,ZONE-HW04,Ward 09,19.6,60.9,146.1,48.8,288.18,0.4,1.74,89.0,0.36,12,1,52.0,Roorkee & Haridwar Hydro-Meteorological Station Dataset
Kankhal Heritage Zone,ZONE-HW04,Ward 09,10.4,46.0,98.3,41.5,287.53,0.43,1.72,88.4,0.42,12,0,0.0,Roorkee & Haridwar Hydro-Meteorological Station Dataset
Kankhal Heritage Zone,ZONE-HW04,Ward 09,11.1,49.4,89.7,29.3,287.83,0.37,1.99,86.8,0.4,12,0,0.0,Roorkee & Haridwar Hydro-Meteorological Station Dataset
Kankhal Heritage Zone,ZONE-HW04,Ward 09,10.7,46.5,115.2,37.9,287.8,0.4,1.78,90.6,0.48,12,0,0.0,Roorkee & Haridwar Hydro-Meteorological Station Dataset
Kankhal Heritage Zone,ZONE-HW04,Ward 09,13.0,47.5,91.8,48.4,287.95,0.49,1.73,89.1,0.37,12,0,0.0,Roorkee & Haridwar Hydro-Meteorological Station Dataset
Kankhal Heritage Zone,ZONE-HW04,Ward 09,11.8,47.0,101.9,32.9,287.81,0.39,1.62,89.6,0.38,12,0,0.0,Roorkee & Haridwar Hydro-Meteorological Station Dataset
Kankhal Heritage Zone,ZONE-HW04,Ward 09,12.8,48.0,94.1,21.1,287.67,0.4,1.61,88.1,0.41,12,0,0.0,Roorkee & Haridwar Hydro-Meteorological Station Dataset
Kankhal Heritage Zone,ZONE-HW04,Ward 09,12.8,41.6,100.1,33.1,288.1,0.44,1.77,88.8,0.48,12,0,0.0,Roorkee & Haridwar Hydro-Meteorological Station Dataset
Kankhal Heritage Zone,ZONE-HW04,Ward 09,13.2,48.0,95.0,18.0,288.03,0.39,1.65,89.5,0.42,12,0,0.0,Roorkee & Haridwar Hydro-Meteorological Station Dataset
Kankhal Heritage Zone,ZONE-HW04,Ward 09,10.5,42.9,95.9,18.5,288.11,0.36,1.68,89.9,0.38,12,0,0.0,Roorkee & Haridwar Hydro-Meteorological Station Dataset
Kankhal Heritage Zone,ZONE-HW04,Ward 09,12.8,44.3,87.6,30.9,288.0,0.47,1.89,89.8,0.45,12,0,0.0,Roorkee & Haridwar Hydro-Meteorological Station Dataset
Kankhal Heritage Zone,ZONE-HW04,Ward 09,11.5,47.5,85.5,40.7,287.78,0.43,1.67,87.8,0.4,12,0,0.0,Roorkee & Haridwar Hydro-Meteorological Station Dataset
Kankhal Heritage Zone,ZONE-HW04,Ward 09,11.8,47.4,93.0,36.7,287.94,0.41,1.73,89.6,0.37,12,0,0.0,Roorkee & Haridwar Hydro-Meteorological Station Dataset
Kankhal Heritage Zone,ZONE-HW04,Ward 09,11.7,37.9,81.3,22.2,288.07,0.46,1.72,89.9,0.35,12,0,0.0,Roorkee & Haridwar Hydro-Meteorological Station Dataset
Kankhal Heritage Zone,ZONE-HW04,Ward 09,13.7,48.7,93.7,24.3,287.91,0.32,1.62,88.8,0.42,12,0,0.0,Roorkee & Haridwar Hydro-Meteorological Station Dataset
Kankhal Heritage Zone,ZONE-HW04,Ward 09,10.9,44.5,89.1,24.0,287.68,0.36,1.53,90.3,0.45,12,0,0.0,Roorkee & Haridwar Hydro-Meteorological Station Dataset
Kankhal Heritage Zone,ZONE-HW04,Ward 09,10.5,47.4,79.6,17.4,288.17,0.44,1.53,89.7,0.38,12,0,0.0,Roorkee & Haridwar Hydro-Meteorological Station Dataset
Kankhal Heritage Zone,ZONE-HW04,Ward 09,14.1,45.4,100.9,35.1,288.17,0.36,1.76,90.1,0.33,12,0,0.0,Roorkee & Haridwar Hydro-Meteorological Station Dataset
Kankhal Heritage Zone,ZONE-HW04,Ward 09,9.7,47.0,107.0,27.4,287.73,0.33,1.77,90.7,0.38,12,0,0.0,Roorkee & Haridwar Hydro-Meteorological Station Dataset
Kankhal Heritage Zone,ZONE-HW04,Ward 09,11.7,43.9,91.7,47.1,288.11,0.43,1.98,90.0,0.32,12,0,0.0,Roorkee & Haridwar Hydro-Meteorological Station Dataset
Kankhal Heritage Zone,ZONE-HW04,Ward 09,10.9,43.4,99.6,32.2,287.82,0.4,1.48,86.4,0.37,12,0,0.0,Roorkee & Haridwar Hydro-Meteorological Station Dataset
Kankhal Heritage Zone,ZONE-HW04,Ward 09,11.6,47.0,87.7,31.9,288.09,0.43,1.72,89.7,0.48,12,0,0.0,Roorkee & Haridwar Hydro-Meteorological Station Dataset
Kankhal Heritage Zone,ZONE-HW04,Ward 09,11.0,51.2,112.2,21.4,288.16,0.42,1.71,87.0,0.41,12,0,0.0,Roorkee & Haridwar Hydro-Meteorological Station Dataset
Kankhal Heritage Zone,ZONE-HW04,Ward 09,13.3,29.5,93.5,26.4,288.19,0.38,1.71,90.6,0.4,12,0,0.0,Roorkee & Haridwar Hydro-Meteorological Station Dataset
Kankhal Heritage Zone,ZONE-HW04,Ward 09,13.7,45.5,92.0,25.4,288.22,0.43,1.74,87.9,0.44,12,0,0.0,Roorkee & Haridwar Hydro-Meteorological Station Dataset
Kankhal Heritage Zone,ZONE-HW04,Ward 09,14.9,51.9,110.9,34.1,287.79,0.44,1.52,88.8,0.41,12,0,0.0,Roorkee & Haridwar Hydro-Meteorological Station Dataset
Kankhal Heritage Zone,ZONE-HW04,Ward 09,11.3,53.3,104.1,28.9,287.87,0.45,1.7,88.0,0.41,12,0,0.0,Roorkee & Haridwar Hydro-Meteorological Station Dataset
Kankhal Heritage Zone,ZONE-HW04,Ward 09,11.3,45.7,93.0,27.7,287.89,0.37,1.74,89.3,0.35,12,0,0.0,Roorkee & Haridwar Hydro-Meteorological Station Dataset
Kankhal Heritage Zone,ZONE-HW04,Ward 09,13.9,45.5,99.9,19.7,288.39,0.38,1.82,88.1,0.41,12,0,0.0,Roorkee & Haridwar Hydro-Meteorological Station Dataset
Kankhal Heritage Zone,ZONE-HW04,Ward 09,12.0,52.9,100.2,37.7,288.23,0.35,1.68,90.2,0.39,12,0,0.0,Roorkee & Haridwar Hydro-Meteorological Station Dataset
Kankhal Heritage Zone,ZONE-HW04,Ward 09,13.0,40.5,90.4,22.2,287.88,0.38,1.81,90.0,0.43,12,0,0.0,Roorkee & Haridwar Hydro-Meteorological Station Dataset
Kankhal Heritage Zone,ZONE-HW04,Ward 09,10.7,49.8,96.5,29.6,288.15,0.41,1.77,89.2,0.39,12,0,0.0,Roorkee & Haridwar Hydro-Meteorological Station Dataset
Kankhal Heritage Zone,ZONE-HW04,Ward 09,11.7,42.6,89.8,37.2,288.09,0.36,1.94,88.8,0.46,12,0,0.0,Roorkee & Haridwar Hydro-Meteorological Station Dataset
Kankhal Heritage Zone,ZONE-HW04,Ward 09,13.3,48.5,100.7,57.5,288.16,0.35,1.64,88.8,0.43,12,0,0.0,Roorkee & Haridwar Hydro-Meteorological Station Dataset
Kankhal Heritage Zone,ZONE-HW04,Ward 09,10.3,49.3,90.9,24.4,287.89,0.37,1.79,89.2,0.35,12,0,0.0,Roorkee & Haridwar Hydro-Meteorological Station Dataset
Kankhal Heritage Zone,ZONE-HW04,Ward 09,10.5,53.9,98.0,32.3,287.85,0.4,1.46,88.3,0.4,12,0,0.0,Roorkee & Haridwar Hydro-Meteorological Station Dataset
Kankhal Heritage Zone,ZONE-HW04,Ward 09,7.5,26.3,57.7,27.3,288.05,0.43,1.95,88.9,0.33,12,0,0.0,Roorkee & Haridwar Hydro-Meteorological Station Dataset
Kankhal Heritage Zone,ZONE-HW04,Ward 09,6.7,26.0,58.8,34.0,287.83,0.35,1.63,88.4,0.43,12,0,0.0,Roorkee & Haridwar Hydro-Meteorological Station Dataset
Kankhal Heritage Zone,ZONE-HW04,Ward 09,7.8,28.5,53.0,6.2,287.74,0.41,1.68,88.8,0.46,12,0,0.0,Roorkee & Haridwar Hydro-Meteorological Station Dataset
Kankhal Heritage Zone,ZONE-HW04,Ward 09,7.2,24.7,56.1,26.4,287.73,0.37,1.96,90.1,0.44,12,0,0.0,Roorkee & Haridwar Hydro-Meteorological Station Dataset
Kankhal Heritage Zone,ZONE-HW04,Ward 09,7.0,25.3,55.7,9.5,288.04,0.49,1.6,88.4,0.38,12,0,0.0,Roorkee & Haridwar Hydro-Meteorological Station Dataset
Kankhal Heritage Zone,ZONE-HW04,Ward 09,6.4,27.7,55.3,33.0,288.11,0.34,1.55,89.8,0.38,12,0,0.0,Roorkee & Haridwar Hydro-Meteorological Station Dataset
Kankhal Heritage Zone,ZONE-HW04,Ward 09,6.8,22.9,53.3,24.4,287.99,0.35,1.66,90.2,0.4,12,0,0.0,Roorkee & Haridwar Hydro-Meteorological Station Dataset
Kankhal Heritage Zone,ZONE-HW04,Ward 09,6.6,26.2,49.1,0.6,288.07,0.29,1.67,88.2,0.39,12,0,0.0,Roorkee & Haridwar Hydro-Meteorological Station Dataset
Kankhal Heritage Zone,ZONE-HW04,Ward 09,7.8,22.4,58.5,22.7,287.94,0.43,1.61,89.0,0.4,12,0,0.0,Roorkee & Haridwar Hydro-Meteorological Station Dataset
Kankhal Heritage Zone,ZONE-HW04,Ward 09,7.1,25.7,59.2,18.3,288.0,0.33,1.64,88.0,0.42,12,0,0.0,Roorkee & Haridwar Hydro-Meteorological Station Dataset
Kankhal Heritage Zone,ZONE-HW04,Ward 09,6.3,25.1,51.2,32.4,288.17,0.37,1.75,87.7,0.42,12,0,0.0,Roorkee & Haridwar Hydro-Meteorological Station Dataset
Kankhal Heritage Zone,ZONE-HW04,Ward 09,7.2,22.2,50.9,7.5,287.82,0.42,1.67,88.1,0.4,12,0,0.0,Roorkee & Haridwar Hydro-Meteorological Station Dataset
Kankhal Heritage Zone,ZONE-HW04,Ward 09,7.3,28.3,48.2,11.3,288.32,0.53,1.63,87.4,0.32,12,0,0.0,Roorkee & Haridwar Hydro-Meteorological Station Dataset
Kankhal Heritage Zone,ZONE-HW04,Ward 09,6.3,21.3,58.7,12.9,288.15,0.37,1.64,88.1,0.37,12,0,0.0,Roorkee & Haridwar Hydro-Meteorological Station Dataset
Kankhal Heritage Zone,ZONE-HW04,Ward 09,7.0,28.9,54.9,8.3,287.94,0.36,1.8,88.8,0.44,12,0,0.0,Roorkee & Haridwar Hydro-Meteorological Station Dataset
Kankhal Heritage Zone,ZONE-HW04,Ward 09,7.4,25.0,44.7,14.9,288.16,0.43,1.77,87.5,0.45,12,0,0.0,Roorkee & Haridwar Hydro-Meteorological Station Dataset
Kankhal Heritage Zone,ZONE-HW04,Ward 09,6.6,23.4,59.4,0.0,287.93,0.36,1.7,88.3,0.4,12,0,0.0,Roorkee & Haridwar Hydro-Meteorological Station Dataset
Kankhal Heritage Zone,ZONE-HW04,Ward 09,7.3,24.2,66.2,3.7,288.13,0.36,1.88,89.7,0.36,12,0,0.0,Roorkee & Haridwar Hydro-Meteorological Station Dataset
Kankhal Heritage Zone,ZONE-HW04,Ward 09,6.6,23.4,48.5,22.0,288.2,0.37,1.8,88.5,0.43,12,0,0.0,Roorkee & Haridwar Hydro-Meteorological Station Dataset
Kankhal Heritage Zone,ZONE-HW04,Ward 09,7.6,25.6,60.5,18.8,288.0,0.42,1.58,89.0,0.41,12,0,0.0,Roorkee & Haridwar Hydro-Meteorological Station Dataset
Kankhal Heritage Zone,ZONE-HW04,Ward 09,7.0,19.9,60.6,24.7,287.54,0.41,1.73,88.2,0.4,12,0,0.0,Roorkee & Haridwar Hydro-Meteorological Station Dataset
Kankhal Heritage Zone,ZONE-HW04,Ward 09,7.6,25.1,53.2,28.6,287.99,0.42,1.57,88.3,0.44,12,0,0.0,Roorkee & Haridwar Hydro-Meteorological Station Dataset
Kankhal Heritage Zone,ZONE-HW04,Ward 09,8.1,20.2,54.7,18.4,288.15,0.44,1.71,89.3,0.38,12,0,0.0,Roorkee & Haridwar Hydro-Meteorological Station Dataset
Kankhal Heritage Zone,ZONE-HW04,Ward 09,6.8,27.9,54.2,15.6,287.95,0.41,1.65,87.0,0.38,12,0,0.0,Roorkee & Haridwar Hydro-Meteorological Station Dataset
Kankhal Heritage Zone,ZONE-HW04,Ward 09,6.1,23.9,63.3,21.7,287.72,0.39,1.54,89.8,0.44,12,0,0.0,Roorkee & Haridwar Hydro-Meteorological Station Dataset
Kankhal Heritage Zone,ZONE-HW04,Ward 09,6.6,21.5,53.4,12.2,288.25,0.34,1.85,89.1,0.37,12,0,0.0,Roorkee & Haridwar Hydro-Meteorological Station Dataset
Kankhal Heritage Zone,ZONE-HW04,Ward 09,7.8,29.7,54.1,12.4,287.97,0.38,1.58,88.5,0.39,12,0,0.0,Roorkee & Haridwar Hydro-Meteorological Station Dataset
Kankhal Heritage Zone,ZONE-HW04,Ward 09,6.6,26.8,57.6,9.6,288.16,0.41,1.71,87.5,0.36,12,0,0.0,Roorkee & Haridwar Hydro-Meteorological Station Dataset
Kankhal Heritage Zone,ZONE-HW04,Ward 09,7.4,21.2,60.6,13.5,287.97,0.44,1.81,87.5,0.42,12,0,0.0,Roorkee & Haridwar Hydro-Meteorological Station Dataset
Kankhal Heritage Zone,ZONE-HW04,Ward 09,6.8,25.4,53.4,23.4,287.75,0.41,1.65,88.0,0.31,12,0,0.0,Roorkee & Haridwar Hydro-Meteorological Station Dataset
Kankhal Heritage Zone,ZONE-HW04,Ward 09,5.8,27.8,59.5,2.7,287.76,0.37,1.7,88.7,0.43,12,0,0.0,Roorkee & Haridwar Hydro-Meteorological Station Dataset
Kankhal Heritage Zone,ZONE-HW04,Ward 09,6.2,29.3,57.0,11.8,287.63,0.46,1.63,89.5,0.37,12,0,0.0,Roorkee & Haridwar Hydro-Meteorological Station Dataset
Kankhal Heritage Zone,ZONE-HW04,Ward 09,7.1,16.3,51.1,11.4,288.24,0.38,1.52,89.2,0.41,12,0,0.0,Roorkee & Haridwar Hydro-Meteorological Station Dataset
Kankhal Heritage Zone,ZONE-HW04,Ward 09,6.7,23.5,55.9,20.0,288.36,0.35,1.82,87.7,0.4,12,0,0.0,Roorkee & Haridwar Hydro-Meteorological Station Dataset
Kankhal Heritage Zone,ZONE-HW04,Ward 09,6.7,21.8,54.2,21.4,288.26,0.48,1.79,89.1,0.38,12,0,0.0,Roorkee & Haridwar Hydro-Meteorological Station Dataset
Kankhal Heritage Zone,ZONE-HW04,Ward 09,2.1,8.5,18.6,10.4,288.03,0.41,1.78,90.0,0.37,12,0,0.0,Roorkee & Haridwar Hydro-Meteorological Station Dataset
Kankhal Heritage Zone,ZONE-HW04,Ward 09,2.4,7.9,15.9,12.5,288.15,0.41,1.65,89.6,0.45,12,0,0.0,Roorkee & Haridwar Hydro-Meteorological Station Dataset
Kankhal Heritage Zone,ZONE-HW04,Ward 09,2.3,9.5,16.9,11.8,287.86,0.39,1.75,89.6,0.39,12,0,0.0,Roorkee & Haridwar Hydro-Meteorological Station Dataset
Kankhal Heritage Zone,ZONE-HW04,Ward 09,2.8,8.3,19.2,0.0,288.28,0.47,1.77,87.8,0.38,12,0,0.0,Roorkee & Haridwar Hydro-Meteorological Station Dataset
Kankhal Heritage Zone,ZONE-HW04,Ward 09,2.4,9.4,18.9,13.5,287.98,0.42,1.65,88.8,0.4,12,0,0.0,Roorkee & Haridwar Hydro-Meteorological Station Dataset
Kankhal Heritage Zone,ZONE-HW04,Ward 09,2.5,7.4,19.9,1.2,288.13,0.34,1.75,89.7,0.42,12,0,0.0,Roorkee & Haridwar Hydro-Meteorological Station Dataset
Kankhal Heritage Zone,ZONE-HW04,Ward 09,2.6,7.5,16.5,12.0,288.07,0.53,1.62,89.1,0.43,12,0,0.0,Roorkee & Haridwar Hydro-Meteorological Station Dataset
Kankhal Heritage Zone,ZONE-HW04,Ward 09,2.5,7.9,15.5,8.1,287.94,0.44,1.73,88.2,0.36,12,0,0.0,Roorkee & Haridwar Hydro-Meteorological Station Dataset
Kankhal Heritage Zone,ZONE-HW04,Ward 09,2.3,6.9,17.1,12.3,288.06,0.37,1.6,89.2,0.42,12,0,0.0,Roorkee & Haridwar Hydro-Meteorological Station Dataset
Kankhal Heritage Zone,ZONE-HW04,Ward 09,2.5,8.6,16.4,10.7,287.55,0.4,1.79,88.3,0.45,12,0,0.0,Roorkee & Haridwar Hydro-Meteorological Station Dataset
Kankhal Heritage Zone,ZONE-HW04,Ward 09,2.6,7.1,18.6,2.4,287.98,0.39,1.82,89.2,0.41,12,0,0.0,Roorkee & Haridwar Hydro-Meteorological Station Dataset
Kankhal Heritage Zone,ZONE-HW04,Ward 09,2.8,8.3,16.3,12.7,288.2,0.42,1.79,89.3,0.42,12,0,0.0,Roorkee & Haridwar Hydro-Meteorological Station Dataset
Kankhal Heritage Zone,ZONE-HW04,Ward 09,2.3,8.5,22.9,0.0,288.12,0.37,1.77,89.3,0.43,12,0,0.0,Roorkee & Haridwar Hydro-Meteorological Station Dataset
Kankhal Heritage Zone,ZONE-HW04,Ward 09,1.9,9.0,18.5,3.5,287.88,0.43,1.71,87.9,0.35,12,0,0.0,Roorkee & Haridwar Hydro-Meteorological Station Dataset
Kankhal Heritage Zone,ZONE-HW04,Ward 09,2.1,7.8,18.6,5.9,288.19,0.42,1.85,87.8,0.41,12,0,0.0,Roorkee & Haridwar Hydro-Meteorological Station Dataset
Kankhal Heritage Zone,ZONE-HW04,Ward 09,2.3,8.0,18.3,1.7,288.42,0.44,1.62,89.1,0.49,12,0,0.0,Roorkee & Haridwar Hydro-Meteorological Station Dataset
Kankhal Heritage Zone,ZONE-HW04,Ward 09,2.3,7.6,21.4,0.0,288.09,0.38,1.77,90.3,0.4,12,0,0.0,Roorkee & Haridwar Hydro-Meteorological Station Dataset
Kankhal Heritage Zone,ZONE-HW04,Ward 09,2.7,7.4,13.9,12.4,288.12,0.4,1.67,89.1,0.38,12,0,0.0,Roorkee & Haridwar Hydro-Meteorological Station Dataset
Kankhal Heritage Zone,ZONE-HW04,Ward 09,2.1,7.4,20.7,14.1,288.11,0.38,1.64,89.7,0.35,12,0,0.0,Roorkee & Haridwar Hydro-Meteorological Station Dataset
Kankhal Heritage Zone,ZONE-HW04,Ward 09,2.0,8.3,19.3,17.6,288.1,0.36,1.67,90.9,0.37,12,0,0.0,Roorkee & Haridwar Hydro-Meteorological Station Dataset
Kankhal Heritage Zone,ZONE-HW04,Ward 09,2.5,9.4,23.0,0.0,288.2,0.43,1.62,88.6,0.32,12,0,0.0,Roorkee & Haridwar Hydro-Meteorological Station Dataset
Kankhal Heritage Zone,ZONE-HW04,Ward 09,2.6,7.1,19.2,0.0,287.86,0.34,1.85,87.4,0.35,12,0,0.0,Roorkee & Haridwar Hydro-Meteorological Station Dataset
Kankhal Heritage Zone,ZONE-HW04,Ward 09,2.9,7.7,17.4,0.0,288.03,0.45,1.8,89.9,0.39,12,0,0.0,Roorkee & Haridwar Hydro-Meteorological Station Dataset
Kankhal Heritage Zone,ZONE-HW04,Ward 09,2.5,7.6,19.2,0.0,287.94,0.43,1.69,89.1,0.43,12,0,0.0,Roorkee & Haridwar Hydro-Meteorological Station Dataset
Kankhal Heritage Zone,ZONE-HW04,Ward 09,2.5,8.3,15.8,0.0,288.12,0.4,1.69,87.9,0.4,12,0,0.0,Roorkee & Haridwar Hydro-Meteorological Station Dataset
Kankhal Heritage Zone,ZONE-HW04,Ward 09,2.7,7.4,22.0,0.0,287.8,0.4,1.58,88.9,0.33,12,0,0.0,Roorkee & Haridwar Hydro-Meteorological Station Dataset
Kankhal Heritage Zone,ZONE-HW04,Ward 09,2.5,7.1,21.1,18.6,288.18,0.51,1.67,88.5,0.4,12,0,0.0,Roorkee & Haridwar Hydro-Meteorological Station Dataset
Kankhal Heritage Zone,ZONE-HW04,Ward 09,2.5,7.7,18.7,0.0,287.89,0.32,1.8,90.4,0.4,12,0,0.0,Roorkee & Haridwar Hydro-Meteorological Station Dataset
Kankhal Heritage Zone,ZONE-HW04,Ward 09,2.4,7.2,15.3,30.1,288.15,0.4,1.66,87.3,0.42,12,0,0.0,Roorkee & Haridwar Hydro-Meteorological Station Dataset
Kankhal Heritage Zone,ZONE-HW04,Ward 09,2.3,7.4,19.7,0.5,287.88,0.43,1.68,88.9,0.41,12,0,0.0,Roorkee & Haridwar Hydro-Meteorological Station Dataset
Kankhal Heritage Zone,ZONE-HW04,Ward 09,2.4,7.3,17.5,6.8,288.03,0.36,1.64,88.3,0.41,12,0,0.0,Roorkee & Haridwar Hydro-Meteorological Station Dataset
Kankhal Heritage Zone,ZONE-HW04,Ward 09,2.4,8.5,19.2,8.0,287.63,0.4,1.62,87.7,0.35,12,0,0.0,Roorkee & Haridwar Hydro-Meteorological Station Dataset
Kankhal Heritage Zone,ZONE-HW04,Ward 09,2.7,9.3,15.5,0.0,288.16,0.43,1.86,88.7,0.37,12,0,0.0,Roorkee & Haridwar Hydro-Meteorological Station Dataset
Kankhal Heritage Zone,ZONE-HW04,Ward 09,2.5,7.7,19.6,1.3,288.17,0.34,1.72,89.6,0.35,12,0,0.0,Roorkee & Haridwar Hydro-Meteorological Station Dataset
Kankhal Heritage Zone,ZONE-HW04,Ward 09,2.2,8.2,18.9,6.7,288.07,0.42,1.85,88.9,0.44,12,0,0.0,Roorkee & Haridwar Hydro-Meteorological Station Dataset
Kankhal Heritage Zone,ZONE-HW04,Ward 09,0.0,0.0,0.0,16.8,288.1,0.42,1.59,88.1,0.39,12,0,0.0,Roorkee & Haridwar Hydro-Meteorological Station Dataset
Kankhal Heritage Zone,ZONE-HW04,Ward 09,0.0,0.0,0.0,0.3,287.91,0.38,1.6,90.6,0.4,12,0,0.0,Roorkee & Haridwar Hydro-Meteorological Station Dataset
Kankhal Heritage Zone,ZONE-HW04,Ward 09,0.0,0.0,0.0,0.0,287.83,0.46,1.63,90.2,0.48,12,0,0.0,Roorkee & Haridwar Hydro-Meteorological Station Dataset
Kankhal Heritage Zone,ZONE-HW04,Ward 09,0.0,0.0,0.0,3.1,287.91,0.4,1.66,90.3,0.39,12,0,0.0,Roorkee & Haridwar Hydro-Meteorological Station Dataset
Kankhal Heritage Zone,ZONE-HW04,Ward 09,0.0,0.0,0.0,0.0,288.04,0.36,1.73,89.0,0.38,12,0,0.0,Roorkee & Haridwar Hydro-Meteorological Station Dataset
Kankhal Heritage Zone,ZONE-HW04,Ward 09,0.0,0.0,0.0,0.0,287.9,0.37,1.75,87.9,0.43,12,0,0.0,Roorkee & Haridwar Hydro-Meteorological Station Dataset
Kankhal Heritage Zone,ZONE-HW04,Ward 09,0.0,0.0,0.0,0.0,288.02,0.38,1.75,89.1,0.37,12,0,0.0,Roorkee & Haridwar Hydro-Meteorological Station Dataset
Kankhal Heritage Zone,ZONE-HW04,Ward 09,0.0,0.0,0.0,10.4,287.94,0.41,1.77,85.5,0.42,12,0,0.0,Roorkee & Haridwar Hydro-Meteorological Station Dataset
Kankhal Heritage Zone,ZONE-HW04,Ward 09,0.0,0.0,0.0,1.4,287.78,0.37,1.59,89.5,0.38,12,0,0.0,Roorkee & Haridwar Hydro-Meteorological Station Dataset
Kankhal Heritage Zone,ZONE-HW04,Ward 09,0.0,0.0,0.0,4.7,287.47,0.44,1.67,89.6,0.4,12,0,0.0,Roorkee & Haridwar Hydro-Meteorological Station Dataset
Kankhal Heritage Zone,ZONE-HW04,Ward 09,0.0,0.0,0.0,0.0,288.14,0.45,1.78,90.9,0.37,12,0,0.0,Roorkee & Haridwar Hydro-Meteorological Station Dataset
Kankhal Heritage Zone,ZONE-HW04,Ward 09,0.0,0.0,0.0,0.0,287.8,0.37,1.76,90.9,0.47,12,0,0.0,Roorkee & Haridwar Hydro-Meteorological Station Dataset
Kankhal Heritage Zone,ZONE-HW04,Ward 09,0.0,0.0,0.0,0.0,288.21,0.38,1.85,88.8,0.42,12,0,0.0,Roorkee & Haridwar Hydro-Meteorological Station Dataset
Kankhal Heritage Zone,ZONE-HW04,Ward 09,0.0,0.0,0.0,12.3,287.99,0.43,1.73,89.5,0.37,12,0,0.0,Roorkee & Haridwar Hydro-Meteorological Station Dataset
Kankhal Heritage Zone,ZONE-HW04,Ward 09,0.0,0.0,0.0,6.0,287.9,0.37,1.82,87.9,0.42,12,0,0.0,Roorkee & Haridwar Hydro-Meteorological Station Dataset
Kankhal Heritage Zone,ZONE-HW04,Ward 09,0.0,0.0,0.0,0.0,288.14,0.41,1.69,90.1,0.38,12,0,0.0,Roorkee & Haridwar Hydro-Meteorological Station Dataset
Kankhal Heritage Zone,ZONE-HW04,Ward 09,0.0,0.0,0.0,0.0,288.46,0.37,1.97,89.6,0.38,12,0,0.0,Roorkee & Haridwar Hydro-Meteorological Station Dataset
Kankhal Heritage Zone,ZONE-HW04,Ward 09,0.0,0.0,0.0,15.1,288.06,0.4,1.6,90.1,0.33,12,0,0.0,Roorkee & Haridwar Hydro-Meteorological Station Dataset
Kankhal Heritage Zone,ZONE-HW04,Ward 09,0.0,0.0,0.0,0.0,288.04,0.35,1.59,89.8,0.37,12,0,0.0,Roorkee & Haridwar Hydro-Meteorological Station Dataset
Kankhal Heritage Zone,ZONE-HW04,Ward 09,0.0,0.0,0.0,0.0,288.01,0.41,1.79,88.5,0.33,12,0,0.0,Roorkee & Haridwar Hydro-Meteorological Station Dataset
Kankhal Heritage Zone,ZONE-HW04,Ward 09,0.0,0.0,0.0,0.0,288.29,0.38,1.68,87.8,0.38,12,0,0.0,Roorkee & Haridwar Hydro-Meteorological Station Dataset
Kankhal Heritage Zone,ZONE-HW04,Ward 09,0.0,0.0,0.0,0.0,288.12,0.41,1.73,89.6,0.47,12,0,0.0,Roorkee & Haridwar Hydro-Meteorological Station Dataset
Kankhal Heritage Zone,ZONE-HW04,Ward 09,0.0,0.0,0.0,5.5,287.84,0.41,1.68,88.6,0.41,12,0,0.0,Roorkee & Haridwar Hydro-Meteorological Station Dataset
Kankhal Heritage Zone,ZONE-HW04,Ward 09,0.0,0.0,0.0,0.0,288.03,0.39,1.62,88.7,0.4,12,0,0.0,Roorkee & Haridwar Hydro-Meteorological Station Dataset
Kankhal Heritage Zone,ZONE-HW04,Ward 09,0.0,0.0,0.0,0.0,287.94,0.41,1.62,89.7,0.34,12,0,0.0,Roorkee & Haridwar Hydro-Meteorological Station Dataset
Kankhal Heritage Zone,ZONE-HW04,Ward 09,0.0,0.0,0.0,0.8,288.04,0.39,1.82,88.5,0.47,12,0,0.0,Roorkee & Haridwar Hydro-Meteorological Station Dataset
Kankhal Heritage Zone,ZONE-HW04,Ward 09,0.0,0.0,0.0,0.0,288.17,0.39,1.54,86.6,0.38,12,0,0.0,Roorkee & Haridwar Hydro-Meteorological Station Dataset
Kankhal Heritage Zone,ZONE-HW04,Ward 09,0.0,0.0,0.0,12.3,287.94,0.48,1.89,88.8,0.35,12,0,0.0,Roorkee & Haridwar Hydro-Meteorological Station Dataset
Kankhal Heritage Zone,ZONE-HW04,Ward 09,0.0,0.0,0.0,4.1,288.24,0.39,1.54,89.8,0.41,12,0,0.0,Roorkee & Haridwar Hydro-Meteorological Station Dataset
Kankhal Heritage Zone,ZONE-HW04,Ward 09,0.0,0.0,0.0,10.2,287.89,0.45,1.88,89.4,0.34,12,0,0.0,Roorkee & Haridwar Hydro-Meteorological Station Dataset
Kankhal Heritage Zone,ZONE-HW04,Ward 09,0.0,0.0,0.0,0.0,288.33,0.44,1.88,89.3,0.35,12,0,0.0,Roorkee & Haridwar Hydro-Meteorological Station Dataset
Kankhal Heritage Zone,ZONE-HW04,Ward 09,0.0,0.0,0.0,0.0,288.14,0.35,1.71,88.6,0.49,12,0,0.0,Roorkee & Haridwar Hydro-Meteorological Station Dataset
Kankhal Heritage Zone,ZONE-HW04,Ward 09,0.0,0.0,0.0,20.8,288.36,0.4,1.8,91.1,0.41,12,0,0.0,Roorkee & Haridwar Hydro-Meteorological Station Dataset
Kankhal Heritage Zone,ZONE-HW04,Ward 09,0.0,0.0,0.0,0.0,288.03,0.41,1.65,90.1,0.44,12,0,0.0,Roorkee & Haridwar Hydro-Meteorological Station Dataset
Kankhal Heritage Zone,ZONE-HW04,Ward 09,0.0,0.0,0.0,0.0,288.16,0.38,1.79,89.0,0.35,12,0,0.0,Roorkee & Haridwar Hydro-Meteorological Station Dataset
Bahadrabad Canal Outflow,ZONE-HW05,Ward 28,38.3,161.0,324.5,193.9,275.32,0.29,1.55,65.7,0.17,16,1,65.7,Roorkee & Haridwar Hydro-Meteorological Station Dataset
Bahadrabad Canal Outflow,ZONE-HW05,Ward 28,44.5,143.4,331.2,183.9,274.94,0.3,1.34,64.3,0.2,16,1,68.8,Roorkee & Haridwar Hydro-Meteorological Station Dataset
Bahadrabad Canal Outflow,ZONE-HW05,Ward 28,31.8,164.5,328.7,195.5,274.79,0.34,1.37,64.8,0.26,16,1,65.2,Roorkee & Haridwar Hydro-Meteorological Station Dataset
Bahadrabad Canal Outflow,ZONE-HW05,Ward 28,46.8,165.3,337.0,188.3,275.13,0.3,1.34,64.2,0.22,16,1,66.3,Roorkee & Haridwar Hydro-Meteorological Station Dataset
Bahadrabad Canal Outflow,ZONE-HW05,Ward 28,43.2,150.1,370.6,192.4,275.27,0.3,1.47,64.8,0.18,16,1,69.2,Roorkee & Haridwar Hydro-Meteorological Station Dataset
Bahadrabad Canal Outflow,ZONE-HW05,Ward 28,38.8,153.7,311.5,185.2,274.62,0.29,1.54,66.5,0.21,16,1,67.7,Roorkee & Haridwar Hydro-Meteorological Station Dataset
Bahadrabad Canal Outflow,ZONE-HW05,Ward 28,41.1,180.1,302.2,189.2,274.95,0.23,1.36,64.7,0.19,16,1,68.2,Roorkee & Haridwar Hydro-Meteorological Station Dataset
Bahadrabad Canal Outflow,ZONE-HW05,Ward 28,47.7,177.3,320.0,196.8,275.14,0.26,1.3,64.7,0.22,16,1,69.3,Roorkee & Haridwar Hydro-Meteorological Station Dataset
Bahadrabad Canal Outflow,ZONE-HW05,Ward 28,38.1,143.9,325.3,192.6,275.37,0.25,1.26,62.9,0.18,16,1,68.7,Roorkee & Haridwar Hydro-Meteorological Station Dataset
Bahadrabad Canal Outflow,ZONE-HW05,Ward 28,46.4,173.4,341.8,192.8,275.13,0.33,1.5,64.2,0.19,16,1,68.7,Roorkee & Haridwar Hydro-Meteorological Station Dataset
Bahadrabad Canal Outflow,ZONE-HW05,Ward 28,46.0,160.0,400.5,198.2,275.28,0.26,1.36,65.6,0.21,16,1,64.5,Roorkee & Haridwar Hydro-Meteorological Station Dataset
Bahadrabad Canal Outflow,ZONE-HW05,Ward 28,50.6,164.1,392.9,198.6,275.18,0.37,1.37,66.0,0.26,16,1,66.2,Roorkee & Haridwar Hydro-Meteorological Station Dataset
Bahadrabad Canal Outflow,ZONE-HW05,Ward 28,41.1,163.1,331.0,199.6,274.95,0.31,1.33,65.0,0.22,16,1,68.9,Roorkee & Haridwar Hydro-Meteorological Station Dataset
Bahadrabad Canal Outflow,ZONE-HW05,Ward 28,41.2,145.5,423.2,183.1,274.85,0.29,1.44,65.0,0.2,16,1,66.2,Roorkee & Haridwar Hydro-Meteorological Station Dataset
Bahadrabad Canal Outflow,ZONE-HW05,Ward 28,42.4,176.9,334.8,180.8,274.81,0.25,1.4,65.0,0.2,16,1,69.3,Roorkee & Haridwar Hydro-Meteorological Station Dataset
Bahadrabad Canal Outflow,ZONE-HW05,Ward 28,41.7,167.0,307.8,178.7,275.06,0.3,1.55,64.9,0.22,16,1,69.8,Roorkee & Haridwar Hydro-Meteorological Station Dataset
Bahadrabad Canal Outflow,ZONE-HW05,Ward 28,43.8,200.0,404.9,175.9,274.93,0.36,1.45,64.3,0.17,16,1,70.0,Roorkee & Haridwar Hydro-Meteorological Station Dataset
Bahadrabad Canal Outflow,ZONE-HW05,Ward 28,43.3,155.3,330.8,186.7,275.0,0.33,1.23,65.4,0.21,16,1,64.5,Roorkee & Haridwar Hydro-Meteorological Station Dataset
Bahadrabad Canal Outflow,ZONE-HW05,Ward 28,39.1,180.7,358.4,201.8,274.73,0.25,1.44,65.5,0.18,16,1,69.6,Roorkee & Haridwar Hydro-Meteorological Station Dataset
Bahadrabad Canal Outflow,ZONE-HW05,Ward 28,41.0,146.3,343.5,184.8,275.04,0.28,1.47,65.0,0.16,16,1,66.8,Roorkee & Haridwar Hydro-Meteorological Station Dataset
Bahadrabad Canal Outflow,ZONE-HW05,Ward 28,46.1,148.2,384.0,196.9,275.16,0.31,1.57,66.3,0.21,16,1,64.3,Roorkee & Haridwar Hydro-Meteorological Station Dataset
Bahadrabad Canal Outflow,ZONE-HW05,Ward 28,37.6,172.5,267.6,194.6,275.28,0.25,1.37,66.0,0.22,16,1,69.1,Roorkee & Haridwar Hydro-Meteorological Station Dataset
Bahadrabad Canal Outflow,ZONE-HW05,Ward 28,38.3,171.1,331.3,179.4,274.8,0.26,1.31,65.8,0.19,16,1,65.8,Roorkee & Haridwar Hydro-Meteorological Station Dataset
Bahadrabad Canal Outflow,ZONE-HW05,Ward 28,44.6,158.8,391.4,194.6,274.98,0.33,1.41,66.1,0.24,16,1,64.2,Roorkee & Haridwar Hydro-Meteorological Station Dataset
Bahadrabad Canal Outflow,ZONE-HW05,Ward 28,50.1,191.9,378.7,184.6,274.82,0.31,1.25,65.1,0.14,16,1,69.6,Roorkee & Haridwar Hydro-Meteorological Station Dataset
Bahadrabad Canal Outflow,ZONE-HW05,Ward 28,52.1,192.9,335.4,187.5,275.55,0.27,1.55,65.2,0.14,16,1,68.8,Roorkee & Haridwar Hydro-Meteorological Station Dataset
Bahadrabad Canal Outflow,ZONE-HW05,Ward 28,47.6,140.6,360.8,196.4,274.86,0.29,1.35,63.6,0.24,16,1,69.1,Roorkee & Haridwar Hydro-Meteorological Station Dataset
Bahadrabad Canal Outflow,ZONE-HW05,Ward 28,47.0,133.5,424.1,198.2,274.88,0.24,1.38,63.9,0.25,16,1,69.4,Roorkee & Haridwar Hydro-Meteorological Station Dataset
Bahadrabad Canal Outflow,ZONE-HW05,Ward 28,42.5,174.1,362.6,191.9,275.05,0.29,1.47,65.9,0.17,16,1,64.3,Roorkee & Haridwar Hydro-Meteorological Station Dataset
Bahadrabad Canal Outflow,ZONE-HW05,Ward 28,46.5,146.0,318.6,194.6,275.48,0.27,1.47,64.3,0.25,16,1,67.6,Roorkee & Haridwar Hydro-Meteorological Station Dataset
Bahadrabad Canal Outflow,ZONE-HW05,Ward 28,43.7,131.1,374.8,187.9,275.09,0.31,1.43,64.9,0.17,16,1,68.5,Roorkee & Haridwar Hydro-Meteorological Station Dataset
Bahadrabad Canal Outflow,ZONE-HW05,Ward 28,44.7,157.2,348.2,199.9,274.98,0.34,1.54,66.5,0.21,16,1,67.5,Roorkee & Haridwar Hydro-Meteorological Station Dataset
Bahadrabad Canal Outflow,ZONE-HW05,Ward 28,42.1,153.3,366.9,196.3,274.86,0.35,1.46,65.6,0.18,16,1,64.5,Roorkee & Haridwar Hydro-Meteorological Station Dataset
Bahadrabad Canal Outflow,ZONE-HW05,Ward 28,38.8,145.9,376.1,185.7,275.0,0.27,1.41,65.6,0.22,16,1,68.3,Roorkee & Haridwar Hydro-Meteorological Station Dataset
Bahadrabad Canal Outflow,ZONE-HW05,Ward 28,41.9,147.8,346.7,194.9,274.98,0.21,1.49,64.5,0.22,16,1,67.6,Roorkee & Haridwar Hydro-Meteorological Station Dataset
Bahadrabad Canal Outflow,ZONE-HW05,Ward 28,57.0,193.3,433.4,246.6,274.81,0.35,1.33,63.8,0.16,16,1,65.7,Roorkee & Haridwar Hydro-Meteorological Station Dataset
Bahadrabad Canal Outflow,ZONE-HW05,Ward 28,59.1,182.2,508.2,243.3,274.93,0.33,1.52,65.0,0.21,16,1,68.3,Roorkee & Haridwar Hydro-Meteorological Station Dataset
Bahadrabad Canal Outflow,ZONE-HW05,Ward 28,46.0,189.6,481.4,244.3,274.98,0.27,1.29,64.9,0.24,16,1,69.8,Roorkee & Haridwar Hydro-Meteorological Station Dataset
Bahadrabad Canal Outflow,ZONE-HW05,Ward 28,48.7,279.4,406.1,244.4,275.5,0.33,1.33,63.6,0.23,16,1,65.8,Roorkee & Haridwar Hydro-Meteorological Station Dataset
Bahadrabad Canal Outflow,ZONE-HW05,Ward 28,56.7,165.0,509.1,235.2,274.96,0.35,1.28,64.4,0.18,16,1,65.6,Roorkee & Haridwar Hydro-Meteorological Station Dataset
Bahadrabad Canal Outflow,ZONE-HW05,Ward 28,62.9,222.9,435.2,247.9,275.48,0.25,1.66,64.2,0.2,16,1,68.9,Roorkee & Haridwar Hydro-Meteorological Station Dataset
Bahadrabad Canal Outflow,ZONE-HW05,Ward 28,60.5,217.2,474.0,236.8,275.16,0.28,1.25,63.3,0.23,16,1,69.9,Roorkee & Haridwar Hydro-Meteorological Station Dataset
Bahadrabad Canal Outflow,ZONE-HW05,Ward 28,51.9,222.5,434.6,246.3,274.97,0.3,1.4,64.5,0.24,16,1,64.8,Roorkee & Haridwar Hydro-Meteorological Station Dataset
Bahadrabad Canal Outflow,ZONE-HW05,Ward 28,58.6,197.8,509.4,259.7,274.63,0.27,1.33,64.7,0.18,16,1,66.9,Roorkee & Haridwar Hydro-Meteorological Station Dataset
Bahadrabad Canal Outflow,ZONE-HW05,Ward 28,48.6,204.2,505.2,229.1,274.9,0.27,1.39,64.9,0.19,16,1,66.9,Roorkee & Haridwar Hydro-Meteorological Station Dataset
Bahadrabad Canal Outflow,ZONE-HW05,Ward 28,62.7,235.1,586.8,240.9,274.96,0.27,1.31,63.0,0.29,16,1,66.0,Roorkee & Haridwar Hydro-Meteorological Station Dataset
Bahadrabad Canal Outflow,ZONE-HW05,Ward 28,66.7,217.2,417.0,237.0,274.86,0.35,1.44,63.5,0.21,16,1,66.0,Roorkee & Haridwar Hydro-Meteorological Station Dataset
Bahadrabad Canal Outflow,ZONE-HW05,Ward 28,53.8,200.2,442.3,241.7,274.95,0.29,1.35,63.6,0.23,16,1,66.8,Roorkee & Haridwar Hydro-Meteorological Station Dataset
Bahadrabad Canal Outflow,ZONE-HW05,Ward 28,57.4,205.2,446.8,235.4,275.2,0.3,1.45,66.6,0.19,16,1,69.4,Roorkee & Haridwar Hydro-Meteorological Station Dataset
Bahadrabad Canal Outflow,ZONE-HW05,Ward 28,60.6,188.6,520.6,239.7,275.02,0.35,1.29,65.3,0.21,16,1,64.2,Roorkee & Haridwar Hydro-Meteorological Station Dataset
Bahadrabad Canal Outflow,ZONE-HW05,Ward 28,49.8,216.6,520.6,238.3,274.85,0.39,1.35,64.6,0.23,16,1,66.4,Roorkee & Haridwar Hydro-Meteorological Station Dataset
Bahadrabad Canal Outflow,ZONE-HW05,Ward 28,57.1,215.8,478.2,246.2,275.13,0.33,1.4,66.1,0.18,16,1,68.8,Roorkee & Haridwar Hydro-Meteorological Station Dataset
Bahadrabad Canal Outflow,ZONE-HW05,Ward 28,63.5,229.9,509.2,254.4,275.1,0.26,1.42,64.9,0.22,16,1,69.8,Roorkee & Haridwar Hydro-Meteorological Station Dataset
Bahadrabad Canal Outflow,ZONE-HW05,Ward 28,53.7,191.2,482.0,249.9,275.09,0.28,1.38,64.3,0.3,16,1,67.6,Roorkee & Haridwar Hydro-Meteorological Station Dataset
Bahadrabad Canal Outflow,ZONE-HW05,Ward 28,64.9,229.9,447.9,233.3,275.04,0.17,1.31,64.7,0.19,16,1,66.6,Roorkee & Haridwar Hydro-Meteorological Station Dataset
Bahadrabad Canal Outflow,ZONE-HW05,Ward 28,53.1,181.8,484.2,242.8,275.37,0.28,1.54,65.2,0.26,16,1,69.8,Roorkee & Haridwar Hydro-Meteorological Station Dataset
Bahadrabad Canal Outflow,ZONE-HW05,Ward 28,54.0,245.6,547.7,233.9,274.88,0.29,1.29,63.3,0.19,16,1,64.6,Roorkee & Haridwar Hydro-Meteorological Station Dataset
Bahadrabad Canal Outflow,ZONE-HW05,Ward 28,54.8,218.3,546.4,244.0,274.98,0.34,1.48,65.9,0.17,16,1,64.3,Roorkee & Haridwar Hydro-Meteorological Station Dataset
Bahadrabad Canal Outflow,ZONE-HW05,Ward 28,47.3,235.7,523.0,247.7,275.09,0.33,1.49,65.3,0.17,16,1,69.7,Roorkee & Haridwar Hydro-Meteorological Station Dataset
Bahadrabad Canal Outflow,ZONE-HW05,Ward 28,67.1,232.4,515.0,241.1,275.13,0.33,1.4,64.1,0.18,16,1,66.0,Roorkee & Haridwar Hydro-Meteorological Station Dataset
Bahadrabad Canal Outflow,ZONE-HW05,Ward 28,54.4,184.4,565.0,224.2,275.0,0.3,1.38,65.3,0.19,16,1,66.5,Roorkee & Haridwar Hydro-Meteorological Station Dataset
Bahadrabad Canal Outflow,ZONE-HW05,Ward 28,59.3,212.4,463.1,231.0,275.08,0.34,1.49,65.1,0.17,16,1,68.9,Roorkee & Haridwar Hydro-Meteorological Station Dataset
Bahadrabad Canal Outflow,ZONE-HW05,Ward 28,51.5,218.0,452.3,229.8,275.05,0.34,1.3,64.2,0.19,16,1,64.4,Roorkee & Haridwar Hydro-Meteorological Station Dataset
Bahadrabad Canal Outflow,ZONE-HW05,Ward 28,50.2,208.3,521.7,243.2,275.24,0.27,1.52,65.1,0.16,16,1,66.7,Roorkee & Haridwar Hydro-Meteorological Station Dataset
Bahadrabad Canal Outflow,ZONE-HW05,Ward 28,54.3,208.3,537.5,234.4,274.86,0.31,1.47,64.6,0.23,16,1,69.9,Roorkee & Haridwar Hydro-Meteorological Station Dataset
Bahadrabad Canal Outflow,ZONE-HW05,Ward 28,58.3,219.7,568.6,246.9,274.96,0.36,1.46,64.8,0.2,16,1,68.2,Roorkee & Haridwar Hydro-Meteorological Station Dataset
Bahadrabad Canal Outflow,ZONE-HW05,Ward 28,59.0,183.3,464.5,251.8,275.07,0.37,1.39,67.1,0.24,16,1,68.0,Roorkee & Haridwar Hydro-Meteorological Station Dataset
Bahadrabad Canal Outflow,ZONE-HW05,Ward 28,57.2,221.2,419.5,238.9,275.02,0.26,1.42,65.4,0.2,16,1,64.2,Roorkee & Haridwar Hydro-Meteorological Station Dataset
Bahadrabad Canal Outflow,ZONE-HW05,Ward 28,66.1,196.1,503.6,229.2,274.65,0.28,1.32,63.7,0.2,16,1,66.2,Roorkee & Haridwar Hydro-Meteorological Station Dataset
Bahadrabad Canal Outflow,ZONE-HW05,Ward 28,57.0,247.2,418.3,257.7,274.93,0.25,1.53,65.2,0.25,16,1,64.9,Roorkee & Haridwar Hydro-Meteorological Station Dataset
Bahadrabad Canal Outflow,ZONE-HW05,Ward 28,28.9,94.4,306.1,94.1,274.93,0.37,1.35,67.3,0.21,16,1,69.4,Roorkee & Haridwar Hydro-Meteorological Station Dataset
Bahadrabad Canal Outflow,ZONE-HW05,Ward 28,35.2,108.7,285.8,108.3,274.73,0.3,1.39,63.9,0.2,16,1,65.9,Roorkee & Haridwar Hydro-Meteorological Station Dataset
Bahadrabad Canal Outflow,ZONE-HW05,Ward 28,35.5,125.3,335.4,121.5,274.9,0.3,1.44,64.6,0.21,16,1,65.3,Roorkee & Haridwar Hydro-Meteorological Station Dataset
Bahadrabad Canal Outflow,ZONE-HW05,Ward 28,33.0,121.9,296.5,107.3,275.08,0.29,1.51,65.3,0.21,16,1,65.0,Roorkee & Haridwar Hydro-Meteorological Station Dataset
Bahadrabad Canal Outflow,ZONE-HW05,Ward 28,33.2,124.4,320.4,110.9,275.22,0.25,1.57,62.7,0.27,16,1,66.3,Roorkee & Haridwar Hydro-Meteorological Station Dataset
Bahadrabad Canal Outflow,ZONE-HW05,Ward 28,33.7,135.2,265.8,105.1,275.16,0.32,1.43,63.8,0.22,16,1,69.3,Roorkee & Haridwar Hydro-Meteorological Station Dataset
Bahadrabad Canal Outflow,ZONE-HW05,Ward 28,41.8,116.0,303.5,109.2,274.78,0.27,1.3,65.3,0.18,16,1,66.9,Roorkee & Haridwar Hydro-Meteorological Station Dataset
Bahadrabad Canal Outflow,ZONE-HW05,Ward 28,39.3,144.1,259.0,103.5,275.0,0.27,1.26,66.0,0.16,16,1,68.5,Roorkee & Haridwar Hydro-Meteorological Station Dataset
Bahadrabad Canal Outflow,ZONE-HW05,Ward 28,37.0,139.0,291.1,100.2,275.07,0.33,1.12,64.3,0.24,16,1,68.3,Roorkee & Haridwar Hydro-Meteorological Station Dataset
Bahadrabad Canal Outflow,ZONE-HW05,Ward 28,33.9,146.5,283.9,94.7,274.95,0.32,1.33,64.8,0.17,16,1,67.5,Roorkee & Haridwar Hydro-Meteorological Station Dataset
Bahadrabad Canal Outflow,ZONE-HW05,Ward 28,37.2,104.8,202.8,109.1,274.85,0.27,1.28,63.5,0.11,16,1,65.7,Roorkee & Haridwar Hydro-Meteorological Station Dataset
Bahadrabad Canal Outflow,ZONE-HW05,Ward 28,33.4,138.5,272.3,111.0,275.04,0.35,1.48,64.6,0.26,16,1,65.4,Roorkee & Haridwar Hydro-Meteorological Station Dataset
Bahadrabad Canal Outflow,ZONE-HW05,Ward 28,38.3,110.4,302.8,91.5,275.02,0.28,1.4,64.5,0.24,16,1,65.3,Roorkee & Haridwar Hydro-Meteorological Station Dataset
Bahadrabad Canal Outflow,ZONE-HW05,Ward 28,33.8,115.1,280.6,120.0,274.86,0.32,1.39,66.0,0.25,16,1,68.1,Roorkee & Haridwar Hydro-Meteorological Station Dataset
Bahadrabad Canal Outflow,ZONE-HW05,Ward 28,31.6,130.0,249.8,106.3,275.22,0.32,1.52,64.3,0.13,16,1,64.9,Roorkee & Haridwar Hydro-Meteorological Station Dataset
Bahadrabad Canal Outflow,ZONE-HW05,Ward 28,29.4,127.7,333.0,108.0,275.05,0.21,1.36,66.2,0.16,16,1,67.4,Roorkee & Haridwar Hydro-Meteorological Station Dataset
Bahadrabad Canal Outflow,ZONE-HW05,Ward 28,36.5,129.6,308.5,110.4,274.81,0.31,1.28,66.1,0.21,16,1,66.6,Roorkee & Haridwar Hydro-Meteorological Station Dataset
Bahadrabad Canal Outflow,ZONE-HW05,Ward 28,34.4,142.5,332.5,120.7,274.97,0.34,1.15,65.1,0.2,16,1,68.6,Roorkee & Haridwar Hydro-Meteorological Station Dataset
Bahadrabad Canal Outflow,ZONE-HW05,Ward 28,43.2,127.5,253.3,114.6,274.86,0.3,1.54,62.5,0.17,16,1,64.9,Roorkee & Haridwar Hydro-Meteorological Station Dataset
Bahadrabad Canal Outflow,ZONE-HW05,Ward 28,34.8,129.6,235.1,116.8,275.28,0.33,1.44,64.9,0.19,16,1,68.8,Roorkee & Haridwar Hydro-Meteorological Station Dataset
Bahadrabad Canal Outflow,ZONE-HW05,Ward 28,34.2,147.2,305.7,114.4,275.24,0.32,1.39,65.1,0.11,16,1,68.1,Roorkee & Haridwar Hydro-Meteorological Station Dataset
Bahadrabad Canal Outflow,ZONE-HW05,Ward 28,38.8,142.8,340.1,108.1,274.92,0.35,1.48,63.4,0.22,16,1,67.5,Roorkee & Haridwar Hydro-Meteorological Station Dataset
Bahadrabad Canal Outflow,ZONE-HW05,Ward 28,30.7,106.6,233.4,126.4,274.61,0.31,1.27,66.1,0.21,16,1,67.4,Roorkee & Haridwar Hydro-Meteorological Station Dataset
Bahadrabad Canal Outflow,ZONE-HW05,Ward 28,33.4,132.0,327.2,123.1,275.4,0.26,1.42,67.3,0.18,16,1,68.7,Roorkee & Haridwar Hydro-Meteorological Station Dataset
Bahadrabad Canal Outflow,ZONE-HW05,Ward 28,39.3,127.9,258.7,104.4,275.31,0.26,1.24,65.3,0.14,16,1,65.7,Roorkee & Haridwar Hydro-Meteorological Station Dataset
Bahadrabad Canal Outflow,ZONE-HW05,Ward 28,35.2,138.1,262.0,114.5,274.88,0.3,1.37,66.7,0.19,16,1,64.1,Roorkee & Haridwar Hydro-Meteorological Station Dataset
Bahadrabad Canal Outflow,ZONE-HW05,Ward 28,35.9,141.8,283.0,120.1,275.12,0.32,1.42,61.9,0.22,16,1,67.3,Roorkee & Haridwar Hydro-Meteorological Station Dataset
Bahadrabad Canal Outflow,ZONE-HW05,Ward 28,30.6,143.5,291.6,120.4,275.15,0.3,1.41,66.0,0.17,16,1,68.3,Roorkee & Haridwar Hydro-Meteorological Station Dataset
Bahadrabad Canal Outflow,ZONE-HW05,Ward 28,34.4,127.7,286.2,102.7,275.0,0.22,1.32,64.0,0.3,16,1,68.6,Roorkee & Haridwar Hydro-Meteorological Station Dataset
Bahadrabad Canal Outflow,ZONE-HW05,Ward 28,36.4,164.4,336.0,100.6,275.27,0.24,1.36,65.0,0.21,16,1,64.7,Roorkee & Haridwar Hydro-Meteorological Station Dataset
Bahadrabad Canal Outflow,ZONE-HW05,Ward 28,43.2,124.1,243.2,108.8,274.76,0.22,1.4,64.6,0.19,16,1,65.0,Roorkee & Haridwar Hydro-Meteorological Station Dataset
Bahadrabad Canal Outflow,ZONE-HW05,Ward 28,41.0,123.8,238.6,118.3,274.97,0.27,1.28,64.2,0.17,16,1,66.0,Roorkee & Haridwar Hydro-Meteorological Station Dataset
Bahadrabad Canal Outflow,ZONE-HW05,Ward 28,38.2,129.3,295.9,111.9,274.63,0.31,1.31,64.7,0.26,16,1,69.4,Roorkee & Haridwar Hydro-Meteorological Station Dataset
Bahadrabad Canal Outflow,ZONE-HW05,Ward 28,37.8,112.9,285.5,110.3,274.67,0.3,1.42,63.7,0.21,16,1,66.9,Roorkee & Haridwar Hydro-Meteorological Station Dataset
Bahadrabad Canal Outflow,ZONE-HW05,Ward 28,37.5,146.4,238.4,94.3,274.96,0.27,1.43,64.5,0.22,16,1,69.3,Roorkee & Haridwar Hydro-Meteorological Station Dataset
Bahadrabad Canal Outflow,ZONE-HW05,Ward 28,30.4,69.4,184.5,78.8,275.23,0.37,1.41,65.8,0.15,16,1,64.3,Roorkee & Haridwar Hydro-Meteorological Station Dataset
Bahadrabad Canal Outflow,ZONE-HW05,Ward 28,22.8,93.3,206.4,77.2,274.82,0.27,1.24,64.6,0.2,16,1,66.9,Roorkee & Haridwar Hydro-Meteorological Station Dataset
Bahadrabad Canal Outflow,ZONE-HW05,Ward 28,24.7,96.2,222.1,88.9,275.01,0.32,1.32,66.2,0.11,16,1,66.7,Roorkee & Haridwar Hydro-Meteorological Station Dataset
Bahadrabad Canal Outflow,ZONE-HW05,Ward 28,28.1,90.2,197.2,68.6,275.49,0.22,1.3,65.1,0.2,16,1,64.6,Roorkee & Haridwar Hydro-Meteorological Station Dataset
Bahadrabad Canal Outflow,ZONE-HW05,Ward 28,22.9,78.5,237.2,84.4,275.11,0.29,1.38,64.1,0.16,16,1,65.8,Roorkee & Haridwar Hydro-Meteorological Station Dataset
Bahadrabad Canal Outflow,ZONE-HW05,Ward 28,24.1,93.1,188.0,70.3,274.94,0.3,1.41,64.9,0.25,16,1,69.8,Roorkee & Haridwar Hydro-Meteorological Station Dataset
Bahadrabad Canal Outflow,ZONE-HW05,Ward 28,20.2,78.8,232.7,82.1,274.98,0.28,1.39,65.2,0.17,16,1,69.3,Roorkee & Haridwar Hydro-Meteorological Station Dataset
Bahadrabad Canal Outflow,ZONE-HW05,Ward 28,22.2,103.6,195.8,90.2,274.54,0.36,1.51,63.5,0.26,16,1,65.6,Roorkee & Haridwar Hydro-Meteorological Station Dataset
Bahadrabad Canal Outflow,ZONE-HW05,Ward 28,25.4,86.0,182.4,69.5,275.4,0.31,1.52,64.3,0.23,16,1,64.4,Roorkee & Haridwar Hydro-Meteorological Station Dataset
Bahadrabad Canal Outflow,ZONE-HW05,Ward 28,26.8,98.9,196.3,78.7,274.98,0.33,1.61,65.3,0.18,16,1,66.2,Roorkee & Haridwar Hydro-Meteorological Station Dataset
Bahadrabad Canal Outflow,ZONE-HW05,Ward 28,25.7,76.9,212.4,86.3,275.26,0.29,1.44,64.1,0.2,16,1,66.1,Roorkee & Haridwar Hydro-Meteorological Station Dataset
Bahadrabad Canal Outflow,ZONE-HW05,Ward 28,17.8,91.0,188.9,78.5,275.26,0.28,1.34,65.1,0.23,16,1,65.8,Roorkee & Haridwar Hydro-Meteorological Station Dataset
Bahadrabad Canal Outflow,ZONE-HW05,Ward 28,26.6,83.0,225.8,86.7,274.69,0.28,1.3,65.8,0.19,16,1,68.4,Roorkee & Haridwar Hydro-Meteorological Station Dataset
Bahadrabad Canal Outflow,ZONE-HW05,Ward 28,28.2,93.3,178.2,74.6,275.14,0.34,1.33,64.0,0.19,16,1,68.4,Roorkee & Haridwar Hydro-Meteorological Station Dataset
Bahadrabad Canal Outflow,ZONE-HW05,Ward 28,23.5,89.6,193.3,97.2,275.2,0.34,1.39,65.3,0.19,16,1,67.6,Roorkee & Haridwar Hydro-Meteorological Station Dataset
Bahadrabad Canal Outflow,ZONE-HW05,Ward 28,22.8,93.6,222.9,101.5,274.67,0.27,1.49,65.0,0.21,16,1,64.8,Roorkee & Haridwar Hydro-Meteorological Station Dataset
Bahadrabad Canal Outflow,ZONE-HW05,Ward 28,23.2,99.5,199.0,83.8,275.09,0.29,1.46,65.2,0.18,16,1,65.6,Roorkee & Haridwar Hydro-Meteorological Station Dataset
Bahadrabad Canal Outflow,ZONE-HW05,Ward 28,26.0,86.8,173.5,72.2,274.89,0.23,1.24,65.4,0.25,16,1,64.9,Roorkee & Haridwar Hydro-Meteorological Station Dataset
Bahadrabad Canal Outflow,ZONE-HW05,Ward 28,20.0,83.1,221.3,76.1,274.68,0.3,1.28,66.5,0.23,16,1,65.8,Roorkee & Haridwar Hydro-Meteorological Station Dataset
Bahadrabad Canal Outflow,ZONE-HW05,Ward 28,22.6,80.1,175.8,73.2,274.89,0.32,1.38,66.2,0.22,16,1,65.6,Roorkee & Haridwar Hydro-Meteorological Station Dataset
Bahadrabad Canal Outflow,ZONE-HW05,Ward 28,26.8,110.0,188.7,80.3,275.07,0.34,1.45,65.5,0.3,16,1,68.0,Roorkee & Haridwar Hydro-Meteorological Station Dataset
Bahadrabad Canal Outflow,ZONE-HW05,Ward 28,26.2,93.2,210.3,74.8,275.07,0.3,1.41,66.1,0.19,16,1,66.7,Roorkee & Haridwar Hydro-Meteorological Station Dataset
Bahadrabad Canal Outflow,ZONE-HW05,Ward 28,22.4,74.9,196.0,78.5,274.83,0.34,1.44,63.8,0.16,16,1,66.1,Roorkee & Haridwar Hydro-Meteorological Station Dataset
Bahadrabad Canal Outflow,ZONE-HW05,Ward 28,22.1,113.3,193.2,76.1,275.11,0.29,1.54,65.8,0.22,16,1,66.8,Roorkee & Haridwar Hydro-Meteorological Station Dataset
Bahadrabad Canal Outflow,ZONE-HW05,Ward 28,21.5,84.3,165.6,62.4,274.71,0.36,1.46,64.5,0.22,16,1,67.6,Roorkee & Haridwar Hydro-Meteorological Station Dataset
Bahadrabad Canal Outflow,ZONE-HW05,Ward 28,26.2,85.9,203.4,86.1,275.53,0.23,1.47,62.6,0.23,16,1,68.7,Roorkee & Haridwar Hydro-Meteorological Station Dataset
Bahadrabad Canal Outflow,ZONE-HW05,Ward 28,20.7,91.0,208.8,83.3,274.85,0.27,1.37,64.2,0.29,16,1,69.9,Roorkee & Haridwar Hydro-Meteorological Station Dataset
Bahadrabad Canal Outflow,ZONE-HW05,Ward 28,26.1,85.9,226.7,83.6,274.87,0.33,1.48,64.1,0.18,16,1,69.3,Roorkee & Haridwar Hydro-Meteorological Station Dataset
Bahadrabad Canal Outflow,ZONE-HW05,Ward 28,28.0,77.3,212.7,71.8,275.56,0.28,1.28,65.3,0.22,16,1,64.7,Roorkee & Haridwar Hydro-Meteorological Station Dataset
Bahadrabad Canal Outflow,ZONE-HW05,Ward 28,22.8,77.9,188.4,96.5,274.95,0.33,1.41,64.3,0.21,16,1,68.5,Roorkee & Haridwar Hydro-Meteorological Station Dataset
Bahadrabad Canal Outflow,ZONE-HW05,Ward 28,21.6,82.1,192.0,76.4,275.0,0.36,1.2,64.8,0.16,16,1,67.9,Roorkee & Haridwar Hydro-Meteorological Station Dataset
Bahadrabad Canal Outflow,ZONE-HW05,Ward 28,22.4,89.5,181.1,78.2,274.97,0.24,1.42,64.3,0.19,16,1,67.7,Roorkee & Haridwar Hydro-Meteorological Station Dataset
Bahadrabad Canal Outflow,ZONE-HW05,Ward 28,21.7,90.0,212.4,76.5,275.01,0.23,1.22,64.4,0.15,16,1,66.9,Roorkee & Haridwar Hydro-Meteorological Station Dataset
Bahadrabad Canal Outflow,ZONE-HW05,Ward 28,27.4,100.2,172.0,77.8,274.88,0.28,1.43,66.6,0.2,16,1,68.4,Roorkee & Haridwar Hydro-Meteorological Station Dataset
Bahadrabad Canal Outflow,ZONE-HW05,Ward 28,25.1,87.8,209.9,75.9,274.86,0.33,1.37,64.6,0.22,16,1,66.4,Roorkee & Haridwar Hydro-Meteorological Station Dataset
Bahadrabad Canal Outflow,ZONE-HW05,Ward 28,22.9,56.9,148.6,54.0,275.16,0.24,1.31,63.3,0.21,16,1,66.8,Roorkee & Haridwar Hydro-Meteorological Station Dataset
Bahadrabad Canal Outflow,ZONE-HW05,Ward 28,21.3,73.1,126.1,39.6,275.31,0.39,1.46,63.7,0.25,16,1,66.4,Roorkee & Haridwar Hydro-Meteorological Station Dataset
Bahadrabad Canal Outflow,ZONE-HW05,Ward 28,17.5,60.3,141.4,64.1,275.07,0.35,1.47,64.0,0.25,16,1,67.9,Roorkee & Haridwar Hydro-Meteorological Station Dataset
Bahadrabad Canal Outflow,ZONE-HW05,Ward 28,17.9,64.3,135.4,51.9,274.75,0.31,1.33,67.7,0.18,16,1,64.0,Roorkee & Haridwar Hydro-Meteorological Station Dataset
Bahadrabad Canal Outflow,ZONE-HW05,Ward 28,18.2,61.8,107.3,37.9,274.88,0.34,1.35,64.0,0.14,16,1,60.6,Roorkee & Haridwar Hydro-Meteorological Station Dataset
Bahadrabad Canal Outflow,ZONE-HW05,Ward 28,13.4,71.6,126.0,61.3,275.12,0.27,1.46,63.4,0.15,16,1,64.2,Roorkee & Haridwar Hydro-Meteorological Station Dataset
Bahadrabad Canal Outflow,ZONE-HW05,Ward 28,16.2,75.2,129.7,52.7,274.78,0.23,1.4,64.2,0.21,16,1,63.6,Roorkee & Haridwar Hydro-Meteorological Station Dataset
Bahadrabad Canal Outflow,ZONE-HW05,Ward 28,19.5,59.1,153.1,61.3,275.15,0.3,1.51,67.2,0.23,16,1,64.4,Roorkee & Haridwar Hydro-Meteorological Station Dataset
Bahadrabad Canal Outflow,ZONE-HW05,Ward 28,17.9,63.4,132.7,45.5,275.15,0.27,1.45,65.9,0.26,16,1,67.1,Roorkee & Haridwar Hydro-Meteorological Station Dataset
Bahadrabad Canal Outflow,ZONE-HW05,Ward 28,20.2,57.5,134.2,58.7,275.09,0.3,1.51,64.2,0.18,16,1,64.7,Roorkee & Haridwar Hydro-Meteorological Station Dataset
Bahadrabad Canal Outflow,ZONE-HW05,Ward 28,20.1,60.7,130.1,41.4,275.24,0.26,1.39,63.8,0.25,16,1,61.5,Roorkee & Haridwar Hydro-Meteorological Station Dataset
Bahadrabad Canal Outflow,ZONE-HW05,Ward 28,18.7,60.6,147.0,48.8,275.24,0.32,1.39,64.3,0.28,16,1,65.8,Roorkee & Haridwar Hydro-Meteorological Station Dataset
Bahadrabad Canal Outflow,ZONE-HW05,Ward 28,18.3,57.9,118.3,46.5,275.17,0.35,1.31,64.3,0.13,16,1,61.4,Roorkee & Haridwar Hydro-Meteorological Station Dataset
Bahadrabad Canal Outflow,ZONE-HW05,Ward 28,17.4,60.7,151.8,40.6,274.67,0.3,1.44,66.0,0.17,16,1,65.8,Roorkee & Haridwar Hydro-Meteorological Station Dataset
Bahadrabad Canal Outflow,ZONE-HW05,Ward 28,16.7,65.5,164.4,48.0,274.76,0.36,1.35,64.5,0.16,16,1,67.9,Roorkee & Haridwar Hydro-Meteorological Station Dataset
Bahadrabad Canal Outflow,ZONE-HW05,Ward 28,18.4,68.1,118.8,42.7,275.02,0.3,1.32,65.6,0.21,16,1,65.9,Roorkee & Haridwar Hydro-Meteorological Station Dataset
Bahadrabad Canal Outflow,ZONE-HW05,Ward 28,19.0,68.8,142.1,56.7,274.82,0.32,1.53,65.7,0.2,16,1,67.5,Roorkee & Haridwar Hydro-Meteorological Station Dataset
Bahadrabad Canal Outflow,ZONE-HW05,Ward 28,15.9,66.3,136.6,48.5,274.9,0.24,1.34,66.3,0.16,16,1,64.7,Roorkee & Haridwar Hydro-Meteorological Station Dataset
Bahadrabad Canal Outflow,ZONE-HW05,Ward 28,18.1,59.1,151.2,64.2,274.91,0.27,1.18,64.7,0.21,16,1,66.6,Roorkee & Haridwar Hydro-Meteorological Station Dataset
Bahadrabad Canal Outflow,ZONE-HW05,Ward 28,18.9,57.7,158.4,55.6,275.28,0.29,1.28,64.9,0.17,16,1,64.2,Roorkee & Haridwar Hydro-Meteorological Station Dataset
Bahadrabad Canal Outflow,ZONE-HW05,Ward 28,14.9,69.5,114.2,48.2,275.08,0.38,1.4,66.2,0.15,16,1,65.7,Roorkee & Haridwar Hydro-Meteorological Station Dataset
Bahadrabad Canal Outflow,ZONE-HW05,Ward 28,17.2,52.1,147.3,56.9,275.0,0.33,1.4,65.3,0.17,16,1,66.0,Roorkee & Haridwar Hydro-Meteorological Station Dataset
Bahadrabad Canal Outflow,ZONE-HW05,Ward 28,22.1,56.9,113.3,44.5,275.28,0.36,1.45,67.2,0.17,16,1,62.4,Roorkee & Haridwar Hydro-Meteorological Station Dataset
Bahadrabad Canal Outflow,ZONE-HW05,Ward 28,19.3,62.4,156.0,48.6,274.68,0.33,1.51,65.7,0.18,16,1,63.8,Roorkee & Haridwar Hydro-Meteorological Station Dataset
Bahadrabad Canal Outflow,ZONE-HW05,Ward 28,14.8,69.6,130.8,56.5,275.08,0.33,1.15,65.0,0.22,16,1,67.3,Roorkee & Haridwar Hydro-Meteorological Station Dataset
Bahadrabad Canal Outflow,ZONE-HW05,Ward 28,16.8,57.4,144.1,58.9,275.0,0.34,1.52,65.5,0.19,16,1,62.7,Roorkee & Haridwar Hydro-Meteorological Station Dataset
Bahadrabad Canal Outflow,ZONE-HW05,Ward 28,22.5,60.9,152.4,52.6,275.19,0.28,1.27,65.3,0.17,16,1,66.5,Roorkee & Haridwar Hydro-Meteorological Station Dataset
Bahadrabad Canal Outflow,ZONE-HW05,Ward 28,16.2,67.5,137.6,51.9,274.91,0.33,1.45,66.3,0.23,16,1,67.0,Roorkee & Haridwar Hydro-Meteorological Station Dataset
Bahadrabad Canal Outflow,ZONE-HW05,Ward 28,16.9,61.5,170.3,45.2,274.91,0.26,1.28,66.5,0.3,16,1,66.4,Roorkee & Haridwar Hydro-Meteorological Station Dataset
Bahadrabad Canal Outflow,ZONE-HW05,Ward 28,15.8,67.9,145.7,67.8,275.09,0.35,1.2,64.0,0.23,16,1,65.1,Roorkee & Haridwar Hydro-Meteorological Station Dataset
Bahadrabad Canal Outflow,ZONE-HW05,Ward 28,15.9,62.5,125.8,46.1,274.99,0.3,1.38,66.1,0.19,16,1,62.4,Roorkee & Haridwar Hydro-Meteorological Station Dataset
Bahadrabad Canal Outflow,ZONE-HW05,Ward 28,17.7,60.6,140.1,50.7,275.18,0.4,1.48,63.0,0.27,16,1,67.5,Roorkee & Haridwar Hydro-Meteorological Station Dataset
Bahadrabad Canal Outflow,ZONE-HW05,Ward 28,14.5,62.9,144.1,47.8,275.26,0.31,1.41,64.9,0.15,16,1,64.1,Roorkee & Haridwar Hydro-Meteorological Station Dataset
Bahadrabad Canal Outflow,ZONE-HW05,Ward 28,19.3,49.9,139.5,55.8,275.03,0.3,1.5,65.3,0.23,16,1,66.7,Roorkee & Haridwar Hydro-Meteorological Station Dataset
Bahadrabad Canal Outflow,ZONE-HW05,Ward 28,17.9,58.9,123.5,46.1,275.26,0.32,1.55,64.1,0.17,16,1,60.7,Roorkee & Haridwar Hydro-Meteorological Station Dataset
Bahadrabad Canal Outflow,ZONE-HW05,Ward 28,14.5,49.0,95.4,25.8,275.15,0.24,1.33,64.3,0.27,16,1,53.8,Roorkee & Haridwar Hydro-Meteorological Station Dataset
Bahadrabad Canal Outflow,ZONE-HW05,Ward 28,11.8,46.4,104.8,23.5,274.96,0.33,1.37,63.8,0.19,16,1,59.3,Roorkee & Haridwar Hydro-Meteorological Station Dataset
Bahadrabad Canal Outflow,ZONE-HW05,Ward 28,9.2,47.1,100.5,13.8,274.67,0.29,1.37,66.9,0.23,16,1,57.1,Roorkee & Haridwar Hydro-Meteorological Station Dataset
Bahadrabad Canal Outflow,ZONE-HW05,Ward 28,12.3,48.6,95.9,24.5,275.21,0.32,1.38,64.8,0.19,16,1,53.5,Roorkee & Haridwar Hydro-Meteorological Station Dataset
Bahadrabad Canal Outflow,ZONE-HW05,Ward 28,13.6,49.5,96.7,42.6,275.18,0.29,1.39,63.7,0.19,16,1,56.1,Roorkee & Haridwar Hydro-Meteorological Station Dataset
Bahadrabad Canal Outflow,ZONE-HW05,Ward 28,11.3,40.6,89.4,26.2,275.09,0.33,1.45,64.0,0.17,16,1,50.7,Roorkee & Haridwar Hydro-Meteorological Station Dataset
Bahadrabad Canal Outflow,ZONE-HW05,Ward 28,12.8,45.9,112.5,29.5,275.32,0.27,1.35,63.5,0.2,16,1,62.1,Roorkee & Haridwar Hydro-Meteorological Station Dataset
Bahadrabad Canal Outflow,ZONE-HW05,Ward 28,14.1,39.9,91.5,34.2,275.46,0.3,1.35,65.2,0.2,16,1,53.0,Roorkee & Haridwar Hydro-Meteorological Station Dataset
Bahadrabad Canal Outflow,ZONE-HW05,Ward 28,12.4,43.1,116.1,22.1,275.27,0.34,1.39,64.2,0.14,16,1,61.8,Roorkee & Haridwar Hydro-Meteorological Station Dataset
Bahadrabad Canal Outflow,ZONE-HW05,Ward 28,11.6,47.1,89.5,35.1,275.02,0.27,1.45,64.6,0.25,16,1,51.3,Roorkee & Haridwar Hydro-Meteorological Station Dataset
Bahadrabad Canal Outflow,ZONE-HW05,Ward 28,9.6,48.4,89.6,24.4,275.3,0.33,1.44,65.6,0.29,16,1,45.5,Roorkee & Haridwar Hydro-Meteorological Station Dataset
Bahadrabad Canal Outflow,ZONE-HW05,Ward 28,13.1,42.1,108.9,30.9,274.76,0.39,1.46,65.8,0.17,16,1,59.5,Roorkee & Haridwar Hydro-Meteorological Station Dataset
Bahadrabad Canal Outflow,ZONE-HW05,Ward 28,11.5,41.4,87.9,31.1,275.03,0.31,1.45,64.7,0.18,16,1,51.8,Roorkee & Haridwar Hydro-Meteorological Station Dataset
Bahadrabad Canal Outflow,ZONE-HW05,Ward 28,12.2,41.8,83.6,39.6,274.81,0.27,1.6,65.6,0.18,16,1,46.4,Roorkee & Haridwar Hydro-Meteorological Station Dataset
Bahadrabad Canal Outflow,ZONE-HW05,Ward 28,10.3,50.5,79.3,30.8,274.7,0.3,1.55,64.3,0.21,16,1,44.7,Roorkee & Haridwar Hydro-Meteorological Station Dataset
Bahadrabad Canal Outflow,ZONE-HW05,Ward 28,9.7,50.9,83.0,30.4,275.1,0.34,1.43,64.7,0.19,16,1,46.6,Roorkee & Haridwar Hydro-Meteorological Station Dataset
Bahadrabad Canal Outflow,ZONE-HW05,Ward 28,13.4,50.1,99.6,29.9,274.8,0.25,1.29,64.7,0.21,16,1,58.2,Roorkee & Haridwar Hydro-Meteorological Station Dataset
Bahadrabad Canal Outflow,ZONE-HW05,Ward 28,12.8,51.0,86.7,25.7,275.16,0.28,1.31,63.1,0.18,16,1,49.5,Roorkee & Haridwar Hydro-Meteorological Station Dataset
Bahadrabad Canal Outflow,ZONE-HW05,Ward 28,12.9,45.1,101.9,27.4,275.11,0.34,1.36,62.7,0.24,16,1,56.3,Roorkee & Haridwar Hydro-Meteorological Station Dataset
Bahadrabad Canal Outflow,ZONE-HW05,Ward 28,11.5,48.2,99.4,25.0,275.18,0.28,1.49,63.9,0.17,16,1,58.3,Roorkee & Haridwar Hydro-Meteorological Station Dataset
Bahadrabad Canal Outflow,ZONE-HW05,Ward 28,12.1,42.0,105.2,17.5,275.11,0.3,1.42,65.3,0.23,16,1,55.3,Roorkee & Haridwar Hydro-Meteorological Station Dataset
Bahadrabad Canal Outflow,ZONE-HW05,Ward 28,11.8,43.4,106.4,34.8,274.94,0.35,1.5,64.6,0.26,16,1,55.0,Roorkee & Haridwar Hydro-Meteorological Station Dataset
Bahadrabad Canal Outflow,ZONE-HW05,Ward 28,12.6,46.8,103.4,36.6,275.09,0.3,1.49,65.3,0.13,16,1,56.1,Roorkee & Haridwar Hydro-Meteorological Station Dataset
Bahadrabad Canal Outflow,ZONE-HW05,Ward 28,11.2,38.7,89.6,37.4,275.24,0.36,1.44,65.4,0.2,16,1,47.9,Roorkee & Haridwar Hydro-Meteorological Station Dataset
Bahadrabad Canal Outflow,ZONE-HW05,Ward 28,11.8,42.7,98.3,32.8,274.8,0.31,1.37,64.9,0.23,16,1,57.0,Roorkee & Haridwar Hydro-Meteorological Station Dataset
Bahadrabad Canal Outflow,ZONE-HW05,Ward 28,11.7,35.6,91.6,28.2,274.87,0.32,1.32,64.9,0.28,16,1,50.0,Roorkee & Haridwar Hydro-Meteorological Station Dataset
Bahadrabad Canal Outflow,ZONE-HW05,Ward 28,10.1,47.7,88.7,19.6,274.99,0.28,1.47,63.8,0.2,16,1,47.7,Roorkee & Haridwar Hydro-Meteorological Station Dataset
Bahadrabad Canal Outflow,ZONE-HW05,Ward 28,11.3,48.9,78.2,15.4,275.24,0.24,1.31,66.3,0.19,16,1,43.6,Roorkee & Haridwar Hydro-Meteorological Station Dataset
Bahadrabad Canal Outflow,ZONE-HW05,Ward 28,12.3,39.7,86.7,24.4,274.93,0.3,1.37,64.8,0.22,16,1,47.5,Roorkee & Haridwar Hydro-Meteorological Station Dataset
Bahadrabad Canal Outflow,ZONE-HW05,Ward 28,10.8,42.1,103.8,20.7,275.06,0.28,1.44,65.0,0.27,16,1,55.7,Roorkee & Haridwar Hydro-Meteorological Station Dataset
Bahadrabad Canal Outflow,ZONE-HW05,Ward 28,11.3,47.3,90.8,20.5,275.2,0.26,1.44,64.7,0.25,16,1,48.6,Roorkee & Haridwar Hydro-Meteorological Station Dataset
Bahadrabad Canal Outflow,ZONE-HW05,Ward 28,11.2,42.9,102.3,37.1,274.93,0.31,1.35,64.9,0.18,16,1,59.9,Roorkee & Haridwar Hydro-Meteorological Station Dataset
Bahadrabad Canal Outflow,ZONE-HW05,Ward 28,10.7,47.2,114.1,39.2,275.26,0.33,1.3,65.7,0.14,16,1,64.4,Roorkee & Haridwar Hydro-Meteorological Station Dataset
Bahadrabad Canal Outflow,ZONE-HW05,Ward 28,11.0,48.9,84.2,27.8,274.91,0.25,1.52,66.1,0.27,16,1,45.3,Roorkee & Haridwar Hydro-Meteorological Station Dataset
Bahadrabad Canal Outflow,ZONE-HW05,Ward 28,12.8,47.2,98.3,34.1,275.27,0.35,1.35,64.8,0.25,16,1,52.0,Roorkee & Haridwar Hydro-Meteorological Station Dataset
Bahadrabad Canal Outflow,ZONE-HW05,Ward 28,7.8,25.6,55.4,20.2,275.0,0.29,1.43,64.1,0.22,16,0,0.0,Roorkee & Haridwar Hydro-Meteorological Station Dataset
Bahadrabad Canal Outflow,ZONE-HW05,Ward 28,7.4,28.5,53.0,8.1,274.75,0.36,1.58,65.0,0.21,16,0,0.0,Roorkee & Haridwar Hydro-Meteorological Station Dataset
Bahadrabad Canal Outflow,ZONE-HW05,Ward 28,8.2,27.1,46.2,23.5,275.12,0.27,1.56,64.9,0.22,16,0,0.0,Roorkee & Haridwar Hydro-Meteorological Station Dataset
Bahadrabad Canal Outflow,ZONE-HW05,Ward 28,7.4,24.4,57.2,30.2,275.03,0.3,1.65,63.7,0.24,16,0,0.0,Roorkee & Haridwar Hydro-Meteorological Station Dataset
Bahadrabad Canal Outflow,ZONE-HW05,Ward 28,7.5,26.4,46.8,12.6,274.99,0.28,1.34,66.1,0.2,16,0,0.0,Roorkee & Haridwar Hydro-Meteorological Station Dataset
Bahadrabad Canal Outflow,ZONE-HW05,Ward 28,6.9,24.4,49.3,12.5,275.09,0.3,1.28,67.3,0.21,16,0,0.0,Roorkee & Haridwar Hydro-Meteorological Station Dataset
Bahadrabad Canal Outflow,ZONE-HW05,Ward 28,7.2,24.8,58.2,17.5,275.17,0.3,1.43,66.2,0.18,16,0,0.0,Roorkee & Haridwar Hydro-Meteorological Station Dataset
Bahadrabad Canal Outflow,ZONE-HW05,Ward 28,7.8,25.6,61.5,10.3,274.86,0.32,1.53,64.7,0.18,16,0,0.0,Roorkee & Haridwar Hydro-Meteorological Station Dataset
Bahadrabad Canal Outflow,ZONE-HW05,Ward 28,7.0,24.3,55.6,0.0,274.76,0.33,1.4,67.2,0.18,16,0,0.0,Roorkee & Haridwar Hydro-Meteorological Station Dataset
Bahadrabad Canal Outflow,ZONE-HW05,Ward 28,6.7,25.2,57.3,3.7,274.74,0.31,1.65,65.2,0.2,16,0,0.0,Roorkee & Haridwar Hydro-Meteorological Station Dataset
Bahadrabad Canal Outflow,ZONE-HW05,Ward 28,8.0,24.7,53.3,10.6,274.97,0.35,1.31,65.3,0.15,16,0,0.0,Roorkee & Haridwar Hydro-Meteorological Station Dataset
Bahadrabad Canal Outflow,ZONE-HW05,Ward 28,6.1,26.8,65.8,12.1,275.1,0.3,1.34,64.8,0.22,16,0,0.0,Roorkee & Haridwar Hydro-Meteorological Station Dataset
Bahadrabad Canal Outflow,ZONE-HW05,Ward 28,7.0,24.7,61.6,15.4,275.36,0.25,1.47,65.3,0.13,16,0,0.0,Roorkee & Haridwar Hydro-Meteorological Station Dataset
Bahadrabad Canal Outflow,ZONE-HW05,Ward 28,8.0,22.3,50.2,21.4,274.8,0.24,1.35,65.0,0.18,16,0,0.0,Roorkee & Haridwar Hydro-Meteorological Station Dataset
Bahadrabad Canal Outflow,ZONE-HW05,Ward 28,7.6,24.1,51.7,21.0,274.93,0.28,1.41,65.4,0.16,16,0,0.0,Roorkee & Haridwar Hydro-Meteorological Station Dataset
Bahadrabad Canal Outflow,ZONE-HW05,Ward 28,6.9,29.7,54.5,22.2,274.91,0.36,1.33,63.2,0.19,16,0,0.0,Roorkee & Haridwar Hydro-Meteorological Station Dataset
Bahadrabad Canal Outflow,ZONE-HW05,Ward 28,6.6,26.5,61.0,21.7,274.9,0.28,1.2,64.7,0.26,16,0,0.0,Roorkee & Haridwar Hydro-Meteorological Station Dataset
Bahadrabad Canal Outflow,ZONE-HW05,Ward 28,7.5,27.8,59.1,29.3,274.95,0.33,1.6,66.2,0.21,16,0,0.0,Roorkee & Haridwar Hydro-Meteorological Station Dataset
Bahadrabad Canal Outflow,ZONE-HW05,Ward 28,7.3,25.7,52.3,28.9,275.03,0.28,1.48,65.1,0.17,16,0,0.0,Roorkee & Haridwar Hydro-Meteorological Station Dataset
Bahadrabad Canal Outflow,ZONE-HW05,Ward 28,5.9,24.5,48.3,15.3,274.95,0.33,1.3,64.3,0.21,16,0,0.0,Roorkee & Haridwar Hydro-Meteorological Station Dataset
Bahadrabad Canal Outflow,ZONE-HW05,Ward 28,5.9,24.3,53.6,20.0,274.9,0.23,1.35,63.2,0.21,16,0,0.0,Roorkee & Haridwar Hydro-Meteorological Station Dataset
Bahadrabad Canal Outflow,ZONE-HW05,Ward 28,6.4,24.1,61.8,11.7,274.76,0.26,1.36,65.8,0.18,16,0,0.0,Roorkee & Haridwar Hydro-Meteorological Station Dataset
Bahadrabad Canal Outflow,ZONE-HW05,Ward 28,6.7,23.2,57.1,13.9,275.37,0.35,1.69,63.8,0.21,16,0,0.0,Roorkee & Haridwar Hydro-Meteorological Station Dataset
Bahadrabad Canal Outflow,ZONE-HW05,Ward 28,6.6,24.7,65.1,23.9,275.11,0.28,1.45,63.6,0.2,16,1,27.1,Roorkee & Haridwar Hydro-Meteorological Station Dataset
Bahadrabad Canal Outflow,ZONE-HW05,Ward 28,7.5,24.2,51.8,1.2,274.99,0.32,1.35,63.9,0.26,16,0,0.0,Roorkee & Haridwar Hydro-Meteorological Station Dataset
Bahadrabad Canal Outflow,ZONE-HW05,Ward 28,7.6,21.5,53.3,15.5,275.25,0.36,1.28,66.1,0.23,16,0,0.0,Roorkee & Haridwar Hydro-Meteorological Station Dataset
Bahadrabad Canal Outflow,ZONE-HW05,Ward 28,6.2,25.2,48.3,16.4,275.04,0.32,1.43,67.7,0.18,16,0,0.0,Roorkee & Haridwar Hydro-Meteorological Station Dataset
Bahadrabad Canal Outflow,ZONE-HW05,Ward 28,6.1,30.5,45.1,30.9,274.95,0.37,1.31,63.8,0.22,16,0,0.0,Roorkee & Haridwar Hydro-Meteorological Station Dataset
Bahadrabad Canal Outflow,ZONE-HW05,Ward 28,7.8,26.8,62.3,22.0,275.36,0.25,1.63,65.0,0.18,16,0,0.0,Roorkee & Haridwar Hydro-Meteorological Station Dataset
Bahadrabad Canal Outflow,ZONE-HW05,Ward 28,6.3,24.5,51.8,17.6,274.93,0.32,1.29,64.8,0.19,16,0,0.0,Roorkee & Haridwar Hydro-Meteorological Station Dataset
Bahadrabad Canal Outflow,ZONE-HW05,Ward 28,7.5,23.6,72.0,19.9,275.02,0.29,1.55,65.0,0.14,16,1,34.0,Roorkee & Haridwar Hydro-Meteorological Station Dataset
Bahadrabad Canal Outflow,ZONE-HW05,Ward 28,7.4,19.8,57.6,34.8,274.89,0.32,1.35,64.9,0.19,16,0,0.0,Roorkee & Haridwar Hydro-Meteorological Station Dataset
Bahadrabad Canal Outflow,ZONE-HW05,Ward 28,6.8,25.4,55.5,0.6,274.89,0.34,1.21,65.5,0.21,16,0,0.0,Roorkee & Haridwar Hydro-Meteorological Station Dataset
Bahadrabad Canal Outflow,ZONE-HW05,Ward 28,6.7,28.6,54.0,28.9,275.11,0.31,1.46,64.6,0.19,16,0,0.0,Roorkee & Haridwar Hydro-Meteorological Station Dataset
Bahadrabad Canal Outflow,ZONE-HW05,Ward 28,6.8,28.3,58.2,24.5,275.25,0.26,1.53,63.4,0.27,16,0,0.0,Roorkee & Haridwar Hydro-Meteorological Station Dataset
Bahadrabad Canal Outflow,ZONE-HW05,Ward 28,2.6,8.3,16.5,16.3,274.99,0.28,1.47,64.7,0.27,16,0,0.0,Roorkee & Haridwar Hydro-Meteorological Station Dataset
Bahadrabad Canal Outflow,ZONE-HW05,Ward 28,2.4,7.3,17.5,0.0,275.28,0.25,1.26,66.1,0.2,16,0,0.0,Roorkee & Haridwar Hydro-Meteorological Station Dataset
Bahadrabad Canal Outflow,ZONE-HW05,Ward 28,2.7,8.2,17.4,9.9,275.26,0.3,1.2,64.5,0.19,16,0,0.0,Roorkee & Haridwar Hydro-Meteorological Station Dataset
Bahadrabad Canal Outflow,ZONE-HW05,Ward 28,2.7,9.7,16.7,0.9,274.92,0.31,1.42,65.3,0.19,16,0,0.0,Roorkee & Haridwar Hydro-Meteorological Station Dataset
Bahadrabad Canal Outflow,ZONE-HW05,Ward 28,2.5,8.8,18.7,0.0,274.95,0.33,1.24,64.3,0.12,16,0,0.0,Roorkee & Haridwar Hydro-Meteorological Station Dataset
Bahadrabad Canal Outflow,ZONE-HW05,Ward 28,2.4,9.0,20.8,5.1,275.38,0.27,1.55,64.8,0.14,16,0,0.0,Roorkee & Haridwar Hydro-Meteorological Station Dataset
Bahadrabad Canal Outflow,ZONE-HW05,Ward 28,2.3,9.3,19.7,20.6,275.23,0.31,1.5,64.6,0.17,16,0,0.0,Roorkee & Haridwar Hydro-Meteorological Station Dataset
Bahadrabad Canal Outflow,ZONE-HW05,Ward 28,2.6,8.4,19.7,0.0,274.94,0.33,1.48,65.6,0.26,16,0,0.0,Roorkee & Haridwar Hydro-Meteorological Station Dataset
Bahadrabad Canal Outflow,ZONE-HW05,Ward 28,2.5,6.5,19.2,2.6,275.27,0.3,1.47,65.0,0.2,16,0,0.0,Roorkee & Haridwar Hydro-Meteorological Station Dataset
Bahadrabad Canal Outflow,ZONE-HW05,Ward 28,2.6,7.2,16.4,2.4,274.92,0.31,1.39,65.4,0.17,16,0,0.0,Roorkee & Haridwar Hydro-Meteorological Station Dataset
Bahadrabad Canal Outflow,ZONE-HW05,Ward 28,2.6,8.2,19.7,2.7,275.0,0.28,1.36,65.1,0.29,16,0,0.0,Roorkee & Haridwar Hydro-Meteorological Station Dataset
Bahadrabad Canal Outflow,ZONE-HW05,Ward 28,2.3,7.4,15.1,2.4,274.77,0.34,1.48,65.8,0.17,16,0,0.0,Roorkee & Haridwar Hydro-Meteorological Station Dataset
Bahadrabad Canal Outflow,ZONE-HW05,Ward 28,2.3,7.0,16.9,11.9,274.98,0.23,1.5,66.5,0.13,16,0,0.0,Roorkee & Haridwar Hydro-Meteorological Station Dataset
Bahadrabad Canal Outflow,ZONE-HW05,Ward 28,2.2,9.8,16.8,0.0,275.46,0.29,1.47,64.5,0.15,16,0,0.0,Roorkee & Haridwar Hydro-Meteorological Station Dataset
Bahadrabad Canal Outflow,ZONE-HW05,Ward 28,2.5,8.1,18.1,15.0,275.02,0.3,1.33,66.1,0.26,16,0,0.0,Roorkee & Haridwar Hydro-Meteorological Station Dataset
Bahadrabad Canal Outflow,ZONE-HW05,Ward 28,2.8,6.3,19.4,0.0,274.94,0.26,1.47,64.4,0.17,16,0,0.0,Roorkee & Haridwar Hydro-Meteorological Station Dataset
Bahadrabad Canal Outflow,ZONE-HW05,Ward 28,2.4,8.4,16.4,0.0,274.73,0.22,1.33,66.0,0.21,16,0,0.0,Roorkee & Haridwar Hydro-Meteorological Station Dataset
Bahadrabad Canal Outflow,ZONE-HW05,Ward 28,2.5,9.3,18.5,0.0,275.06,0.27,1.29,65.5,0.16,16,0,0.0,Roorkee & Haridwar Hydro-Meteorological Station Dataset
Bahadrabad Canal Outflow,ZONE-HW05,Ward 28,2.3,8.6,19.8,0.0,275.12,0.3,1.5,65.7,0.19,16,0,0.0,Roorkee & Haridwar Hydro-Meteorological Station Dataset
Bahadrabad Canal Outflow,ZONE-HW05,Ward 28,2.4,7.1,23.4,4.1,274.79,0.24,1.35,64.8,0.14,16,0,0.0,Roorkee & Haridwar Hydro-Meteorological Station Dataset
Bahadrabad Canal Outflow,ZONE-HW05,Ward 28,2.4,7.9,21.0,19.7,275.16,0.38,1.44,64.9,0.21,16,0,0.0,Roorkee & Haridwar Hydro-Meteorological Station Dataset
Bahadrabad Canal Outflow,ZONE-HW05,Ward 28,2.3,8.4,18.8,0.0,274.61,0.29,1.33,63.9,0.14,16,0,0.0,Roorkee & Haridwar Hydro-Meteorological Station Dataset
Bahadrabad Canal Outflow,ZONE-HW05,Ward 28,2.4,6.5,19.3,0.0,275.15,0.31,1.54,64.8,0.19,16,0,0.0,Roorkee & Haridwar Hydro-Meteorological Station Dataset
Bahadrabad Canal Outflow,ZONE-HW05,Ward 28,2.7,7.6,19.8,0.0,275.04,0.29,1.31,64.5,0.21,16,0,0.0,Roorkee & Haridwar Hydro-Meteorological Station Dataset
Bahadrabad Canal Outflow,ZONE-HW05,Ward 28,2.3,8.6,17.3,4.0,274.75,0.33,1.33,63.6,0.19,16,0,0.0,Roorkee & Haridwar Hydro-Meteorological Station Dataset
Bahadrabad Canal Outflow,ZONE-HW05,Ward 28,2.6,7.1,16.4,0.0,275.04,0.36,1.44,65.5,0.16,16,0,0.0,Roorkee & Haridwar Hydro-Meteorological Station Dataset
Bahadrabad Canal Outflow,ZONE-HW05,Ward 28,2.7,7.0,14.5,6.9,274.86,0.36,1.46,67.3,0.13,16,0,0.0,Roorkee & Haridwar Hydro-Meteorological Station Dataset
Bahadrabad Canal Outflow,ZONE-HW05,Ward 28,2.4,8.4,17.7,9.2,275.38,0.26,1.36,64.9,0.13,16,0,0.0,Roorkee & Haridwar Hydro-Meteorological Station Dataset
Bahadrabad Canal Outflow,ZONE-HW05,Ward 28,3.1,7.0,19.1,14.0,275.0,0.28,1.39,65.8,0.23,16,0,0.0,Roorkee & Haridwar Hydro-Meteorological Station Dataset
Bahadrabad Canal Outflow,ZONE-HW05,Ward 28,2.2,7.3,15.3,14.2,275.08,0.24,1.39,65.4,0.19,16,0,0.0,Roorkee & Haridwar Hydro-Meteorological Station Dataset
Bahadrabad Canal Outflow,ZONE-HW05,Ward 28,2.2,7.9,17.9,8.4,274.61,0.31,1.44,65.2,0.15,16,0,0.0,Roorkee & Haridwar Hydro-Meteorological Station Dataset
Bahadrabad Canal Outflow,ZONE-HW05,Ward 28,2.4,7.8,17.1,3.0,274.98,0.31,1.39,66.4,0.25,16,0,0.0,Roorkee & Haridwar Hydro-Meteorological Station Dataset
Bahadrabad Canal Outflow,ZONE-HW05,Ward 28,2.8,9.1,21.1,14.4,274.68,0.36,1.24,63.9,0.2,16,0,0.0,Roorkee & Haridwar Hydro-Meteorological Station Dataset
Bahadrabad Canal Outflow,ZONE-HW05,Ward 28,2.6,8.7,15.7,0.0,275.27,0.37,1.58,64.1,0.21,16,0,0.0,Roorkee & Haridwar Hydro-Meteorological Station Dataset
Bahadrabad Canal Outflow,ZONE-HW05,Ward 28,2.5,7.7,17.7,6.1,275.0,0.25,1.41,65.2,0.19,16,0,0.0,Roorkee & Haridwar Hydro-Meteorological Station Dataset
Bahadrabad Canal Outflow,ZONE-HW05,Ward 28,0.0,0.0,0.0,5.0,275.37,0.28,1.42,65.0,0.18,16,0,0.0,Roorkee & Haridwar Hydro-Meteorological Station Dataset
Bahadrabad Canal Outflow,ZONE-HW05,Ward 28,0.0,0.0,0.0,0.0,274.96,0.29,1.47,63.5,0.23,16,0,0.0,Roorkee & Haridwar Hydro-Meteorological Station Dataset
Bahadrabad Canal Outflow,ZONE-HW05,Ward 28,0.0,0.0,0.0,0.0,275.2,0.25,1.54,63.8,0.26,16,0,0.0,Roorkee & Haridwar Hydro-Meteorological Station Dataset
Bahadrabad Canal Outflow,ZONE-HW05,Ward 28,0.0,0.0,0.0,0.0,275.21,0.3,1.46,63.4,0.19,16,0,0.0,Roorkee & Haridwar Hydro-Meteorological Station Dataset
Bahadrabad Canal Outflow,ZONE-HW05,Ward 28,0.0,0.0,0.0,12.6,274.67,0.3,1.32,66.4,0.15,16,0,0.0,Roorkee & Haridwar Hydro-Meteorological Station Dataset
Bahadrabad Canal Outflow,ZONE-HW05,Ward 28,0.0,0.0,0.0,0.0,275.23,0.32,1.47,66.2,0.18,16,0,0.0,Roorkee & Haridwar Hydro-Meteorological Station Dataset
Bahadrabad Canal Outflow,ZONE-HW05,Ward 28,0.0,0.0,0.0,0.0,275.02,0.31,1.27,65.7,0.09,16,0,0.0,Roorkee & Haridwar Hydro-Meteorological Station Dataset
Bahadrabad Canal Outflow,ZONE-HW05,Ward 28,0.0,0.0,0.0,2.5,274.96,0.22,1.2,63.5,0.12,16,0,0.0,Roorkee & Haridwar Hydro-Meteorological Station Dataset
Bahadrabad Canal Outflow,ZONE-HW05,Ward 28,0.0,0.0,0.0,7.6,275.16,0.36,1.44,66.0,0.19,16,0,0.0,Roorkee & Haridwar Hydro-Meteorological Station Dataset
Bahadrabad Canal Outflow,ZONE-HW05,Ward 28,0.0,0.0,0.0,2.6,275.02,0.27,1.26,65.0,0.19,16,0,0.0,Roorkee & Haridwar Hydro-Meteorological Station Dataset
Bahadrabad Canal Outflow,ZONE-HW05,Ward 28,0.0,0.0,0.0,0.0,275.04,0.33,1.57,64.2,0.18,16,0,0.0,Roorkee & Haridwar Hydro-Meteorological Station Dataset
Bahadrabad Canal Outflow,ZONE-HW05,Ward 28,0.0,0.0,0.0,1.2,274.78,0.29,1.15,67.2,0.17,16,0,0.0,Roorkee & Haridwar Hydro-Meteorological Station Dataset
Bahadrabad Canal Outflow,ZONE-HW05,Ward 28,0.0,0.0,0.0,0.0,275.3,0.35,1.32,65.2,0.19,16,0,0.0,Roorkee & Haridwar Hydro-Meteorological Station Dataset
Bahadrabad Canal Outflow,ZONE-HW05,Ward 28,0.0,0.0,0.0,6.1,275.08,0.27,1.47,63.9,0.18,16,0,0.0,Roorkee & Haridwar Hydro-Meteorological Station Dataset
Bahadrabad Canal Outflow,ZONE-HW05,Ward 28,0.0,0.0,0.0,4.9,274.77,0.25,1.3,65.6,0.24,16,0,0.0,Roorkee & Haridwar Hydro-Meteorological Station Dataset
Bahadrabad Canal Outflow,ZONE-HW05,Ward 28,0.0,0.0,0.0,1.3,275.05,0.27,1.36,64.6,0.15,16,0,0.0,Roorkee & Haridwar Hydro-Meteorological Station Dataset
Bahadrabad Canal Outflow,ZONE-HW05,Ward 28,0.0,0.0,0.0,0.9,274.84,0.31,1.33,65.1,0.2,16,0,0.0,Roorkee & Haridwar Hydro-Meteorological Station Dataset
Bahadrabad Canal Outflow,ZONE-HW05,Ward 28,0.0,0.0,0.0,0.0,274.83,0.37,1.33,64.7,0.12,16,0,0.0,Roorkee & Haridwar Hydro-Meteorological Station Dataset
Bahadrabad Canal Outflow,ZONE-HW05,Ward 28,0.0,0.0,0.0,8.0,274.86,0.29,1.22,64.1,0.17,16,0,0.0,Roorkee & Haridwar Hydro-Meteorological Station Dataset
Bahadrabad Canal Outflow,ZONE-HW05,Ward 28,0.0,0.0,0.0,0.0,275.08,0.23,1.53,63.9,0.16,16,0,0.0,Roorkee & Haridwar Hydro-Meteorological Station Dataset
Bahadrabad Canal Outflow,ZONE-HW05,Ward 28,0.0,0.0,0.0,0.0,275.13,0.28,1.33,64.8,0.19,16,0,0.0,Roorkee & Haridwar Hydro-Meteorological Station Dataset
Bahadrabad Canal Outflow,ZONE-HW05,Ward 28,0.0,0.0,0.0,0.0,275.07,0.28,1.32,65.1,0.21,16,0,0.0,Roorkee & Haridwar Hydro-Meteorological Station Dataset
Bahadrabad Canal Outflow,ZONE-HW05,Ward 28,0.0,0.0,0.0,1.5,275.14,0.29,1.3,63.7,0.23,16,0,0.0,Roorkee & Haridwar Hydro-Meteorological Station Dataset
Bahadrabad Canal Outflow,ZONE-HW05,Ward 28,0.0,0.0,0.0,0.0,274.88,0.25,1.4,64.9,0.23,16,0,0.0,Roorkee & Haridwar Hydro-Meteorological Station Dataset
Bahadrabad Canal Outflow,ZONE-HW05,Ward 28,0.0,0.0,0.0,0.0,274.79,0.3,1.2,65.3,0.23,16,0,0.0,Roorkee & Haridwar Hydro-Meteorological Station Dataset
Bahadrabad Canal Outflow,ZONE-HW05,Ward 28,0.0,0.0,0.0,0.0,274.84,0.32,1.33,64.2,0.22,16,0,0.0,Roorkee & Haridwar Hydro-Meteorological Station Dataset
Bahadrabad Canal Outflow,ZONE-HW05,Ward 28,0.0,0.0,0.0,2.2,275.21,0.29,1.29,64.6,0.19,16,0,0.0,Roorkee & Haridwar Hydro-Meteorological Station Dataset
Bahadrabad Canal Outflow,ZONE-HW05,Ward 28,0.0,0.0,0.0,3.2,275.06,0.23,1.27,64.9,0.17,16,0,0.0,Roorkee & Haridwar Hydro-Meteorological Station Dataset
Bahadrabad Canal Outflow,ZONE-HW05,Ward 28,0.0,0.0,0.0,6.8,275.1,0.3,1.53,63.9,0.22,16,0,0.0,Roorkee & Haridwar Hydro-Meteorological Station Dataset
Bahadrabad Canal Outflow,ZONE-HW05,Ward 28,0.0,0.0,0.0,6.6,275.25,0.36,1.45,63.0,0.21,16,0,0.0,Roorkee & Haridwar Hydro-Meteorological Station Dataset
Bahadrabad Canal Outflow,ZONE-HW05,Ward 28,0.0,0.0,0.0,0.0,275.23,0.39,1.27,63.5,0.18,16,0,0.0,Roorkee & Haridwar Hydro-Meteorological Station Dataset
Bahadrabad Canal Outflow,ZONE-HW05,Ward 28,0.0,0.0,0.0,0.0,274.99,0.32,1.16,64.4,0.22,16,0,0.0,Roorkee & Haridwar Hydro-Meteorological Station Dataset
Bahadrabad Canal Outflow,ZONE-HW05,Ward 28,0.0,0.0,0.0,2.0,275.2,0.31,1.23,64.2,0.21,16,0,0.0,Roorkee & Haridwar Hydro-Meteorological Station Dataset
Bahadrabad Canal Outflow,ZONE-HW05,Ward 28,0.0,0.0,0.0,0.0,275.36,0.27,1.52,63.9,0.23,16,0,0.0,Roorkee & Haridwar Hydro-Meteorological Station Dataset
Bahadrabad Canal Outflow,ZONE-HW05,Ward 28,0.0,0.0,0.0,1.9,275.06,0.33,1.5,64.7,0.18,16,0,0.0,Roorkee & Haridwar Hydro-Meteorological Station Dataset
